CASE_ID,ACCIDENT_YEAR,PROC_DATE,JURIS,COLLISION_DATE,COLLISION_TIME,OFFICER_ID,REPORTING_DISTRICT,DAY_OF_WEEK,CHP_SHIFT,POPULATION,CNTY_CITY_LOC,SPECIAL_COND,BEAT_TYPE,CHP_BEAT_TYPE,CITY_DIVISION_LAPD,CHP_BEAT_CLASS,BEAT_NUMBER,PRIMARY_RD,SECONDARY_RD,DISTANCE,DIRECTION,INTERSECTION,WEATHER_1,WEATHER_2,STATE_HWY_IND,CALTRANS_COUNTY,CALTRANS_DISTRICT,STATE_ROUTE,ROUTE_SUFFIX,POSTMILE_PREFIX,POSTMILE,LOCATION_TYPE,RAMP_INTERSECTION,SIDE_OF_HWY,TOW_AWAY,COLLISION_SEVERITY,NUMBER_KILLED,NUMBER_INJURED,PARTY_COUNT,PRIMARY_COLL_FACTOR,PCF_CODE_OF_VIOL,PCF_VIOL_CATEGORY,PCF_VIOLATION,PCF_VIOL_SUBSECTION,HIT_AND_RUN,TYPE_OF_COLLISION,MVIW,PED_ACTION,ROAD_SURFACE,ROAD_COND_1,ROAD_COND_2,LIGHTING,CONTROL_DEVICE,CHP_ROAD_TYPE,PEDESTRIAN_ACCIDENT,BICYCLE_ACCIDENT,MOTORCYCLE_ACCIDENT,TRUCK_ACCIDENT,NOT_PRIVATE_PROPERTY,ALCOHOL_INVOLVED,STWD_VEHTYPE_AT_FAULT,CHP_VEHTYPE_AT_FAULT,COUNT_SEVERE_INJ,COUNT_VISIBLE_INJ,COUNT_COMPLAINT_PAIN,COUNT_PED_KILLED,COUNT_PED_INJURED,COUNT_BICYCLIST_KILLED,COUNT_BICYCLIST_INJURED,COUNT_MC_KILLED,COUNT_MC_INJURED,PRIMARY_RAMP,SECONDARY_RAMP,LATITUDE,LONGITUDE,COUNTY,CITY,POINT_X,POINT_Y
90616803,2017,2017-12-13,9525,2017-12-09,0101,020989,NA,6,3,6,1955,0,1,1,NA,2,107,I-10 W/B (SAN BERNARDINO FWY),FAIRPLEX DR.,1056,W,N,A,-,Y,NA,NA,10,NA,NA,NA,NA,NA,W,Y,3,0,1,1,A,-,01,23152,A,N,E,I,A,A,H,-,C,D,0,NA,NA,NA,NA,Y,Y,A,01,0,1,0,0,0,0,0,0,0,-,-,34.0723,-117.79144,LOS ANGELES,POMONA,-117.79138923,34.07212534
90616808,2017,2017-12-13,9550,2017-12-07,1355,020928,NA,4,1,5,1976,0,1,1,NA,2,650,I-605 NORTHBOUND,ROSE HILLS ROAD,2500,S,N,A,-,Y,NA,NA,NA,NA,NA,NA,NA,NA,NA,Y,4,0,2,3,A,-,03,22350,NA,N,C,C,A,A,H,-,A,D,0,NA,NA,NA,NA,Y,NA,D,22,0,0,2,0,0,0,0,0,0,-,-,34.01131,-118.05685,LOS ANGELES,WHITTIER,-118.05666009,34.01205355
90616816,2017,2017-12-13,9565,2017-12-05,0905,016326,NA,2,1,7,1942,0,1,1,NA,2,061,I-405 S/B,CULVER BLVD.,100,S,N,A,-,Y,NA,NA,405,NA,NA,NA,NA,NA,S,Y,4,0,1,2,A,-,03,22350,NA,N,C,C,A,A,H,-,A,D,0,NA,NA,NA,NA,Y,NA,A,01,0,0,1,0,0,0,0,0,0,-,-,34.00229,-118.41079,LOS ANGELES,LOS ANGELES,-118.41076379,34.00231064
90616818,2017,2017-12-13,9565,2017-12-04,0825,019320,NA,1,1,7,1942,0,1,1,NA,2,083,I-10 W/B (SANTA MONICA FREEWAY),MANNING AVE,300,W,N,A,-,Y,NA,NA,10,NA,NA,NA,NA,NA,W,Y,4,0,2,3,A,-,03,22350,NA,N,C,C,A,A,H,-,A,D,0,NA,NA,NA,NA,Y,NA,A,07,0,0,2,0,0,0,0,0,0,-,-,34.03009,-118.40635,LOS ANGELES,LOS ANGELES,-118.40635611,34.03002056
90616820,2017,2017-12-13,9525,2017-12-12,0809,017506,NA,2,1,4,1905,0,1,1,NA,2,214,I-210 E/B (FOOTHILL FWY),AZUSA AVE,1000,W,N,A,-,Y,NA,NA,210,NA,NA,NA,NA,NA,E,Y,4,0,1,3,A,-,03,22350,NA,N,B,C,A,A,H,-,A,D,0,NA,NA,NA,NA,Y,NA,A,01,0,0,1,0,0,0,0,0,0,-,-,34.12272,-117.91261,LOS ANGELES,AZUSA,-117.91258117,34.1227498
90616827,2017,2017-12-13,9430,2017-12-08,1016,016825,NA,5,1,9,1900,0,1,1,NA,2,051,I-5 N/B,GORMAN SCHOOL ROAD,1957,N,N,A,-,Y,NA,NA,5,NA,NA,NA,NA,NA,N,Y,4,0,1,2,A,-,07,21658,A,N,B,C,A,A,H,-,A,D,0,NA,NA,NA,Y,Y,NA,G,25,0,0,1,0,0,0,0,0,0,-,-,34.79657,-118.86389,LOS ANGELES,UNINCORPORATED,-118.86388198,34.79664413
90616836,2017,2017-12-13,9550,2017-12-07,1100,015746,NA,4,1,9,1900,0,1,3,NA,2,600,STATE ROUTE 60 WESTBOUND,HACIENDA BOULEVARD,1000,W,N,A,-,Y,NA,NA,60,NA,NA,NA,NA,NA,W,N,3,0,2,3,A,-,03,22350,NA,N,C,C,A,A,H,-,A,D,0,NA,NA,NA,Y,Y,NA,F,26,0,2,0,0,0,0,0,0,0,-,-,34.0154,-117.9842,LOS ANGELES,UNINCORPORATED,-117.98415217,34.01544573
90616849,2017,2017-12-13,9550,2017-12-07,1120,016109,NA,4,1,9,1900,0,1,3,NA,2,600,STATE ROUTE 60 WESTBOUND,CROSSROADS PARKWAY,750,E,N,A,-,Y,NA,NA,60,NA,NA,NA,NA,NA,W,N,4,0,1,2,A,-,03,22350,NA,N,C,C,A,A,H,-,A,D,0,NA,NA,NA,Y,Y,NA,G,27,0,0,1,0,0,0,0,0,0,-,-,34.02938,-118.00591,LOS ANGELES,UNINCORPORATED,-118.00591882,34.02921688
90616850,2017,2017-12-13,9565,2017-12-08,1730,020468,NA,5,2,7,1942,0,1,1,NA,2,064,I-405 S/B (SAN DIEGO FREEWAY),MORAGA DR.,600,N,N,A,-,Y,NA,NA,405,NA,NA,NA,NA,NA,S,Y,4,0,2,3,A,-,03,22350,NA,N,C,C,A,A,H,-,D,D,0,NA,NA,NA,NA,Y,NA,A,07,0,0,2,0,0,0,0,0,0,-,-,34.07833,-118.47128,LOS ANGELES,LOS ANGELES,-118.47121539,34.0783928
90616854,2017,2017-12-18,9525,2017-12-12,1510,016342,NA,2,2,9,1900,0,1,3,NA,2,584,SR-57 N/B (ORANGE FWY),BREA CANYON RD.,100,N,N,A,-,Y,NA,NA,57,NA,NA,NA,NA,NA,N,Y,3,0,2,4,A,-,01,23152,A,F,C,C,A,A,H,-,A,D,0,NA,NA,NA,NA,Y,Y,A,07,0,2,0,0,0,0,0,0,0,-,-,33.9601,-117.85577,LOS ANGELES,UNINCORPORATED,-117.8557925,33.96015
90616856,2017,2017-12-13,9535,2017-12-03,1150,019540,NA,7,1,9,1900,0,3,5,NA,2,002,WHITTIER BLVD,DOWNEY RD,0,NA,Y,A,-,N,NA,NA,NA,NA,NA,NA,NA,NA,NA,N,4,0,1,2,A,-,10,21950,A,N,G,B,B,A,H,-,A,A,0,Y,NA,NA,NA,Y,NA,D,22,0,0,1,0,1,0,0,0,0,-,-,34.0239,-118.18006,LOS ANGELES,UNINCORPORATED,-118.18007,34.0239401
90616858,2017,2018-10-02,9535,2017-12-01,1145,016277,NA,5,1,9,1900,0,3,5,NA,2,002,WESTSIDE DRIVE (900 BLOCK),WHITTIER BOULEVARD,125,S,N,A,-,N,NA,NA,NA,NA,NA,NA,NA,NA,NA,Y,2,0,2,3,A,-,09,21804,A,N,D,C,A,A,H,-,A,D,0,NA,NA,NA,Y,Y,NA,A,01,1,0,1,0,0,0,0,0,0,-,-,34.01571,-118.13707,LOS ANGELES,UNINCORPORATED,-118.13708979,34.01578975
90616886,2017,2017-12-13,9550,2017-12-07,1800,019808,NA,4,2,9,1900,0,2,4,NA,1,051,NOGALES STREET,SR-60,300,S,N,A,-,N,NA,NA,NA,NA,NA,NA,NA,NA,NA,N,4,0,1,2,A,-,03,22350,NA,N,C,C,A,A,H,-,C,A,0,NA,NA,NA,NA,Y,NA,D,22,0,0,1,0,0,0,0,0,0,-,-,33.99313,-117.8888,LOS ANGELES,UNINCORPORATED,-117.88872163,33.9932405
90616889,2017,2017-12-13,9525,2017-12-10,1852,021156,NA,7,2,6,1975,0,1,1,NA,2,105,I-10 W/B (SAN BERNARDINO FWY),HOLT AVE,800,E,N,A,-,Y,NA,NA,10,NA,NA,NA,NA,NA,W,Y,3,0,2,1,A,-,08,22107,NA,N,E,I,A,A,D,E,C,D,0,NA,NA,NA,NA,Y,NA,A,01,0,1,1,0,0,0,0,0,0,-,-,34.06862,-117.86033,LOS ANGELES,WEST COVINA,-117.86037469,34.06845272
90616931,2017,2017-12-13,9535,2017-12-05,1215,016277,NA,2,1,9,1900,0,3,5,NA,2,002,SIMMONS AVENUE,HUBBARD STREET,0,NA,Y,A,-,N,NA,NA,NA,NA,NA,NA,NA,NA,NA,N,4,0,1,2,A,-,09,21802,A,M,D,C,A,A,H,-,A,A,0,NA,NA,NA,NA,Y,NA,A,01,0,0,1,0,0,0,0,0,0,-,-,34.02031,-118.14558,LOS ANGELES,UNINCORPORATED,-118.14560007,34.02030011
9061697,2020,2020-06-24,1941,2020-03-02,1935,5754,20001,1,5,7,1941,0,0,0,NA,0,NA,ANAHEIM ST,MAGNOLIA AV,0,NA,Y,A,-,N,NA,NA,NA,NA,NA,NA,NA,NA,NA,N,4,0,1,2,A,-,10,21950,A,F,D,B,B,A,H,-,C,A,0,Y,NA,NA,NA,Y,NA,A,NA,0,0,1,0,1,0,0,0,0,-,-,NA,NA,LOS ANGELES,LONG BEACH,-118.19802856445313,33.78260040283203
90616978,2017,2017-12-13,9535,2017-12-09,1525,017943,NA,6,2,6,1922,0,1,1,NA,2,401,I-10 W/B (SAN BERNARDINO FWY),PECK RD.,1584,W,N,A,-,Y,NA,NA,10,NA,NA,NA,NA,NA,W,Y,3,0,1,1,A,-,03,22350,NA,N,F,A,A,A,H,-,A,D,0,NA,NA,Y,NA,Y,NA,C,02,0,1,0,0,0,0,0,0,1,-,-,34.06809,-118.03557,LOS ANGELES,EL MONTE,-118.03556698,34.06814071
90617006,2017,2017-12-13,9535,2017-12-01,1407,018749,NA,5,2,5,1906,0,1,1,NA,2,650,I-605 (SAN GABRIEL RIVER FWY) N/B,VALLEY BOULEVARD,900,S,N,A,-,Y,NA,NA,NA,NA,NA,NA,NA,NA,NA,Y,4,0,3,6,A,-,03,22350,NA,N,C,C,A,A,H,-,A,D,0,NA,NA,NA,Y,Y,NA,D,22,0,0,3,0,0,0,0,0,0,-,-,34.04598,-118.00857,LOS ANGELES,BALDWIN PARK,-118.00541304,34.05208385
90617014,2017,2017-12-13,9545,2017-12-05,0725,013963,NA,2,1,9,1900,0,3,5,NA,2,001,MUNZ RANCH RD,ELIZABETH LAKE RD,5280,N,N,A,-,N,NA,NA,NA,NA,NA,NA,NA,NA,NA,Y,4,0,1,2,A,-,08,22107,NA,F,B,C,A,A,H,-,A,D,0,NA,NA,NA,NA,Y,NA,-,99,0,0,1,0,0,0,0,0,0,-,-,34.68218,-118.39133,LOS ANGELES,UNINCORPORATED,-118.3915286,34.68212623
9061702,2020,2020-07-03,1928,2020-02-20,1528,50376,525,4,5,5,1928,0,0,0,NA,0,502,BIRCH AV,116TH ST,0,NA,Y,A,-,N,NA,NA,NA,NA,NA,NA,NA,NA,NA,Y,4,0,1,2,A,-,09,21802,A,N,D,C,A,A,H,-,A,A,0,NA,NA,NA,NA,Y,NA,A,01,0,0,1,0,0,0,0,0,0,-,-,33.92921829223633,-118.35025787353516,LOS ANGELES,HAWTHORNE,-118.35030364990234,33.92913055419922
90617020,2017,2017-12-13,9590,2017-12-12,1620,021643,NA,2,2,7,1942,0,1,1,NA,2,064,I-10 E/B (SANTA MONICA FREEWAY),SANTA FE AVE,400,E,N,A,-,Y,NA,NA,10,NA,NA,NA,NA,NA,E,N,3,0,3,2,A,-,03,22350,NA,N,C,C,A,A,H,-,B,D,0,NA,NA,NA,NA,Y,NA,A,07,0,2,1,0,0,0,0,0,0,-,-,34.02852,-118.22878,LOS ANGELES,LOS ANGELES,-118.22878466,34.02854449
90617026,2017,2017-12-13,9565,2017-12-10,1640,021453,NA,7,2,5,1928,0,1,1,NA,2,012,I-105 W/B (CENTURY FWY),CRENSHAW BLVD,1000,E,N,A,-,Y,NA,NA,105,NA,NA,NA,NA,NA,W,N,3,0,5,2,A,-,03,22350,NA,F,C,C,A,A,H,-,A,D,0,NA,NA,NA,NA,Y,NA,A,01,0,1,4,0,0,0,0,0,0,-,-,33.9257,-118.32208,LOS ANGELES,HAWTHORNE,-118.32207669,33.92561598
9061705,2020,2020-06-23,1900,2020-03-05,0837,509623,0986,4,5,4,1979,0,0,0,NA,0,92T2,SUNSET BL,ALTA LOMA RD,40,E,N,A,-,N,NA,NA,NA,NA,NA,NA,NA,NA,NA,Y,3,0,2,2,A,-,09,21804,A,N,-,C,A,A,H,-,A,D,0,NA,NA,NA,NA,Y,NA,A,01,0,2,0,0,0,0,0,0,0,-,-,34.09355163574219,-118.37764739990234,LOS ANGELES,WEST HOLLYWOOD,-118.37767791748048,34.093570709228516
90617070,2017,2017-12-14,9575,2017-12-01,1650,020918,NA,5,2,9,1900,0,1,1,NA,2,063,I-210 W/B (FOOTHILL FREEWAY),LA CRESCENTA AVE.,2112,E,N,A,-,Y,NA,NA,210,NA,NA,NA,NA,NA,W,N,4,0,2,3,A,-,03,22350,NA,M,C,C,A,A,H,-,B,D,0,NA,NA,NA,NA,Y,NA,A,07,0,0,2,0,0,0,0,0,0,-,-,34.21539,-118.23385,LOS ANGELES,UNINCORPORATED,-118.23391653,34.21528051
90617080,2017,2017-12-14,9525,2017-12-01,2115,020636,NA,5,2,4,1913,0,1,1,NA,2,209,SR-210 W/B (FOOTHILL FWY),BASELINE RD.,50,W,N,A,-,Y,NA,NA,210,NA,NA,NA,NA,NA,W,Y,4,0,1,2,A,-,08,22107,NA,M,B,E,A,A,H,-,C,D,0,NA,NA,NA,Y,Y,NA,A,01,0,0,1,0,0,0,0,0,0,-,-,34.12007,-117.70846,LOS ANGELES,CLAREMONT,-117.70845996,34.12005734
90617089,2017,2017-12-14,9590,2017-12-10,1705,021622,NA,7,2,7,1942,0,1,1,NA,2,010,SR-110 N/B (ARROYO SECO PARKWAY),COLLEGE STREET,1100,N,N,A,-,Y,NA,NA,110,NA,NA,NA,NA,NA,N,N,4,0,1,2,A,-,03,22350,NA,N,C,C,A,A,H,-,B,D,0,NA,NA,NA,NA,Y,NA,A,01,0,0,1,0,0,0,0,0,0,-,-,34.06745,-118.23887,LOS ANGELES,LOS ANGELES,-118.23887072,34.06745145
9061709,2020,2020-06-23,1942,2020-03-08,2220,41973,1211,7,5,7,1942,0,0,0,L,0,12A31,W SLAUSON AV,CRENSHAW BL,74,E,N,A,-,N,NA,NA,NA,NA,NA,NA,NA,NA,NA,N,4,0,1,2,A,-,09,21804,A,N,D,C,A,A,H,-,C,D,0,NA,NA,NA,NA,Y,NA,A,01,0,0,1,0,0,0,0,0,0,-,-,NA,NA,LOS ANGELES,LOS ANGELES,-118.33066558837892,33.989009857177734
90617092,2017,2017-12-14,9550,2017-12-02,1905,021311,NA,6,2,9,1900,0,1,1,NA,2,151,I-105 (CENTURY FWY) W/B,GARDENDALE STREET,200,E,N,A,-,Y,NA,NA,NA,NA,NA,NA,NA,NA,NA,Y,4,0,1,1,A,-,08,22107,NA,N,E,I,A,A,H,-,C,D,0,NA,NA,NA,NA,Y,NA,A,01,0,0,1,0,0,0,0,0,0,-,-,33.91286,-118.14672,LOS ANGELES,UNINCORPORATED,-118.14732317,33.91312986
90617104,2017,2017-12-14,9525,2017-12-11,1425,021229,NA,1,2,1,1934,0,1,1,NA,2,651,I-605 S/B (SAN GABRIEL RIVER FWY),ARROW HIGHWAY,528,N,N,A,-,Y,NA,NA,605,NA,NA,NA,NA,NA,S,Y,3,0,1,1,A,-,08,22107,NA,N,E,I,A,A,H,-,A,D,0,NA,NA,NA,NA,Y,NA,A,07,0,1,0,0,0,0,0,0,0,-,-,34.12699,-117.9638,LOS ANGELES,IRWINDALE,-117.96374073,34.1269271
90617108,2017,2017-12-14,9525,2017-12-09,1000,018992,NA,6,1,6,1975,0,1,1,NA,2,105,I-10 W/B (SAN BERNARDINO FWY),GRAND AVE,800,E,N,A,-,Y,NA,NA,10,NA,NA,NA,NA,NA,W,Y,4,0,1,3,A,-,03,22350,NA,N,C,C,A,A,D,E,A,D,0,NA,NA,NA,NA,Y,NA,A,07,0,0,1,0,0,0,0,0,0,-,-,34.07186,-117.86951,LOS ANGELES,WEST COVINA,-117.86951192,34.07183431
90617112,2017,2017-12-14,9590,2017-12-12,1720,021667,NA,2,2,7,1942,0,1,1,NA,2,062,I-10 E/B (SANTA MONICA FREEWAY),TRINITY STREET,130,W,N,A,-,Y,NA,NA,10,NA,NA,NA,NA,NA,E,N,4,0,1,2,A,-,03,22350,NA,N,C,C,A,A,H,-,C,D,0,NA,NA,Y,NA,Y,NA,C,02,0,0,1,0,0,0,0,0,1,-,-,34.03052,-118.25817,LOS ANGELES,LOS ANGELES,-118.25818007,34.03049572
90617121,2017,2017-12-14,9565,2017-12-08,1812,021303,NA,5,2,7,1942,0,1,1,NA,2,063,I-405 N/B,CONSTITUTION AVE,300,N,N,A,-,Y,NA,NA,405,NA,NA,NA,NA,NA,N,N,4,0,1,2,A,-,03,22350,NA,N,C,C,A,A,H,-,C,D,0,NA,NA,NA,NA,Y,NA,A,01,0,0,1,0,0,0,0,0,0,-,-,34.06076,-118.45585,LOS ANGELES,LOS ANGELES,-118.45595617,34.06067193
9061713,2020,2020-06-24,1942,2020-03-08,1720,37724,1267,7,5,7,1942,0,0,0,L,0,12A67,W 84TH ST,S HOOVER ST,120,E,N,A,-,N,NA,NA,NA,NA,NA,NA,NA,NA,NA,N,3,0,1,2,A,-,11,21956,A,F,G,B,E,A,H,-,A,D,0,Y,NA,NA,NA,Y,NA,N,60,0,1,0,0,1,0,0,0,0,-,-,NA,NA,LOS ANGELES,LOS ANGELES,-118.28710174560548,33.962440490722656
90617137,2017,2017-12-14,9525,2017-12-13,0425,018505,NA,3,3,1,1934,0,1,1,NA,2,651,I-605 S/B (SAN GABRIEL RIVER FWY),LIVE OAK AVE.,25,N,N,A,-,Y,NA,NA,605,NA,NA,NA,NA,NA,S,Y,3,0,1,2,A,-,03,22350,NA,N,C,C,A,A,H,-,D,D,0,NA,NA,NA,Y,Y,NA,A,01,0,1,0,0,0,0,0,0,0,-,-,34.10646,-117.9828,LOS ANGELES,IRWINDALE,-117.98260833,34.10636545
90617146,2017,2017-12-14,9580,2017-12-04,1735,021475,NA,1,2,7,1942,0,1,1,NA,2,406,I-405 N/B (SAN DIEGO FWY),LASSEN ST,1320,S,N,A,-,Y,NA,NA,405,NA,NA,NA,NA,NA,N,N,4,0,1,2,A,-,03,22350,NA,N,C,C,A,A,H,-,B,D,0,NA,NA,NA,NA,Y,NA,A,01,0,0,1,0,0,0,0,0,0,-,-,34.24613,-118.47273,LOS ANGELES,LOS ANGELES,-118.47276925,34.24613719
90617159,2017,2018-01-29,9580,2017-12-04,1750,020400,NA,1,2,7,1942,0,1,2,NA,2,105,US-101 S/B (VENTURA FREEWAY),SR-27 (TOPANGA CYN BLVD.),600,S,N,A,-,Y,NA,NA,101,NA,NA,NA,NA,NA,S,Y,4,0,1,3,A,-,03,22350,NA,F,C,C,A,A,H,-,C,D,0,NA,NA,NA,NA,Y,NA,A,01,0,0,1,0,0,0,0,0,0,-,-,34.16959,-118.59908,LOS ANGELES,LOS ANGELES,-118.59907722,34.16960806
90617165,2017,2017-12-14,9540,2017-12-02,1210,020875,NA,6,1,9,1900,0,2,4,NA,2,071,THE OLD ROAD (30200 BLOCK),WEDGEWOOD CT.,15,S,N,A,-,N,NA,NA,NA,NA,NA,NA,NA,NA,NA,Y,4,0,2,2,A,-,08,22107,NA,N,B,C,A,A,H,-,A,D,0,NA,NA,NA,NA,Y,NA,A,01,0,0,2,0,0,0,0,0,0,-,-,34.46736,-118.61727,LOS ANGELES,UNINCORPORATED,-118.61719926,34.46774886
90617166,2017,2017-12-14,9590,2017-12-13,0900,021671,NA,3,1,7,1942,0,1,1,NA,2,063,I-10 W/B (SANTA MONICA FREEWAY),GRAND AVENUE,100,W,N,A,-,Y,NA,NA,10,NA,NA,NA,NA,NA,W,Y,4,0,1,2,A,-,03,22350,NA,N,C,C,A,A,H,-,A,D,0,NA,NA,NA,NA,Y,NA,A,01,0,0,1,0,0,0,0,0,0,-,-,34.03512,-118.26782,LOS ANGELES,LOS ANGELES,-118.26783797,34.03508858
9061717,2020,2020-06-24,1942,2020-03-08,0850,39280,1251,7,5,7,1942,0,0,0,L,0,12A51,CRENSHAW BL,W FLORENCE AV,20,N,N,A,-,N,NA,NA,NA,NA,NA,NA,NA,NA,NA,Y,3,0,2,2,A,-,03,22350,NA,N,C,C,A,A,H,-,A,A,0,NA,NA,NA,NA,Y,NA,A,01,0,1,1,0,0,0,0,0,0,-,-,NA,NA,LOS ANGELES,LOS ANGELES,-118.33088684082033,33.97459411621094
90617171,2017,2017-12-14,9590,2017-12-06,1310,016127,NA,3,1,7,1942,0,1,1,NA,2,060,I-10 E/B (SANTA MONICA FREEWAY),LA BREA AVENUE,300,E,N,A,-,Y,NA,NA,10,NA,NA,NA,NA,NA,E,Y,4,0,1,3,A,-,07,21658,A,F,B,C,A,A,H,-,A,D,0,NA,NA,NA,NA,Y,NA,A,07,0,0,1,0,0,0,0,0,0,-,-,34.03424,-118.3485,LOS ANGELES,LOS ANGELES,-118.3485024,34.03428919
90617180,2017,2017-12-14,9575,2017-12-01,1719,017491,NA,5,2,7,1942,0,1,1,NA,2,053,I-5 S/B (GOLDEN STATE FREEWAY),TERRA BELLA,1027,S,N,A,-,Y,NA,NA,5,NA,NA,NA,NA,NA,S,Y,4,0,1,3,A,-,03,22350,NA,N,C,C,A,A,H,-,A,D,0,NA,NA,NA,NA,Y,NA,A,01,0,0,1,0,0,0,0,0,0,-,-,34.24828,-118.42665,LOS ANGELES,LOS ANGELES,-118.42650131,34.24843754
90617183,2017,2017-12-14,9550,2017-12-07,0615,020131,NA,4,1,6,1920,0,1,1,NA,2,150,I-105 WESTBOUND,BELLFLOWER BLVD.,2500,E,N,A,-,Y,NA,NA,105,NA,NA,NA,NA,NA,W,Y,3,0,1,1,A,-,08,22107,NA,N,F,A,A,A,H,-,B,D,0,NA,NA,Y,NA,Y,NA,C,02,0,1,0,0,0,0,0,0,1,-,-,33.91352,-118.11765,LOS ANGELES,DOWNEY,-118.11766666,33.91387395
90617203,2017,2017-12-14,9525,2017-12-13,1424,018402,NA,3,2,9,1900,0,3,5,NA,2,002,ORKNEY ST,DONNA BETH AVENUE,0,NA,Y,A,-,N,NA,NA,NA,NA,NA,NA,NA,NA,NA,Y,4,0,1,2,A,-,12,22450,A,N,D,C,A,A,H,-,A,A,0,NA,NA,NA,NA,Y,NA,A,01,0,0,1,0,0,0,0,0,0,-,-,34.11355,-117.9057,LOS ANGELES,UNINCORPORATED,-117.90543001,34.11353006
9061721,2020,2020-06-23,1942,2020-03-06,0215,42364,1269,5,5,7,1942,0,0,0,L,0,18A3,E MANCHESTER AV,S CENTRAL AV,0,NA,Y,A,-,N,NA,NA,NA,NA,NA,NA,NA,NA,NA,Y,4,0,2,2,A,-,12,21453,A,F,A,C,A,A,H,-,C,A,0,NA,NA,NA,NA,Y,NA,-,99,0,0,2,0,0,0,0,0,0,-,-,NA,NA,LOS ANGELES,LOS ANGELES,-118.25641632080078,33.96015930175781
90617212,2017,2017-12-14,9590,2017-12-05,0600,021705,NA,2,1,7,1942,0,1,2,NA,2,073,US-101 S/B (HOF) TO HIGHLAND AVENUE,PILGRIMAGE BRIDGE,1600,N,N,A,-,Y,NA,NA,101,NA,NA,NA,R,NA,S,Y,4,0,1,4,A,-,08,22107,NA,N,E,I,A,A,H,-,A,D,0,NA,NA,NA,NA,Y,NA,A,01,0,0,1,0,0,0,0,0,0,-,-,34.11928,-118.33817,LOS ANGELES,LOS ANGELES,-118.33817,34.11928
90617220,2017,2017-12-14,9590,2017-12-13,1800,021583,NA,3,2,7,1942,0,1,2,NA,2,072,US-101 N/B (HOLLYWOOD FREEWAY),SUNSET BOULEVARD,100,N,N,A,-,Y,NA,NA,101,NA,NA,NA,NA,NA,N,N,4,0,1,2,A,-,03,22350,NA,N,C,C,A,A,H,-,C,D,0,NA,NA,NA,Y,Y,NA,G,25,0,0,1,0,0,0,0,0,0,-,-,34.09861,-118.31472,LOS ANGELES,LOS ANGELES,-118.31470733,34.09861739
9061725,2020,2020-06-23,1942,2020-03-05,1855,42364,1255,4,5,7,1942,0,0,0,L,0,12A45,W FLORENCE AV,BRIGHTON AV,0,NA,Y,A,-,N,NA,NA,NA,NA,NA,NA,NA,NA,NA,N,4,0,1,2,A,-,09,21801,A,F,D,C,A,A,H,-,C,D,0,NA,NA,NA,NA,Y,NA,-,99,0,0,1,0,0,0,0,0,0,-,-,NA,NA,LOS ANGELES,LOS ANGELES,-118.30142211914064,33.974578857421875
90617272,2017,2017-12-14,9530,2017-12-04,1752,020923,NA,1,2,9,1900,0,3,5,NA,2,002,EL SEGUNDO BLVD. (300 BLOCK),SAN PEDRO ST.,60,E,N,A,-,N,NA,NA,NA,NA,NA,NA,NA,NA,NA,N,2,0,1,3,A,-,11,21954,A,N,G,B,D,A,H,-,C,D,0,Y,NA,NA,NA,Y,NA,N,60,1,0,0,0,1,0,0,0,0,-,-,33.91622,-118.26891,LOS ANGELES,UNINCORPORATED,-118.26942263,33.91642
90617281,2017,2017-12-14,9530,2017-12-06,1600,020307,NA,3,2,9,1900,0,3,5,NA,2,002,AVALON BLVD (13300 BLOCK),135TH ST.,500,N,N,A,-,N,NA,NA,NA,NA,NA,NA,NA,NA,NA,Y,4,0,2,3,A,-,09,21804,A,N,D,C,A,A,H,-,A,D,0,NA,NA,NA,NA,Y,NA,A,01,0,0,2,0,0,0,0,0,0,-,-,33.90971,-118.26525,LOS ANGELES,UNINCORPORATED,-118.26530365,33.91055124
9061729,2020,2020-06-24,1942,2020-03-05,0750,42282,1232,4,5,7,1942,0,0,0,L,0,25T21,WEST BL,W 58TH PL,50,N,N,A,-,N,NA,NA,NA,NA,NA,NA,NA,NA,NA,N,4,0,2,2,A,-,04,21703,NA,N,C,C,A,A,H,-,A,A,0,NA,NA,NA,NA,Y,NA,A,01,0,0,2,0,0,0,0,0,0,-,-,NA,NA,LOS ANGELES,LOS ANGELES,-118.33519744873048,33.98822784423828
90617290,2017,2017-12-14,9550,2017-12-06,1400,010001,NA,3,2,6,1920,0,1,1,NA,2,500,I-5 (SANTA ANA FREEWAY) N/B,PARAMOUNT BLVD,1000,S,N,A,-,Y,NA,NA,5,NA,NA,NA,NA,NA,N,N,4,0,1,2,A,-,06,21755,NA,N,B,C,A,A,H,-,A,D,0,NA,NA,Y,NA,Y,NA,C,02,0,0,1,0,0,0,0,0,1,-,-,33.95267,-118.1045,LOS ANGELES,DOWNEY,-118.1045193,33.95264837
90617302,2017,2018-07-24,9550,2017-12-07,1215,020025,NA,4,1,9,1900,0,3,5,NA,2,005,PATHFINDER ROAD,SONGBIRD LANE,0,NA,Y,A,-,N,NA,NA,NA,NA,NA,NA,NA,NA,NA,Y,3,0,2,2,A,-,09,21802,A,N,D,C,A,A,H,-,A,A,0,NA,NA,NA,NA,Y,NA,A,07,0,1,1,0,0,0,0,0,0,-,-,33.97567,-117.88464,LOS ANGELES,UNINCORPORATED,-117.88457002,33.97573003
9061733,2020,2020-06-24,1942,2020-03-04,0815,39226,1259,3,5,7,1942,0,0,0,L,0,12A39,MANCHESTER AV,CENTRAL AV,0,NA,Y,A,-,N,NA,NA,NA,NA,NA,NA,NA,NA,NA,N,4,0,1,2,A,-,08,22107,NA,F,B,C,A,A,H,-,A,A,0,NA,NA,NA,NA,Y,NA,-,99,0,0,1,0,0,0,0,0,0,-,-,NA,NA,LOS ANGELES,LOS ANGELES,-118.25641632080078,33.96015930175781