CASE_ID,ACCIDENT_YEAR,PROC_DATE,JURIS,COLLISION_DATE,COLLISION_TIME,OFFICER_ID,REPORTING_DISTRICT,DAY_OF_WEEK,CHP_SHIFT,POPULATION,CNTY_CITY_LOC,SPECIAL_COND,BEAT_TYPE,CHP_BEAT_TYPE,CITY_DIVISION_LAPD,CHP_BEAT_CLASS,BEAT_NUMBER,PRIMARY_RD,SECONDARY_RD,DISTANCE,DIRECTION,INTERSECTION,WEATHER_1,WEATHER_2,STATE_HWY_IND,CALTRANS_COUNTY,CALTRANS_DISTRICT,STATE_ROUTE,ROUTE_SUFFIX,POSTMILE_PREFIX,POSTMILE,LOCATION_TYPE,RAMP_INTERSECTION,SIDE_OF_HWY,TOW_AWAY,COLLISION_SEVERITY,NUMBER_KILLED,NUMBER_INJURED,PARTY_COUNT,PRIMARY_COLL_FACTOR,PCF_CODE_OF_VIOL,PCF_VIOL_CATEGORY,PCF_VIOLATION,PCF_VIOL_SUBSECTION,HIT_AND_RUN,TYPE_OF_COLLISION,MVIW,PED_ACTION,ROAD_SURFACE,ROAD_COND_1,ROAD_COND_2,LIGHTING,CONTROL_DEVICE,CHP_ROAD_TYPE,PEDESTRIAN_ACCIDENT,BICYCLE_ACCIDENT,MOTORCYCLE_ACCIDENT,TRUCK_ACCIDENT,NOT_PRIVATE_PROPERTY,ALCOHOL_INVOLVED,STWD_VEHTYPE_AT_FAULT,CHP_VEHTYPE_AT_FAULT,COUNT_SEVERE_INJ,COUNT_VISIBLE_INJ,COUNT_COMPLAINT_PAIN,COUNT_PED_KILLED,COUNT_PED_INJURED,COUNT_BICYCLIST_KILLED,COUNT_BICYCLIST_INJURED,COUNT_MC_KILLED,COUNT_MC_INJURED,PRIMARY_RAMP,SECONDARY_RAMP,LATITUDE,LONGITUDE,COUNTY,CITY,POINT_X,POINT_Y
9063447,2020,2020-08-18,1924,2020-04-02,1431,80437,41,4,5,5,1924,0,0,0,NA,0,0G5,NORMANDIE AV,GARDENA BL,13,N,N,A,-,N,NA,NA,NA,NA,NA,NA,NA,NA,NA,NA,3,0,1,2,A,-,12,21453,A,N,D,G,A,A,H,-,A,A,0,NA,Y,NA,NA,Y,NA,A,01,0,1,0,0,0,0,1,0,0,-,-,33.89284896850586,-118.30571746826172,LOS ANGELES,GARDENA,-118.2997589111328,33.88139724731445
90634495,2017,2018-01-08,9575,2017-12-29,1315,020902,NA,5,1,6,1953,0,1,1,NA,2,064,I-210 W/B (FOOTHILL FREEWAY),ALLEN AVE,400,W,N,A,-,Y,NA,NA,210,NA,NA,NA,NA,NA,W,N,4,0,1,2,A,-,03,22350,NA,N,C,C,A,A,H,-,A,D,0,NA,NA,NA,NA,Y,NA,A,07,0,0,1,0,0,0,0,0,0,-,-,34.15265,-118.11468,LOS ANGELES,PASADENA,-118.11467792,34.15257109
90634497,2017,2018-01-08,9575,2017-12-29,1510,020708,NA,5,2,9,1900,0,2,4,NA,2,020,ALTADENA DRIVE (600 BLOCK),LINCOLN AVENUE (3000 BLOCK),430,W,N,A,-,N,NA,NA,NA,NA,NA,NA,NA,NA,NA,N,2,0,1,2,A,-,11,21954,A,N,G,B,D,A,H,-,A,D,0,Y,NA,NA,NA,Y,NA,N,60,1,0,0,0,1,0,0,0,0,-,-,34.19871,-118.16043,LOS ANGELES,UNINCORPORATED,-118.16032816,34.19871661
90634498,2018,2018-01-08,9575,2018-01-05,1450,020708,NA,5,2,6,1953,0,1,1,NA,2,064,I-210 W/B (FOOTHILL FREEWAY),ALTADENA DRIVE,100,E,N,B,-,Y,NA,NA,210,NA,NA,NA,NA,NA,W,Y,4,0,1,3,A,-,03,22350,NA,N,C,C,A,A,H,-,A,D,0,NA,NA,NA,NA,Y,NA,A,01,0,0,1,0,0,0,0,0,0,-,-,34.15279006958008,-118.0979232788086,LOS ANGELES,PASADENA,-118.0979232788086,34.15273666381836
90634514,2017,2018-01-08,9590,2017-12-29,0358,020697,NA,5,3,7,1942,0,1,1,NA,2,065,I-10 WESTBOUND (SANTA MONICA FREEWAY),NAOMI AVE,50,E,N,A,-,Y,NA,NA,10,NA,NA,NA,NA,NA,W,Y,4,0,2,2,A,-,01,23152,F,N,A,C,A,A,H,-,C,D,0,NA,NA,NA,NA,Y,NA,A,01,0,0,2,0,0,0,0,0,0,-,-,34.02458,-118.24653,LOS ANGELES,LOS ANGELES,-118.2465405,34.02456028
9063452,2020,2020-08-25,1942,2020-04-22,2125,42829,0963,3,5,7,1942,0,0,0,I,0,9A5,VAN NUYS,MAGNOLIA,0,NA,Y,A,-,N,NA,NA,NA,NA,NA,NA,NA,NA,NA,Y,4,0,2,2,A,-,09,21800,A,N,D,C,A,A,H,-,D,B,0,NA,NA,NA,NA,Y,NA,A,01,0,0,2,0,0,0,0,0,0,-,-,NA,NA,LOS ANGELES,LOS ANGELES,-118.4487075805664,34.16487121582031
90634526,2017,2018-01-08,9590,2017-12-17,0327,021883,NA,7,3,7,1942,0,1,1,NA,2,051,I-110 S/B (HARBOR FREEWAY),GAGE AVE.,1000,S,N,A,-,Y,NA,NA,110,NA,NA,NA,NA,NA,S,N,4,0,1,1,A,-,01,23152,A,N,E,I,A,A,H,-,C,D,0,NA,NA,NA,NA,Y,Y,A,01,0,0,1,0,0,0,0,0,0,-,-,33.98202,-118.28084,LOS ANGELES,LOS ANGELES,-118.28078759,33.98201466
9063454,2020,2020-08-04,1942,2020-04-16,2320,39410,1532,4,5,7,1942,0,0,0,O,0,15A33,WHITSETT AV,COLLINS ST,50,N,N,A,-,N,NA,NA,NA,NA,NA,NA,NA,NA,NA,Y,4,0,1,2,A,-,03,22350,NA,N,C,C,A,A,H,-,C,A,0,NA,NA,NA,NA,Y,NA,A,07,0,0,1,0,0,0,0,0,0,-,-,NA,NA,LOS ANGELES,LOS ANGELES,-118.40525817871094,34.17409896850586
90634548,2017,2018-01-08,9575,2017-12-23,2315,021669,NA,6,3,7,1942,0,1,3,NA,2,070,I-210 W/B FROM SR-118 E/B,DRONFIELD AVENUE,190,W,N,A,-,Y,NA,NA,NA,NA,NA,NA,NA,NA,NA,Y,2,0,1,1,A,-,01,23152,A,N,E,I,A,A,H,-,D,D,0,NA,NA,NA,NA,Y,Y,A,01,1,0,0,0,0,0,0,0,0,-,-,34.28456,-118.41243,LOS ANGELES,LOS ANGELES,NA,NA
90634549,2017,2018-01-08,9575,2017-12-29,1615,019990,NA,5,2,6,1953,0,1,1,NA,2,064,I-210 E/B (FOOTHILL FREEWAY),LAKE AVE,100,W,N,A,-,Y,NA,NA,210,NA,NA,NA,NA,NA,E,Y,2,0,2,4,A,-,03,22350,NA,N,C,C,A,A,H,-,A,D,0,NA,NA,NA,NA,Y,NA,A,01,1,0,1,0,0,0,0,0,0,-,-,34.1516,-118.1329,LOS ANGELES,PASADENA,-118.13289939,34.15164677
90634558,2017,2018-01-08,9575,2017-12-30,2105,021047,NA,6,2,9,1900,0,2,4,NA,2,085,COLORADO BLVD. (3700 E. BLOCK),QUIGLEY AVE.,60,W,N,A,-,N,NA,NA,NA,NA,NA,NA,NA,NA,NA,Y,3,0,1,1,A,-,01,23152,A,N,E,I,A,A,H,-,C,D,0,NA,NA,Y,NA,Y,Y,C,02,0,1,0,0,0,0,0,0,1,-,-,34.14635,-118.0708,LOS ANGELES,UNINCORPORATED,-118.07067238,34.14634152
9063456,2020,2020-08-04,1942,2020-04-26,1815,34426,1293,7,5,7,1942,0,0,0,L,0,12A73,S WESTERN AV,W 105TH ST,90,S,N,A,-,N,NA,NA,NA,NA,NA,NA,NA,NA,NA,Y,3,0,1,2,A,-,03,22350,NA,N,A,C,A,A,H,-,A,D,0,NA,NA,NA,NA,Y,NA,A,07,0,1,0,0,0,0,0,0,0,-,-,NA,NA,LOS ANGELES,LOS ANGELES,-118.30902862548828,33.94065475463867
9063457,2020,2020-08-04,1942,2020-04-26,1610,41096,0247,7,5,7,1942,0,0,0,B,0,2A4,3RD ST,BURLINGTON AV,0,NA,Y,A,-,N,NA,NA,NA,NA,NA,NA,NA,NA,NA,N,4,0,1,2,A,-,06,21755,A,N,D,C,A,A,H,-,A,A,0,NA,NA,NA,NA,Y,NA,A,08,0,0,1,0,0,0,0,0,0,-,-,NA,NA,LOS ANGELES,LOS ANGELES,-118.26894378662108,34.061309814453125
90634573,2017,2018-01-08,9575,2017-12-30,0745,020119,NA,6,1,9,1900,0,2,4,NA,2,084,DUARTE RD.,VISTA ST.,0,NA,Y,A,-,N,NA,NA,NA,NA,NA,NA,NA,NA,NA,N,4,0,1,2,A,-,12,22450,A,N,D,C,A,A,H,-,A,A,0,NA,NA,NA,NA,Y,NA,A,01,0,0,1,0,0,0,0,0,0,-,-,34.12066,-118.08444,LOS ANGELES,UNINCORPORATED,-118.0844,34.12066005
9063459,2020,2020-08-18,1942,2020-04-28,0423,43559,0423,2,5,7,1942,0,0,0,D,0,4A3W3,THOMAS ST,N MISSION RD,0,NA,Y,A,-,N,NA,NA,NA,NA,NA,NA,NA,NA,NA,N,3,0,1,2,A,-,10,21950,NA,N,G,B,A,A,H,-,C,D,0,NA,NA,Y,NA,Y,NA,A,01,0,1,0,0,0,0,0,0,1,-,-,NA,NA,LOS ANGELES,LOS ANGELES,-118.20510864257813,34.06652069091797
90634592,2017,2018-01-08,9550,2017-12-28,1355,020974,NA,4,1,7,1941,0,1,3,NA,2,090,SR-91 E/B,WALNUT AVENUE,35,W,N,A,-,Y,NA,NA,91,NA,NA,NA,NA,NA,E,N,4,0,1,2,A,-,07,21658,A,N,B,C,A,A,H,-,A,D,0,NA,NA,Y,NA,Y,NA,A,01,0,0,1,0,0,0,0,0,1,-,-,33.87674,-118.1735,LOS ANGELES,LONG BEACH,-118.17349342,33.87687225
9063460,2020,2020-08-04,1942,2020-04-26,0305,38081,448,7,5,7,1942,0,0,0,NA,0,4A57,EVERGREEN,ALCAZAR,200,S,N,A,-,N,NA,NA,NA,NA,NA,NA,NA,NA,NA,N,3,0,1,2,A,-,06,21755,NA,F,G,B,D,A,H,-,C,D,0,Y,NA,NA,NA,Y,Y,N,60,0,1,0,0,1,0,0,0,0,-,-,NA,NA,LOS ANGELES,LOS ANGELES,-118.19350433349608,34.05976867675781
90634613,2017,2018-01-08,9550,2017-12-28,2335,021386,NA,4,3,6,1920,0,1,1,NA,2,651,INTERSTATE 605 NORTHBOUND,FLORENCE AVENUE,2000,S,N,A,-,Y,NA,NA,605,NA,NA,NA,NA,NA,N,Y,3,0,1,1,A,-,08,22107,NA,N,E,I,A,A,H,-,D,D,0,NA,NA,NA,NA,Y,NA,A,01,0,1,0,0,0,0,0,0,0,-,-,33.93255,-118.10091,LOS ANGELES,DOWNEY,-118.10093415,33.93256185
90634616,2018,2018-01-08,9550,2018-01-04,1750,021123,NA,4,2,9,1900,0,2,4,NA,1,031,HACIENDA BLVD. N/B,COLIMA ROAD,40,S,N,A,-,N,NA,NA,NA,NA,NA,NA,NA,NA,NA,N,4,0,2,3,A,-,03,22350,NA,N,C,C,A,A,H,-,C,D,0,NA,NA,NA,NA,Y,NA,A,08,0,0,2,0,0,0,0,0,0,-,-,33.980899810791016,-117.97286224365234,LOS ANGELES,UNINCORPORATED,-117.97306060791016,33.98114013671875
90634618,2018,2018-01-08,9575,2018-01-06,2138,021569,NA,6,2,7,1942,0,1,3,NA,2,043,I-5 S/B FROM SR-134 W/B,ZOO DRIVE,100,N,N,A,-,Y,NA,NA,5,NA,NA,NA,R,NA,S,N,4,0,2,2,A,-,03,22350,NA,N,C,C,A,A,H,-,C,D,0,NA,NA,NA,NA,Y,NA,A,07,0,0,2,0,0,0,0,0,0,-,-,34.15039825439453,-118.28135681152344,LOS ANGELES,LOS ANGELES,-118.28135681152344,34.15039825439453
90634620,2018,2018-01-08,9575,2018-01-07,1400,020708,NA,7,2,9,1900,0,1,3,NA,2,304,SR-2 (ANGELES CREST HIGHWAY),GLENWOOD CAMP ROAD,13728,E,N,A,-,Y,NA,NA,NA,NA,NA,NA,NA,NA,NA,Y,4,0,1,2,A,-,08,22107,NA,N,B,C,A,A,H,-,A,D,0,NA,NA,NA,NA,Y,NA,A,01,0,0,1,0,0,0,0,0,0,-,-,34.3525390625,-118.93724822998048,LOS ANGELES,UNINCORPORATED,-117.94488525390624,34.353248596191406
90634637,2017,2018-01-08,9575,2017-12-29,1203,020902,NA,5,1,6,1953,0,1,1,NA,2,064,I-210 W/B (FOOTHILL FREEWAY),WILSON AVE,600,E,N,A,-,Y,NA,NA,210,NA,NA,NA,NA,NA,W,Y,3,0,1,3,A,-,03,22350,NA,N,C,C,A,A,H,-,A,D,0,NA,NA,NA,NA,Y,NA,A,01,0,1,0,0,0,0,0,0,0,-,-,34.15225,-118.12592,LOS ANGELES,PASADENA,-118.12591062,34.15215146
90634639,2017,2018-01-08,9575,2017-11-23,0855,017589,NA,4,1,9,1900,0,1,3,NA,2,300,SR-2 W/B (GLENDALE FREEWAY),MPM 32.58,5,W,N,A,-,N,NA,NA,2,NA,NA,NA,NA,NA,W,Y,4,0,1,1,A,-,03,22350,NA,N,E,I,A,A,H,-,A,D,0,NA,NA,NA,NA,Y,NA,A,01,0,0,1,0,0,0,0,0,0,-,-,34.26739,-118.17228,LOS ANGELES,UNINCORPORATED,-118.17227955,34.26742333
90634640,2018,2018-01-08,9575,2018-01-06,1829,021569,NA,6,2,6,1925,0,1,3,NA,2,042,SR-134 E/B (VENTURA FREEWAY),PACIFIC AVENUE,1063,W,N,A,-,Y,NA,NA,134,NA,NA,NA,NA,NA,E,N,4,0,1,4,A,-,03,22350,NA,N,C,C,A,A,H,-,C,D,0,NA,NA,NA,NA,Y,NA,A,08,0,0,1,0,0,0,0,0,0,-,-,34.155521392822266,-118.2675323486328,LOS ANGELES,GLENDALE,-118.26753997802734,34.15555191040039
90634648,2017,2018-01-08,9530,2017-12-23,0605,021792,NA,6,1,9,1900,0,3,5,NA,2,001,HOOPER AVE. (7100 BLOCK),71ST ST.,40,S,N,A,-,N,NA,NA,NA,NA,NA,NA,NA,NA,NA,Y,4,0,1,3,A,-,01,23152,A,N,B,E,A,A,H,-,B,D,0,NA,NA,NA,NA,Y,Y,A,01,0,0,1,0,0,0,0,0,0,-,-,33.58322,-118.15801,LOS ANGELES,UNINCORPORATED,-118.25206548,33.97561037
90634660,2017,2018-01-08,9545,2017-12-30,0940,021814,NA,6,1,9,1900,0,1,3,NA,1,042,PEARBLOSSOM HWY,89TH ST  E,1056,E,N,A,-,N,NA,NA,NA,NA,NA,NA,NA,NA,NA,Y,3,0,2,2,A,-,08,22107,NA,N,D,C,A,A,H,-,A,D,0,NA,NA,NA,NA,Y,NA,A,01,0,1,1,0,0,0,0,0,0,-,-,34.52123,-117.96814,LOS ANGELES,UNINCORPORATED,-117.96772226,34.52115344
90634670,2017,2018-01-08,9530,2017-12-27,0517,018887,NA,3,3,6,1972,0,1,1,NA,2,400,I-405 N/B (SAN DIEGO FREEWAY),PRAIRE AVE.,100,N,N,A,-,Y,NA,NA,405,NA,NA,NA,NA,NA,N,Y,3,0,2,3,A,-,07,21658,A,F,B,C,A,A,H,-,C,D,0,NA,NA,NA,NA,Y,NA,-,99,0,2,0,0,0,0,0,0,0,-,-,33.87609,-118.34437,LOS ANGELES,TORRANCE,-118.34434625,33.87610607
90634677,2017,2018-01-08,9540,2017-12-24,1840,021497,NA,7,2,7,1942,0,1,1,NA,1,502,I-5 N/B (GOLDEN STATE FREEWAY),BALBOA,2112,N,N,A,-,Y,NA,NA,5,NA,NA,NA,NA,NA,N,Y,4,0,1,3,A,-,07,21658,A,N,C,C,A,A,H,-,D,D,0,NA,NA,NA,NA,Y,NA,A,07,0,0,1,0,0,0,0,0,0,-,-,34.3318,-118.50659,LOS ANGELES,LOS ANGELES,-118.50682134,34.33169468
90634698,2017,2018-01-08,9580,2017-12-26,1720,021079,NA,2,2,7,1942,0,1,2,NA,2,107,US-101 S/B (VENTURA FREEWAY),KANAN RD,2640,S,N,A,-,Y,NA,NA,NA,NA,NA,NA,NA,NA,NA,Y,4,0,1,1,A,-,08,22107,NA,N,E,I,A,A,H,-,D,D,0,NA,NA,NA,NA,Y,NA,A,01,0,0,1,0,0,0,0,0,0,-,-,34.14411,-118.75078,LOS ANGELES,LOS ANGELES,-118.76114,34.14591
90634700,2017,2018-01-08,9540,2017-12-28,1205,018513,NA,4,1,7,1942,0,1,1,NA,2,406,I-405 N/B (SAN DIEGO FREEWAY),RINALDI ST,2112,N,N,A,-,Y,NA,NA,405,NA,NA,NA,NA,NA,N,Y,4,0,1,2,A,-,03,22350,NA,N,C,C,A,A,H,-,A,D,0,NA,NA,NA,NA,Y,NA,A,01,0,0,1,0,0,0,0,0,0,-,-,34.28886,-118.4673,LOS ANGELES,LOS ANGELES,-118.46740424,34.28886587
90634742,2017,2018-01-30,9530,2017-12-07,1750,021484,NA,4,2,9,1900,0,1,1,NA,2,210,I-105 E/B (GLENN ANDERSON FWY),COMPTON AVE.,100,W,N,A,-,Y,NA,NA,105,NA,NA,NA,NA,NA,E,Y,4,0,1,2,A,-,01,23152,F,M,B,C,A,A,H,-,C,D,0,NA,NA,NA,NA,Y,NA,A,01,0,0,1,0,0,0,0,0,0,-,-,33.92857,-118.24673,LOS ANGELES,UNINCORPORATED,-118.24672904,33.92861091
90634754,2018,2018-01-08,9530,2018-01-06,0250,021582,NA,6,3,9,1900,0,3,5,NA,2,002,EL SEGUNDO BLVD. (300 BLOCK),SAN PEDRO ST.,85,E,N,A,-,N,NA,NA,NA,NA,NA,NA,NA,NA,NA,Y,3,0,2,1,A,-,01,23152,A,N,E,J,A,A,H,-,C,D,0,NA,NA,NA,NA,Y,Y,A,01,0,1,1,0,0,0,0,0,0,-,-,33.91633987426758,-118.26918792724608,LOS ANGELES,UNINCORPORATED,-118.26934051513672,33.916419982910156
90634757,2017,2018-01-08,9540,2017-12-30,1730,021802,NA,6,2,7,1942,0,1,1,NA,1,502,I-5 N/B (GOLDEN STATE FREEWAY),BALBOA BLVD,1584,N,N,A,-,Y,NA,NA,5,NA,NA,NA,NA,NA,N,Y,4,0,1,2,A,-,04,21703,NA,N,C,C,A,A,H,-,C,D,0,NA,NA,NA,NA,Y,NA,A,01,0,0,1,0,0,0,0,0,0,-,-,34.32327,-118.49955,LOS ANGELES,LOS ANGELES,-118.49966904,34.32305769
90634765,2017,2018-01-08,9550,2017-12-29,1245,020974,NA,5,1,9,1900,0,1,1,NA,2,650,I-605 N/B,SLAUSON AVENUE,350,S,N,A,-,Y,NA,NA,605,NA,NA,NA,NA,NA,N,N,4,0,3,3,A,-,03,22350,NA,N,C,C,A,A,H,-,A,D,0,NA,NA,NA,NA,Y,NA,A,01,0,0,3,0,0,0,0,0,0,-,-,33.96611,-118.08369,LOS ANGELES,UNINCORPORATED,-118.08369713,33.9661129
90634793,2017,2018-01-08,9530,2017-12-12,1715,021902,NA,2,2,9,1900,0,3,5,NA,2,001,FLORENCE AVE.,MARBRISA AVE.,0,NA,Y,A,-,N,NA,NA,NA,NA,NA,NA,NA,NA,NA,N,3,0,1,2,A,-,12,21453,A,F,D,C,A,A,H,-,B,A,0,NA,NA,Y,NA,Y,NA,C,03,0,1,0,0,0,0,0,0,1,-,-,33.97468,-118.23153,LOS ANGELES,UNINCORPORATED,-118.23153,33.97473007
90634800,2017,2018-01-08,9545,2017-12-31,2152,020960,NA,7,2,9,1900,0,3,5,NA,2,001,SIERRA HIGHWAY,AVENUE B,745,N,N,A,-,N,NA,NA,NA,NA,NA,NA,NA,NA,NA,N,2,0,2,2,A,-,11,21954,A,N,G,B,E,A,H,-,D,D,0,Y,NA,NA,NA,Y,NA,N,60,1,1,0,0,1,0,0,0,0,-,-,34.80832,-118.1541,LOS ANGELES,UNINCORPORATED,-118.15410283,34.80822533
90634803,2017,2018-01-08,9550,2017-12-30,0600,020974,NA,6,1,9,1900,0,2,4,NA,1,021,CARMENITA ROAD,BEATY AVENUE,0,NA,Y,A,-,N,NA,NA,NA,NA,NA,NA,NA,NA,NA,Y,4,0,1,2,A,-,09,21802,A,N,D,C,A,A,H,-,B,D,0,NA,NA,NA,NA,Y,NA,A,01,0,0,1,0,0,0,0,0,0,-,-,33.92458,-118.04645,LOS ANGELES,UNINCORPORATED,-118.04659001,33.92452005
90634814,2017,2018-01-08,9530,2017-12-29,0750,021771,NA,5,1,9,1900,0,3,5,NA,2,001,FIRESTONE BLVD.,GRAHAM AVE.,160,E,N,A,-,N,NA,NA,NA,NA,NA,NA,NA,NA,NA,Y,4,0,1,2,A,-,03,22350,NA,N,C,C,A,A,H,-,A,D,0,NA,NA,NA,NA,Y,NA,A,01,0,0,1,0,0,0,0,0,0,-,-,33.96023,-118.24262,LOS ANGELES,UNINCORPORATED,-118.24257341,33.96015
90634822,2017,2018-01-08,9530,2017-12-30,1635,020375,NA,6,2,7,1942,0,1,1,NA,2,200,I-105 E/B (GLENN ANDERSON FWY),SAN PEDRO ST.,450,W,N,A,-,Y,NA,NA,105,NA,NA,NA,NA,NA,E,Y,3,0,1,1,A,-,08,22107,NA,N,F,A,A,A,H,-,B,D,0,NA,NA,Y,NA,Y,NA,C,02,0,1,0,0,0,0,0,0,1,-,-,33.9273,-118.27063,LOS ANGELES,LOS ANGELES,-118.27062468,33.92736388
90634890,2017,2018-01-08,9550,2017-12-31,1320,020974,NA,7,1,9,1900,0,1,3,NA,2,600,SR-60 W/B,7TH AVENUE,2100,W,N,A,-,Y,NA,NA,60,NA,NA,NA,NA,NA,W,N,4,0,1,3,A,-,03,22350,NA,N,C,C,A,A,H,-,A,D,0,NA,NA,NA,NA,Y,NA,A,01,0,0,1,0,0,0,0,0,0,-,-,34.02413,-117.99256,LOS ANGELES,UNINCORPORATED,-117.99254863,34.02414317
90634973,2018,2019-04-30,9545,2018-01-01,1230,019816,NA,1,1,9,1900,0,3,5,NA,2,003,ESCONDIDO CANYON RD,53RD STREET WEST,586,E,N,A,-,N,NA,NA,NA,NA,NA,NA,NA,NA,NA,Y,1,1,0,1,A,-,08,22107,NA,N,E,I,A,A,H,-,A,D,0,NA,NA,NA,NA,Y,NA,D,22,0,0,0,0,0,0,0,0,0,-,-,34.49734115600586,-118.22509002685548,LOS ANGELES,UNINCORPORATED,-118.2252960205078,34.49735641479492
90635059,2018,2018-01-08,9550,2018-01-03,1700,020824,NA,3,2,9,1900,0,1,1,NA,2,650,INTERSTATE 605 S/B,WHITTIER BOULEVARD,2500,S,N,B,-,Y,NA,NA,605,NA,NA,NA,NA,NA,S,Y,4,0,2,3,A,-,03,22350,NA,N,C,C,A,A,H,-,A,D,0,NA,NA,NA,NA,Y,NA,A,01,0,0,2,0,0,0,0,0,0,-,-,33.98670959472656,-118.07132720947266,LOS ANGELES,UNINCORPORATED,-118.0714111328125,33.98674774169922
90635071,2017,2018-01-08,9590,2017-12-30,1810,021535,NA,6,2,7,1942,0,1,1,NA,2,052,I-110 N/B (HAF),23RD STREET,300,N,N,A,-,Y,NA,NA,110,NA,NA,NA,NA,NA,N,N,4,0,2,2,A,-,03,22350,NA,F,C,C,A,A,H,-,C,D,0,NA,NA,NA,NA,Y,NA,A,01,0,0,2,0,0,0,0,0,0,-,-,34.03174,-118.2744,LOS ANGELES,LOS ANGELES,-118.27445109,34.03173647
90635089,2017,2018-01-08,9525,2017-12-30,0150,021393,NA,6,3,9,1900,0,3,5,NA,2,004,BASETDALE AVE. (500 BLOCK),ALANWOOD RD.,80,N,N,A,-,N,NA,NA,NA,NA,NA,NA,NA,NA,NA,Y,4,0,1,2,A,-,01,23152,A,N,C,C,A,A,H,-,C,D,0,NA,NA,NA,NA,Y,Y,A,07,0,0,1,0,0,0,0,0,0,-,-,34.04313,-118.00276,LOS ANGELES,UNINCORPORATED,-118.00287594,34.04312267
90635091,2018,2018-01-08,9590,2018-01-04,1245,021667,NA,4,1,7,1942,0,1,1,NA,2,052,I-110 N/B (HARBOR FREEWAY),W. WASHINGTON BOULEVARD,500,S,N,A,-,Y,NA,NA,110,NA,NA,NA,NA,NA,N,Y,4,0,1,2,A,-,03,22350,NA,N,C,C,A,A,H,-,A,D,0,NA,NA,Y,NA,Y,NA,C,02,0,0,1,0,0,0,0,0,0,-,-,34.033138275146484,-118.27442932128906,LOS ANGELES,LOS ANGELES,-118.27451324462892,34.03314208984375
90635172,2018,2018-01-08,9525,2018-01-03,1615,018366,NA,3,2,5,1990,0,1,3,NA,2,584,SR-57 N/B TO SR-60 E/B,GRAND AVE,600,W,N,A,-,Y,NA,NA,NA,NA,NA,NA,NA,NA,NA,N,4,0,1,2,A,-,03,22350,NA,N,C,C,A,A,H,-,A,D,0,NA,NA,NA,Y,Y,NA,F,26,0,0,1,0,0,0,0,0,0,-,-,34.00876998901367,-117.82469177246094,LOS ANGELES,DIAMOND BAR,-117.8247299194336,34.008724212646484
90635183,2018,2018-01-08,9550,2018-01-03,1220,019857,NA,3,1,9,1900,0,1,1,NA,2,650,INTERSTATE 605 N/B,OBREGON STREET,50,S,N,A,-,Y,NA,NA,605,NA,NA,NA,NA,NA,N,N,4,0,3,4,A,-,04,21703,NA,N,C,C,A,A,H,-,A,D,0,NA,NA,NA,NA,Y,NA,A,07,0,0,3,0,0,0,0,0,0,-,-,33.999088287353516,-118.06768798828124,LOS ANGELES,UNINCORPORATED,-118.06776428222656,33.999107360839844
90635205,2018,2018-01-08,9540,2018-01-06,1056,021361,NA,6,1,9,1900,0,1,1,NA,2,507,I-5 SB (GOLDEN STATE FREEWAY),LYONS AVE,1072,S,N,A,-,Y,NA,NA,5,NA,NA,NA,NA,NA,S,N,2,0,1,2,A,-,03,22350,NA,N,C,C,A,A,D,-,A,D,0,NA,NA,Y,NA,Y,NA,C,02,1,0,0,0,0,0,0,0,1,-,-,34.375858306884766,-118.56385040283205,LOS ANGELES,UNINCORPORATED,-118.56391143798828,34.375823974609375
90635220,2018,2018-01-08,9540,2018-01-04,1515,021260,NA,4,2,7,1942,0,1,1,NA,2,466,INTERSTATE 405 N/B (SAN DIEGO FREEWAY),RINALDI ST,2112,N,N,A,-,Y,NA,NA,405,NA,NA,NA,NA,NA,N,Y,4,0,1,3,A,-,08,22107,NA,N,B,C,A,A,H,-,A,D,0,NA,NA,NA,NA,Y,NA,A,01,0,0,1,0,0,0,0,0,0,-,-,34.28504180908203,-118.46814727783205,LOS ANGELES,LOS ANGELES,-118.46817016601564,34.2850456237793
90635221,2018,2018-01-08,9550,2018-01-04,1410,020932,NA,4,2,9,1900,0,1,1,NA,2,652,INTERSTATE 605 SOUTHBOUND,CARSON AVENUE,50,S,N,A,-,Y,NA,NA,NA,NA,NA,NA,NA,NA,NA,Y,3,0,2,4,A,-,07,21658,A,F,C,C,A,A,H,-,A,D,0,NA,NA,NA,NA,Y,NA,-,99,0,2,0,0,0,0,0,0,0,-,-,33.831260681152344,-118.08409881591795,LOS ANGELES,UNINCORPORATED,-118.08419799804688,33.831382751464844
90635231,2018,2018-01-08,9590,2018-01-07,1638,021643,NA,7,2,7,1942,0,1,1,NA,2,063,I-10 W/B (SMF)(COLLECTOR),VERMONT AVENUE,200,E,N,A,-,Y,NA,NA,NA,NA,NA,NA,NA,NA,NA,N,4,0,1,2,A,-,03,22350,NA,F,C,C,A,A,H,-,B,D,0,NA,NA,NA,NA,Y,NA,-,99,0,0,1,0,0,0,0,0,0,-,-,34.0312385559082,-118.28684997558594,LOS ANGELES,LOS ANGELES,-118.29090881347656,34.03704833984375
90635249,2017,2018-01-08,9535,2017-12-27,0432,021538,NA,3,3,3,1914,0,1,1,NA,2,501,I-5 (SANTA ANA FREEWAY) S/B,WASHINGTON BLVD,1900,N,N,A,-,Y,NA,NA,5,NA,NA,NA,NA,NA,S,Y,3,0,1,4,A,-,07,21658,A,M,B,C,A,A,H,-,C,D,0,NA,NA,NA,Y,Y,NA,A,01,0,1,0,0,0,0,0,0,0,-,-,34.01421,-118.16687,LOS ANGELES,COMMERCE,-118.16702434,34.01387358
90635304,2017,2018-01-08,9550,2017-12-28,1455,019954,NA,4,2,9,1900,0,1,1,NA,2,500,INTERSTATE 5 (SANTA ANA FREEWAY),PARAMOUNT BOULEVARD,500,S,N,A,-,Y,NA,NA,NA,NA,NA,NA,NA,NA,NA,Y,3,0,2,2,A,-,03,22350,NA,N,C,C,A,A,H,-,A,D,0,NA,NA,NA,NA,Y,NA,D,22,0,2,0,0,0,0,0,0,0,-,-,33.96244,-118.11802,LOS ANGELES,UNINCORPORATED,-118.11916592,33.96317885