CASE_ID,ACCIDENT_YEAR,PROC_DATE,JURIS,COLLISION_DATE,COLLISION_TIME,OFFICER_ID,REPORTING_DISTRICT,DAY_OF_WEEK,CHP_SHIFT,POPULATION,CNTY_CITY_LOC,SPECIAL_COND,BEAT_TYPE,CHP_BEAT_TYPE,CITY_DIVISION_LAPD,CHP_BEAT_CLASS,BEAT_NUMBER,PRIMARY_RD,SECONDARY_RD,DISTANCE,DIRECTION,INTERSECTION,WEATHER_1,WEATHER_2,STATE_HWY_IND,CALTRANS_COUNTY,CALTRANS_DISTRICT,STATE_ROUTE,ROUTE_SUFFIX,POSTMILE_PREFIX,POSTMILE,LOCATION_TYPE,RAMP_INTERSECTION,SIDE_OF_HWY,TOW_AWAY,COLLISION_SEVERITY,NUMBER_KILLED,NUMBER_INJURED,PARTY_COUNT,PRIMARY_COLL_FACTOR,PCF_CODE_OF_VIOL,PCF_VIOL_CATEGORY,PCF_VIOLATION,PCF_VIOL_SUBSECTION,HIT_AND_RUN,TYPE_OF_COLLISION,MVIW,PED_ACTION,ROAD_SURFACE,ROAD_COND_1,ROAD_COND_2,LIGHTING,CONTROL_DEVICE,CHP_ROAD_TYPE,PEDESTRIAN_ACCIDENT,BICYCLE_ACCIDENT,MOTORCYCLE_ACCIDENT,TRUCK_ACCIDENT,NOT_PRIVATE_PROPERTY,ALCOHOL_INVOLVED,STWD_VEHTYPE_AT_FAULT,CHP_VEHTYPE_AT_FAULT,COUNT_SEVERE_INJ,COUNT_VISIBLE_INJ,COUNT_COMPLAINT_PAIN,COUNT_PED_KILLED,COUNT_PED_INJURED,COUNT_BICYCLIST_KILLED,COUNT_BICYCLIST_INJURED,COUNT_MC_KILLED,COUNT_MC_INJURED,PRIMARY_RAMP,SECONDARY_RAMP,LATITUDE,LONGITUDE,COUNTY,CITY,POINT_X,POINT_Y
90636956,2017,2018-01-10,9575,2017-12-28,1640,020918,NA,4,2,7,1942,0,1,1,NA,2,060,I-210 E/B TO FOOTHILL BLVD.(OSBORNE ST),FOOTHILL BLVD.,1000,W,N,A,-,Y,NA,NA,210,NA,NA,NA,R,NA,E,Y,4,0,1,1,A,-,01,23152,A,N,E,I,A,A,H,-,B,D,0,NA,NA,NA,NA,Y,Y,A,07,0,0,1,0,0,0,0,0,0,-,-,34.27521,-118.3839,LOS ANGELES,LOS ANGELES,-118.3839,34.27521
90636966,2017,2018-01-10,9530,2017-12-29,0610,021004,NA,5,1,5,1977,0,1,1,NA,2,410,I-405 N/B (SAN DIEGO FREEWAY),MAIN ST.,839,S,N,A,-,Y,NA,NA,405,NA,NA,NA,NA,NA,N,N,4,0,1,2,A,-,17,21658,NA,N,B,C,A,A,H,-,B,D,0,NA,NA,NA,Y,Y,NA,-,-,0,0,1,0,0,0,0,0,0,-,-,33.85012,-118.27586,LOS ANGELES,CARSON,-118.27580018,33.85021359
90636971,2018,2018-01-10,9575,2018-01-04,1607,020918,NA,4,2,7,1942,0,1,1,NA,2,053,I-5 N/B (GOLDEN STATE FREEWAY),BRANFORD ST.,330,S,N,A,-,Y,NA,NA,5,NA,NA,NA,NA,NA,N,N,4,0,1,2,A,-,03,22350,NA,N,C,C,A,A,H,-,B,D,0,NA,NA,NA,NA,Y,NA,D,22,0,0,1,0,0,0,0,0,0,-,-,34.23802947998047,-118.41544342041016,LOS ANGELES,LOS ANGELES,-118.41531372070313,34.2381591796875
90636972,2018,2018-01-10,9525,2018-01-08,0054,020632,NA,1,3,6,1955,0,1,3,NA,2,606,SR-60 E/B TO RESERVOIR ST.,RESERVOIR ST.,660,W,N,B,-,Y,NA,NA,60,NA,NA,NA,R,NA,E,Y,3,0,2,1,A,-,01,23152,A,N,A,I,A,A,H,-,C,D,0,NA,NA,NA,NA,Y,Y,A,01,0,1,1,0,0,0,0,0,0,-,-,34.02457046508789,-117.73281860351564,LOS ANGELES,POMONA,-117.73281860351564,34.02457046508789
90636976,2018,2018-01-10,9550,2018-01-04,0640,015746,NA,4,1,9,1900,0,1,3,NA,2,601,STATE ROUTE 60 (POMONA FREEWAY),BARFORD PED OVERCROSSING,1000,E,N,A,-,Y,NA,NA,60,NA,NA,NA,NA,NA,NA,N,4,0,1,3,A,-,03,22350,NA,N,C,C,A,A,H,-,A,D,0,NA,NA,NA,NA,Y,NA,A,01,0,0,1,0,0,0,0,0,0,-,-,34.00379943847656,-117.95420074462892,LOS ANGELES,UNINCORPORATED,-117.95417785644533,34.003883361816406
90636990,2018,2018-01-10,9540,2018-01-09,1000,019909,NA,2,1,7,1942,0,1,1,NA,1,503,I-5 S/B (GOLDEN STATE FREEWAY),CALGROVE BLVD,1500,S,N,B,C,Y,NA,NA,NA,NA,NA,NA,NA,NA,NA,N,2,0,1,1,C,-,18,NA,NA,N,E,J,A,B,D,E,A,D,0,NA,NA,NA,NA,Y,NA,-,-,1,0,0,0,0,0,0,0,0,-,-,34.21152114868164,-118.32586669921876,LOS ANGELES,LOS ANGELES,-118.55377960205078,34.358280181884766
90637003,2018,2018-01-10,9530,2018-01-01,1930,021875,NA,1,2,9,1900,0,3,5,NA,2,002,REDONDO BEACH BOULEVARD (15000 BLOCK),AVALON BLVD.,110,E,N,A,-,N,NA,NA,NA,NA,NA,NA,NA,NA,NA,Y,4,0,2,2,A,-,09,21804,A,N,D,C,A,A,H,-,C,D,0,NA,NA,NA,NA,Y,NA,A,01,0,0,2,0,0,0,0,0,0,-,-,33.893280029296875,-118.26479339599608,LOS ANGELES,UNINCORPORATED,-118.26503753662108,33.893226623535156
90637059,2017,2018-01-10,9540,2017-12-26,1645,019853,NA,2,2,9,1900,0,3,5,NA,2,100,CALGROVE BLVD,I-5 NORTHBOUND,102,E,N,A,-,Y,NA,NA,NA,NA,NA,NA,NA,NA,NA,Y,4,0,1,2,A,-,06,21755,NA,N,B,C,A,A,H,-,B,A,0,NA,NA,NA,NA,Y,NA,D,22,0,0,1,0,0,0,0,0,0,-,-,34.36288,-118.55469,LOS ANGELES,UNINCORPORATED,-118.55510475,34.36238829
90637077,2018,2018-01-10,9565,2018-01-05,1710,016945,NA,5,2,7,1942,0,1,1,NA,2,062,I-405 S/B (SAN DIEGO FWY),VENICE BLVD,35,N,N,B,-,Y,NA,NA,405,NA,NA,NA,NA,NA,S,N,4,0,1,2,A,-,03,22350,NA,N,C,C,A,A,H,-,B,D,0,NA,NA,NA,NA,Y,NA,A,07,0,0,1,0,0,0,0,0,0,-,-,34.012271881103516,-118.418701171875,LOS ANGELES,LOS ANGELES,-118.41867065429688,34.01229476928711
90637086,2017,2018-01-10,9525,2017-12-31,1130,020847,NA,7,1,9,1900,0,3,5,NA,2,003,MEADOWSIDE ST. (E. 15800 BLOCK),AILERON AVE.,194,E,N,A,-,N,NA,NA,NA,NA,NA,NA,NA,NA,NA,Y,3,0,1,2,A,-,01,23152,A,N,A,C,A,A,H,-,A,D,0,NA,NA,NA,NA,Y,Y,A,01,0,1,0,0,0,0,0,0,0,-,-,34.04294,-117.93952,LOS ANGELES,UNINCORPORATED,-117.93959279,34.042961149999996
90637093,2018,2018-01-10,9535,2018-01-02,1730,020033,NA,2,2,5,1969,0,1,1,NA,2,074,I-710 N/B (LONG BEACH FREEWAY),FILESTONE BLVD,675,S,N,A,-,Y,NA,NA,710,NA,NA,NA,NA,NA,N,Y,4,0,1,3,A,-,04,21703,NA,N,C,C,A,A,H,-,C,D,0,NA,NA,NA,NA,Y,NA,A,01,0,0,1,0,0,0,0,0,0,-,-,33.94773864746094,-118.17030334472656,LOS ANGELES,SOUTH GATE,-118.17028045654295,33.94773864746094
90637115,2017,2018-01-10,9535,2017-12-17,1555,021599,NA,7,2,9,1900,0,2,4,NA,2,024,WHITTIER BOULEVARD (4100 BLOCK),BONNIE BEACH PLACE,27,E,N,A,-,N,NA,NA,NA,NA,NA,NA,NA,NA,NA,Y,4,0,2,2,A,-,03,22350,NA,N,C,C,A,A,H,-,A,D,0,NA,NA,NA,NA,Y,NA,A,01,0,0,2,0,0,0,0,0,0,-,-,34.02397,-118.1812,LOS ANGELES,UNINCORPORATED,-118.18120108,34.02394
90637124,2018,2018-01-10,9590,2018-01-05,1725,021635,NA,5,2,7,1942,0,1,1,NA,2,052,I-110 N/B (HAF),3RD ST. O/C,250,S,N,A,-,Y,NA,NA,110,NA,NA,NA,NA,NA,N,Y,3,0,1,3,A,-,03,22350,NA,N,C,C,A,A,H,-,B,D,0,NA,NA,NA,NA,Y,NA,A,07,0,1,0,0,0,0,0,0,0,-,-,34.05548095703125,-118.25650787353516,LOS ANGELES,LOS ANGELES,-118.25651550292967,34.05548095703125
90637174,2018,2018-01-10,9575,2018-01-05,1115,020918,NA,5,1,6,1925,0,1,3,NA,2,042,SR-134 W/B (VENTURA FREEWAY),GLENDALE AVE.,2112,W,N,A,-,Y,NA,NA,134,NA,NA,NA,NA,NA,W,N,4,0,1,2,A,-,03,22350,NA,N,C,C,A,A,H,-,A,D,0,NA,NA,NA,NA,Y,NA,A,01,0,0,1,0,0,0,0,0,0,-,-,34.15653991699219,-118.24842834472656,LOS ANGELES,GLENDALE,-118.24842834472656,34.15646743774414
9063718,2020,2020-07-13,1900,2020-03-10,1440,540399,0454,2,5,6,1949,0,0,0,NA,0,43T1,ROSECRANS AV,BLOOMFIELD AV,280,E,N,A,-,N,NA,NA,NA,NA,NA,NA,NA,NA,NA,Y,4,0,1,3,A,-,07,21658,A,N,B,C,A,B,H,-,A,A,0,NA,NA,NA,Y,Y,NA,A,01,0,0,1,0,0,0,0,0,0,-,-,NA,NA,LOS ANGELES,NORWALK,-118.0631866455078,33.90227127075195
90637185,2018,2018-01-10,9575,2018-01-05,1450,020918,NA,5,2,7,1942,0,1,3,NA,2,044,SR-134 W/B (VENTURA FREEWAY),FOREMAN AVE.,148,E,N,A,-,Y,NA,NA,134,NA,NA,NA,NA,NA,W,Y,4,0,3,2,A,-,03,22350,NA,N,C,C,A,A,H,-,A,D,0,NA,NA,NA,NA,Y,NA,A,01,0,0,3,0,0,0,0,0,0,-,-,34.153018951416016,-118.3522491455078,LOS ANGELES,LOS ANGELES,-118.3522720336914,34.15324783325195
90637208,2017,2018-01-10,9580,2017-12-29,2140,020876,NA,5,2,7,1942,0,1,2,NA,2,101,US-101 S/B TO SR-134 E/B,TUJUNGA AVE,100,S,N,A,-,Y,NA,NA,101,NA,NA,NA,R,NA,S,Y,4,0,1,1,A,-,08,22107,NA,N,E,I,A,A,H,-,D,D,0,NA,NA,NA,NA,Y,NA,A,01,0,0,1,0,0,0,0,0,0,-,-,34.15381,-118.3783,LOS ANGELES,LOS ANGELES,-118.3783,34.15381
90637212,2018,2018-01-10,9550,2018-01-02,1215,018412,NA,2,1,9,1900,0,1,3,NA,2,602,SR-60 W/B,NOGALES STREET,1935,E,N,A,-,Y,NA,NA,60,NA,NA,NA,NA,NA,W,Y,3,0,5,5,A,-,03,22350,NA,N,C,C,A,A,H,-,A,D,0,NA,NA,NA,Y,Y,NA,F,26,0,3,2,0,0,0,0,0,0,-,-,33.99460983276367,-117.88201141357422,LOS ANGELES,UNINCORPORATED,-117.88201141357422,33.99462127685547
90637220,2018,2018-01-10,9550,2018-01-04,1535,015746,NA,4,2,9,1900,0,2,4,NA,1,051,NOGALES STREET,SR60 EASTBOUND TO NOGALES STREET,0,NA,Y,A,-,Y,NA,NA,NA,NA,NA,NA,NA,NA,NA,Y,3,0,3,2,A,-,12,21453,A,N,D,C,A,A,H,-,A,A,0,NA,NA,NA,NA,Y,NA,A,01,0,3,0,0,0,0,0,0,0,-,-,33.99290084838867,-117.88880157470705,LOS ANGELES,UNINCORPORATED,NA,NA
90637229,2017,2018-01-10,9565,2017-12-15,2125,021058,NA,5,2,7,1942,0,1,1,NA,2,010,I-105 W/B (CENTURY FREEWAY),NASH ST.,300,E,N,B,-,Y,NA,NA,105,NA,NA,NA,NA,NA,W,Y,4,0,1,4,A,-,07,21658,A,N,B,C,A,A,H,-,D,D,0,NA,NA,NA,NA,Y,NA,A,01,0,0,1,0,0,0,0,0,0,-,-,33.93124,-118.38404,LOS ANGELES,LOS ANGELES,-118.38404133,33.93128642
90637245,2018,2018-01-10,9565,2018-01-02,1735,020284,NA,2,2,9,1900,0,3,5,NA,2,002,120TH ST.,BERENDO AVE,6,W,N,A,-,N,NA,NA,NA,NA,NA,NA,NA,NA,NA,N,2,0,1,2,A,-,03,22350,NA,N,G,B,B,A,H,-,C,A,0,Y,NA,NA,NA,Y,NA,A,01,1,0,0,0,1,0,0,0,0,-,-,33.92367935180664,-118.29399871826172,LOS ANGELES,UNINCORPORATED,-118.2940673828125,33.92367935180664
90637250,2017,2018-03-15,9565,2017-05-06,2250,021512,NA,6,3,5,1928,0,1,1,NA,2,060,INTERSTATE 405 SB TO INTERSTATE 105 EB,FELTON AVENUE,450,W,N,C,-,Y,NA,NA,405,NA,NA,NA,R,NA,S,Y,1,1,4,2,A,-,08,22107,NA,N,C,C,A,B,H,-,C,D,0,NA,NA,NA,NA,Y,NA,A,07,0,2,2,0,0,0,0,0,0,-,-,33.92985,-118.36738,LOS ANGELES,HAWTHORNE,-118.36738,33.92985
90637310,2018,2018-01-10,9565,2018-01-05,1155,020958,NA,5,1,7,1942,0,1,1,NA,2,061,I-405 NORTHBOUND (SAN DIEGO FREEWAY),HOWARD HUGHES PARKWAY,265,N,N,A,-,Y,NA,NA,405,NA,NA,NA,NA,NA,N,N,4,0,3,2,A,-,07,21658,A,N,C,C,A,A,H,-,A,D,0,NA,NA,NA,NA,Y,NA,A,08,0,0,3,0,0,0,0,0,0,-,-,33.97515106201172,-118.38378143310548,LOS ANGELES,LOS ANGELES,-118.38379669189452,33.9751091003418
90637314,2017,2018-01-10,9580,2017-12-28,0925,017228,NA,4,1,7,1942,0,1,2,NA,2,100,SR-134WB TO US-101(VENTURAFWY)NB,RIVERSIDE DRIVE,50,S,N,A,-,Y,NA,NA,134,NA,NA,NA,R,NA,NA,N,4,0,2,4,A,-,03,22350,NA,N,C,C,A,A,H,-,A,D,0,NA,NA,NA,NA,Y,NA,A,01,0,0,2,0,0,0,0,0,0,-,-,34.15353,-118.37526,LOS ANGELES,LOS ANGELES,-118.37526,34.15353
90637372,2018,2018-01-10,9550,2018-01-08,0815,018187,NA,1,1,9,1900,0,3,5,NA,2,001,WASHINGTON BLVD (WESTBOUND),WESTMAN AVE,186,W,N,B,-,N,NA,NA,NA,NA,NA,NA,NA,NA,NA,Y,4,0,1,3,A,-,03,22350,NA,N,C,C,A,B,H,-,A,D,0,NA,NA,NA,NA,Y,NA,A,07,0,0,1,0,0,0,0,0,0,-,-,33.9709587097168,-118.06681060791016,LOS ANGELES,UNINCORPORATED,-118.06671142578124,33.970882415771484
90637376,2017,2018-01-10,9535,2017-11-25,1545,021778,NA,6,2,9,1900,0,2,4,NA,2,011,EASTERN AVE.,WORTH ST.,0,NA,Y,A,-,N,NA,NA,NA,NA,NA,NA,NA,NA,NA,Y,3,0,2,3,A,-,09,21801,A,N,D,C,A,A,H,-,A,A,0,NA,NA,NA,NA,Y,NA,A,07,0,1,1,0,0,0,0,0,0,-,-,34.06228,-118.17918,LOS ANGELES,UNINCORPORATED,-118.17908005,34.06227003
9063738,2020,2020-07-29,1900,2020-04-01,1700,544121,2607,3,5,6,1950,0,0,0,NA,0,264T1,AVENUE S,65TH ST EAST,0,NA,Y,A,-,N,NA,NA,NA,NA,NA,NA,NA,NA,NA,N,4,0,1,2,A,-,03,22350,NA,N,C,C,A,A,H,-,A,D,0,NA,NA,NA,NA,Y,NA,A,07,0,0,1,0,0,0,0,0,0,-,-,34.332801818847656,-115.0500030517578,LOS ANGELES,PALMDALE,-118.01381683349608,34.55778884887695
90637412,2018,2018-01-10,9530,2018-01-04,1150,021089,NA,4,1,7,1942,0,1,1,NA,2,110,I-110 S/B (HARBOR FREEWAY),ROSECRANS AVE.,125,S,N,A,-,Y,NA,NA,110,NA,NA,NA,NA,NA,S,Y,4,0,1,3,A,-,07,21658,A,N,B,C,A,A,H,-,A,D,0,NA,NA,NA,NA,Y,NA,A,01,0,0,1,0,0,0,0,0,0,-,-,33.90132141113281,-118.28743743896484,LOS ANGELES,LOS ANGELES,-118.2867431640625,33.90131759643555
90637448,2018,2018-01-10,9565,2018-01-07,1755,021761,NA,7,2,7,1942,0,1,1,NA,2,082,I-10 E/B (SANTA MONICA FWY),GATEWAY BLVD.,20,E,N,A,-,Y,NA,NA,10,NA,NA,NA,NA,NA,E,Y,4,0,1,4,A,-,03,22350,NA,N,C,C,A,A,H,-,C,D,0,NA,NA,NA,NA,Y,NA,A,07,0,0,1,0,0,0,0,0,0,-,-,34.029869079589844,-118.44270324707033,LOS ANGELES,LOS ANGELES,-118.44268798828124,34.02980422973633
90637477,2018,2018-01-10,9565,2018-01-06,1740,016545,NA,6,2,4,1918,0,1,1,NA,2,061,I-405 S/B (SAN DIEGO FWY),WASHINGTON BOULEVARD,1000,N,N,A,-,Y,NA,NA,NA,NA,NA,NA,NA,NA,NA,N,4,0,1,2,A,-,03,22350,NA,N,C,C,A,A,H,-,C,D,0,NA,NA,NA,NA,Y,NA,A,01,0,0,1,0,0,0,0,0,0,-,-,33.981658935546875,-118.39218139648438,LOS ANGELES,CULVER CITY,-118.41529846191406,34.007999420166016
9063748,2020,2020-07-21,1942,2020-04-15,1125,37575,1456,3,5,7,1942,0,0,0,N,0,27TL25,INGLEWOOD BL,CULVER BL,63,S,N,A,-,N,NA,NA,NA,NA,NA,NA,NA,NA,NA,Y,4,0,2,2,A,-,08,22102,NA,N,N,C,A,A,H,-,A,D,0,NA,NA,NA,Y,Y,NA,F,21,0,0,2,0,0,0,0,0,0,-,-,NA,NA,LOS ANGELES,LOS ANGELES,-118.41791534423828,33.994930267333984
90637484,2018,2018-01-10,9550,2018-01-07,1715,020551,NA,7,2,9,1900,0,1,1,NA,2,650,I-605 SOUTHBOUND,ROSE HILLS ROAD,1000,S,N,A,-,Y,NA,NA,605,NA,NA,NA,NA,NA,S,N,4,0,1,1,C,-,18,NA,NA,N,E,J,A,A,H,-,C,D,0,NA,NA,NA,NA,Y,NA,-,-,0,0,1,0,0,0,0,0,0,-,-,34.01530838012695,-118.05555725097656,LOS ANGELES,UNINCORPORATED,-118.05558776855467,34.01532745361328
90637510,2017,2018-01-10,9565,2017-12-15,2126,021058,NA,5,2,7,1942,0,1,1,NA,2,010,I-105 W/B (CENTURY FREEWAY),NASH ST.,100,W,N,A,-,Y,NA,NA,105,NA,NA,NA,NA,NA,W,Y,4,0,1,2,A,-,08,22107,NA,N,B,C,A,A,H,-,D,D,0,NA,NA,NA,NA,Y,NA,D,22,0,0,1,0,0,0,0,0,0,-,-,33.93139,-118.38931,LOS ANGELES,LOS ANGELES,-118.38931009,33.93138801
90637519,2018,2018-01-10,9525,2018-01-09,1308,020058,NA,2,1,1,1934,0,1,1,NA,2,651,I-605 S/B (SAN GABRIEL RIVER FWY),ARROW HIGHWAY,5280,N,N,C,-,Y,NA,NA,605,NA,NA,NA,NA,NA,S,Y,4,0,2,2,A,-,03,22350,NA,N,E,I,A,B,H,-,A,D,0,NA,NA,NA,NA,Y,NA,A,01,0,0,2,0,0,0,0,0,0,-,-,34.12371826171875,-117.9670867919922,LOS ANGELES,IRWINDALE,-117.9670867919922,34.123722076416016
9063752,2020,2020-07-29,1942,2020-04-22,0957,38721,0646,3,5,7,1942,0,0,0,F,0,6A63,SELMA AV,VINE ST,67,E,N,A,-,N,NA,NA,NA,NA,NA,NA,NA,NA,NA,Y,4,0,1,2,A,-,01,23152,A,N,C,C,A,A,H,-,A,A,0,NA,NA,NA,NA,Y,Y,A,01,0,0,1,0,0,0,0,0,0,-,-,NA,NA,LOS ANGELES,LOS ANGELES,-118.32644653320313,34.09980010986328
90637527,2018,2018-01-10,9565,2018-01-06,2345,021575,NA,6,3,5,1965,0,1,3,NA,2,080,SR-1 NORTHBOUND (PACIFIC COAST HIGHWAY),MAIN STREET,500,W,N,A,-,Y,NA,NA,1,NA,NA,NA,NA,NA,N,Y,3,0,1,1,A,-,08,22107,NA,N,F,A,A,A,H,-,C,D,0,NA,NA,NA,NA,Y,NA,A,01,0,1,0,0,0,0,0,0,0,-,-,34.011680603027344,-118.4941635131836,LOS ANGELES,SANTA MONICA,-118.4941177368164,34.011566162109375
90637537,2018,2018-01-10,9525,2018-01-08,0615,021250,NA,1,1,9,1900,0,3,5,NA,2,004,AMAR AVE. (14900 BLOCK),CALIFORNIA AVE,12,E,N,B,C,N,NA,NA,NA,NA,NA,NA,NA,NA,NA,Y,4,0,1,2,A,-,03,22350,NA,N,C,C,A,B,H,-,B,A,0,NA,NA,NA,NA,Y,NA,D,22,0,0,1,0,0,0,0,0,0,-,-,34.04182052612305,-117.95831298828124,LOS ANGELES,UNINCORPORATED,-117.95838165283205,34.04181671142578
90637549,2018,2018-01-10,9565,2018-01-08,0700,016545,NA,1,1,9,1900,0,1,1,NA,2,061,ANGELES VISTA BLVD,MULLEN AVE,10,W,N,C,-,N,NA,NA,NA,NA,NA,NA,NA,NA,NA,N,4,0,1,1,A,-,08,22107,NA,N,E,J,A,A,H,-,A,D,0,NA,NA,NA,NA,Y,NA,A,01,0,0,1,0,0,0,0,0,0,-,-,33.99559020996094,-118.33908081054688,LOS ANGELES,UNINCORPORATED,-118.33892822265624,33.995887756347656
9063756,2020,2020-07-28,1942,2020-04-21,1135,38262,0678,2,5,7,1942,0,0,0,F,0,6A77,SANTA MONICA BL,OXFORD AV,82,W,N,A,-,N,NA,NA,NA,NA,NA,NA,NA,NA,NA,N,4,0,3,3,A,-,07,21658,A,N,B,C,A,A,H,-,A,D,0,NA,NA,NA,Y,Y,NA,F,26,0,0,3,0,0,0,0,0,0,-,-,NA,NA,LOS ANGELES,LOS ANGELES,-118.30806732177734,34.09077072143555
90637581,2017,2018-06-04,9525,2017-11-19,1500,019491,NA,7,2,9,1900,0,1,3,NA,1,024,SR-39 (SAN GABRIEL CANYON RD.),NORTH FORK BRIDGE,16896,N,N,A,-,Y,NA,NA,39,NA,NA,NA,NA,NA,NA,Y,1,1,1,1,A,-,03,22350,NA,N,E,I,A,A,H,-,A,D,0,NA,NA,NA,NA,Y,NA,A,01,0,1,0,0,0,0,0,0,0,-,-,34.29327,-117.83604,LOS ANGELES,UNINCORPORATED,-117.83595416,34.29330026
90637584,2018,2018-01-10,9565,2018-01-08,2150,021761,NA,1,2,9,1900,0,1,1,NA,2,060,I-405 N/B FROM EL SEGUNDO BLVD. W/B,EL SEGUNDO BLVD,500,N,N,B,C,Y,NA,NA,405,NA,NA,NA,R,NA,N,Y,4,0,1,2,A,-,03,22350,NA,N,C,C,A,B,H,-,D,D,0,NA,NA,NA,NA,Y,NA,A,01,0,0,1,0,0,0,0,0,0,-,-,33.91883087158203,-118.3693618774414,LOS ANGELES,UNINCORPORATED,-118.3693618774414,33.91883087158203
90637618,2018,2018-01-10,9590,2018-01-09,1907,020527,NA,2,2,7,1942,0,1,3,NA,2,095,SR-2 W/B (GLENDALE FREEWAY),ROUND TOP DRIVE,550,E,N,B,-,Y,NA,NA,2,NA,NA,NA,NA,NA,W,Y,4,0,2,2,A,-,03,22350,NA,N,C,C,A,B,H,-,C,D,0,NA,NA,NA,NA,Y,NA,A,01,0,0,2,0,0,0,0,0,0,-,-,34.13336944580078,-118.2297592163086,LOS ANGELES,LOS ANGELES,-118.22967529296876,34.13337707519531
90637623,2018,2018-01-10,9565,2018-01-10,0815,018193,NA,3,1,7,1942,1,1,1,NA,2,083,I-10 (SANTA MONICA FWY),OVERLAND AVE,100,W,N,A,-,Y,NA,NA,10,NA,NA,NA,NA,NA,NA,N,3,0,1,1,C,-,18,NA,NA,N,H,A,A,A,H,-,A,D,0,NA,NA,NA,NA,Y,NA,-,-,0,1,0,0,0,0,0,0,0,-,-,34.031898498535156,-118.41790771484376,LOS ANGELES,LOS ANGELES,-118.41790771484376,34.03191375732422
90637644,2018,2018-01-10,9565,2018-01-09,1655,021383,NA,2,2,9,1900,0,3,5,NA,2,004,106TH ST,HAWTHORNE BLVD,380,E,N,C,-,N,NA,NA,NA,NA,NA,NA,NA,NA,NA,Y,4,0,2,4,A,-,08,22107,NA,N,C,E,A,B,H,-,C,D,0,NA,NA,NA,NA,Y,NA,A,08,0,0,2,0,0,0,0,0,0,-,-,33.93994903564453,-118.35137939453124,LOS ANGELES,UNINCORPORATED,-118.35147094726564,33.93999099731445
90637656,2018,2018-01-26,9550,2018-01-09,1550,015449,NA,2,2,5,1919,0,1,3,NA,2,092,SR-91 E/B (ARTESIA FREEWAY),ARTESIA BOULEVARD,10,E,N,B,C,Y,NA,NA,91,NA,NA,NA,NA,NA,E,Y,4,0,1,3,A,-,03,22350,NA,N,C,C,A,B,H,-,A,D,0,NA,NA,NA,NA,Y,NA,A,01,0,0,1,0,0,0,0,0,0,-,-,33.873260498046875,-118.0605010986328,LOS ANGELES,CERRITOS,-118.06045532226564,33.873329162597656
90637662,2017,2018-01-10,9535,2017-12-28,2035,021638,NA,4,2,9,1900,0,3,5,NA,2,002,VIA CORONA STREET (5000 BLOCK),GERHART AVE,304,W,N,A,-,Y,NA,NA,NA,NA,NA,NA,NA,NA,NA,Y,3,0,1,2,A,-,09,21801,A,N,H,G,A,A,H,-,C,D,0,NA,Y,NA,NA,Y,NA,A,01,0,1,0,0,0,0,1,0,0,-,-,34.02622,-118.14552,LOS ANGELES,UNINCORPORATED,-118.14548963,34.02616039
90637681,2018,2018-01-18,9535,2018-01-01,0605,017954,NA,1,1,6,1922,0,1,1,NA,2,400,I-10 EB TO SAN GABRIEL BLVD. S/B,SAN GABRIEL BLVD,150,W,N,A,-,Y,NA,NA,NA,NA,NA,NA,NA,NA,NA,Y,3,0,1,1,A,-,01,23152,A,N,E,I,A,A,H,-,C,D,0,NA,NA,NA,NA,Y,Y,A,01,0,1,0,0,0,0,0,0,0,-,-,34.07162094116211,-118.0911865234375,LOS ANGELES,EL MONTE,-118.09112548828124,34.07186508178711
90637686,2018,2018-01-11,9590,2018-01-06,2100,021635,NA,6,2,7,1942,0,1,1,NA,2,053,I-110 S/B (HAF),JEFFERSON BLVD. U/C,300,N,N,A,-,Y,NA,NA,110,NA,NA,NA,NA,NA,S,Y,4,0,1,3,A,-,03,22350,NA,N,C,C,A,A,H,-,C,D,0,NA,NA,NA,NA,Y,NA,A,07,0,0,1,0,0,0,0,0,0,-,-,34.02178955078125,-118.27796173095705,LOS ANGELES,LOS ANGELES,-118.27783203125,34.02170944213867
90637687,2018,2018-01-11,9535,2018-01-01,1045,016915,NA,1,1,3,1968,0,1,3,NA,2,620,SR-60 E/B (POF) TO PECK ROAD,DURFEE AVE,215,W,N,A,-,Y,NA,NA,60,NA,NA,NA,R,NA,E,N,4,0,1,2,A,-,03,22350,NA,N,C,C,A,A,H,-,A,D,0,NA,NA,NA,NA,Y,NA,A,01,0,0,1,0,0,0,0,0,0,-,-,34.03683090209961,-118.03980255126952,LOS ANGELES,SOUTH EL MONTE,-118.03980255126952,34.03683090209961
90637691,2018,2018-01-11,9535,2018-01-03,1841,018687,NA,3,2,5,1906,0,1,1,NA,2,401,I-10 (SAN BERNARDINO FREEWAY) W/B,SAN GABRIEL RIVER,22,E,N,A,-,Y,NA,NA,10,NA,NA,NA,NA,NA,W,Y,4,0,1,2,A,-,07,21658,A,N,B,C,A,A,H,-,C,D,0,NA,NA,NA,NA,Y,NA,D,22,0,0,1,0,0,0,0,0,0,-,-,34.06454849243164,-118.0053482055664,LOS ANGELES,BALDWIN PARK,-118.00534057617188,34.06447982788086