CASE_ID,ACCIDENT_YEAR,PROC_DATE,JURIS,COLLISION_DATE,COLLISION_TIME,OFFICER_ID,REPORTING_DISTRICT,DAY_OF_WEEK,CHP_SHIFT,POPULATION,CNTY_CITY_LOC,SPECIAL_COND,BEAT_TYPE,CHP_BEAT_TYPE,CITY_DIVISION_LAPD,CHP_BEAT_CLASS,BEAT_NUMBER,PRIMARY_RD,SECONDARY_RD,DISTANCE,DIRECTION,INTERSECTION,WEATHER_1,WEATHER_2,STATE_HWY_IND,CALTRANS_COUNTY,CALTRANS_DISTRICT,STATE_ROUTE,ROUTE_SUFFIX,POSTMILE_PREFIX,POSTMILE,LOCATION_TYPE,RAMP_INTERSECTION,SIDE_OF_HWY,TOW_AWAY,COLLISION_SEVERITY,NUMBER_KILLED,NUMBER_INJURED,PARTY_COUNT,PRIMARY_COLL_FACTOR,PCF_CODE_OF_VIOL,PCF_VIOL_CATEGORY,PCF_VIOLATION,PCF_VIOL_SUBSECTION,HIT_AND_RUN,TYPE_OF_COLLISION,MVIW,PED_ACTION,ROAD_SURFACE,ROAD_COND_1,ROAD_COND_2,LIGHTING,CONTROL_DEVICE,CHP_ROAD_TYPE,PEDESTRIAN_ACCIDENT,BICYCLE_ACCIDENT,MOTORCYCLE_ACCIDENT,TRUCK_ACCIDENT,NOT_PRIVATE_PROPERTY,ALCOHOL_INVOLVED,STWD_VEHTYPE_AT_FAULT,CHP_VEHTYPE_AT_FAULT,COUNT_SEVERE_INJ,COUNT_VISIBLE_INJ,COUNT_COMPLAINT_PAIN,COUNT_PED_KILLED,COUNT_PED_INJURED,COUNT_BICYCLIST_KILLED,COUNT_BICYCLIST_INJURED,COUNT_MC_KILLED,COUNT_MC_INJURED,PRIMARY_RAMP,SECONDARY_RAMP,LATITUDE,LONGITUDE,COUNTY,CITY,POINT_X,POINT_Y
90639922,2018,2018-01-15,9590,2018-01-12,1720,021504,NA,5,2,7,1942,0,1,1,NA,2,501,I-110 S/B (HAF) HOV LANES,MARTIN LUTHER KING JR BLVD.,200,S,N,A,-,Y,NA,NA,110,NA,NA,NA,NA,NA,S,Y,4,0,1,1,A,-,03,22350,NA,N,F,A,A,A,H,-,C,D,0,NA,NA,Y,NA,Y,NA,C,02,0,0,1,0,0,0,0,0,1,-,-,34.010589599609375,-118.28108978271484,LOS ANGELES,LOS ANGELES,-118.2811279296875,34.010589599609375
90639924,2018,2018-01-15,9535,2018-01-09,0745,015797,NA,2,1,3,1914,0,1,1,NA,2,501,I-5 S/B (SANTA ANA FWY),TRIGGS ST.,1300,N,N,B,C,Y,NA,NA,NA,NA,NA,NA,NA,NA,NA,Y,4,0,1,2,A,-,03,22350,NA,N,E,I,A,B,H,-,A,D,0,NA,NA,NA,NA,Y,NA,A,01,0,0,1,0,0,0,0,0,0,-,-,34.004798889160156,-118.09580230712892,LOS ANGELES,COMMERCE,-118.16349029541016,34.01227951049805
90639928,2018,2018-01-15,9535,2018-01-10,1950,020818,NA,3,2,4,1907,0,1,1,NA,2,073,I-710 (LONG BEACH FREEWAY) S/B,CLARA ST,600,S,N,B,-,Y,NA,NA,710,NA,NA,NA,NA,NA,S,Y,4,0,1,2,A,-,08,22107,NA,N,B,C,A,A,H,-,C,D,0,NA,NA,NA,NA,Y,NA,A,01,0,0,1,0,0,0,0,0,0,-,-,33.961788177490234,-118.16960144042967,LOS ANGELES,BELL,-118.16995239257813,33.96184539794922
90639931,2018,2018-01-15,9590,2018-01-12,0850,021201,NA,5,1,7,1942,0,1,1,NA,2,060,I-10 E/B (SANTA MONICA FREEWAY),WASHINGTON BLVD.,500,E,N,A,-,Y,NA,NA,10,NA,NA,NA,NA,NA,E,Y,3,0,1,2,A,-,07,21658,A,N,B,C,A,A,H,-,A,D,0,NA,NA,Y,NA,Y,NA,A,01,0,1,0,0,0,0,0,0,1,-,-,34.03446960449219,-118.36637878417967,LOS ANGELES,LOS ANGELES,-118.36637115478516,34.03449249267578
90639932,2018,2018-01-15,9575,2018-01-04,1745,019976,NA,4,2,9,1900,0,3,5,NA,2,008,MUSCATEL AVE,LONGDEN AVE,0,NA,Y,B,-,N,NA,NA,NA,NA,NA,NA,NA,NA,NA,Y,4,0,1,2,A,-,09,21802,B,N,D,C,A,A,H,-,C,D,0,NA,NA,NA,NA,Y,NA,-,-,0,0,1,0,0,0,0,0,0,-,-,34.11351013183594,-118.07730102539064,LOS ANGELES,UNINCORPORATED,-118.07733154296876,34.113529205322266
90639933,2018,2018-01-15,9535,2018-01-11,1730,019626,NA,4,2,5,1959,0,1,3,NA,2,621,SR-60 (POMONA FREEWAY) W/B,SAN GABRIEL BLVD,1500,E,N,A,-,Y,NA,NA,60,NA,NA,NA,NA,NA,W,N,4,0,2,3,A,-,03,22350,NA,N,C,C,A,A,H,-,C,D,0,NA,NA,NA,NA,Y,NA,A,01,0,0,2,0,0,0,0,0,0,-,-,34.04085922241211,-118.0758819580078,LOS ANGELES,ROSEMEAD,-118.07586669921876,34.04078674316406
90639942,2018,2018-01-16,9590,2018-01-12,0520,021667,NA,5,3,7,1942,0,1,2,NA,2,042,US-101 N/B (SANTA ANA FREEWAY),E. 4TH STREET,500,S,N,A,-,Y,NA,NA,101,NA,NA,NA,NA,NA,N,Y,4,0,1,2,A,-,03,22350,NA,N,C,C,A,A,H,-,B,D,0,NA,NA,NA,NA,Y,NA,A,01,0,0,1,0,0,0,0,0,0,-,-,34.041080474853516,-118.22126007080078,LOS ANGELES,LOS ANGELES,-118.22129821777344,34.04108810424805
90639946,2018,2018-01-16,9590,2018-01-15,1500,016243,NA,1,2,7,1942,0,1,1,NA,2,053,I-110 S/B,1ST STREET,100,N,N,A,-,Y,NA,NA,110,NA,NA,NA,NA,NA,S,N,4,0,1,2,A,-,03,22350,NA,N,C,C,A,A,H,-,A,D,0,NA,NA,Y,NA,Y,NA,C,02,0,0,1,0,0,0,0,0,1,-,-,34.05902862548828,-118.25318145751952,LOS ANGELES,LOS ANGELES,-118.25316619873048,34.05901336669922
90639948,2018,2018-01-16,9590,2018-01-12,0740,021078,NA,5,1,7,1942,0,1,2,NA,2,072,U.S. 101 N/B (HOLLYWOOD FWY.),VERMONT AVE.,490,N,N,A,-,Y,NA,NA,NA,NA,NA,NA,NA,NA,NA,Y,4,0,2,2,A,-,03,22350,NA,N,C,C,A,A,H,-,A,D,0,NA,NA,NA,NA,Y,NA,A,01,0,0,2,0,0,0,0,0,0,-,-,34.08108139038086,-118.2932586669922,LOS ANGELES,LOS ANGELES,-118.29308319091795,34.08091735839844
90639950,2018,2018-01-16,9590,2018-01-08,0610,14987,NA,1,1,7,1942,0,1,1,NA,2,041,I-5 (SANTA ANA FREEWAY) S/B,INDIANA ST,500,N,N,B,C,Y,NA,NA,5,NA,NA,NA,NA,NA,S,Y,3,0,2,4,A,-,07,21658,A,M,D,C,A,B,H,-,D,D,0,NA,NA,NA,NA,Y,NA,-,99,0,2,0,0,0,0,0,0,0,-,-,34.020599365234375,-118.1943130493164,LOS ANGELES,LOS ANGELES,-118.19432067871094,34.02055358886719
90639985,2018,2018-01-16,9590,2018-01-13,1035,021040,NA,6,1,7,1942,0,1,3,NA,2,095,SR-2 W/B (GLF) TO I-5 S/B (GSF),SAN FERNANDO ROAD,800,W,N,A,-,Y,NA,NA,2,NA,NA,NA,R,NA,W,N,4,0,1,3,A,-,03,22350,NA,N,C,C,A,A,H,-,A,D,0,NA,NA,NA,NA,Y,NA,A,01,0,0,1,0,0,0,0,0,0,-,-,34.10158157348633,-118.25007629394533,LOS ANGELES,LOS ANGELES,-118.25007629394533,34.10158157348633
90639996,2017,2018-01-16,9530,2017-12-31,2210,021212,NA,7,3,9,1900,0,3,5,NA,2,001,HOOPER AVE (BLOCK 1500),88TH PLACE,190,S,N,A,-,N,NA,NA,NA,NA,NA,NA,NA,NA,NA,Y,3,0,2,3,C,-,18,NA,NA,N,B,C,A,A,H,-,C,D,0,NA,NA,NA,NA,Y,NA,-,-,0,2,0,0,0,0,0,0,0,-,-,33.95329,-118.25397,LOS ANGELES,UNINCORPORATED,-118.25405133,33.95598902
90640004,2018,2018-01-16,9525,2018-01-07,2150,021375,NA,7,2,9,1900,0,3,5,NA,2,003,HACIENDA BLVD,FRANCISQUITO AVE,1000,N,N,A,-,N,NA,NA,NA,NA,NA,NA,NA,NA,NA,Y,4,0,2,2,A,-,09,21804,A,N,D,C,A,A,H,-,C,D,0,NA,NA,NA,NA,Y,NA,A,01,0,0,2,0,0,0,0,0,0,-,-,34.0523681640625,-117.94185638427734,LOS ANGELES,UNINCORPORATED,-117.94419860839844,34.050262451171875
9064001,2020,2020-03-25,1900,2020-02-06,1210,629227,1430,4,5,4,1937,0,0,0,NA,0,143T1,WILLOW AV,AMAR RD,15,N,N,A,-,N,NA,NA,NA,NA,NA,NA,NA,NA,NA,N,4,0,1,2,A,-,10,21950,A,N,G,B,B,A,H,-,A,A,0,Y,NA,NA,NA,Y,NA,D,22,0,0,1,0,1,0,0,0,0,-,-,34.05234909057617,-117.97257232666016,LOS ANGELES,LA PUENTE,-117.97254943847656,34.05232238769531
90640012,2018,2018-01-16,9565,2018-01-13,1815,021576,NA,6,2,5,1965,0,1,1,NA,2,081,I-10 W/B (SANTA MONICA FWY.),11TH ST.,500,E,N,A,-,Y,NA,NA,10,NA,NA,NA,NA,NA,W,Y,4,0,1,2,A,-,03,22350,NA,N,C,C,A,A,H,-,A,D,0,NA,NA,NA,NA,Y,NA,A,01,0,0,1,0,0,0,0,0,0,-,-,34.01543045043945,-118.48531341552734,LOS ANGELES,SANTA MONICA,-118.48524475097656,34.01532745361328
90640020,2018,2018-01-16,9590,2018-01-09,1430,021917,NA,2,2,7,1942,0,1,3,NA,2,094,SR-2 (GLENDALE FREEWAY),SAN FERNANDO RD.,1000,W,N,B,C,Y,NA,NA,2,NA,NA,NA,NA,NA,NA,N,4,0,1,2,A,-,07,21658,A,N,B,C,A,B,H,-,A,D,0,NA,NA,NA,Y,Y,NA,A,07,0,0,1,0,0,0,0,0,0,-,-,34.11201095581055,-118.24601745605467,LOS ANGELES,LOS ANGELES,-118.24602508544922,34.112022399902344
90640043,2018,2018-01-16,9540,2018-01-08,0050,021434,NA,1,3,6,1985,0,1,1,NA,2,506,I-5 N/B (GOLDEN STATE FREEWAY),MCBEAN PKY,1056,N,N,B,C,Y,NA,NA,5,NA,NA,NA,NA,NA,N,Y,4,0,1,2,A,-,07,21658,A,N,C,C,A,B,H,-,C,D,0,NA,NA,NA,Y,Y,NA,A,01,0,0,1,0,0,0,0,0,0,-,-,34.397098541259766,-118.57176208496094,LOS ANGELES,SANTA CLARITA,-118.57178497314452,34.3970947265625
90640050,2018,2018-01-16,9590,2018-01-12,1948,021912,NA,5,2,7,1942,0,1,1,NA,2,060,I-10 E/B (SANTA MONICA FREEWAY),6TH AVE.,200,E,N,A,-,Y,NA,NA,10,NA,NA,NA,NA,NA,E,N,4,0,4,2,A,-,03,22350,NA,N,C,C,A,A,H,-,C,D,0,NA,NA,NA,NA,Y,NA,A,01,0,0,4,0,0,0,0,0,0,-,-,34.035888671875,-118.32286834716795,LOS ANGELES,LOS ANGELES,-118.32286834716795,34.03587341308594
90640055,2018,2018-01-16,9590,2018-01-13,1700,021502,NA,6,2,7,1942,0,1,3,NA,2,031,SR-60 W/B (POMONA FREEWAY),MARIETTA STREET,700,W,N,A,-,Y,NA,NA,60,NA,NA,NA,NA,NA,W,N,4,0,1,2,A,-,03,22350,NA,N,C,C,A,A,H,-,A,D,0,NA,NA,NA,NA,Y,NA,A,01,0,0,1,0,0,0,0,0,0,-,-,34.029788970947266,-118.21520233154295,LOS ANGELES,LOS ANGELES,-118.21520233154295,34.02980422973633
90640060,2018,2018-04-02,9540,2018-01-08,1404,021845,NA,1,2,6,1985,0,1,3,NA,2,149,SR-14 S/B (ANTELOPE VALLEY FREEWAY),SAND CANYON RD,5280,S,N,B,C,Y,NA,NA,14,NA,NA,NA,NA,NA,S,N,3,0,2,1,A,-,03,22350,NA,N,E,I,A,B,H,-,A,D,0,NA,NA,NA,NA,Y,NA,A,07,0,2,0,0,0,0,0,0,0,-,-,34.41741943359375,-118.44088745117188,LOS ANGELES,SANTA CLARITA,-118.4408721923828,34.41737365722656
90640069,2018,2018-01-16,9540,2018-01-08,2155,021434,NA,1,2,7,1942,0,1,1,NA,1,503,I-5 S/B (GOLDEN STATE FREEWAY),SAN FERNANDO RD,2640,N,N,B,C,Y,NA,NA,5,NA,NA,NA,NA,NA,S,Y,4,0,1,1,A,-,03,22350,NA,N,E,I,A,B,H,-,C,D,0,NA,NA,NA,NA,Y,NA,A,07,0,0,1,0,0,0,0,0,0,-,-,34.33169937133789,-118.507080078125,LOS ANGELES,LOS ANGELES,-118.5070571899414,34.33171081542969
90640074,2018,2018-01-16,9540,2018-01-13,1435,021374,NA,6,2,7,1942,0,1,1,NA,1,503,I-5 S/B (GOLDEN STATE FREEWAY),BALBOA BLVD,528,S,N,A,-,Y,NA,NA,5,NA,NA,NA,NA,NA,S,Y,2,0,1,2,A,-,07,21658,A,N,B,C,A,A,H,-,A,D,0,NA,NA,NA,NA,Y,NA,A,07,1,0,0,0,0,0,0,0,0,-,-,34.31949996948242,-118.4941635131836,LOS ANGELES,LOS ANGELES,-118.49411010742188,34.3195686340332
90640082,2018,2018-01-16,9525,2018-01-07,0415,020552,NA,7,3,9,1900,0,1,3,NA,1,024,SR-39 (SAN GABRIEL CANYON RD.),EAST FORK RD.,10560,S,N,B,-,N,NA,NA,39,NA,NA,NA,NA,NA,NA,Y,4,0,1,1,A,-,03,22350,NA,N,E,I,A,A,H,-,C,D,0,NA,NA,NA,NA,Y,NA,A,01,0,0,1,0,0,0,0,0,0,-,-,34.215389251708984,-117.86396026611328,LOS ANGELES,UNINCORPORATED,-117.86394500732422,34.21535873413086
90640088,2017,2018-01-16,9530,2017-12-29,0500,021792,NA,5,3,7,1941,0,1,1,NA,2,073,I-710 N/B (LONG BEACH FREEWAY),PACIFIC COAST HWY.,10,S,N,A,-,Y,NA,NA,710,NA,NA,NA,NA,NA,N,Y,2,0,1,1,A,-,01,23152,A,N,E,I,A,A,H,-,D,D,0,NA,NA,NA,NA,Y,Y,A,01,1,0,0,0,0,0,0,0,0,-,-,33.78967,-118.20775,LOS ANGELES,LONG BEACH,-118.20776919,33.78967
90640096,2018,2018-01-16,9565,2018-01-09,1920,021706,NA,2,2,4,1918,0,1,1,NA,2,061,I-405 S/B (SAN DIEGO FREEWAY),VENICE BLVD.,600,S,N,A,-,Y,NA,NA,405,NA,NA,NA,NA,NA,S,Y,4,0,3,3,A,-,03,22350,NA,N,C,C,A,B,H,-,C,D,0,NA,NA,NA,NA,Y,NA,A,07,0,0,3,0,0,0,0,0,0,-,-,34.0105094909668,-118.41726684570313,LOS ANGELES,CULVER CITY,-118.41725158691406,34.010528564453125
90640106,2018,2018-01-16,9550,2018-01-09,1508,019939,NA,2,2,9,1900,0,2,4,NA,1,031,HACIENDA BOULEVARD,LUJON ST.,0,NA,Y,C,-,N,NA,NA,NA,NA,NA,NA,NA,NA,NA,N,4,0,1,2,D,-,00,NA,NA,N,D,C,A,B,H,-,A,A,0,NA,NA,NA,NA,Y,NA,-,-,0,0,1,0,0,0,0,0,0,-,-,34.00130081176758,-117.9663314819336,LOS ANGELES,UNINCORPORATED,-117.96640014648438,34.00127029418945
90640111,2018,2018-01-16,9565,2018-01-07,1045,021786,NA,7,1,7,1942,0,1,1,NA,2,061,I-405 N/B (SAN DIEGO FREEWAY),JEFFERSON BLVD,2500,S,N,A,-,Y,NA,NA,405,NA,NA,NA,NA,NA,N,N,4,0,2,2,A,-,03,22350,NA,N,C,C,A,A,H,-,A,D,0,NA,NA,NA,NA,Y,NA,A,01,0,0,2,0,0,0,0,0,0,-,-,33.98160934448242,-118.39418792724608,LOS ANGELES,LOS ANGELES,-118.39415740966795,33.98163604736328
90640116,2017,2018-01-16,9535,2017-12-10,1720,021778,NA,7,2,9,1900,0,2,4,NA,2,024,WHITTIER BLVD. (3900 BLOCK),EASTMAN AVE.,125,E,N,A,-,N,NA,NA,NA,NA,NA,NA,NA,NA,NA,N,4,0,1,2,A,-,03,22350,NA,N,C,C,A,A,H,-,C,A,0,NA,NA,NA,NA,Y,NA,A,01,0,0,1,0,0,0,0,0,0,-,-,34.02395,-118.18684,LOS ANGELES,UNINCORPORATED,-118.18582832,34.02393
90640120,2018,2018-01-16,9530,2018-01-04,2205,021582,NA,4,3,7,1942,0,1,1,NA,2,120,I-110 N/B (HARBOR FREEWAY),HARRY BRIDGES AVE.,3696,S,N,A,-,Y,NA,NA,110,NA,NA,NA,NA,NA,N,Y,3,0,1,2,D,-,00,NA,NA,N,C,C,A,A,H,-,D,D,0,NA,NA,NA,Y,Y,NA,-,-,0,1,0,0,0,0,0,0,0,-,-,33.762969970703125,-118.28434753417967,LOS ANGELES,LOS ANGELES,-118.28437042236328,33.76299285888672
90640121,2018,2018-01-16,9550,2018-01-06,1040,021269,NA,6,1,9,1900,0,1,1,NA,2,650,INTERSTATE 605 (SAN GABRIEL RIVER FREEW,PECK ROAD,1150,S,N,B,-,Y,NA,NA,605,NA,NA,NA,NA,NA,NA,Y,3,0,1,2,A,-,01,23152,A,N,C,C,A,A,H,-,A,D,0,NA,NA,NA,NA,Y,Y,A,01,0,1,0,0,0,0,0,0,0,-,-,34.02540969848633,-118.04078674316406,LOS ANGELES,UNINCORPORATED,-118.04083251953124,34.025482177734375
9064013,2020,2020-05-18,1900,2020-01-10,1640,543275,1416,5,5,1,1932,0,0,0,NA,0,141T5,STIMSON AV,STEPHENS ST,0,NA,Y,A,-,N,NA,NA,NA,NA,NA,NA,NA,NA,NA,Y,4,0,1,2,A,-,08,22107,NA,N,A,C,A,A,H,-,A,D,0,NA,NA,NA,Y,Y,NA,G,27,0,0,1,0,0,0,0,0,0,-,-,34.01438903808594,-117.95343017578124,LOS ANGELES,INDUSTRY,-117.95339965820313,34.01430130004883
90640154,2018,2018-01-16,9590,2018-01-14,1335,021667,NA,7,1,7,1942,0,1,1,NA,2,021,I-10 W/B (SAN BERNARDINO FREEWAY),N. SOTO STREET,500,E,N,A,-,Y,NA,NA,10,NA,NA,NA,NA,NA,W,N,4,0,2,2,A,-,03,22350,NA,N,C,C,A,A,H,-,A,D,0,NA,NA,NA,NA,Y,NA,A,01,0,0,2,0,0,0,0,0,0,-,-,34.05564880371094,-118.19570922851564,LOS ANGELES,LOS ANGELES,-118.19570922851564,34.05564498901367
90640168,2018,2018-01-16,9550,2018-01-06,1335,021274,NA,6,1,6,1920,0,1,1,NA,2,151,INTERSTATE 105 W/B,GARDENDALE,50,W,N,A,-,Y,NA,NA,105,NA,NA,NA,NA,NA,W,Y,4,0,1,2,A,-,07,21658,A,N,B,C,A,A,H,-,A,D,0,NA,NA,NA,NA,Y,NA,A,01,0,0,1,0,0,0,0,0,0,-,-,33.91310119628906,-118.1478271484375,LOS ANGELES,DOWNEY,-118.1478271484375,33.913063049316406
90640172,2018,2018-01-18,9535,2018-01-04,1645,019135,NA,4,2,4,1907,0,1,1,NA,2,073,I-710 (LONG BEACH FREEWAY) S/B,SLAUSON R/R,815,N,N,A,-,Y,NA,NA,NA,NA,NA,NA,NA,NA,NA,N,4,0,1,3,A,-,03,22350,NA,M,C,C,A,A,H,-,A,D,0,NA,NA,NA,NA,Y,Y,D,22,0,0,1,0,0,0,0,0,0,-,-,39.98854064941406,-118.17063903808594,LOS ANGELES,BELL,NA,NA
90640188,2018,2018-01-16,9590,2018-01-10,1922,020527,NA,3,2,7,1942,0,1,1,NA,2,083,I-5 S/B (GSF) TO SR-110 N/B (ASP),FIGUEROA STREET,100,S,N,A,-,Y,NA,NA,5,NA,NA,NA,R,NA,S,Y,3,0,1,2,A,-,03,22350,NA,F,C,C,A,A,H,-,C,D,0,NA,NA,NA,NA,Y,NA,A,01,0,1,0,0,0,0,0,0,0,-,-,34.081600189208984,-118.22415924072266,LOS ANGELES,LOS ANGELES,-118.22415924072266,34.081600189208984
90640201,2018,2018-01-16,9590,2018-01-10,1940,021072,NA,3,2,7,1942,0,1,1,NA,2,052,I-110 N/B (HARBOR FREEWAY),OLYMPIC BLVD.,300,N,N,A,-,Y,NA,NA,110,NA,NA,NA,NA,NA,N,N,4,0,2,2,A,-,03,22350,NA,N,C,C,A,A,H,-,C,D,0,NA,NA,NA,NA,Y,NA,D,22,0,0,2,0,0,0,0,0,0,-,-,34.04706954956055,-118.26776123046876,LOS ANGELES,LOS ANGELES,-118.26778411865234,34.04711151123047
90640204,2018,2018-01-16,9535,2018-01-03,0438,021052,NA,3,3,3,1914,0,1,1,NA,2,500,I-5 N/B (SANTA ANA FREEWAY),GARFIELD AVE.,80,N,N,A,-,Y,NA,NA,5,NA,NA,NA,NA,NA,N,Y,2,0,1,2,A,-,07,21658,A,F,B,C,A,A,H,-,C,D,0,NA,NA,NA,NA,Y,NA,D,22,1,0,0,0,0,0,0,0,0,-,-,33.987701416015625,-118.1374969482422,LOS ANGELES,COMMERCE,-118.13751983642578,33.98767852783203
90640208,2018,2018-01-16,9540,2018-01-08,1410,020678,NA,1,2,6,1985,0,1,3,NA,1,145,SR-14 S/B (ANTELOPE VALLEY FWY),SAND CANYON RD,500,S,N,C,-,Y,NA,NA,14,NA,NA,NA,NA,NA,S,N,4,0,1,1,A,-,03,22350,NA,N,E,I,A,B,H,-,A,D,0,NA,NA,NA,NA,Y,NA,A,01,0,0,1,0,0,0,0,0,0,-,-,34.42110061645508,-118.43274688720705,LOS ANGELES,SANTA CLARITA,-118.43274688720705,34.42110061645508
90640211,2018,2018-01-16,9565,2018-01-10,0230,021576,NA,3,3,5,1928,0,1,1,NA,2,060,I-405 S/B (SAN DIEGO FWY.),ROSECRANS AVE.,1300,N,N,B,-,Y,NA,NA,405,NA,NA,NA,NA,NA,S,Y,4,0,1,3,A,-,03,22350,NA,N,B,C,A,A,H,-,A,D,0,NA,NA,NA,NA,Y,NA,A,07,0,0,1,0,0,0,0,0,0,-,-,33.90550994873047,-118.37059783935548,LOS ANGELES,HAWTHORNE,-118.3705596923828,33.90550994873047
90640226,2018,2018-01-16,9530,2018-01-13,0717,021076,NA,6,1,9,1900,0,3,5,NA,2,001,CUDAHY ST.,MOUNTAIN VIEW AVE.,0,NA,Y,A,-,N,NA,NA,NA,NA,NA,NA,NA,NA,NA,Y,4,0,1,2,A,-,12,22450,A,F,D,C,A,A,H,-,A,A,0,NA,NA,NA,NA,Y,NA,A,07,0,0,1,0,0,0,0,0,0,-,-,33.96519088745117,-118.21874237060548,LOS ANGELES,UNINCORPORATED,-118.21875,33.96516036987305
90640229,2018,2018-01-16,9540,2018-01-10,2102,021845,NA,3,2,9,1900,0,1,1,NA,2,509,I-5 S/B (GOLDEN STATE FREEWAY),PARKER RD,2640,S,N,A,-,Y,NA,NA,5,NA,NA,NA,NA,NA,S,N,4,0,1,2,A,-,07,21658,A,N,B,C,A,A,D,-,D,A,0,NA,NA,NA,NA,Y,NA,A,01,0,0,1,0,0,0,0,0,0,-,-,34.483558654785156,-118.61534118652344,LOS ANGELES,UNINCORPORATED,-118.61533355712892,34.48356246948242
90640232,2018,2018-01-16,9590,2018-01-10,1955,021831,NA,3,2,7,1942,0,1,2,NA,2,072,US-101 NB (HOLLYWOOD FREEWAY),MULHOLLAND DR,10,N,N,A,-,Y,NA,NA,101,NA,NA,NA,NA,NA,N,Y,4,0,2,2,A,-,03,22350,NA,N,C,C,A,A,H,-,C,D,0,NA,NA,NA,NA,Y,NA,A,07,0,0,2,0,0,0,0,0,0,-,-,34.123268127441406,-118.34158325195313,LOS ANGELES,LOS ANGELES,-118.3415985107422,34.12324523925781
9064025,2020,2020-03-13,1900,2020-01-01,0040,522462,1414,3,5,1,1932,0,0,0,NA,0,141T1,HACIENDA BL,NELSON AV,0,NA,Y,A,-,N,NA,NA,NA,NA,NA,NA,NA,NA,NA,Y,2,0,1,2,A,-,01,23152,A,N,E,I,A,A,-,-,C,A,0,NA,NA,NA,NA,Y,Y,A,01,1,0,0,0,0,0,0,0,0,-,-,34.02619934082031,-117.95784759521484,LOS ANGELES,INDUSTRY,-117.95770263671876,34.026329040527344
90640257,2018,2018-01-16,9565,2018-01-06,1835,021729,NA,6,2,7,1942,0,1,1,NA,2,063,I-405 S/B (SAN DIEGO FREEWAY),OLYMPIC BLVD,300,N,N,A,-,Y,NA,NA,405,NA,NA,NA,NA,NA,S,N,4,0,1,2,A,-,03,22350,NA,N,C,C,A,A,H,-,C,D,0,NA,NA,NA,NA,Y,NA,A,07,0,0,1,0,0,0,0,0,0,-,-,34.03982162475586,-118.44055938720705,LOS ANGELES,LOS ANGELES,-118.44061279296876,34.039772033691406
90640261,2018,2018-01-16,9545,2018-01-04,0850,021814,NA,4,1,9,1900,0,3,5,NA,2,004,PALMDALE BLVD,158TH ST  E,445,W,N,A,-,N,NA,NA,NA,NA,NA,NA,NA,NA,NA,Y,3,0,2,2,A,-,03,22350,NA,N,C,C,A,A,H,-,A,D,0,NA,NA,NA,NA,Y,NA,A,01,0,1,1,0,0,0,0,0,0,-,-,34.57984924316406,-117.85044860839844,LOS ANGELES,UNINCORPORATED,-117.85031127929688,34.57992172241211
90640299,2018,2018-01-16,9540,2018-01-15,0830,018037,NA,1,1,9,1900,0,1,3,NA,2,147,SR-14 S/B (ANTELOPE VALLEY FREEWAY),WARD RD. O/C,2112,S,N,A,-,Y,NA,NA,14,NA,NA,NA,NA,NA,S,N,4,0,1,2,A,-,03,22350,NA,N,C,C,A,A,H,-,A,D,0,NA,NA,NA,NA,Y,NA,A,01,0,0,1,0,0,0,0,0,0,-,-,34.50230026245117,-118.23468780517578,LOS ANGELES,UNINCORPORATED,-118.23468780517578,34.50231170654297
90640309,2018,2018-01-16,9550,2018-01-09,0740,019857,NA,2,1,5,1908,0,1,3,NA,2,091,STATE ROUTE 91 E/B,CLARK AVENUE,380,W,N,B,C,Y,NA,NA,91,NA,NA,NA,NA,NA,E,N,4,0,1,3,A,-,03,22350,NA,N,C,C,A,B,H,-,A,D,0,NA,NA,NA,NA,Y,NA,A,01,0,0,1,0,0,0,0,0,0,-,-,33.87559127807617,-118.12552642822266,LOS ANGELES,BELLFLOWER,-118.1255340576172,33.8760871887207
90640312,2018,2018-03-26,9540,2018-01-15,1500,021308,NA,1,2,7,1942,0,1,1,NA,2,406,I-405 N/B (SAN DIEGO FREEWAY),RINALDI ST.,1000,N,N,A,-,Y,NA,NA,405,NA,NA,NA,NA,NA,N,Y,4,0,1,7,A,-,03,22350,NA,M,C,C,A,A,H,-,A,D,0,NA,NA,NA,NA,Y,NA,A,07,0,0,1,0,0,0,0,0,0,-,-,34.285030364990234,-118.4682388305664,LOS ANGELES,LOS ANGELES,-118.46817016601564,34.28501510620117
90640316,2018,2018-01-16,9550,2018-01-10,1200,015329,NA,3,1,3,1903,0,1,3,NA,2,092,STATE ROUTE 91 W/B (ARTESIA FREEWAY),PIONEER ROAD,600,E,N,A,-,Y,NA,NA,91,NA,NA,NA,NA,NA,W,Y,3,0,2,3,A,-,03,22350,NA,N,C,C,A,A,H,-,A,D,0,NA,NA,NA,NA,Y,NA,A,07,0,2,0,0,0,0,0,0,0,-,-,33.87662124633789,-118.07946014404295,LOS ANGELES,ARTESIA,-118.07946014404295,33.876468658447266