CASE_ID,ACCIDENT_YEAR,PROC_DATE,JURIS,COLLISION_DATE,COLLISION_TIME,OFFICER_ID,REPORTING_DISTRICT,DAY_OF_WEEK,CHP_SHIFT,POPULATION,CNTY_CITY_LOC,SPECIAL_COND,BEAT_TYPE,CHP_BEAT_TYPE,CITY_DIVISION_LAPD,CHP_BEAT_CLASS,BEAT_NUMBER,PRIMARY_RD,SECONDARY_RD,DISTANCE,DIRECTION,INTERSECTION,WEATHER_1,WEATHER_2,STATE_HWY_IND,CALTRANS_COUNTY,CALTRANS_DISTRICT,STATE_ROUTE,ROUTE_SUFFIX,POSTMILE_PREFIX,POSTMILE,LOCATION_TYPE,RAMP_INTERSECTION,SIDE_OF_HWY,TOW_AWAY,COLLISION_SEVERITY,NUMBER_KILLED,NUMBER_INJURED,PARTY_COUNT,PRIMARY_COLL_FACTOR,PCF_CODE_OF_VIOL,PCF_VIOL_CATEGORY,PCF_VIOLATION,PCF_VIOL_SUBSECTION,HIT_AND_RUN,TYPE_OF_COLLISION,MVIW,PED_ACTION,ROAD_SURFACE,ROAD_COND_1,ROAD_COND_2,LIGHTING,CONTROL_DEVICE,CHP_ROAD_TYPE,PEDESTRIAN_ACCIDENT,BICYCLE_ACCIDENT,MOTORCYCLE_ACCIDENT,TRUCK_ACCIDENT,NOT_PRIVATE_PROPERTY,ALCOHOL_INVOLVED,STWD_VEHTYPE_AT_FAULT,CHP_VEHTYPE_AT_FAULT,COUNT_SEVERE_INJ,COUNT_VISIBLE_INJ,COUNT_COMPLAINT_PAIN,COUNT_PED_KILLED,COUNT_PED_INJURED,COUNT_BICYCLIST_KILLED,COUNT_BICYCLIST_INJURED,COUNT_MC_KILLED,COUNT_MC_INJURED,PRIMARY_RAMP,SECONDARY_RAMP,LATITUDE,LONGITUDE,COUNTY,CITY,POINT_X,POINT_Y
90641217,2017,2018-06-05,9525,2017-10-28,0252,020891,NA,6,3,5,1990,0,1,3,NA,2,573,STATE ROUTE 57 S/B (ORANGE FREEWAY),DIAMOND BAR BOULEVARD,1417,S,N,A,-,Y,NA,NA,57,NA,NA,NA,NA,NA,S,Y,1,1,0,2,A,-,01,23152,A,N,C,E,A,A,H,-,C,D,0,NA,NA,NA,Y,Y,Y,A,01,0,0,0,0,0,0,0,0,0,-,-,33.9645,-117.8517,LOS ANGELES,DIAMOND BAR,-117.85177724,33.96455041
90641223,2018,2018-01-16,9590,2018-01-12,0523,021757,NA,5,3,7,1942,0,1,1,NA,2,021,I-10 W/B (SAN BERNARDINO FREEWAY),SOTO ST,2180,E,N,A,-,Y,NA,NA,10,NA,NA,NA,NA,NA,W,Y,3,0,1,1,C,-,18,NA,NA,N,E,J,A,A,H,-,C,D,0,NA,NA,NA,NA,Y,NA,-,-,0,1,0,0,0,0,0,0,0,-,-,34.055641174316406,-118.1948013305664,LOS ANGELES,LOS ANGELES,-118.1948013305664,34.05562210083008
90641228,2018,2018-01-16,9590,2018-01-15,1921,016611,NA,1,2,7,1942,0,1,1,NA,2,060,I-10 E/B (SMF) FROM LA BREA AVE.,LA BREA AVE,800,E,N,A,-,Y,NA,NA,10,NA,NA,NA,R,NA,E,Y,3,0,1,1,A,-,08,22107,NA,N,E,I,A,A,H,-,C,D,0,NA,NA,Y,NA,Y,NA,C,02,0,1,0,0,0,0,0,0,1,-,-,34.0342903137207,-118.34596252441406,LOS ANGELES,LOS ANGELES,-118.34596252441406,34.0342903137207
90641240,2018,2018-01-17,9550,2018-01-05,1615,021037,NA,5,2,9,1900,0,3,5,NA,2,002,LEFFINGWELL ROAD,COLIMA ROAD,0,NA,Y,A,-,N,NA,NA,NA,NA,NA,NA,NA,NA,NA,N,4,0,3,2,A,-,09,21801,A,N,D,C,A,A,H,-,A,A,0,NA,NA,NA,NA,Y,NA,A,07,0,0,3,0,0,0,0,0,0,-,-,33.923709869384766,-118.02552795410156,LOS ANGELES,UNINCORPORATED,-118.0255126953125,33.923728942871094
90641242,2017,2018-12-10,9525,2017-10-28,0253,020891,NA,6,3,5,1990,0,1,3,NA,2,573,SR-57 S/B (ORANGE FREEWAY),DIAMOND BAR BOULEVARD,1452,S,N,B,-,Y,NA,NA,57,NA,NA,NA,NA,NA,S,Y,1,1,1,3,A,-,01,23152,A,N,D,C,A,A,H,-,C,D,0,NA,NA,NA,NA,Y,Y,D,22,1,0,0,0,0,0,0,0,0,-,-,33.9646,-117.8517,LOS ANGELES,DIAMOND BAR,-117.85173147,33.96462054
90641245,2017,2018-01-17,9565,2017-12-19,1823,020604,NA,2,2,5,1928,0,1,1,NA,2,012,I-105 W/B TO HAWTHORNE BOULEVARD,PRAIRIE AVENUE,533,W,N,A,-,Y,NA,NA,105,NA,NA,NA,R,NA,W,N,1,1,0,2,A,-,00,21461,NA,N,G,B,E,A,H,-,D,D,0,Y,NA,NA,NA,Y,NA,N,60,0,0,0,1,0,0,0,0,0,-,-,33.93143,-118.34543,LOS ANGELES,HAWTHORNE,-118.34543,33.93143
90641252,2018,2018-01-17,9565,2018-01-11,1608,020209,NA,4,2,9,1900,0,3,5,NA,2,004,118TH STREET,AVIATION BLVD,0,NA,Y,A,-,N,NA,NA,NA,NA,NA,NA,NA,NA,NA,N,4,0,1,2,A,-,10,21950,A,N,G,B,B,A,H,-,A,D,0,Y,NA,NA,NA,Y,NA,A,01,0,0,1,0,1,0,0,0,0,-,-,33.927181243896484,-118.37847137451172,LOS ANGELES,UNINCORPORATED,-118.3784408569336,33.92729949951172
90641255,2018,2018-01-17,9565,2018-01-11,1135,021819,NA,4,1,9,1900,0,3,5,NA,2,004,CRENSHAW BLVD. S/B,135TH ST,400,N,N,A,-,N,NA,NA,NA,NA,NA,NA,NA,NA,NA,N,4,0,3,2,A,-,08,22107,NA,N,B,C,A,A,H,-,A,D,0,NA,NA,NA,NA,Y,NA,-,-,0,0,3,0,0,0,0,0,0,-,-,33.910518646240234,-118.32660675048828,LOS ANGELES,UNINCORPORATED,-118.32659912109376,33.91028594970703
90641269,2018,2018-01-17,9590,2018-01-16,1840,020344,NA,2,2,7,1942,0,1,1,NA,2,051,I-110 S/B (HARBOR FREEWAY),COLDEN AVE.,250,S,N,A,-,Y,NA,NA,110,NA,NA,NA,NA,NA,S,N,4,0,1,4,A,-,03,22350,NA,N,C,C,A,A,H,-,C,D,0,NA,NA,NA,NA,Y,NA,A,07,0,0,1,0,0,0,0,0,0,-,-,33.948699951171875,-118.2796630859375,LOS ANGELES,LOS ANGELES,-118.27976989746094,33.94868469238281
90641270,2018,2018-01-17,9590,2018-01-16,1900,021264,NA,2,2,7,1942,0,1,1,NA,2,010,SR-110 N/B (ASP) TO I-5 N/B (GSF),DUVALL STREET,600,S,N,A,-,Y,NA,NA,NA,NA,NA,NA,NA,NA,NA,N,4,0,1,2,A,-,03,22350,NA,F,C,C,A,A,H,-,C,A,0,NA,NA,NA,NA,Y,NA,-,99,0,0,1,0,0,0,0,0,0,-,-,34.08494186401367,-118.22917938232422,LOS ANGELES,LOS ANGELES,NA,NA
90641291,2018,2018-01-17,9525,2018-01-13,1605,021156,NA,6,2,4,1946,0,1,1,NA,2,202,I-210 E/B (FOOTHILL FWY),MYRTLE AVE,1584,W,N,A,-,Y,NA,NA,210,NA,NA,NA,NA,NA,E,N,4,0,2,2,A,-,03,22350,NA,N,C,C,A,A,H,-,A,D,0,NA,NA,NA,NA,Y,NA,A,01,0,0,2,0,0,0,0,0,0,-,-,34.1356201171875,-118.00772094726564,LOS ANGELES,MONROVIA,-118.00770568847656,34.13566970825195
90641298,2018,2018-01-17,9545,2018-01-08,0700,012653,NA,1,1,9,1900,0,1,3,NA,2,011,SR-14 S/B,AVENUE K U/C,300,N,N,B,C,Y,NA,NA,NA,NA,NA,NA,NA,NA,NA,Y,3,0,1,3,A,-,03,22350,NA,N,D,C,A,B,H,-,A,D,0,NA,NA,NA,Y,Y,NA,A,01,0,1,0,0,0,0,0,0,0,-,-,34.67586898803711,-118.15872955322266,LOS ANGELES,UNINCORPORATED,-118.1584930419922,34.67554473876953
90641301,2018,2018-01-17,9565,2018-01-16,0635,021002,NA,2,1,4,1918,0,1,1,NA,2,061,I-405 N/B (SAN DIEGO FWY.),SEPULVEDA BLVD.,140,N,N,A,-,Y,NA,NA,405,NA,NA,NA,NA,NA,N,N,4,0,1,2,A,-,03,22350,NA,N,C,D,A,A,H,-,A,D,0,NA,NA,NA,NA,Y,NA,D,22,0,0,1,0,0,0,0,0,0,-,-,33.982810974121094,-118.39507293701172,LOS ANGELES,CULVER CITY,-118.39508056640624,33.98280334472656
90641304,2018,2018-01-17,9565,2018-01-16,1230,021002,NA,2,1,7,1942,0,1,1,NA,2,061,I-405 N/B (SAN DIEGO FWY.),HOWARD HUGHES PARKWAY,600,N,N,A,-,Y,NA,NA,405,NA,NA,NA,NA,NA,N,Y,4,0,2,2,A,-,03,22350,NA,N,C,C,A,A,H,-,A,D,0,NA,NA,NA,NA,Y,NA,A,07,0,0,2,0,0,0,0,0,0,-,-,33.97649002075195,-118.38675689697266,LOS ANGELES,LOS ANGELES,-118.38675689697266,33.976497650146484
9064131,2020,2020-03-24,1900,2020-02-03,1732,600059,1418,1,5,1,1932,0,0,0,NA,0,141T5,GALE AV,AZUSA AV,73,E,N,A,-,N,NA,NA,NA,NA,NA,NA,NA,NA,NA,Y,3,0,1,3,A,-,03,22350,NA,M,C,C,A,A,H,-,B,A,0,NA,NA,NA,NA,Y,NA,A,01,0,1,0,0,0,0,0,0,0,-,-,34.000099182128906,-117.93038177490234,LOS ANGELES,INDUSTRY,-117.93062591552734,34.00013732910156
90641311,2018,2018-01-17,9540,2018-01-05,1530,021374,NA,5,2,9,1900,0,2,4,NA,2,205,AGUA DULCE CYN RD,WHITE FOX LN,9,E,N,A,-,N,NA,NA,NA,NA,NA,NA,NA,NA,NA,Y,3,0,4,2,A,-,09,21804,A,N,D,C,A,A,H,-,A,D,0,NA,NA,NA,NA,Y,NA,A,01,0,3,1,0,0,0,0,0,0,-,-,34.50931930541992,-118.31968688964844,LOS ANGELES,UNINCORPORATED,-118.31961059570313,34.509090423583984
90641312,2018,2018-01-17,9540,2018-01-07,1942,021374,NA,7,2,7,1942,0,1,1,NA,1,501,I-5 S/B (GOLDEN STATE FREEWAY),FOX ST,273,S,N,A,-,Y,NA,NA,5,NA,NA,NA,NA,NA,S,Y,3,0,1,2,A,-,03,22350,NA,N,C,C,A,A,H,-,C,D,0,NA,NA,NA,NA,Y,NA,A,01,0,1,0,0,0,0,0,0,0,-,-,34.27016830444336,-118.44718933105467,LOS ANGELES,LOS ANGELES,-118.44719696044922,34.27016067504883
90641317,2018,2018-01-17,9540,2018-01-08,1545,021374,NA,1,2,7,1942,0,1,1,NA,2,504,I-5 S/B (GOLDEN STATE FREEWAY),BALBOA BLVD,500,N,N,B,C,Y,NA,NA,5,NA,NA,NA,NA,NA,S,N,4,0,1,1,A,-,03,22350,NA,N,E,I,A,B,H,-,A,D,0,NA,NA,NA,NA,Y,NA,E,22,0,0,1,0,0,0,0,0,0,-,-,34.321529388427734,-118.49810028076172,LOS ANGELES,LOS ANGELES,-118.49794006347656,34.321815490722656
90641318,2018,2018-01-17,9535,2018-01-04,1432,019125,NA,4,2,5,1906,0,1,1,NA,2,650,I-605 N/B FROM VALLEY BLVD W/B,VALLEY BLVD,116,N,N,B,-,Y,NA,NA,605,NA,NA,NA,R,NA,N,Y,2,0,1,1,A,-,08,22107,NA,N,F,A,A,A,H,-,A,D,0,NA,NA,Y,NA,Y,NA,C,02,1,0,0,0,0,0,0,0,1,-,-,34.05461883544922,-118.00363159179688,LOS ANGELES,BALDWIN PARK,-118.00363159179688,34.05461883544922
90641323,2018,2018-01-17,9530,2018-01-05,0655,020096,NA,5,1,5,1977,0,1,3,NA,2,310,SR-91 W/B (ARTESIA FREEWAY),AVALON BLVD.,825,W,N,A,-,Y,NA,NA,91,NA,NA,NA,NA,NA,W,Y,4,0,1,3,A,-,03,22350,NA,N,C,C,A,A,H,-,A,D,0,NA,NA,NA,NA,Y,NA,A,01,0,0,1,0,0,0,0,0,0,-,-,33.87289810180664,-118.26892852783205,LOS ANGELES,CARSON,-118.26893615722656,33.872928619384766
90641332,2018,2018-01-17,9530,2018-01-05,2115,021642,NA,5,2,9,1900,0,3,5,NA,2,002,ALAMEDA STREET (11000 BLOCK),111TH ST.,60,N,N,A,-,N,NA,NA,NA,NA,NA,NA,NA,NA,NA,N,4,0,1,2,A,-,09,21804,A,N,B,C,A,A,H,-,C,D,0,NA,NA,NA,NA,Y,NA,A,07,0,0,1,0,0,0,0,0,0,-,-,33.934818267822266,-118.22653198242188,LOS ANGELES,UNINCORPORATED,-118.2260513305664,33.93501281738281
90641336,2018,2018-01-17,9540,2018-01-09,0608,021214,NA,2,1,7,1942,0,1,1,NA,2,213,I-210 E/B (FOOTHILL FREEWAY),POLK ST,10,E,N,B,C,Y,NA,NA,210,NA,NA,NA,NA,NA,E,N,2,0,1,2,A,-,10,21950,A,N,E,B,B,B,H,-,C,A,0,Y,NA,NA,NA,Y,NA,A,01,1,0,0,0,1,0,0,0,0,-,-,34.31608963012695,-118.44019317626952,LOS ANGELES,LOS ANGELES,-118.440208,34.316147
90641337,2018,2018-01-17,9575,2018-01-07,0410,021047,NA,7,3,6,1925,0,1,3,NA,2,042,SR-134 W/B (VENTURA FREEWAY),SAN FERNANDO RD.,190,W,N,A,-,Y,NA,NA,134,NA,NA,NA,NA,NA,W,Y,3,0,2,2,A,-,01,23152,A,N,C,C,A,A,H,-,C,D,0,NA,NA,NA,NA,Y,Y,A,01,0,1,1,0,0,0,0,0,0,-,-,34.15378952026367,-118.2768325805664,LOS ANGELES,GLENDALE,-118.27678680419922,34.15361404418945
90641339,2018,2018-01-17,9565,2018-01-16,2020,021371,NA,2,2,7,1942,0,1,1,NA,2,063,I-405 N/B (SAN DIEGO FWY),SUNSET BLVD,100,S,N,A,-,Y,NA,NA,405,NA,NA,NA,NA,NA,N,N,4,0,1,2,A,-,03,22350,NA,N,C,C,A,A,H,-,C,D,0,NA,NA,NA,NA,Y,NA,A,07,0,0,1,0,0,0,0,0,0,-,-,34.0723991394043,-118.4659423828125,LOS ANGELES,LOS ANGELES,-118.46607208251952,34.07229995727539
9064136,2020,2020-03-13,1942,2020-01-30,1955,39062,0468,4,5,7,1942,0,0,0,D,0,4A59,SLOAT ST,E CESAR E CHAVEZ AV,20,N,N,A,-,N,NA,NA,NA,NA,NA,NA,NA,NA,NA,N,4,0,1,1,A,-,03,22350,NA,N,E,I,A,A,H,-,C,D,0,NA,NA,NA,NA,Y,NA,A,01,0,0,1,0,0,0,0,0,0,-,-,NA,NA,LOS ANGELES,LOS ANGELES,-118.1986083984375,34.04281997680664
90641363,2018,2018-01-17,9540,2018-01-09,1410,017076,NA,2,2,9,1900,0,1,1,NA,2,510,I-5 N/B (GOLDEN STATE FREEWAY),WHITAKER SAND SHED,7392,N,N,C,-,Y,NA,NA,5,NA,NA,NA,NA,NA,N,Y,3,0,2,1,A,-,03,22350,NA,N,E,I,A,B,H,-,A,D,0,NA,NA,NA,NA,Y,NA,A,01,0,2,0,0,0,0,0,0,0,-,-,34.60988998413086,-118.71189880371094,LOS ANGELES,UNINCORPORATED,-118.71182250976564,34.609893798828125
90641366,2018,2018-01-17,9530,2018-01-06,2220,021493,NA,6,3,7,1942,0,1,1,NA,2,200,I-105 W/B (GLENN ANDERSON FWY),VERMONT AVE.,1000,E,N,A,-,Y,NA,NA,105,NA,NA,NA,NA,NA,W,Y,4,0,1,2,A,-,03,22350,NA,N,C,C,A,A,H,-,C,D,0,NA,NA,NA,NA,Y,NA,A,01,0,0,1,0,0,0,0,0,0,-,-,33.92887878417969,-118.28800201416016,LOS ANGELES,LOS ANGELES,-118.28800201416016,33.928863525390625
90641378,2018,2018-01-17,9545,2018-01-08,1820,018090,NA,1,2,9,1900,0,1,3,NA,2,021,SR-14 N/B (ANTELOPE VALLEY FREEWAY),PALMDALE BLVD,1080,N,N,B,-,Y,NA,NA,NA,NA,NA,NA,NA,NA,NA,Y,3,0,2,3,A,-,03,22350,NA,N,B,C,A,B,H,-,C,D,0,NA,NA,NA,NA,Y,NA,A,01,0,1,1,0,0,0,0,0,0,-,-,34.58462905883789,-118.13372039794922,LOS ANGELES,UNINCORPORATED,-118.13371276855467,34.58428955078125
90641381,2018,2018-01-17,9530,2018-01-07,1602,017755,NA,7,2,7,1941,0,1,1,NA,2,420,I-405 S/B TO I-710 N/B,SANTA FE AVE.,500,N,N,A,-,Y,NA,NA,405,NA,NA,NA,R,NA,S,Y,3,0,2,2,A,-,07,21658,A,N,B,C,A,A,H,-,A,D,0,NA,NA,NA,NA,Y,NA,A,01,0,2,0,0,0,0,0,0,0,-,-,33.82550048828125,-118.20320129394533,LOS ANGELES,LONG BEACH,-118.20320129394533,33.82550048828125
90641393,2018,2018-01-17,9530,2018-01-06,0950,013978,NA,6,1,5,1943,0,1,1,NA,2,210,I-105 (CENTURY FREEWAY) E/B,GERTRUDE DR,150,E,N,A,-,Y,NA,NA,105,NA,NA,NA,NA,NA,E,Y,4,0,2,2,A,-,07,21658,A,N,B,C,A,A,H,-,A,D,0,NA,NA,NA,NA,Y,NA,A,01,0,0,2,0,0,0,0,0,0,-,-,33.91926956176758,-118.19798278808594,LOS ANGELES,LYNWOOD,-118.19790649414064,33.91943359375
90641395,2018,2018-02-02,9545,2018-01-08,1940,018090,NA,1,2,9,1900,0,1,3,NA,2,021,SR-14 N/B (ANTELOPE VALLEY FREEWAY),10TH ST  W,50,N,N,B,-,Y,NA,NA,NA,NA,NA,NA,NA,NA,NA,Y,3,0,1,2,A,-,03,22350,NA,N,D,C,A,B,H,-,C,D,0,NA,NA,NA,NA,Y,NA,D,22,0,1,0,0,0,0,0,0,0,-,-,34.60601043701172,-118.14798736572266,LOS ANGELES,UNINCORPORATED,-118.14787292480467,34.60574722290039
9064140,2020,2020-03-17,1942,2020-01-22,1830,34458,0461,3,5,7,1942,0,0,0,D,0,4A71,EAST 4TH ST,S ANDERSON ST,0,NA,Y,A,-,N,NA,NA,NA,NA,NA,NA,NA,NA,NA,Y,4,0,1,2,D,-,00,NA,NA,N,B,C,A,A,H,-,C,A,0,NA,NA,NA,NA,Y,NA,-,-,0,0,1,0,0,0,0,0,0,-,-,NA,NA,LOS ANGELES,LOS ANGELES,-118.22547149658205,34.042301177978516
90641408,2018,2018-01-17,9525,2018-01-16,0920,014637,NA,2,1,9,1900,0,3,5,NA,2,002,SUNFLOWER AVE (5100 BLK),ARROW HIGHWAY,300,S,N,B,-,N,NA,NA,NA,NA,NA,NA,NA,NA,NA,Y,4,0,1,2,A,-,09,21804,A,N,D,C,A,A,H,-,A,D,0,NA,NA,NA,NA,Y,NA,A,08,0,0,1,0,0,0,0,0,0,-,-,34.105350494384766,-117.84629821777344,LOS ANGELES,UNINCORPORATED,-117.84638214111328,34.10673141479492
9064143,2020,2020-03-24,1900,2020-02-25,1525,621412,1414,2,5,1,1932,0,0,0,NA,0,141T6,HACIENDA BL,STAFFORD ST,401,N,N,A,-,N,NA,NA,NA,NA,NA,NA,NA,NA,NA,Y,3,0,1,2,A,-,09,21801,A,N,D,C,A,A,H,-,A,D,0,NA,NA,NA,NA,Y,NA,A,01,0,1,0,0,0,0,0,0,0,-,-,34.024559020996094,-117.57244110107422,LOS ANGELES,INDUSTRY,-117.95748901367188,34.02458190917969
90641433,2018,2018-01-17,9565,2018-01-15,1940,021640,NA,1,2,7,1942,0,1,1,NA,2,062,I-405 N/B TO I-10 E/B,NATIONAL BLVD.,200,N,N,A,-,Y,NA,NA,405,NA,NA,NA,R,NA,N,Y,4,0,1,2,A,-,03,22350,NA,N,C,C,A,A,H,-,D,D,0,NA,NA,NA,NA,Y,NA,A,01,0,0,1,0,0,0,0,0,0,-,-,34.02751159667969,-118.43009948730467,LOS ANGELES,LOS ANGELES,-118.43009948730467,34.02751159667969
90641441,2018,2018-01-17,9550,2018-01-12,1340,020948,NA,5,1,9,1900,0,2,4,NA,1,042,COLIMA ROAD,MANOR GATE ROAD,325,W,N,A,-,N,NA,NA,NA,NA,NA,NA,NA,NA,NA,Y,4,0,3,5,A,-,08,22107,NA,N,B,C,A,A,H,-,A,D,0,NA,NA,NA,NA,Y,NA,A,01,0,0,3,0,0,0,0,0,0,-,-,33.99089813232422,-117.93565368652344,LOS ANGELES,UNINCORPORATED,-117.9355926513672,33.990875244140625
90641444,2017,2018-01-17,9565,2017-12-27,2015,021892,NA,3,2,4,1918,0,1,1,NA,2,061,I-405 SOUTHBOUND (SAN DIEGO FREEWAY),WASHINGTON BOULEVARD,250,N,N,A,-,Y,NA,NA,NA,NA,NA,NA,NA,NA,NA,Y,4,0,2,4,A,-,07,21658,A,N,B,C,A,A,H,-,C,D,0,NA,NA,NA,NA,Y,NA,A,01,0,0,2,0,0,0,0,0,0,-,-,34.0066,-118.41143,LOS ANGELES,CULVER CITY,-118.41412989,34.00650875
90641455,2018,2018-01-17,9530,2018-01-08,0507,021465,NA,1,3,7,1941,0,1,1,NA,2,072,I-710 S/B TO I-405 N/B,I-710,110,W,N,C,-,Y,NA,NA,710,NA,NA,NA,R,NA,S,Y,3,0,1,1,A,-,08,22107,NA,N,E,I,A,B,H,-,D,D,0,NA,NA,NA,NA,Y,NA,D,22,0,1,0,0,0,0,0,0,0,-,-,33.828521728515625,-118.20848846435548,LOS ANGELES,LONG BEACH,-118.20848846435548,33.828521728515625
90641467,2017,2018-01-17,9565,2017-12-22,1912,021775,NA,5,2,9,1900,0,3,5,NA,2,003,STOCKER ST.,PRESIDIO DR.,5,E,N,A,-,N,NA,NA,NA,NA,NA,NA,NA,NA,NA,Y,4,0,1,2,A,-,09,21802,A,M,D,C,A,A,H,-,C,D,0,NA,NA,NA,NA,Y,NA,A,01,0,0,1,0,0,0,0,0,0,-,-,34.00476,-118.34126,LOS ANGELES,UNINCORPORATED,-118.34128562,34.00471668
9064147,2020,2020-03-23,1900,2020-02-20,0935,403161,1418,4,5,1,1932,0,0,0,NA,0,141T3,NOGALES ST,ARENTH AV,70,S,N,A,-,N,NA,NA,NA,NA,NA,NA,NA,NA,NA,Y,2,0,1,2,A,-,03,22350,NA,N,C,C,A,A,H,-,A,A,0,NA,NA,NA,NA,Y,NA,A,01,1,0,0,0,0,0,0,0,0,-,-,34.000999450683594,-117.88790130615234,LOS ANGELES,INDUSTRY,-117.8878936767578,34.00104904174805
90641470,2018,2018-01-17,9530,2018-01-08,0810,020608,NA,1,1,5,1943,0,1,1,NA,2,210,I-105 E/B FROM LONG BEACH BLVD. N/B,LONG BEACH BLVD.,338,E,N,C,-,Y,NA,NA,105,NA,NA,NA,R,NA,E,Y,3,0,1,1,A,-,03,22350,NA,N,F,A,A,B,H,-,A,D,0,NA,NA,NA,NA,Y,NA,A,07,0,1,0,0,0,0,0,0,0,-,-,33.925498962402344,-118.20894622802734,LOS ANGELES,LYNWOOD,-118.20894622802734,33.925498962402344
9064148,2020,2020-03-13,1942,2020-01-21,0715,37505,0491,2,5,7,1942,0,0,0,D,0,4A97,SOTO ST,16TH ST,0,NA,Y,A,-,N,NA,NA,NA,NA,NA,NA,NA,NA,NA,Y,3,0,1,2,A,-,09,21801,A,N,D,G,A,A,H,-,A,D,0,NA,Y,NA,NA,Y,NA,A,01,0,1,0,0,0,0,1,0,0,-,-,NA,NA,LOS ANGELES,LOS ANGELES,-118.23941040039064,34.022090911865234
90641484,2018,2018-01-17,9530,2018-01-08,1610,016110,NA,1,2,7,1942,0,1,1,NA,2,110,I-110 S/B (HARBOR FREEWAY),135TH ST.,50,N,N,B,C,Y,NA,NA,110,NA,NA,NA,NA,NA,S,Y,4,0,1,3,A,-,03,22350,NA,M,C,C,A,B,H,-,A,D,0,NA,NA,NA,NA,Y,NA,A,01,0,0,1,0,0,0,0,0,0,-,-,33.90919876098633,-118.28669738769533,LOS ANGELES,LOS ANGELES,-118.28672027587892,33.90919876098633
90641488,2018,2018-01-17,9540,2018-01-08,0943,019254,NA,1,1,6,1985,0,1,3,NA,1,144,SR-14 N/B (ANTELOPE VALLEY FREEWAY),PLACERITA CANYON ROAD,115,N,N,B,C,Y,NA,NA,14,NA,NA,NA,NA,NA,N,Y,3,0,1,1,A,-,03,22350,NA,N,E,I,A,B,H,-,A,D,0,NA,NA,NA,NA,Y,NA,A,01,0,1,0,0,0,0,0,0,0,-,-,34.37810134887695,-118.4926986694336,LOS ANGELES,SANTA CLARITA,-118.49276733398438,34.378177642822266
9064151,2020,2020-03-24,1900,2020-02-18,0755,403161,1415,2,5,1,1932,0,0,0,NA,0,141T2,GALE AV,BIXBY DR,0,NA,Y,A,-,N,NA,NA,NA,NA,NA,NA,NA,NA,NA,Y,3,0,2,2,A,-,09,21801,A,N,-,C,A,A,H,-,A,A,0,NA,NA,NA,NA,Y,NA,A,07,0,1,1,0,0,0,0,0,0,-,-,34.004791259765625,-117.94461822509766,LOS ANGELES,INDUSTRY,-117.9446029663086,34.00471115112305
9064152,2020,2020-03-16,1942,2020-01-10,0030,39076,4204,5,5,7,1942,0,0,0,NA,0,443,SOTO,ALCAZAR,20,S,N,A,-,N,NA,NA,NA,NA,NA,NA,NA,NA,NA,N,4,0,1,2,A,-,03,22350,A,F,C,G,A,A,H,-,C,-,0,NA,Y,NA,NA,Y,NA,-,99,0,0,1,0,0,0,1,0,0,-,-,NA,NA,LOS ANGELES,LOS ANGELES,-118.19808197021484,34.06229019165039
90641523,2018,2018-01-17,9550,2018-01-14,1740,021386,NA,7,2,5,1919,0,1,3,NA,2,092,SR-91 WESTBOUND,NORWALK BOULEVARD,1330,W,N,A,-,Y,NA,NA,91,NA,NA,NA,NA,NA,W,Y,4,0,1,2,A,-,03,22350,NA,N,C,C,A,A,H,-,D,D,0,NA,NA,NA,NA,Y,NA,D,22,0,0,1,0,0,0,0,0,0,-,-,33.87662887573242,-118.07653045654295,LOS ANGELES,CERRITOS,-118.07653045654295,33.87648010253906
9064155,2020,2020-03-23,1900,2020-02-19,1635,638503,1431,3,5,4,1937,0,0,0,NA,0,143T1,HACIENDA BL,PRICHARD ST,33,N,N,A,-,N,NA,NA,NA,NA,NA,NA,NA,NA,NA,Y,3,0,1,2,A,-,07,21658,A,N,E,I,A,A,H,-,A,D,0,NA,NA,NA,NA,Y,NA,A,01,0,1,0,0,0,0,0,0,0,-,-,34.028839111328125,-117.95558166503906,LOS ANGELES,LA PUENTE,-117.95559692382813,34.02876663208008
90641559,2018,2018-01-17,9575,2018-01-08,1016,018762,NA,1,1,7,1942,0,1,1,NA,2,060,I-210 E/B TO SR-118 W/B,OF FOOTHILL BLVD.,5,N,N,C,-,Y,NA,NA,210,NA,NA,NA,R,NA,E,Y,3,0,2,4,A,-,03,22350,NA,N,B,C,A,B,H,-,A,D,0,NA,NA,NA,NA,Y,NA,A,01,0,1,1,0,0,0,0,0,0,-,-,34.288089752197266,-118.40901947021484,LOS ANGELES,LOS ANGELES,-118.40901947021484,34.288089752197266
90641578,2017,2018-01-17,9530,2017-12-27,2015,021902,NA,3,2,9,1900,0,3,5,NA,2,001,ALAMEDA ST.,NADEAU ST.,0,NA,Y,A,-,N,NA,NA,NA,NA,NA,NA,NA,NA,NA,Y,2,0,1,2,A,-,09,21801,A,N,D,C,A,A,H,-,C,A,0,NA,NA,Y,NA,Y,NA,A,01,1,0,0,0,0,0,0,0,1,-,-,33.96743,-118.23314,LOS ANGELES,UNINCORPORATED,-118.23322003,33.96745012
9064159,2020,2020-03-23,1900,2020-02-14,2110,543275,1418,5,5,1,1932,0,0,0,NA,0,141T6,NOGALES ST,SAN JOSE AV,0,NA,Y,A,-,N,NA,NA,NA,NA,NA,NA,NA,NA,NA,Y,4,0,1,2,A,-,12,21453,A,N,D,C,A,A,H,-,C,A,0,NA,NA,NA,NA,Y,NA,A,01,0,0,1,0,0,0,0,0,0,-,-,33.9993782043457,-117.88819885253906,LOS ANGELES,INDUSTRY,-117.88807678222656,33.99943161010742