CASE_ID,ACCIDENT_YEAR,PROC_DATE,JURIS,COLLISION_DATE,COLLISION_TIME,OFFICER_ID,REPORTING_DISTRICT,DAY_OF_WEEK,CHP_SHIFT,POPULATION,CNTY_CITY_LOC,SPECIAL_COND,BEAT_TYPE,CHP_BEAT_TYPE,CITY_DIVISION_LAPD,CHP_BEAT_CLASS,BEAT_NUMBER,PRIMARY_RD,SECONDARY_RD,DISTANCE,DIRECTION,INTERSECTION,WEATHER_1,WEATHER_2,STATE_HWY_IND,CALTRANS_COUNTY,CALTRANS_DISTRICT,STATE_ROUTE,ROUTE_SUFFIX,POSTMILE_PREFIX,POSTMILE,LOCATION_TYPE,RAMP_INTERSECTION,SIDE_OF_HWY,TOW_AWAY,COLLISION_SEVERITY,NUMBER_KILLED,NUMBER_INJURED,PARTY_COUNT,PRIMARY_COLL_FACTOR,PCF_CODE_OF_VIOL,PCF_VIOL_CATEGORY,PCF_VIOLATION,PCF_VIOL_SUBSECTION,HIT_AND_RUN,TYPE_OF_COLLISION,MVIW,PED_ACTION,ROAD_SURFACE,ROAD_COND_1,ROAD_COND_2,LIGHTING,CONTROL_DEVICE,CHP_ROAD_TYPE,PEDESTRIAN_ACCIDENT,BICYCLE_ACCIDENT,MOTORCYCLE_ACCIDENT,TRUCK_ACCIDENT,NOT_PRIVATE_PROPERTY,ALCOHOL_INVOLVED,STWD_VEHTYPE_AT_FAULT,CHP_VEHTYPE_AT_FAULT,COUNT_SEVERE_INJ,COUNT_VISIBLE_INJ,COUNT_COMPLAINT_PAIN,COUNT_PED_KILLED,COUNT_PED_INJURED,COUNT_BICYCLIST_KILLED,COUNT_BICYCLIST_INJURED,COUNT_MC_KILLED,COUNT_MC_INJURED,PRIMARY_RAMP,SECONDARY_RAMP,LATITUDE,LONGITUDE,COUNTY,CITY,POINT_X,POINT_Y
90647570,2018,2018-01-25,9530,2018-01-18,1120,021089,NA,4,1,7,1942,0,1,1,NA,2,110,I-110 N/B (HARBOR FREEWAY),CENTURY BLVD.,75,S,N,A,-,Y,NA,NA,110,NA,NA,NA,NA,NA,N,N,4,0,2,2,A,-,03,22350,NA,N,C,C,A,A,H,-,A,D,0,NA,NA,NA,NA,Y,NA,A,01,0,0,2,0,0,0,0,0,0,-,-,33.94234085083008,-118.27954864501952,LOS ANGELES,LOS ANGELES,-118.27977752685548,33.94234085083008
90647571,2018,2018-01-25,9580,2018-01-13,1535,021475,NA,6,2,7,1942,0,1,2,NA,2,100,US-101 N/B (VENTURA FREEWAY),WOODMAN AVE,792,S,N,A,-,Y,NA,NA,101,NA,NA,NA,NA,NA,N,N,4,0,1,2,A,-,07,21658,A,N,B,C,A,A,H,-,A,D,0,NA,NA,NA,NA,Y,NA,A,01,0,0,1,0,0,0,0,0,0,-,-,34.15570068359375,-118.42813110351564,LOS ANGELES,LOS ANGELES,-118.42813110351564,34.15571975708008
90647577,2018,2018-01-25,9525,2018-01-24,1000,017506,NA,3,1,5,1906,0,1,1,NA,2,651,I-605 S/B TO I-10,I-10 E/B (SAN BERNARDINO FWY),500,N,N,A,-,Y,NA,NA,605,NA,NA,NA,R,NA,S,Y,4,0,1,2,A,-,03,22350,NA,N,C,C,A,A,H,-,A,D,0,NA,NA,NA,NA,Y,NA,A,07,0,0,1,0,0,0,0,0,0,-,-,34.06949996948242,-118.00070190429688,LOS ANGELES,BALDWIN PARK,-118.00070190429688,34.06949996948242
90647579,2018,2018-01-25,9580,2018-01-13,0700,021015,NA,6,1,7,1942,0,1,1,NA,2,406,I-405 N/B (SAN DIEGO FWY),DEVONSHIRE ST,350,S,N,A,-,Y,NA,NA,405,NA,NA,NA,NA,NA,N,Y,4,0,1,1,A,-,03,22350,NA,N,E,I,A,A,H,-,A,D,0,NA,NA,NA,NA,Y,NA,A,01,0,0,1,0,0,0,0,0,0,-,-,34.25617980957031,-118.47223663330078,LOS ANGELES,LOS ANGELES,-118.4721450805664,34.25617980957031
90647585,2018,2018-01-25,9565,2018-01-14,0238,021889,NA,7,3,7,1942,0,1,1,NA,2,064,I-405 S/B (SAN DIEGO FREEWAY),BEL AIR CREST RD,1000,S,N,A,-,Y,NA,NA,NA,NA,NA,NA,NA,NA,NA,Y,2,0,1,1,A,-,08,22107,NA,N,F,I,A,A,H,-,C,D,0,NA,NA,NA,NA,Y,NA,A,01,1,0,0,0,0,0,0,0,0,-,-,33.979740142822266,-118.39150238037108,LOS ANGELES,LOS ANGELES,-118.48016357421876,34.1081657409668
90647627,2018,2018-01-25,9530,2018-01-18,2220,021902,NA,4,3,5,1977,0,1,3,NA,2,310,SR-91 W/B TO I-110 N/B,FIGUEROA ST.,100,E,N,A,-,Y,NA,NA,91,NA,NA,NA,R,NA,W,N,3,0,2,2,A,-,07,21658,A,F,E,I,A,A,H,-,C,D,0,NA,NA,NA,NA,Y,NA,-,99,0,1,1,0,0,0,0,0,0,-,-,33.87342071533203,-118.28154754638672,LOS ANGELES,CARSON,-118.28154754638672,33.87342071533203
90647635,2018,2018-01-25,9565,2018-01-23,1422,015587,NA,2,2,7,1942,0,1,1,NA,2,064,I-405 N/B (SAN DIEGO FREEWAY),MORAGA DRIVE,800,S,N,A,-,Y,NA,NA,405,NA,NA,NA,NA,NA,N,Y,4,0,2,5,A,-,03,22350,NA,N,C,C,A,A,H,-,A,D,0,NA,NA,NA,NA,Y,NA,D,22,0,0,2,0,0,0,0,0,0,-,-,34.075199127197266,-118.46835327148438,LOS ANGELES,LOS ANGELES,-118.46833801269533,34.0752067565918
90647653,2018,2018-01-25,9525,2018-01-20,1230,019941,NA,6,1,4,1905,0,1,1,NA,2,213,I-210 W/B (FOOTHILL FWY),CITRUS AVENUE,180,W,N,A,-,Y,NA,NA,210,NA,NA,NA,NA,NA,W,Y,4,0,1,5,A,-,03,22350,NA,N,C,C,A,A,H,-,A,D,0,NA,NA,NA,NA,Y,NA,A,01,0,0,1,0,0,0,0,0,0,-,-,34.12099838256836,-117.89401245117188,LOS ANGELES,AZUSA,-117.89401245117188,34.12103271484375
90647655,2018,2018-01-25,9535,2018-01-14,1720,020767,NA,7,2,5,1901,0,1,1,NA,2,420,I-10 (SAN BERNARDINO FREEWAY) E/B,ATLANTIC BLVD.,300,E,N,A,-,Y,NA,NA,10,NA,NA,NA,NA,NA,E,Y,3,0,1,1,A,-,08,22107,NA,N,F,A,A,A,H,-,B,D,0,NA,NA,Y,NA,Y,NA,C,02,0,1,0,0,0,0,0,0,1,-,-,34.071380615234375,-118.1324462890625,LOS ANGELES,ALHAMBRA,-118.1324462890625,34.07133483886719
90647666,2018,2018-01-25,9525,2018-01-24,1730,019264,NA,3,2,4,1946,0,1,1,NA,2,212,I-210 E/B (FOOTHILL FWY),5TH AVE,50,E,N,A,-,Y,NA,NA,210,NA,NA,NA,NA,NA,E,Y,3,0,1,3,A,-,07,21658,A,N,B,C,A,A,H,-,D,D,0,NA,NA,Y,NA,Y,NA,A,01,0,1,0,0,0,0,0,0,1,-,-,34.1425895690918,-118.02034759521484,LOS ANGELES,MONROVIA,-118.02036285400392,34.14255905151367
90647670,2018,2018-01-25,9550,2018-01-25,0800,020131,NA,4,1,6,1949,0,1,1,NA,2,651,I-605 S/B,ROSECRANS AVENUE,800,S,N,A,B,Y,NA,NA,605,NA,NA,NA,NA,NA,S,Y,4,0,2,5,A,-,03,22350,NA,N,C,C,A,A,H,-,A,D,0,NA,NA,NA,NA,Y,NA,A,08,0,0,2,0,0,0,0,0,0,-,-,33.89963150024414,-118.10545349121094,LOS ANGELES,NORWALK,-118.105224609375,33.8996467590332
90647671,2018,2018-01-25,9580,2018-01-15,1756,019952,NA,1,2,3,1989,0,1,2,NA,2,107,US-101 S/B (VENTURA FREEWAY),PARKWAY CALABASAS,25,N,N,B,-,Y,NA,NA,101,NA,NA,NA,NA,NA,S,Y,4,0,1,2,A,-,03,22350,NA,N,C,C,A,A,H,-,D,D,0,NA,NA,NA,NA,Y,NA,A,01,0,0,1,0,0,0,0,0,0,-,-,34.1531982421875,-118.65219879150392,LOS ANGELES,CALABASAS,-118.65221405029295,34.153228759765625
90647678,2018,2018-01-25,9565,2018-01-17,1340,020113,NA,3,1,9,1900,0,3,5,NA,2,004,EL SEGUNDO BLVD,SHOUP AVE,100,W,N,A,-,N,NA,NA,NA,NA,NA,NA,NA,NA,NA,Y,4,0,3,3,A,-,03,22350,NA,N,C,C,A,A,H,-,A,D,0,NA,NA,NA,NA,Y,NA,A,01,0,0,3,0,0,0,0,0,0,-,-,33.9163818359375,-118.36464691162108,LOS ANGELES,UNINCORPORATED,-118.36454010009766,33.91640090942383
90647679,2018,2018-01-25,9550,2018-01-13,1605,021037,NA,6,2,5,1919,0,1,3,NA,2,092,SR-91 EASTBOUND,CARMENITA RD,1000,W,N,A,-,Y,NA,NA,91,NA,NA,NA,NA,NA,E,Y,4,0,2,3,A,-,03,22350,NA,N,C,C,A,A,H,-,A,D,0,NA,NA,NA,NA,Y,NA,A,01,0,0,2,0,0,0,0,0,0,-,-,33.865638732910156,-118.04923248291016,LOS ANGELES,CERRITOS,-118.04916381835938,33.8657341003418
90647681,2017,2018-06-04,9525,2017-12-04,1923,020216,NA,1,2,1,1934,0,1,1,NA,2,651,I-605 SOUTHBOUND (SAN GABRIEL RVR FWY),RAMONA BOULEVARD,675,N,N,A,-,Y,NA,NA,605,NA,NA,NA,NA,NA,S,N,1,1,0,3,A,-,05,21202,A,N,B,G,A,A,H,-,C,D,0,NA,Y,NA,NA,Y,NA,L,04,0,0,0,0,0,1,0,0,0,-,-,34.07956,-117.99809,LOS ANGELES,IRWINDALE,-117.99806167,34.07955785
90647682,2018,2018-01-25,9580,2018-01-15,2050,020983,NA,1,2,7,1942,0,1,3,NA,2,116,SR-118 E/B (RONALD REAGAN FWY.),DE SOTO AVE,300,W,N,A,-,Y,NA,NA,118,NA,NA,NA,NA,NA,E,Y,3,0,1,1,A,-,01,23152,A,N,E,I,A,A,H,-,C,D,0,NA,NA,NA,NA,Y,Y,A,01,0,1,0,0,0,0,0,0,0,-,-,34.2735710144043,-118.5930404663086,LOS ANGELES,LOS ANGELES,-118.59302520751952,34.273643493652344
90647684,2018,2018-01-25,9530,2018-01-19,0828,020427,NA,5,1,7,1941,0,1,1,NA,2,420,I-405 N/B (SAN DIEGO FREEWAY),ATLANTIC AVE.,15,N,N,B,-,Y,NA,NA,405,NA,NA,NA,NA,NA,N,N,4,0,1,2,A,-,07,21658,A,N,C,C,A,A,H,-,A,D,0,NA,NA,NA,NA,Y,NA,A,01,0,0,1,0,0,0,0,0,0,-,-,33.819950103759766,-118.19204711914064,LOS ANGELES,LONG BEACH,-118.19213104248048,33.81983947753906
90647697,2018,2018-01-25,9580,2018-01-15,1245,020983,NA,1,1,7,1942,0,1,3,NA,2,116,SR-118 E/B (RONALD REAGAN FWY.),PORTER RANCH RD,800,W,N,A,-,Y,NA,NA,118,NA,NA,NA,NA,NA,E,Y,3,0,2,2,A,-,03,22350,NA,N,C,C,A,A,H,-,A,D,0,NA,NA,NA,NA,Y,NA,A,07,0,2,0,0,0,0,0,0,0,-,-,34.273338317871094,-118.58101654052734,LOS ANGELES,LOS ANGELES,-118.58101654052734,34.27333450317383
90647699,2018,2018-01-25,9590,2018-01-22,0755,016689,NA,1,1,7,1942,0,1,2,NA,2,072,US-101 N/B,SUNSET BOULEVARD,250,N,N,B,-,Y,NA,NA,101,NA,NA,NA,NA,NA,N,N,4,0,1,2,A,-,11,21954,A,N,B,B,E,A,H,-,A,D,0,Y,NA,NA,NA,Y,NA,N,60,0,0,1,0,1,0,0,0,0,-,-,34.09878158569336,-118.31478881835938,LOS ANGELES,LOS ANGELES,-118.31479644775392,34.09877395629883
90647738,2018,2018-01-25,9530,2018-01-09,0645,014654,NA,2,1,7,1941,0,1,1,NA,2,072,I-710 N/B (LONG BEACH FREEWAY),I-405,20,N,N,B,C,Y,NA,NA,710,NA,NA,NA,NA,NA,N,Y,4,0,1,2,A,-,21,22106,NA,N,C,C,A,B,H,-,A,D,0,NA,NA,NA,Y,Y,NA,D,22,0,0,1,0,0,0,0,0,0,-,-,33.82686996459961,-118.20745086669922,LOS ANGELES,LONG BEACH,-118.20748901367188,33.82685852050781
90647745,2018,2018-01-25,9550,2018-01-25,0515,018187,NA,4,3,6,1949,0,1,1,NA,2,651,I-605 (SOUTHBOUND),CECILIA ST,500,S,N,B,-,Y,NA,NA,605,NA,NA,NA,NA,NA,NA,N,4,0,1,2,A,-,07,21658,A,N,B,C,A,A,H,-,C,D,0,NA,NA,NA,Y,Y,NA,F,26,0,0,1,0,0,0,0,0,0,-,-,33.93069076538086,-118.10225677490234,LOS ANGELES,NORWALK,-118.10223388671876,33.9306755065918
90647750,2018,2018-01-25,9525,2018-01-17,1745,018402,NA,3,2,9,1900,0,2,4,NA,2,022,LARK ELLEN AVE,CYPRESS ST.,0,NA,Y,A,-,N,NA,NA,NA,NA,NA,NA,NA,NA,NA,Y,3,0,2,3,A,-,09,21801,A,N,A,C,A,A,H,-,C,A,0,NA,NA,NA,NA,Y,NA,A,01,0,1,1,0,0,0,0,0,0,-,-,34.095909118652344,-117.9167022705078,LOS ANGELES,UNINCORPORATED,-117.91661071777344,34.09584045410156
90647752,2018,2018-01-25,9535,2018-01-23,1535,020818,NA,2,2,5,1901,0,1,1,NA,2,420,I-10 (SAN BERNARDINO FREEWAY) E/B,MARGUERITA AVE. POC,50,W,N,A,-,Y,NA,NA,10,NA,NA,NA,NA,NA,E,N,3,0,1,3,A,-,03,22350,NA,N,C,C,A,A,H,-,A,D,0,NA,NA,NA,NA,Y,NA,A,07,0,1,0,0,0,0,0,0,0,-,-,34.07133865356445,-118.138427734375,LOS ANGELES,ALHAMBRA,-118.138427734375,34.071258544921875
90647756,2018,2018-01-25,9590,2018-01-19,1100,021643,NA,5,1,7,1942,0,1,1,NA,2,060,I-10 E/B (SMF) FROM CRENSHAW BLVD,CRENSHAW BLVD (2800 BLOCK),100,E,N,A,-,Y,NA,NA,10,NA,NA,NA,R,NA,E,Y,3,0,1,1,A,-,03,22350,NA,N,F,J,A,A,H,-,A,D,0,NA,NA,NA,NA,Y,NA,I,11,0,1,0,0,0,0,0,0,0,-,-,34.0346794128418,-118.33348083496094,LOS ANGELES,LOS ANGELES,-118.33348083496094,34.0346794128418
90647777,2018,2018-01-25,9535,2018-01-18,0710,021773,NA,4,1,5,1943,0,1,1,NA,2,075,I-710 (LONG BEACH FREEWAY) S/B,I-105,400,N,N,A,-,Y,NA,NA,710,NA,NA,NA,NA,NA,S,Y,3,0,3,3,A,-,03,22350,NA,N,C,C,A,A,H,-,A,D,0,NA,NA,NA,NA,Y,NA,A,01,0,1,2,0,0,0,0,0,0,-,-,33.914329528808594,-118.17984008789064,LOS ANGELES,LYNWOOD,-118.17986297607422,33.91433334350586
90647783,2018,2018-01-25,9525,2018-01-23,0950,015445,NA,2,1,6,1955,0,1,3,NA,2,071,SR-71 N/B (CHINO VALLEY FWY),RIO RANCHO ROAD,3000,S,N,A,-,Y,NA,NA,71,NA,NA,NA,NA,NA,N,Y,4,0,2,2,A,-,03,22350,NA,N,C,C,A,A,H,-,A,D,0,NA,NA,NA,NA,Y,NA,A,01,0,0,2,0,0,0,0,0,0,-,-,34.02640914916992,-117.75231170654295,LOS ANGELES,POMONA,-117.75233459472656,34.02638626098633
90647794,2017,2018-05-07,9525,2017-06-17,0243,020823,NA,6,3,5,1990,0,1,3,NA,2,603,SR-60 W/B (POMONA FWY),DIAMOND BAR BLVD.,457,E,N,A,-,Y,NA,NA,60,NA,NA,NA,NA,NA,W,Y,1,1,0,3,A,-,03,22350,NA,N,C,C,E,A,H,-,C,D,0,Y,NA,NA,NA,Y,Y,A,01,0,0,0,1,0,0,0,0,0,-,-,34.02415,-117.81025,LOS ANGELES,DIAMOND BAR,-117.81028176,34.02421187
90647806,2017,2018-01-30,9535,2017-02-18,1929,021000,NA,6,2,9,1900,0,3,5,NA,2,002,CONCOURSE AVENUE (900 SOUTH BLOCK),NORTHSIDE DRIVE,169,N,N,A,-,N,NA,NA,NA,NA,NA,NA,NA,NA,NA,Y,1,1,0,2,A,-,03,22350,NA,F,C,G,A,A,H,-,C,D,0,NA,Y,NA,NA,Y,NA,A,07,0,0,0,0,0,1,0,0,0,-,-,34.01223,-118.12747,LOS ANGELES,UNINCORPORATED,-118.12725971,34.01285052
90647808,2018,2018-01-25,9525,2018-01-24,0655,016679,NA,3,1,6,1975,0,1,1,NA,2,105,I-10 W/B (SAN BERNARDINO FWY),GRAND AVE,528,W,N,A,-,Y,NA,NA,10,NA,NA,NA,NA,NA,W,N,3,0,1,3,A,-,03,22350,NA,N,C,C,A,A,D,E,A,D,0,NA,NA,NA,NA,Y,NA,D,22,0,1,0,0,0,0,0,0,0,-,-,34.0718994140625,-117.87300872802734,LOS ANGELES,WEST COVINA,-117.87300872802734,34.07189178466797
90647815,2018,2018-01-25,9525,2018-01-24,1115,016679,NA,3,1,6,1975,0,1,1,NA,2,105,I-10 W/B (SAN BERNARDINO FWY),AZUSA AVE,220,E,N,A,-,Y,NA,NA,10,NA,NA,NA,NA,NA,W,Y,3,0,2,3,A,-,03,22350,NA,N,C,C,A,A,D,E,A,D,0,NA,NA,NA,NA,Y,NA,D,22,0,2,0,0,0,0,0,0,0,-,-,34.072208404541016,-117.90679931640624,LOS ANGELES,WEST COVINA,-117.90679931640624,34.07221984863281
90647837,2018,2018-01-25,9550,2018-01-15,1555,020551,NA,1,2,5,1908,0,1,3,NA,2,091,SR-91 EASTBOUND,LAKEWOOD BLVD.,500,E,N,A,-,Y,NA,NA,91,NA,NA,NA,NA,NA,E,Y,4,0,2,2,A,-,03,22350,NA,N,C,C,A,A,H,-,A,D,0,NA,NA,NA,NA,Y,NA,A,07,0,0,2,0,0,0,0,0,0,-,-,33.87712097167969,-118.13697814941406,LOS ANGELES,BELLFLOWER,-118.13697814941406,33.87709426879883
9064785,2020,2020-06-23,1967,2020-03-06,2116,160,NA,5,5,2,1967,0,0,0,NA,0,SOUTH,DAWSON AV,STARLIGHT LN,0,NA,Y,A,-,N,NA,NA,NA,NA,NA,NA,NA,NA,NA,N,4,0,1,2,A,-,21,22106,NA,N,H,E,A,A,H,-,C,D,0,NA,NA,NA,NA,Y,NA,A,01,0,0,1,0,0,0,0,0,0,-,-,NA,NA,LOS ANGELES,SIGNAL HILL,-118.1649169921875,33.79988098144531
90647872,2018,2018-03-08,9590,2018-01-15,0145,021346,NA,1,3,7,1942,0,1,1,NA,2,050,I-110 N/B (HARBOR FREEWAY),SLAUSON AVENUE,550,N,N,B,-,Y,NA,NA,110,NA,NA,NA,NA,NA,N,Y,3,0,1,2,A,-,08,22107,NA,F,A,E,A,A,H,-,C,D,0,NA,NA,NA,NA,Y,NA,A,01,0,1,0,0,0,0,0,0,0,-,-,33.99079132080078,-118.2801513671875,LOS ANGELES,LOS ANGELES,-118.28040313720705,33.99079132080078
9064789,2020,2020-05-19,1920,2020-02-28,0709,11792,1920,5,5,6,1920,0,0,0,NA,0,004,FLORENCE AV,NEWVILLE AV,0,NA,Y,A,-,N,NA,NA,NA,NA,NA,NA,NA,NA,NA,N,4,0,1,2,A,-,12,21453,A,N,D,C,A,A,H,-,A,A,0,NA,NA,NA,NA,Y,NA,D,22,0,0,1,0,0,0,0,0,0,-,-,NA,NA,LOS ANGELES,DOWNEY,-118.10434722900392,33.940738677978516
90647895,2018,2018-01-25,9590,2018-01-17,2309,021831,NA,3,3,7,1942,0,1,2,NA,2,042,US-101 NB (SANTA ANA FREEWAY),1ST ST,500,N,N,A,-,Y,NA,NA,101,NA,NA,NA,NA,NA,N,Y,3,0,1,3,A,-,03,22350,NA,N,C,C,A,A,H,-,C,D,0,NA,NA,NA,NA,Y,NA,A,01,0,1,0,0,0,0,0,0,0,-,-,34.04914855957031,-118.2221221923828,LOS ANGELES,LOS ANGELES,-118.2221221923828,34.04914855957031
90647910,2017,2018-01-25,9590,2017-12-16,0359,019110,NA,6,3,7,1942,0,1,1,NA,2,010,SR-110 N/B (ARROYO SECO PARKWAY),YALE STREET PED. O/C,444,N,N,A,-,Y,NA,NA,110,NA,NA,NA,NA,NA,N,Y,1,1,0,1,A,-,08,22107,NA,N,E,I,A,A,H,-,C,D,0,NA,NA,NA,NA,Y,NA,A,01,0,0,0,0,0,0,0,0,0,-,-,34.06799,-118.2377,LOS ANGELES,LOS ANGELES,-118.23773036,34.06803975
9064797,2020,2020-05-19,1920,2020-02-29,1328,13118,1920,6,5,6,1920,0,0,0,NA,0,005,MYRTLE ST,4TH ST,0,NA,Y,A,-,N,NA,NA,NA,NA,NA,NA,NA,NA,NA,N,4,0,1,2,A,-,21,22106,NA,N,D,C,A,A,H,-,A,D,0,NA,NA,NA,Y,Y,NA,A,01,0,0,1,0,0,0,0,0,0,-,-,NA,NA,LOS ANGELES,DOWNEY,-118.13439178466795,33.94486999511719
9064809,2020,2020-05-20,1963,2020-01-25,1433,351,114,6,5,3,1963,0,0,0,NA,0,001,MONTEREY RD,SHENANDOAH RD,123,E,N,A,-,N,NA,NA,NA,NA,NA,NA,NA,NA,NA,N,4,0,1,2,A,-,17,21663,NA,N,D,G,A,A,H,-,A,D,0,NA,Y,NA,NA,Y,NA,L,04,0,0,1,0,0,0,1,0,0,-,-,NA,NA,LOS ANGELES,SAN MARINO,-118.12042236328124,34.11874771118164
9064841,2020,2020-05-20,1942,2020-01-04,1545,42681,1211,6,5,7,1942,0,0,0,L,0,12A51,SLAUSON,BRYNHURST,0,NA,N,A,-,N,NA,NA,NA,NA,NA,NA,NA,NA,NA,Y,4,0,1,2,A,-,09,21801,NA,F,D,C,A,A,H,-,A,D,0,NA,NA,NA,NA,Y,NA,-,99,0,0,1,0,0,0,0,0,0,-,-,NA,NA,LOS ANGELES,LOS ANGELES,-118.33331298828124,33.98899841308594
9064883,2020,2020-03-25,1905,2020-01-04,2318,1183,511,6,5,4,1905,0,0,0,NA,0,002,SAN GABRIEL AV,10TH ST,172,N,N,A,-,N,NA,NA,NA,NA,NA,NA,NA,NA,NA,N,3,0,1,3,A,-,08,22107,NA,N,C,E,A,A,H,-,C,A,0,NA,NA,NA,NA,Y,NA,D,22,0,1,0,0,0,0,0,0,0,-,-,34.13922119140625,-117.90846252441406,LOS ANGELES,AZUSA,-117.90875244140624,34.13949203491211
90648892,2018,2018-01-26,9525,2018-01-20,1830,020505,NA,6,2,5,1990,0,1,3,NA,2,574,SR-57 N/B (ORANGE FWY),PATHFINDER RD,3168,N,N,A,-,Y,NA,NA,57,NA,NA,NA,NA,NA,N,N,4,0,2,2,A,-,03,22350,NA,N,C,C,A,A,H,-,C,D,0,NA,NA,NA,NA,Y,NA,A,07,0,0,2,0,0,0,0,0,0,-,-,33.993370056152344,-117.84185028076172,LOS ANGELES,DIAMOND BAR,-117.84182739257813,33.99336242675781
90648893,2018,2018-01-26,9590,2018-01-25,0828,016230,NA,4,1,7,1942,0,1,1,NA,2,500,I-110 N/B HAF (EXPRESS LANES),FLORENCE AVE,200,N,N,B,-,Y,NA,NA,110,NA,NA,NA,NA,NA,N,Y,3,0,1,2,A,-,07,21658,A,N,C,C,A,A,H,-,A,D,0,NA,NA,Y,NA,Y,NA,A,01,0,1,0,0,0,0,0,0,1,-,-,33.97578048706055,-118.28074645996094,LOS ANGELES,LOS ANGELES,-118.28072357177734,33.97578048706055
90648897,2018,2018-01-26,9565,2018-01-12,0410,021868,NA,5,3,5,1928,0,1,1,NA,2,012,E/B I-105 TO 120TH ST.,120TH ST.,125,N,N,E,-,Y,NA,NA,105,NA,NA,NA,R,NA,NA,Y,3,0,1,1,A,-,03,22350,NA,N,F,I,A,B,H,-,C,D,0,NA,NA,NA,Y,Y,NA,F,26,0,1,0,0,0,0,0,0,0,-,-,33.92422103881836,-118.3303680419922,LOS ANGELES,HAWTHORNE,-118.3303680419922,33.92422103881836
90648902,2018,2018-01-26,9535,2018-01-20,0220,021381,NA,6,3,9,1900,0,1,1,NA,2,501,I-5 (SANTA ANA FREEWAY) S/B,INDIANA ST.,180,S,N,A,-,Y,NA,NA,5,NA,NA,NA,NA,NA,S,Y,4,0,3,3,A,-,01,23152,A,N,C,C,A,A,D,-,C,A,0,NA,NA,NA,NA,Y,Y,A,01,0,0,3,0,0,0,0,0,0,-,-,34.02003860473633,-118.19158935546876,LOS ANGELES,UNINCORPORATED,-118.19158935546876,34.020084381103516
90648909,2018,2018-01-26,9550,2018-01-25,1630,015045,NA,4,2,9,1900,0,1,3,NA,2,600,SR-60 E/B (POMONA FREEWAY),CROSSROADS PARKWAY,1056,W,N,B,-,Y,NA,NA,60,NA,NA,NA,NA,NA,E,N,4,0,1,2,A,-,03,22350,NA,N,C,C,A,A,H,-,A,D,0,NA,NA,NA,NA,Y,NA,A,07,0,0,1,0,0,0,0,0,0,-,-,34.02946853637695,-118.01814270019533,LOS ANGELES,UNINCORPORATED,-118.01806640625,34.0296516418457
90648910,2018,2018-01-26,9550,2018-01-13,0741,021274,NA,6,1,5,1908,0,1,3,NA,2,090,STATE ROUTE 91 W/B,CLARK AVENUE,120,W,N,A,-,Y,NA,NA,91,NA,NA,NA,NA,NA,W,Y,3,0,1,3,A,-,08,22107,NA,N,F,C,A,A,H,-,A,D,0,NA,NA,Y,NA,Y,NA,C,02,0,1,0,0,0,0,0,0,1,-,-,33.87702178955078,-118.13435363769533,LOS ANGELES,BELLFLOWER,-118.13433074951172,33.877262115478516
9064892,2020,2020-05-19,1976,2020-02-07,1337,746,NA,5,5,3,1964,0,0,0,NA,0,003,ALONDRA BL,FREEWAY DR,0,NA,Y,A,-,N,NA,NA,NA,NA,NA,NA,NA,NA,NA,Y,3,0,1,2,D,-,00,NA,NA,N,D,C,A,A,H,-,A,A,0,NA,NA,NA,NA,Y,NA,-,-,0,1,0,0,0,0,0,0,0,-,-,NA,NA,LOS ANGELES,SANTA FE SPRINGS,-118.03376007080078,33.8879508972168
90648922,2018,2018-01-26,9525,2018-01-18,1500,019491,NA,4,2,9,1900,0,2,4,NA,2,022,ARROW HIGHWAY (800 E. BLOCK),SUNFLOWER AVENUE,0,NA,Y,A,-,N,NA,NA,NA,NA,NA,NA,NA,NA,NA,N,3,0,2,2,A,-,09,21801,A,N,A,C,A,A,D,-,A,A,0,NA,NA,NA,NA,Y,NA,A,01,0,2,0,0,0,0,0,0,0,-,-,34.10676956176758,-117.84635925292967,LOS ANGELES,UNINCORPORATED,-117.84638214111328,34.10673141479492
90648936,2018,2018-01-26,9525,2018-01-19,0840,019966,NA,5,1,9,1900,0,3,5,NA,2,003,HURLEY ST. (17700 BLK.),TRIER AVE.,0,NA,Y,B,-,N,NA,NA,NA,NA,NA,NA,NA,NA,NA,N,4,0,2,2,A,-,21,22106,NA,N,D,C,A,A,H,-,A,D,0,NA,NA,NA,NA,Y,NA,A,01,0,0,2,0,0,0,0,0,0,-,-,34.00971984863281,-117.9150619506836,LOS ANGELES,UNINCORPORATED,-117.9151611328125,34.009708404541016
90648939,2018,2018-01-26,9525,2018-01-18,2330,019188,NA,4,3,6,1955,0,1,1,NA,2,107,I-10 W/B TO DUDLEY ST.,DUDLEY ST.,136,W,N,A,-,Y,NA,NA,10,NA,NA,NA,R,NA,W,Y,2,0,1,1,A,-,01,23152,A,N,E,I,A,A,H,-,C,D,0,NA,NA,NA,NA,Y,Y,A,07,1,0,0,0,0,0,0,0,0,-,-,34.07326126098633,-117.77874755859376,LOS ANGELES,POMONA,-117.77874755859376,34.07326126098633