CASE_ID,ACCIDENT_YEAR,PROC_DATE,JURIS,COLLISION_DATE,COLLISION_TIME,OFFICER_ID,REPORTING_DISTRICT,DAY_OF_WEEK,CHP_SHIFT,POPULATION,CNTY_CITY_LOC,SPECIAL_COND,BEAT_TYPE,CHP_BEAT_TYPE,CITY_DIVISION_LAPD,CHP_BEAT_CLASS,BEAT_NUMBER,PRIMARY_RD,SECONDARY_RD,DISTANCE,DIRECTION,INTERSECTION,WEATHER_1,WEATHER_2,STATE_HWY_IND,CALTRANS_COUNTY,CALTRANS_DISTRICT,STATE_ROUTE,ROUTE_SUFFIX,POSTMILE_PREFIX,POSTMILE,LOCATION_TYPE,RAMP_INTERSECTION,SIDE_OF_HWY,TOW_AWAY,COLLISION_SEVERITY,NUMBER_KILLED,NUMBER_INJURED,PARTY_COUNT,PRIMARY_COLL_FACTOR,PCF_CODE_OF_VIOL,PCF_VIOL_CATEGORY,PCF_VIOLATION,PCF_VIOL_SUBSECTION,HIT_AND_RUN,TYPE_OF_COLLISION,MVIW,PED_ACTION,ROAD_SURFACE,ROAD_COND_1,ROAD_COND_2,LIGHTING,CONTROL_DEVICE,CHP_ROAD_TYPE,PEDESTRIAN_ACCIDENT,BICYCLE_ACCIDENT,MOTORCYCLE_ACCIDENT,TRUCK_ACCIDENT,NOT_PRIVATE_PROPERTY,ALCOHOL_INVOLVED,STWD_VEHTYPE_AT_FAULT,CHP_VEHTYPE_AT_FAULT,COUNT_SEVERE_INJ,COUNT_VISIBLE_INJ,COUNT_COMPLAINT_PAIN,COUNT_PED_KILLED,COUNT_PED_INJURED,COUNT_BICYCLIST_KILLED,COUNT_BICYCLIST_INJURED,COUNT_MC_KILLED,COUNT_MC_INJURED,PRIMARY_RAMP,SECONDARY_RAMP,LATITUDE,LONGITUDE,COUNTY,CITY,POINT_X,POINT_Y
90656301,2018,2018-02-06,9535,2018-02-01,0200,020859,NA,4,3,3,1914,0,1,1,NA,2,073,I-710 (LONG BEACH FREEWAY) S/B,OLYMPIC BLVD,300,S,N,A,-,Y,NA,NA,NA,NA,NA,NA,NA,NA,NA,N,4,0,1,1,A,-,08,22107,NA,N,E,I,A,A,H,-,C,D,0,NA,NA,NA,NA,Y,NA,A,01,0,0,1,0,0,0,0,0,0,-,-,34.01580047607422,-118.17160034179688,LOS ANGELES,COMMERCE,-118.17352294921876,34.018089294433594
90656304,2018,2018-02-06,9550,2018-02-03,1015,021269,NA,6,1,9,1900,0,1,3,NA,2,600,STATE ROUTE 60 (POMONA FREEWAY),7TH AVENUE,350,W,N,A,-,Y,NA,NA,60,NA,NA,NA,NA,NA,NA,N,4,0,2,2,A,-,03,22350,NA,N,C,C,A,A,H,-,A,D,0,NA,NA,NA,NA,Y,NA,A,07,0,0,2,0,0,0,0,0,0,-,-,34.02048110961914,-117.98886871337892,LOS ANGELES,UNINCORPORATED,-117.98889923095705,34.02045440673828
90656308,2018,2018-02-06,9550,2018-02-04,1400,021934,NA,7,2,9,1900,0,1,1,NA,2,150,I-105 WB,COLUMBIA WAY,275,E,N,A,-,Y,NA,NA,NA,NA,NA,NA,NA,NA,NA,N,3,0,1,2,A,-,03,22350,NA,N,C,C,A,A,H,-,A,D,0,NA,NA,NA,NA,Y,NA,A,01,0,1,0,0,0,0,0,0,0,-,-,33.91331100463867,-118.1331024169922,LOS ANGELES,UNINCORPORATED,-118.13322448730467,33.913265228271484
90656313,2018,2018-02-06,9565,2018-01-29,1800,021632,NA,1,2,7,1942,0,1,1,NA,2,083,I-10 E/B (SANTA MONICA FREEWAY),ROBERTSONS BOULEVARD,600,W,N,A,-,Y,NA,NA,10,NA,NA,NA,NA,NA,E,N,3,0,2,2,A,-,03,22350,NA,N,B,C,A,A,H,-,C,D,0,NA,NA,Y,NA,Y,NA,C,02,0,2,0,0,0,0,0,0,2,-,-,34.029571533203125,-118.39347076416016,LOS ANGELES,LOS ANGELES,-118.39345550537108,34.0295295715332
9065632,2020,2020-10-29,1942,2020-05-20,1925,43201,2035,3,5,7,1942,0,0,0,NA,0,20A53,W 8TH ST,CATALINA ST,0,NA,Y,A,-,N,NA,NA,NA,NA,NA,NA,NA,NA,NA,Y,3,0,1,3,A,-,12,21453,A,N,G,B,B,A,H,-,A,A,0,Y,NA,NA,NA,Y,NA,A,01,0,1,0,0,1,0,0,0,0,-,-,NA,NA,LOS ANGELES,LOS ANGELES,-118.2953872680664,34.0577392578125
9065633,2020,2020-10-29,1942,2020-05-20,0120,40957,2039,3,5,7,1942,0,0,0,NA,0,20A13,7TH ST,HOOVER ST,180,W,N,A,-,N,NA,NA,NA,NA,NA,NA,NA,NA,NA,Y,4,0,1,4,A,-,03,22350,NA,N,D,E,A,A,H,-,C,D,0,NA,NA,NA,NA,Y,NA,A,01,0,0,1,0,0,0,0,0,0,-,-,NA,NA,LOS ANGELES,LOS ANGELES,-118.2847900390625,34.059810638427734
9065634,2020,2020-10-29,1942,2020-05-19,2225,43198,2029,2,5,7,1942,0,0,0,NA,0,20A33,6TH ST,VIRGIL ST,17,W,N,A,-,N,NA,NA,NA,NA,NA,NA,NA,NA,NA,N,3,0,1,2,A,-,03,22350,NA,N,B,G,A,A,H,-,C,B,0,NA,Y,NA,NA,Y,NA,A,01,0,1,0,0,0,0,1,0,0,-,-,NA,NA,LOS ANGELES,LOS ANGELES,-118.287109375,34.06372833251953
9065635,2020,2020-10-29,1942,2020-05-23,2230,42664,2015,6,5,7,1942,0,0,0,NA,0,20A25,N NEW HAMPSHIRE AV,COUNCIL ST,215,N,N,A,-,N,NA,NA,NA,NA,NA,NA,NA,NA,NA,N,3,0,1,2,A,-,08,22107,NA,N,B,E,A,A,H,-,C,D,0,NA,NA,NA,NA,Y,NA,M,94,0,1,0,0,0,0,0,0,0,-,-,NA,NA,LOS ANGELES,LOS ANGELES,-118.2929458618164,34.07509994506836
90656351,2018,2018-02-06,9590,2018-02-02,0720,021667,NA,5,1,7,1942,0,1,1,NA,2,013,SR-110 S/B (ARROYO SECO PARKWAY),YORK BOULEVARD,100,N,N,A,-,Y,NA,NA,110,NA,NA,NA,NA,NA,S,N,4,0,1,2,A,-,03,22350,NA,N,C,C,A,A,H,-,A,D,0,NA,NA,NA,NA,Y,NA,A,01,0,0,1,0,0,0,0,0,0,-,-,34.113250732421875,-118.1768798828125,LOS ANGELES,LOS ANGELES,-118.17686462402344,34.113224029541016
90656354,2018,2018-02-06,9565,2018-01-26,1621,021889,NA,5,2,5,1928,0,1,1,NA,2,012,I-105 E/B,YUKON AVE,1000,W,N,A,-,Y,NA,NA,105,NA,NA,NA,NA,NA,E,Y,4,0,1,2,A,-,03,22350,NA,N,C,C,A,A,H,-,A,D,0,NA,NA,NA,NA,Y,NA,A,01,0,0,1,0,0,0,0,0,0,-,-,33.92618179321289,-118.33872985839844,LOS ANGELES,HAWTHORNE,-118.33872985839844,33.926177978515625
90656357,2018,2018-02-06,9565,2018-01-25,0600,021889,NA,4,1,9,1900,0,1,1,NA,2,012,I-105 W/B,VERMONT AVE,150,W,N,A,-,Y,NA,NA,105,NA,NA,NA,NA,NA,W,Y,3,0,1,2,A,-,08,22107,NA,N,C,C,A,A,H,-,A,D,0,NA,NA,Y,NA,Y,NA,-,99,0,1,0,0,0,0,0,0,1,-,-,33.92885971069336,-118.29257202148438,LOS ANGELES,UNINCORPORATED,-118.29257202148438,33.92890930175781
90656358,2018,2018-02-06,9565,2018-02-01,0845,016326,NA,4,1,9,1900,0,3,5,NA,2,003,VICTORIA AVE.,48TH ST.,0,NA,Y,A,-,N,NA,NA,NA,NA,NA,NA,NA,NA,NA,Y,3,0,2,3,A,-,01,23152,A,N,D,C,A,A,H,-,A,A,0,NA,NA,NA,NA,Y,Y,A,01,0,1,1,0,0,0,0,0,0,-,-,34.0000114440918,-118.33204650878906,LOS ANGELES,UNINCORPORATED,-118.33203125,34.0000114440918
9065636,2020,2020-10-29,1942,2020-05-13,2310,40209,2071,3,5,7,1942,0,0,0,NA,0,20A71,WESTERN AV,VENICE BL,19,N,N,A,-,N,NA,NA,NA,NA,NA,NA,NA,NA,NA,N,3,0,1,2,A,-,11,21950,B,F,G,B,B,A,H,-,C,A,0,Y,NA,NA,NA,Y,Y,N,60,0,1,0,0,1,0,0,0,0,-,-,NA,NA,LOS ANGELES,LOS ANGELES,-118.30902862548828,34.04362106323242
90656363,2018,2018-02-26,9535,2018-01-27,0450,020416,NA,6,3,5,1901,0,1,1,NA,2,420,I-10 (SAN BERNARDINO FREEWAY) E/B,GARFIELD AVE.,325,W,N,A,-,Y,NA,NA,10,NA,NA,NA,NA,NA,E,Y,3,0,1,1,A,-,01,23152,NA,N,E,I,A,A,H,-,D,D,0,NA,NA,NA,NA,Y,Y,A,01,0,1,0,0,0,0,0,0,0,-,-,34.07157897949219,-118.1260986328125,LOS ANGELES,ALHAMBRA,-118.1260986328125,34.071414947509766
90656366,2018,2018-02-06,9535,2018-01-27,1220,021970,NA,6,1,5,1969,0,1,1,NA,2,074,I-710 (LONG BEACH FREEWAY) N/B,FILESTONE BLVD,2600,S,N,A,-,Y,NA,NA,710,NA,NA,NA,NA,NA,N,N,4,0,1,2,A,-,04,21703,NA,N,C,C,A,A,H,-,A,D,0,NA,NA,NA,NA,Y,NA,A,01,0,0,1,0,0,0,0,0,0,-,-,33.941429138183594,-118.17106628417967,LOS ANGELES,SOUTH GATE,-118.17110443115234,33.94143295288086
9065637,2020,2020-10-29,1942,2020-05-23,0705,34959,2019,6,5,7,1942,0,0,0,NA,0,20A39,N VIRGIL AV,W 1ST ST,311,S,N,A,-,N,NA,NA,NA,NA,NA,NA,NA,NA,NA,Y,3,0,2,4,A,-,05,21460,A,N,H,C,A,A,H,-,A,D,0,NA,NA,NA,NA,Y,NA,A,01,0,1,1,0,0,0,0,0,0,-,-,NA,NA,LOS ANGELES,LOS ANGELES,-118.28678131103516,34.07347106933594
90656372,2017,2018-02-06,9535,2017-07-22,1753,020767,NA,6,2,4,1962,0,1,1,NA,2,400,I-10 EB TO DEL MAR AVENUE H.O.T.,DEL MAR AVENUE,609,W,N,A,-,Y,NA,NA,10,NA,NA,NA,R,NA,E,Y,1,1,0,1,A,-,03,22350,NA,N,E,I,A,A,H,-,A,D,0,NA,NA,Y,NA,Y,NA,C,02,0,0,0,0,0,0,0,1,0,-,-,34.0722,-118.10145,LOS ANGELES,SAN GABRIEL,-118.10145,34.0722
90656377,2018,2018-02-06,9565,2018-01-30,0715,021855,NA,2,1,7,1942,0,1,1,NA,2,064,I-405 SB (SAN DIEGO FREEWAY),BEL AIR CREST RD,670,S,N,A,-,Y,NA,NA,405,NA,NA,NA,NA,NA,S,Y,3,0,1,2,A,-,07,21658,A,N,D,C,A,A,H,-,A,D,0,NA,NA,Y,NA,Y,NA,A,01,0,1,0,0,0,0,0,0,1,-,-,34.1068115234375,-118.47868347167967,LOS ANGELES,LOS ANGELES,-118.47899627685548,34.10657501220703
9065638,2020,2020-10-29,1942,2020-05-20,1348,36276,1456,3,5,7,1942,0,0,0,N,0,1423,CULVER BL,INGLEWOOD AV,0,NA,Y,A,-,N,NA,NA,NA,NA,NA,NA,NA,NA,NA,N,4,0,1,2,A,-,08,22107,NA,N,D,C,A,A,H,-,A,A,0,NA,NA,NA,NA,Y,NA,A,01,0,0,1,0,0,0,0,0,0,-,-,NA,NA,LOS ANGELES,LOS ANGELES,-118.41808319091795,33.99502944946289
9065639,2020,2020-10-29,1942,2020-05-25,2210,37336,2031,1,5,7,1942,0,0,0,NA,0,20A53,WESTERN AV,7TH ST,152,S,N,A,-,N,NA,NA,NA,NA,NA,NA,NA,NA,NA,Y,3,0,1,2,A,-,01,23152,A,N,C,E,A,A,H,-,C,A,0,NA,NA,NA,NA,Y,Y,A,07,0,1,0,0,0,0,0,0,0,-,-,NA,NA,LOS ANGELES,LOS ANGELES,-118.30908966064452,34.05925369262695
90656393,2018,2018-02-07,9590,2018-02-04,1755,021535,NA,7,2,7,1942,0,1,1,NA,2,085,I-5 S/B (GOLDEN STATE FREEWAY),GLENDALE BLVD,1000,S,N,A,-,Y,NA,NA,5,NA,NA,NA,NA,NA,S,Y,4,0,4,2,A,-,03,22350,NA,N,C,C,A,A,H,-,C,D,0,NA,NA,NA,NA,Y,NA,A,01,0,0,4,0,0,0,0,0,0,-,-,34.1096305847168,-118.26197814941406,LOS ANGELES,LOS ANGELES,-118.26194763183594,34.109683990478516
90656399,2018,2018-03-05,9575,2018-01-27,0715,020119,NA,6,1,6,1953,0,1,1,NA,2,064,I-210 E/B (FOOTHILL FREEWAY),ALTADENA DR.,500,W,N,A,-,Y,NA,NA,210,NA,NA,NA,NA,NA,E,Y,2,0,2,2,A,-,03,22350,NA,N,C,C,A,A,H,-,A,D,0,NA,NA,NA,NA,Y,NA,A,01,1,0,1,0,0,0,0,0,0,-,-,34.15237045288086,-118.10279846191406,LOS ANGELES,PASADENA,-118.10279846191406,34.15235900878906
9065640,2020,2020-10-29,1942,2020-05-24,2145,42065,2038,7,5,7,1942,0,0,0,NA,0,20A39,7TH ST,WESTMORELAND AV,75,W,N,A,-,N,NA,NA,NA,NA,NA,NA,NA,NA,NA,Y,3,0,3,2,A,-,01,23152,A,F,C,C,A,A,H,-,C,D,0,NA,NA,NA,NA,Y,Y,A,01,0,1,2,0,0,0,0,0,0,-,-,NA,NA,LOS ANGELES,LOS ANGELES,-118.2893295288086,34.059757232666016
90656402,2018,2018-02-07,9575,2018-01-29,2035,021254,NA,1,2,7,1942,0,1,1,NA,2,050,I-5 FROM COLORADO ST EXTENSION,LOS ANGELES RIVER,10,E,N,A,-,Y,NA,NA,5,NA,NA,NA,R,NA,NA,Y,4,0,1,2,A,-,03,22350,NA,N,C,C,A,A,H,-,C,D,0,NA,NA,NA,NA,Y,NA,A,07,0,0,1,0,0,0,0,0,0,-,-,34.14105987548828,-118.27623748779295,LOS ANGELES,LOS ANGELES,-118.27623748779295,34.14105987548828
9065641,2020,2020-10-29,1942,2020-05-23,2230,38111,2088,6,5,7,1942,0,0,0,NA,0,20A33,VERMONT AV,WASHINGTON BL,25,S,N,A,-,N,NA,NA,NA,NA,NA,NA,NA,NA,NA,Y,4,0,2,2,A,-,01,23152,A,N,C,C,A,A,H,-,C,A,0,NA,NA,NA,NA,Y,Y,A,01,0,0,2,0,0,0,0,0,0,-,-,NA,NA,LOS ANGELES,LOS ANGELES,-118.29156494140624,34.039939880371094
90656414,2018,2018-02-07,9525,2018-01-30,1930,019970,NA,2,2,6,1955,0,1,1,NA,2,120,I-10 E/B (SAN BERNARDINO FWY),TOWNE AVE.,500,W,N,B,-,Y,NA,NA,10,NA,NA,NA,NA,NA,E,Y,4,0,2,2,A,-,03,22350,NA,F,C,C,A,A,H,-,C,D,0,NA,NA,NA,NA,Y,NA,-,99,0,0,2,0,0,0,0,0,0,-,-,34.07844161987305,-117.74111175537108,LOS ANGELES,POMONA,-117.74108123779295,34.078369140625
90656416,2018,2018-02-07,9525,2018-02-01,0345,019970,NA,4,3,9,1900,0,3,5,NA,2,002,IRWINDALE AVE. (4000 BLOCK),SAN BERNARDINO RD.,200,N,N,B,-,Y,NA,NA,NA,NA,NA,NA,NA,NA,NA,Y,4,0,1,2,A,-,09,21804,A,F,D,C,A,A,H,-,C,D,0,NA,NA,NA,NA,Y,NA,A,01,0,0,1,0,0,0,0,0,0,-,-,34.09046173095703,-117.93414306640624,LOS ANGELES,UNINCORPORATED,-117.93415832519533,34.09031677246094
90656417,2018,2018-02-07,9575,2018-01-29,1637,021732,NA,1,2,7,1942,0,1,3,NA,2,043,SR-134 E/B (VENTURA FREEWAY),FOREST LAWN DRIVE,1056,E,N,A,-,Y,NA,NA,134,NA,NA,NA,NA,NA,E,N,4,0,2,2,A,-,03,22350,NA,N,C,C,A,A,H,-,A,D,0,NA,NA,NA,NA,Y,NA,A,01,0,0,2,0,0,0,0,0,0,-,-,34.155799865722656,-118.30728912353516,LOS ANGELES,LOS ANGELES,-118.30727386474608,34.15571975708008
90656418,2018,2018-02-07,9545,2018-01-05,1735,021730,NA,5,2,9,1900,0,3,5,NA,2,004,PALMDALE BLVD,110TH ST  E,1584,E,N,B,-,N,NA,NA,NA,NA,NA,NA,NA,NA,NA,Y,1,1,0,2,A,-,11,21954,A,N,G,B,D,A,H,-,D,D,0,Y,NA,NA,NA,Y,NA,N,60,0,0,0,1,0,0,0,0,0,-,-,34.579898834228516,-117.9281005859375,LOS ANGELES,UNINCORPORATED,-117.92877960205078,34.5799446105957
9065642,2020,2020-12-01,1942,2020-05-25,0630,34959,2076,1,5,7,1942,0,0,0,NA,0,20A97,VERMONT AV,WASHINGTON BL,0,NA,Y,A,-,N,NA,NA,NA,NA,NA,NA,NA,NA,NA,Y,4,0,1,2,A,-,12,21453,A,N,D,C,A,A,H,-,A,A,0,NA,NA,NA,NA,Y,NA,A,01,0,0,1,0,0,0,0,0,0,-,-,NA,NA,LOS ANGELES,LOS ANGELES,-118.29157257080078,34.040008544921875
9065643,2020,2020-10-29,1942,2020-05-15,1030,38502,0457,5,5,7,1942,0,0,0,D,0,4A71,CESAR E CHAVEZ AV,SOTO ST,150,E,N,A,-,N,NA,NA,NA,NA,NA,NA,NA,NA,NA,N,4,0,1,2,A,-,09,21804,A,N,D,G,A,A,H,-,A,D,0,NA,Y,NA,NA,Y,NA,L,04,0,0,1,0,0,0,1,0,0,-,-,NA,NA,LOS ANGELES,LOS ANGELES,-118.20737457275392,34.0466194152832
90656433,2018,2018-02-07,9590,2018-01-28,0205,021883,NA,7,3,7,1942,0,1,2,NA,2,072,US-101 N/B (HOLLYWOOD FREEWAY),SUNSET BLVD.,60,N,N,A,-,Y,NA,NA,101,NA,NA,NA,NA,NA,N,Y,4,0,1,1,A,-,01,23152,A,N,E,I,A,A,H,-,C,D,0,NA,NA,NA,NA,Y,Y,A,01,0,0,1,0,0,0,0,0,0,-,-,34.09830856323242,-118.31446075439452,LOS ANGELES,LOS ANGELES,-118.31451416015624,34.09828186035156
9065644,2020,2020-10-29,1942,2020-05-31,0102,40325,1341,7,5,7,1942,0,0,0,M,0,13A41,BROADWAY,35TH ST,72,S,N,A,-,N,NA,NA,NA,NA,NA,NA,NA,NA,NA,Y,4,0,1,1,A,-,08,22107,NA,F,E,I,A,A,H,-,C,A,0,NA,NA,NA,NA,Y,NA,A,01,0,0,1,0,0,0,0,0,0,-,-,NA,NA,LOS ANGELES,LOS ANGELES,-118.27472686767578,34.01768493652344
90656441,2018,2018-02-07,9565,2018-01-15,0035,021576,NA,1,3,9,1900,0,1,1,NA,2,063,I-405 N/B (SAN DIEGO FWY.),OHIO AVE.,159,N,N,A,-,Y,NA,NA,405,NA,NA,NA,NA,NA,N,Y,2,0,5,4,A,-,01,23153,A,N,B,C,A,A,H,-,D,D,0,NA,NA,NA,NA,Y,Y,A,07,3,2,0,0,0,0,0,0,0,-,-,34.04985046386719,-118.4486083984375,LOS ANGELES,UNINCORPORATED,-118.44861602783205,34.04984664916992
90656449,2018,2018-02-07,9525,2018-01-31,1907,019264,NA,3,2,9,1900,0,3,5,NA,2,001,LIVE OAK AVE. (4300 E.),MAYFLOWER AVE,220,W,N,A,-,N,NA,NA,NA,NA,NA,NA,NA,NA,NA,Y,4,0,1,2,A,-,09,21804,A,N,D,C,A,A,H,-,C,D,0,NA,NA,NA,NA,Y,NA,A,01,0,0,1,0,0,0,0,0,0,-,-,34.11037063598633,-118.00993347167967,LOS ANGELES,UNINCORPORATED,-118.00979614257813,34.11036682128906
9065645,2020,2020-10-29,1942,2020-05-30,1415,42972,195,6,5,7,1942,0,0,0,NA,0,1A41,16TH ST,LOS ANGELES ST,0,NA,Y,A,-,N,NA,NA,NA,NA,NA,NA,NA,NA,NA,Y,3,0,1,2,A,-,09,21801,A,N,A,C,A,A,H,-,A,A,0,NA,NA,NA,NA,Y,NA,A,01,0,1,0,0,0,0,0,0,0,-,-,NA,NA,LOS ANGELES,LOS ANGELES,-118.26155090332033,34.03303909301758
90656457,2018,2018-02-07,9590,2018-01-29,1920,021835,NA,1,2,7,1942,0,1,2,NA,2,071,US-101 S/B (SAF) FROM LOS ANGELES ST,ALAMEDA STREET,200,N,N,A,-,Y,NA,NA,101,NA,NA,NA,R,NA,S,N,4,0,2,2,A,-,03,22350,NA,N,C,C,A,A,H,-,C,A,0,NA,NA,NA,NA,Y,NA,A,01,0,0,2,0,0,0,0,0,0,-,-,34.05421829223633,-118.23841857910156,LOS ANGELES,LOS ANGELES,-118.23841857910156,34.05421829223633
90656461,2018,2018-02-07,9565,2018-02-06,0550,017713,NA,2,3,6,1933,0,1,1,NA,2,060,I-405 N/B FROM MANCHESTER BLVD E/B,MANCHESTER BLVD.,8,N,N,A,-,Y,NA,NA,405,NA,NA,NA,R,NA,N,Y,4,0,1,2,A,-,03,22350,NA,N,C,C,A,A,H,-,A,D,0,NA,NA,NA,NA,Y,NA,A,01,0,0,1,0,0,0,0,0,0,-,-,33.96175003051758,-118.369140625,LOS ANGELES,INGLEWOOD,-118.369140625,33.96175003051758
9065647,2020,2020-10-29,1942,2020-05-17,0240,41449,0471,7,5,7,1942,0,0,0,D,0,4U1,ANDERSON ST,7TH ST,20,S,N,A,-,N,NA,NA,NA,NA,NA,NA,NA,NA,NA,Y,4,0,2,1,A,-,03,22350,NA,N,A,I,A,A,H,-,C,A,0,NA,NA,NA,NA,Y,Y,A,01,0,0,2,0,0,0,0,0,0,-,-,NA,NA,LOS ANGELES,LOS ANGELES,-118.22324371337892,34.03451919555664
9065648,2020,2020-11-03,1942,2020-05-19,1816,43303,0415,2,5,7,1942,0,0,0,D,0,4A6,HUNTINGTON,PEZ,0,NA,Y,A,-,N,NA,NA,NA,NA,NA,NA,NA,NA,NA,N,2,0,2,2,A,-,09,21801,A,N,-,C,A,-,H,-,A,A,0,NA,NA,NA,NA,Y,NA,A,01,1,0,1,0,0,0,0,0,0,-,-,NA,NA,LOS ANGELES,LOS ANGELES,NA,NA
9065649,2020,2020-10-29,1942,2020-05-20,0940,38828,0499,3,5,7,1942,0,0,0,D,0,4A71,OLYMPIC BL,LOS PALOS ST,40,W,N,A,-,N,NA,NA,NA,NA,NA,NA,NA,NA,NA,N,4,0,1,2,A,-,08,22102,NA,N,D,C,A,A,H,-,A,A,0,NA,NA,NA,NA,Y,NA,A,07,0,0,1,0,0,0,0,0,0,-,-,NA,NA,LOS ANGELES,LOS ANGELES,-118.1956024169922,34.01884078979492
90656494,2018,2018-02-07,9550,2018-02-02,1300,021862,NA,5,1,9,1900,0,1,1,NA,2,650,INTERSTATE 605 S/B,WASHINGTON BOULEVARD,1000,N,N,A,-,Y,NA,NA,605,NA,NA,NA,NA,NA,S,Y,4,0,2,2,A,-,03,22350,NA,N,C,C,A,A,H,-,A,D,0,NA,NA,NA,NA,Y,NA,A,01,0,0,2,0,0,0,0,0,0,-,-,33.98080062866211,-118.07569885253906,LOS ANGELES,UNINCORPORATED,-118.0758056640625,33.98090362548828
90656495,2018,2018-02-07,9545,2018-01-31,0050,019414,NA,3,3,6,1992,0,3,5,NA,2,003,ANGELES FOREST HWY,VINCENT VIEW RD,2112,N,N,A,-,Y,NA,NA,NA,NA,NA,NA,NA,NA,NA,Y,4,0,1,1,A,-,08,22107,NA,N,E,I,A,A,H,-,D,D,0,NA,NA,NA,NA,Y,NA,A,01,0,0,1,0,0,0,0,0,0,-,-,34.49977111816406,-118.11406707763672,LOS ANGELES,LANCASTER,-118.11384582519533,34.500850677490234
9065650,2020,2020-10-29,1942,2020-05-25,2310,34350,0407,1,5,7,1942,0,0,0,D,0,4A3,HUNTINGTON DR,TOPAZ ST,7,N,N,A,-,N,NA,NA,NA,NA,NA,NA,NA,NA,NA,N,3,0,1,2,A,-,03,22350,NA,N,B,C,A,A,H,-,C,A,0,NA,NA,NA,NA,Y,NA,A,07,0,1,0,0,0,0,0,0,0,-,-,NA,NA,LOS ANGELES,LOS ANGELES,-118.1905517578125,34.08323287963867
90656501,2018,2018-02-07,9525,2018-01-31,1445,015980,NA,3,2,5,1990,0,1,3,NA,2,602,SR-60 E/B (POMONA FWY),GRAND AVE,500,W,N,A,-,Y,NA,NA,60,NA,NA,NA,NA,NA,E,Y,4,0,1,3,A,-,07,21658,A,N,C,C,A,A,H,-,A,D,0,NA,NA,NA,Y,Y,NA,A,01,0,0,1,0,0,0,0,0,0,-,-,34.00804138183594,-117.82521057128906,LOS ANGELES,DIAMOND BAR,-117.82527160644533,34.00810241699219
90656502,2018,2018-02-07,9530,2018-01-30,0919,022022,NA,2,1,9,1900,0,3,5,NA,2,006,223RD ST. (900 BLOCK),VERMONT AVE.,520,W,N,A,-,N,NA,NA,NA,NA,NA,NA,NA,NA,NA,Y,4,0,1,2,A,-,09,21804,A,N,A,C,A,A,H,-,A,A,0,NA,NA,NA,NA,Y,NA,A,01,0,0,1,0,0,0,0,0,0,-,-,33.824378967285156,-118.29216766357422,LOS ANGELES,UNINCORPORATED,-118.29206085205078,33.82444763183594
9065651,2020,2020-10-29,1942,2020-05-22,0830,38502,0497,5,5,7,1942,0,0,0,D,0,4A97,LORENA ST,PICO BL,0,NA,Y,A,-,N,NA,NA,NA,NA,NA,NA,NA,NA,NA,N,3,0,1,1,A,-,03,22350,NA,N,H,I,A,A,H,-,A,D,0,NA,NA,Y,NA,Y,NA,C,02,0,1,0,0,0,0,0,0,1,-,-,NA,NA,LOS ANGELES,LOS ANGELES,-118.2074737548828,34.01799011230469
90656518,2018,2018-02-07,9545,2018-02-01,1750,018550,NA,4,2,9,1900,0,3,5,NA,2,003,SOLEDAD CANYON RD,SIERRA HWY,0,NA,Y,A,-,N,NA,NA,NA,NA,NA,NA,NA,NA,NA,Y,4,0,2,2,A,-,09,21802,A,N,D,C,A,A,H,-,B,A,0,NA,NA,NA,NA,Y,NA,A,01,0,0,2,0,0,0,0,0,0,-,-,34.4881706237793,-118.13662719726564,LOS ANGELES,UNINCORPORATED,-118.45601654052734,34.4163818359375
9065652,2020,2020-10-29,1942,2020-05-25,1940,42520,0217,1,5,7,1942,0,0,0,B,0,2A17,TEMPLE ST,UNION AV,0,NA,Y,A,-,N,NA,NA,NA,NA,NA,NA,NA,NA,NA,N,4,0,1,2,A,-,09,21801,NA,N,A,C,A,A,H,-,A,A,0,NA,NA,NA,NA,Y,NA,A,01,0,0,1,0,0,0,0,0,0,-,-,NA,NA,LOS ANGELES,LOS ANGELES,-118.26319885253906,34.06869125366211
90656526,2018,2018-02-07,9550,2018-01-29,0510,021952,NA,1,3,3,1964,0,1,1,NA,2,650,INTERSTATE 605 S/B,TELEGRAPH ROAD,2700,N,N,A,-,Y,NA,NA,605,NA,NA,NA,NA,NA,S,Y,4,0,1,4,A,-,03,22350,NA,N,C,C,A,A,H,-,C,D,0,NA,NA,NA,NA,Y,NA,A,08,0,0,1,0,0,0,0,0,0,-,-,33.95684051513672,-118.08783721923828,LOS ANGELES,SANTA FE SPRINGS,-118.08789825439452,33.95687484741211
90656528,2018,2018-02-07,9540,2018-01-27,1206,021845,NA,6,1,9,1900,0,3,5,NA,2,001,STEVENSON RANCH PKY,CHASE AVE,21,N,N,A,-,N,NA,NA,NA,NA,NA,NA,NA,NA,NA,Y,3,0,1,1,A,-,03,22350,NA,N,E,I,A,A,H,-,A,A,0,NA,NA,Y,NA,Y,NA,C,02,0,1,0,0,0,0,0,0,1,-,-,34.3821907043457,-118.5838623046875,LOS ANGELES,UNINCORPORATED,-118.58402252197266,34.38203430175781
9065653,2020,2021-02-02,1942,2020-05-23,0130,43714,024S,6,5,7,1942,0,0,0,B,0,2XL14,ALVARADO ST,7TH ST,90,N,N,A,-,N,NA,NA,NA,NA,NA,NA,NA,NA,NA,Y,4,0,1,1,A,-,01,23152,A,N,H,I,A,A,H,-,C,A,0,NA,NA,NA,NA,Y,Y,A,01,0,0,1,0,0,0,0,0,0,-,-,NA,NA,LOS ANGELES,LOS ANGELES,-118.27666473388672,34.05669403076172