CASE_ID,ACCIDENT_YEAR,PROC_DATE,JURIS,COLLISION_DATE,COLLISION_TIME,OFFICER_ID,REPORTING_DISTRICT,DAY_OF_WEEK,CHP_SHIFT,POPULATION,CNTY_CITY_LOC,SPECIAL_COND,BEAT_TYPE,CHP_BEAT_TYPE,CITY_DIVISION_LAPD,CHP_BEAT_CLASS,BEAT_NUMBER,PRIMARY_RD,SECONDARY_RD,DISTANCE,DIRECTION,INTERSECTION,WEATHER_1,WEATHER_2,STATE_HWY_IND,CALTRANS_COUNTY,CALTRANS_DISTRICT,STATE_ROUTE,ROUTE_SUFFIX,POSTMILE_PREFIX,POSTMILE,LOCATION_TYPE,RAMP_INTERSECTION,SIDE_OF_HWY,TOW_AWAY,COLLISION_SEVERITY,NUMBER_KILLED,NUMBER_INJURED,PARTY_COUNT,PRIMARY_COLL_FACTOR,PCF_CODE_OF_VIOL,PCF_VIOL_CATEGORY,PCF_VIOLATION,PCF_VIOL_SUBSECTION,HIT_AND_RUN,TYPE_OF_COLLISION,MVIW,PED_ACTION,ROAD_SURFACE,ROAD_COND_1,ROAD_COND_2,LIGHTING,CONTROL_DEVICE,CHP_ROAD_TYPE,PEDESTRIAN_ACCIDENT,BICYCLE_ACCIDENT,MOTORCYCLE_ACCIDENT,TRUCK_ACCIDENT,NOT_PRIVATE_PROPERTY,ALCOHOL_INVOLVED,STWD_VEHTYPE_AT_FAULT,CHP_VEHTYPE_AT_FAULT,COUNT_SEVERE_INJ,COUNT_VISIBLE_INJ,COUNT_COMPLAINT_PAIN,COUNT_PED_KILLED,COUNT_PED_INJURED,COUNT_BICYCLIST_KILLED,COUNT_BICYCLIST_INJURED,COUNT_MC_KILLED,COUNT_MC_INJURED,PRIMARY_RAMP,SECONDARY_RAMP,LATITUDE,LONGITUDE,COUNTY,CITY,POINT_X,POINT_Y
90656948,2018,2018-02-07,9565,2018-01-28,1120,021786,NA,7,1,9,1900,0,2,4,NA,2,022,NORMANDIE AVENUE,105TH ST,40,S,N,A,-,N,NA,NA,NA,NA,NA,NA,NA,NA,NA,N,3,0,1,2,C,-,18,NA,NA,N,G,B,D,A,H,-,A,D,0,Y,NA,NA,NA,Y,NA,-,-,0,1,0,0,1,0,0,0,0,-,-,33.94078826904297,-118.30033111572266,LOS ANGELES,UNINCORPORATED,-118.30028533935548,33.94108963012695
90656979,2018,2018-02-07,9575,2018-01-26,0949,017589,NA,5,1,7,1942,0,1,1,NA,2,052,I-5 S/B (GOLDEN STATE FREEWAY),OLINDA STREET PED O/C,50,N,N,A,-,Y,NA,NA,5,NA,NA,NA,NA,NA,S,N,3,0,1,3,A,-,07,21658,A,F,C,C,A,A,E,-,A,D,0,NA,NA,Y,Y,Y,NA,C,02,0,1,0,0,0,0,0,0,1,-,-,34.2234001159668,-118.3718032836914,LOS ANGELES,LOS ANGELES,-118.3718490600586,34.223331451416016
90656982,2018,2018-02-07,9565,2018-01-30,1810,021915,NA,2,2,4,1918,0,1,1,NA,2,061,I-405 S/B (SAN DIEGO FWY),VENICE BOULEVARD,170,S,N,A,-,Y,NA,NA,405,NA,NA,NA,NA,NA,S,Y,3,0,1,2,A,-,08,22107,NA,N,B,C,A,A,H,-,D,D,0,NA,NA,Y,NA,Y,NA,A,01,0,1,0,0,0,0,0,0,1,-,-,34.011741638183594,-118.41819763183594,LOS ANGELES,CULVER CITY,-118.41820526123048,34.01173782348633
90656997,2018,2018-02-07,9535,2018-01-28,0304,020825,NA,7,3,5,1959,0,1,1,NA,2,400,I-10 E/B (SAN BERNARDINO FWY),BALDWIN AVENUE,1100,W,N,A,-,Y,NA,NA,10,NA,NA,NA,NA,NA,E,Y,3,0,2,1,A,-,01,23152,A,N,E,I,A,A,H,-,C,D,0,NA,NA,NA,NA,Y,Y,A,01,0,1,1,0,0,0,0,0,0,-,-,34.07229995727539,-118.0575714111328,LOS ANGELES,ROSEMEAD,-118.0575714111328,34.072265625
90657009,2018,2018-02-07,9545,2018-02-01,0700,012653,NA,4,1,9,1900,0,3,5,NA,2,003,ANGELES FOREST HWY,UPPER BIG TUJUNGA CANYON RD,3696,N,N,A,-,N,NA,NA,NA,NA,NA,NA,NA,NA,NA,Y,4,0,1,1,A,-,08,22107,NA,N,E,I,A,A,H,-,A,D,0,NA,NA,Y,NA,Y,NA,C,02,0,0,1,0,0,0,0,0,1,-,-,34.33599853515625,-118.10945129394533,LOS ANGELES,UNINCORPORATED,-118.11123657226564,34.33525848388672
90657013,2018,2018-02-07,9535,2018-01-30,1140,020347,NA,2,1,9,1900,0,2,4,NA,2,018,POMONA BLVD.,ATLANTIC BLVD,0,NA,Y,A,-,N,NA,NA,NA,NA,NA,NA,NA,NA,NA,Y,4,0,1,2,A,-,12,21453,A,N,D,C,A,A,H,-,A,A,0,NA,NA,NA,NA,Y,NA,A,07,0,0,1,0,0,0,0,0,0,-,-,34.03335952758789,-118.15271759033205,LOS ANGELES,UNINCORPORATED,-118.15274810791016,34.03337097167969
90657032,2018,2018-02-07,9550,2018-01-26,1742,021150,NA,5,2,6,1949,0,1,1,NA,2,651,I-605 S/B,ROSECRANS AVEN,360,S,N,A,-,Y,NA,NA,605,NA,NA,NA,NA,NA,S,Y,3,0,1,2,A,-,03,22350,NA,N,C,C,A,A,H,-,B,D,0,NA,NA,NA,NA,Y,NA,A,01,0,1,0,0,0,0,0,0,0,-,-,33.898860931396484,-118.10518646240234,LOS ANGELES,NORWALK,-118.10517120361328,33.898860931396484
90657045,2018,2018-02-07,9580,2018-02-06,1625,018185,NA,2,2,9,1900,0,1,2,NA,2,107,US-101 S/B (VENTURA FREEWAY),LAS VIRGENES RD,1584,N,N,A,-,Y,NA,NA,101,NA,NA,NA,NA,NA,S,N,4,0,3,2,A,-,03,22350,NA,N,C,C,A,A,H,-,A,D,0,NA,NA,NA,NA,Y,NA,A,01,0,0,3,0,0,0,0,0,0,-,-,34.14398956298828,-118.7031478881836,LOS ANGELES,UNINCORPORATED,-118.7031707763672,34.1440315246582
90657049,2018,2018-02-07,9580,2018-01-29,1005,021999,NA,1,1,7,1942,0,1,3,NA,2,115,SR-118 W/B (RONALD REAGAN FWY.),SEPULVEDA BLVD,1000,E,N,A,-,Y,NA,NA,118,NA,NA,NA,NA,NA,W,N,4,0,2,2,A,-,07,21658,A,N,B,C,A,A,H,-,A,D,0,NA,NA,NA,NA,Y,NA,A,01,0,0,2,0,0,0,0,0,0,-,-,34.26594924926758,-118.45191192626952,LOS ANGELES,LOS ANGELES,-118.45191192626952,34.26601028442383
90657051,2018,2018-02-07,9590,2018-02-06,1059,013179,NA,2,1,7,1942,0,1,1,NA,2,061,I-10 W/B (SANTA MONICA FREEWAY),6TH AVENUE O/C,75,W,N,A,-,Y,NA,NA,10,NA,NA,NA,NA,NA,W,N,3,0,1,3,A,-,03,22350,NA,N,C,C,A,A,H,-,A,D,0,NA,NA,NA,NA,Y,NA,D,22,0,1,0,0,0,0,0,0,0,-,-,34.03580856323242,-118.3237762451172,LOS ANGELES,LOS ANGELES,-118.32379913330078,34.03593063354492
9065706,2020,2020-11-02,1900,2020-05-25,0900,611248,2826,1,5,5,1915,0,0,0,NA,0,282T1,LONG BEACH BL,PALMER ST,0,NA,Y,A,-,N,NA,NA,NA,NA,NA,NA,NA,NA,NA,N,3,0,1,2,A,-,12,21453,A,N,D,C,A,A,H,-,A,A,0,NA,NA,Y,NA,Y,Y,A,01,0,1,0,0,0,0,0,0,1,-,-,NA,NA,LOS ANGELES,COMPTON,-118.20810699462892,33.898311614990234
9065707,2020,2020-11-02,1900,2020-05-22,1216,623040,2833,5,5,5,1915,0,0,0,NA,0,282T1,ALONDRA BL,HARLAN AV,92,E,N,A,-,N,NA,NA,NA,NA,NA,NA,NA,NA,NA,Y,3,0,1,1,A,-,08,22107,NA,N,E,I,A,A,H,-,A,D,0,NA,NA,NA,NA,Y,NA,A,01,0,1,0,0,0,0,0,0,0,-,-,NA,NA,LOS ANGELES,COMPTON,-118.24483489990234,33.88841247558594
9065708,2020,2020-11-02,1900,2020-05-19,1325,623673,2811,2,5,5,1915,0,0,0,NA,0,283T3,CENTRAL AV,144TH ST,0,NA,Y,A,-,N,NA,NA,NA,NA,NA,NA,NA,NA,NA,Y,4,0,1,2,A,-,09,21804,A,N,D,C,A,A,H,-,A,D,0,NA,NA,NA,NA,Y,NA,A,07,0,0,1,0,0,0,0,0,0,-,-,NA,NA,LOS ANGELES,COMPTON,-118.25322723388672,33.901668548583984
9065710,2020,2020-11-02,1900,2020-05-09,1520,623651,2826,6,5,5,1915,0,0,0,NA,0,283T1,BRADFIELD AV,SAUNDERS ST,0,NA,Y,A,-,N,NA,NA,NA,NA,NA,NA,NA,NA,NA,N,3,0,1,2,A,-,12,22450,NA,N,D,G,A,A,H,-,A,A,0,NA,Y,NA,NA,Y,NA,L,04,0,1,0,0,0,0,1,0,0,-,-,NA,NA,LOS ANGELES,COMPTON,-118.2043228149414,33.902610778808594
9065714,2020,2020-11-02,1953,2020-05-02,2123,3301,PASAD,6,5,6,1953,0,0,0,NA,0,003,CLAREMONT ST,RAYMOND AV,71,E,N,A,-,N,NA,NA,NA,NA,NA,NA,NA,NA,NA,Y,3,0,1,4,A,-,03,22350,NA,N,F,E,A,A,H,-,C,D,0,NA,NA,NA,NA,Y,NA,A,01,0,1,0,0,0,0,0,0,0,-,-,NA,NA,LOS ANGELES,PASADENA,-118.14883422851564,34.16698455810547
9065715,2020,2020-11-02,1953,2020-05-09,1837,8091,PASAD,6,5,6,1953,0,0,0,NA,0,001,SAINT JOHN AV,CALIFORNIA BL,0,NA,Y,A,-,N,NA,NA,NA,NA,NA,NA,NA,NA,NA,Y,4,0,1,1,A,-,08,22107,NA,N,A,I,A,A,H,-,A,A,0,NA,NA,NA,NA,Y,NA,A,01,0,0,1,0,0,0,0,0,0,-,-,NA,NA,LOS ANGELES,PASADENA,-118.1555633544922,34.13576126098633
90657155,2018,2018-02-07,9565,2018-02-01,1355,020284,NA,4,1,9,1900,0,2,4,NA,1,032,SLAUSON AVE,FAIRFAX AVE,200,W,N,A,-,N,NA,NA,NA,NA,NA,NA,NA,NA,NA,N,3,0,3,2,A,-,03,22350,NA,N,C,C,A,A,H,-,A,D,0,NA,NA,NA,NA,Y,NA,A,01,0,1,2,0,0,0,0,0,0,-,-,33.59151840209961,-118.21489715576172,LOS ANGELES,UNINCORPORATED,-118.36331939697266,33.98754119873047
90657158,2018,2018-02-07,9565,2018-02-01,0915,021951,NA,4,1,7,1942,0,1,1,NA,2,061,I-405 N/B (SAN DIEGO FWY),CENTINELA AVE,300,S,N,A,-,Y,NA,NA,405,NA,NA,NA,NA,NA,N,Y,3,0,1,3,A,-,07,21658,A,N,C,C,A,A,H,-,A,D,0,NA,NA,Y,NA,Y,NA,A,01,0,1,0,0,0,0,0,0,1,-,-,33.979209899902344,-118.39221954345705,LOS ANGELES,LOS ANGELES,-118.39215850830078,33.97928237915039
9065716,2020,2020-11-02,1953,2020-05-11,1239,0999,1953,1,5,6,1953,0,0,0,NA,0,004,SIERRA MADRE BL,MOHAWK ST,15,S,N,A,-,N,NA,NA,NA,NA,NA,NA,NA,NA,NA,Y,4,0,1,4,A,-,09,21804,NA,N,D,C,A,A,H,-,A,D,0,NA,NA,NA,NA,Y,NA,A,01,0,0,1,0,0,0,0,0,0,-,-,NA,NA,LOS ANGELES,PASADENA,-118.10173797607422,34.14468002319336
9065717,2020,2020-11-02,1953,2020-05-12,0959,7663,NA,2,5,6,1953,0,0,0,NA,0,004,RIVIERA DR,PINE BLUFF DR,0,NA,Y,B,-,N,NA,NA,NA,NA,NA,NA,NA,NA,NA,Y,3,0,4,2,A,-,09,21801,A,N,D,C,A,A,H,-,A,D,0,NA,NA,NA,NA,Y,NA,A,07,0,1,3,0,0,0,0,0,0,-,-,NA,NA,LOS ANGELES,PASADENA,-118.07705688476564,34.166778564453125
9065718,2020,2020-11-02,1953,2020-05-13,2323,5033,NA,3,5,6,1953,0,0,0,NA,0,002,N ORANGE GROVE BL,N ORANGE GROVE BL 576,0,NA,Y,A,-,N,NA,NA,NA,NA,NA,NA,NA,NA,NA,N,3,0,1,1,A,-,03,22350,NA,N,E,I,A,A,H,-,C,D,0,NA,NA,NA,NA,Y,NA,A,01,0,1,0,0,0,0,0,0,0,-,-,NA,NA,LOS ANGELES,PASADENA,NA,NA
90657180,2018,2018-02-07,9525,2018-02-05,0750,018761,NA,1,1,9,1900,0,3,5,NA,2,002,COVINA BLVD,BONNIE COVE AVE,0,NA,Y,A,-,N,NA,NA,NA,NA,NA,NA,NA,NA,NA,N,4,0,1,2,A,-,10,21950,A,N,G,B,B,A,H,-,A,A,0,Y,NA,NA,NA,Y,NA,A,08,0,0,1,0,1,0,0,0,0,-,-,34.09939956665039,-117.8551025390625,LOS ANGELES,UNINCORPORATED,-117.85507965087892,34.099449157714844
9065719,2020,2020-11-02,1953,2020-05-14,1722,3367,1953,4,5,6,1953,0,0,0,NA,0,004,FOOTHILL BL,SUNNYSLOPE AV,200,E,N,A,-,N,NA,NA,NA,NA,NA,NA,NA,NA,NA,Y,4,0,1,1,A,-,08,22107,NA,N,E,I,A,A,H,-,A,A,0,NA,NA,NA,NA,Y,NA,A,07,0,0,1,0,0,0,0,0,0,-,-,NA,NA,LOS ANGELES,PASADENA,-118.08975982666016,34.14997863769531
9065720,2020,2020-11-02,1953,2020-05-17,1857,5908,1953,7,5,6,1953,0,0,0,NA,0,002,SANTA ROSA AV,WOODBURY RD,60,S,N,A,-,N,NA,NA,NA,NA,NA,NA,NA,NA,NA,Y,3,0,1,1,A,-,03,22350,NA,N,E,I,A,A,H,-,A,D,0,NA,NA,NA,NA,Y,NA,-,-,0,1,0,0,0,0,0,0,0,-,-,NA,NA,LOS ANGELES,PASADENA,-118.1402587890625,34.18052673339844
90657206,2018,2018-02-07,9565,2018-02-02,1800,021575,NA,5,2,9,1900,0,3,5,NA,2,003,LA BREA AVENUE,SLAUSON AVENUE,1000,N,N,A,-,N,NA,NA,NA,NA,NA,NA,NA,NA,NA,N,4,0,3,3,A,-,03,22350,NA,N,C,C,A,A,H,-,C,D,0,NA,NA,NA,NA,Y,NA,A,01,0,0,3,0,0,0,0,0,0,-,-,33.99087142944336,-118.358642578125,LOS ANGELES,UNINCORPORATED,-118.35863494873048,33.991302490234375
90657207,2018,2018-02-07,9590,2018-02-04,2130,021502,NA,7,2,7,1942,0,1,1,NA,2,081,I-5 S/B (GOLDEN STATE FREEWAY),WHITTIER BOULEVARD,200,S,N,A,-,Y,NA,NA,5,NA,NA,NA,NA,NA,S,Y,4,0,1,3,A,-,03,22350,NA,N,C,C,A,A,H,-,C,D,0,NA,NA,NA,NA,Y,NA,A,01,0,0,1,0,0,0,0,0,0,-,-,34.035640716552734,-118.22087097167967,LOS ANGELES,LOS ANGELES,-118.22100067138672,34.035701751708984
90657208,2018,2018-02-07,9525,2018-01-30,0623,016677,NA,2,1,6,1955,0,1,3,NA,2,615,SR-60 W/B (POMONA FWY),SR-71,50,W,N,B,-,Y,NA,NA,60,NA,NA,NA,NA,NA,W,N,4,0,1,2,A,-,03,22350,NA,F,C,C,A,A,H,-,B,D,0,NA,NA,NA,NA,Y,NA,A,01,0,0,1,0,0,0,0,0,0,-,-,34.02330017089844,-117.74986267089844,LOS ANGELES,POMONA,-117.74985504150392,34.02333450317383
9065721,2020,2020-11-03,1953,2020-05-20,1555,3367,1953,3,5,6,1953,0,0,0,NA,0,005,COLORADO BL,SAINT JOHN AV,0,NA,Y,A,-,N,NA,NA,NA,NA,NA,NA,NA,NA,NA,N,4,0,1,2,A,-,03,22350,NA,N,C,C,A,A,H,-,A,A,0,NA,NA,NA,NA,Y,NA,A,01,0,0,1,0,0,0,0,0,0,-,-,NA,NA,LOS ANGELES,PASADENA,-118.15593719482422,34.145751953125
90657213,2018,2018-02-07,9565,2018-02-02,0955,021002,NA,5,1,9,1900,0,2,4,NA,2,021,S/B VERMONT AVE.,106TH ST.,0,NA,Y,A,-,N,NA,NA,NA,NA,NA,NA,NA,NA,NA,N,3,0,1,2,A,-,05,21650,NA,N,H,G,A,A,H,-,A,D,0,NA,Y,NA,NA,Y,NA,L,04,0,1,0,0,0,0,1,0,0,-,-,33.94002151489258,-118.29193878173828,LOS ANGELES,UNINCORPORATED,-118.29192,33.94004
9065722,2020,2020-11-03,1953,2020-05-21,1425,2038,1953,4,5,6,1953,0,0,0,NA,0,003,DEL MAR BL,SAN MARCO AV,0,NA,Y,A,-,N,NA,NA,NA,NA,NA,NA,NA,NA,NA,Y,3,0,1,3,A,-,12,22450,NA,N,D,C,A,A,H,-,A,A,0,NA,NA,NA,NA,Y,NA,A,07,0,1,0,0,0,0,0,0,0,-,-,NA,NA,LOS ANGELES,PASADENA,-118.15412,34.14074
90657227,2018,2018-02-08,9550,2018-01-27,1934,021386,NA,6,2,7,1941,0,1,3,NA,2,090,STATE ROUTE 91 WESTBOUND,ATLANTIC AVENUE,1500,E,N,A,-,Y,NA,NA,91,NA,NA,NA,NA,NA,W,Y,3,0,1,2,C,-,18,NA,NA,N,E,J,A,A,H,-,D,D,0,NA,NA,NA,NA,Y,NA,-,-,0,1,0,0,0,0,0,0,0,-,-,33.87696075439453,-118.18051910400392,LOS ANGELES,LONG BEACH,-118.18051910400392,33.876861572265625
90657228,2018,2018-02-19,9535,2018-01-28,2200,021505,NA,7,3,9,1900,0,2,4,NA,2,014,CESAR E. CHAVEZ AVE. (3400 BLOCK),INDIANA AVE,146,E,N,A,-,N,NA,NA,NA,NA,NA,NA,NA,NA,NA,Y,3,0,1,3,A,-,01,23152,A,N,E,I,A,A,H,-,C,D,0,NA,NA,NA,NA,Y,Y,A,01,0,1,0,0,0,0,0,0,0,-,-,34.040428161621094,-118.19212341308594,LOS ANGELES,UNINCORPORATED,-118.1920166015625,34.04050064086914
9065723,2020,2020-11-03,1953,2020-05-23,1554,1010,1953,6,5,6,1953,0,0,0,NA,0,001,N ARROYO RD,LOT 1,10,NA,N,A,-,N,NA,NA,NA,NA,NA,NA,NA,NA,NA,N,3,0,1,1,A,-,08,22107,NA,N,E,I,A,A,H,-,A,D,0,NA,NA,Y,NA,Y,NA,C,02,0,1,0,0,0,0,0,0,1,-,-,NA,NA,LOS ANGELES,PASADENA,NA,NA
90657230,2018,2018-02-08,9550,2018-01-28,0145,021263,NA,7,3,9,1900,0,3,5,NA,2,002,LA MIRADA BOULEVARD,COLIMA ROAD,80,S,N,A,-,N,NA,NA,NA,NA,NA,NA,NA,NA,NA,Y,4,0,1,3,A,-,08,22107,NA,N,C,C,A,A,H,-,C,D,0,NA,NA,NA,NA,Y,NA,A,01,0,0,1,0,0,0,0,0,0,-,-,33.94023895263672,-118.01248168945313,LOS ANGELES,UNINCORPORATED,-118.01244354248048,33.94050216674805
90657237,2018,2018-02-08,9575,2018-01-30,0630,017354,NA,2,1,7,1942,0,1,3,NA,2,041,SR-134 W/B (VENTURA FREEWAY),SR-2 E/B (GLENDALE FREEWAY),2640,E,N,B,-,Y,NA,NA,134,NA,NA,NA,NA,NA,W,Y,4,0,3,3,A,-,03,22350,NA,N,C,C,A,A,H,-,B,D,0,NA,NA,NA,NA,Y,NA,A,07,0,0,3,0,0,0,0,0,0,-,-,34.14548873901367,-118.2203369140625,LOS ANGELES,LOS ANGELES,-118.22035217285156,34.14542770385742
9065724,2020,2020-11-03,1953,2020-05-27,1748,9505,1953,3,5,6,1953,0,0,0,NA,0,002,E ORANGE GROVE BL,E ORANGE GROVE BL 147,0,NA,Y,A,-,N,NA,NA,NA,NA,NA,NA,NA,NA,NA,N,4,0,1,2,A,-,03,22350,NA,M,C,C,A,A,H,-,A,D,0,NA,NA,NA,NA,Y,NA,A,01,0,0,1,0,0,0,0,0,0,-,-,NA,NA,LOS ANGELES,PASADENA,NA,NA
90657244,2018,2018-02-08,9575,2018-01-30,1850,020526,NA,2,2,6,1912,0,1,3,NA,2,044,SR-134 E/B (VENTURA FREEWAY),OLIVE AVE,500,E,N,A,-,Y,NA,NA,134,NA,NA,NA,NA,NA,E,Y,4,0,1,4,A,-,03,22350,NA,M,C,C,A,A,H,-,C,D,0,NA,NA,NA,NA,Y,NA,A,01,0,0,1,0,0,0,0,0,0,-,-,34.152931213378906,-118.33677673339844,LOS ANGELES,BURBANK,-118.33677673339844,34.152931213378906
9065725,2020,2020-11-03,1900,2020-05-05,1925,623588,0644,2,5,6,1985,0,0,0,NA,0,64T1,SOLEDAD CANYON RD,VALENCIA BL,0,NA,Y,A,-,N,NA,NA,NA,NA,NA,NA,NA,NA,NA,Y,4,0,3,2,A,-,09,21800,D,N,D,C,A,A,H,-,A,B,0,NA,NA,NA,NA,Y,NA,A,01,0,0,3,0,0,0,0,0,0,-,-,34.42274856567383,-118.54167175292967,LOS ANGELES,SANTA CLARITA,-118.54109954833984,34.42258071899414
90657250,2018,2018-02-08,9525,2018-02-03,0215,020847,NA,6,3,5,1990,0,1,3,NA,2,604,SR-60 E/B (POMONA FWY),GRAND AVE,1056,E,N,A,-,Y,NA,NA,60,NA,NA,NA,NA,NA,E,Y,4,0,1,2,A,-,01,23152,A,N,C,C,A,A,H,-,C,D,0,NA,NA,NA,NA,Y,Y,A,01,0,0,1,0,0,0,0,0,0,-,-,34.01435852050781,-117.8190689086914,LOS ANGELES,DIAMOND BAR,-117.81912994384766,34.014408111572266
9065726,2020,2020-11-03,1900,2020-05-05,2100,612439,0622,2,5,6,1985,0,0,0,NA,0,62T1,TOURNAMENT RD,MCBEAN PKWY,0,NA,Y,A,-,N,NA,NA,NA,NA,NA,NA,NA,NA,NA,Y,4,0,1,1,A,-,08,22107,NA,N,E,I,A,A,H,-,C,A,0,NA,NA,NA,NA,Y,NA,A,07,0,0,1,0,0,0,0,0,0,-,-,34.39469909667969,-118.56500244140624,LOS ANGELES,SANTA CLARITA,-118.56508636474608,34.39474868774414
90657268,2018,2018-02-08,9550,2018-01-30,0134,018150,NA,2,3,3,1964,0,1,1,NA,2,650,I-605 (N/B),TELEGRAPH ROAD,10,S,N,A,-,Y,NA,NA,605,NA,NA,NA,NA,NA,NA,Y,2,0,2,1,A,-,08,22107,NA,F,E,I,A,A,H,-,C,D,0,NA,NA,NA,NA,Y,NA,A,01,1,1,0,0,0,0,0,0,0,-,-,33.9500617980957,-118.09149169921876,LOS ANGELES,SANTA FE SPRINGS,-118.09158325195313,33.95011520385742
9065727,2020,2020-11-03,1900,2020-05-05,2140,623588,0640,2,5,6,1985,0,0,0,NA,0,64T1,EDMONDS PL,CONNICK PL,0,NA,Y,A,-,N,NA,NA,NA,NA,NA,NA,NA,NA,NA,N,3,0,1,2,A,-,10,21950,A,N,G,B,B,A,H,-,C,D,0,Y,NA,NA,NA,Y,NA,A,07,0,1,0,0,1,0,0,0,0,-,-,34.46099090576172,-118.52581787109376,LOS ANGELES,SANTA CLARITA,-118.47987365722656,34.44633102416992
9065728,2020,2020-11-03,1900,2020-05-08,1345,623669,0644,5,5,6,1985,0,0,0,NA,0,64T2,MAGIC MOUNTAIN PKWY,MCBEAN PKWY,0,NA,Y,A,-,N,NA,NA,NA,NA,NA,NA,NA,NA,NA,Y,3,0,3,2,A,-,12,21453,A,N,D,C,A,A,H,-,A,A,0,NA,NA,NA,NA,Y,NA,A,01,0,1,2,0,0,0,0,0,0,-,-,34.4197998046875,-118.56259918212892,LOS ANGELES,SANTA CLARITA,-118.56287384033205,34.41987991333008
90657286,2018,2018-02-08,9530,2018-01-30,1710,018270,NA,2,2,9,1900,0,1,1,NA,2,120,I-110 S/B (HARBOR FREEWAY),I-405 S/B (SAN DIEGO FREEWAY),370,S,N,B,-,Y,NA,NA,110,NA,NA,NA,NA,NA,S,N,4,0,1,2,A,-,07,21658,A,N,B,C,A,A,H,-,A,D,0,NA,NA,Y,NA,Y,NA,A,07,0,0,1,0,0,0,0,0,1,-,-,33.85575866699219,-118.28485107421876,LOS ANGELES,UNINCORPORATED,-118.28482818603516,33.85575866699219
90657289,2018,2018-02-08,9550,2018-01-30,0001,019808,NA,2,3,9,1900,0,1,1,NA,2,650,I-605 S/B TO ROSE HILLS ROAD,ROSE HILLS ROAD,250,N,N,A,-,Y,NA,NA,NA,NA,NA,NA,NA,NA,NA,Y,3,0,1,1,A,-,01,23152,A,N,E,I,A,A,H,-,C,D,0,NA,NA,NA,NA,Y,Y,A,01,0,1,0,0,0,0,0,0,0,-,-,34.010719299316406,-118.03093719482422,LOS ANGELES,UNINCORPORATED,-118.05225372314452,34.01841354370117
9065729,2020,2020-11-03,1900,2020-05-10,1315,623588,0617,7,5,6,1985,0,0,0,NA,0,64T1,SOLEDAD CANYON RD,PENLON WY,0,NA,Y,A,-,N,NA,NA,NA,NA,NA,NA,NA,NA,NA,N,4,0,1,2,A,-,12,22450,A,N,D,G,A,A,H,-,A,A,0,NA,Y,NA,NA,Y,NA,A,01,0,0,1,0,0,0,1,0,0,-,-,34.41701126098633,-118.4809112548828,LOS ANGELES,SANTA CLARITA,-118.480897,34.417022
90657292,2018,2018-02-08,9565,2018-02-06,1110,017713,NA,2,1,9,1900,0,3,5,NA,2,002,WILTON PL.,THOREAU ST.,0,NA,Y,A,-,N,NA,NA,NA,NA,NA,NA,NA,NA,NA,Y,4,0,1,2,A,-,09,21802,A,N,D,C,A,A,H,-,A,A,0,NA,NA,NA,NA,Y,NA,A,01,0,0,1,0,0,0,0,0,0,-,-,33.93471908569336,-118.3141632080078,LOS ANGELES,UNINCORPORATED,-118.31420135498048,33.934730529785156
90657293,2018,2018-02-13,9575,2018-01-20,1840,021925,NA,6,2,9,1900,0,3,5,NA,2,008,MICHILLINDA AVENUE (500 BLOCK),CALIFORNIA BOULEVARD (3900 BLOCK),0,NA,Y,A,-,N,NA,NA,NA,NA,NA,NA,NA,NA,NA,Y,3,0,2,2,A,-,09,21453,C,N,D,C,A,A,H,-,C,A,0,NA,NA,Y,NA,Y,Y,A,01,0,2,0,0,0,0,0,0,2,-,-,34.134361267089844,-118.06752777099608,LOS ANGELES,UNINCORPORATED,-118.06752014160156,34.134368896484375
9065730,2020,2020-11-03,1900,2020-05-18,2008,647593,0642,1,5,6,1985,0,0,0,NA,0,60T1,COPPER HILL DR,SAN FRANCISCO QUITO CANYON RD,0,NA,Y,A,-,N,NA,NA,NA,NA,NA,NA,NA,NA,NA,Y,4,0,2,2,D,-,00,NA,NA,N,A,C,A,A,H,-,C,A,0,NA,NA,NA,NA,Y,NA,-,-,0,0,2,0,0,0,0,0,0,-,-,34.461669921875,-118.54280853271484,LOS ANGELES,SANTA CLARITA,-118.54276275634766,34.461551666259766
90657300,2018,2018-02-08,9525,2018-02-07,1545,019264,NA,3,2,5,1906,0,1,1,NA,2,104,I-10 E/B (SAN BERNARDINO FWY),BALDWIN PARK BLVD,1000,W,N,A,-,Y,NA,NA,10,NA,NA,NA,NA,NA,E,N,4,0,1,3,A,-,03,22350,NA,N,C,C,A,A,H,-,A,D,0,NA,NA,NA,NA,Y,NA,A,01,0,0,1,0,0,0,0,0,0,-,-,34.06690979003906,-117.98491668701172,LOS ANGELES,BALDWIN PARK,-117.98493957519533,34.06705093383789
9065731,2020,2020-11-03,1900,2020-05-08,1423,476477,0648,5,5,6,1985,0,0,0,NA,0,62T1,DICKASON DR,DECORO DR,47,S,N,A,-,N,NA,NA,NA,NA,NA,NA,NA,NA,NA,Y,3,0,2,3,C,-,18,NA,NA,N,B,C,A,A,H,-,A,D,0,NA,NA,NA,NA,Y,NA,-,-,0,1,1,0,0,0,0,0,0,-,-,34.444339752197266,-118.56128692626952,LOS ANGELES,SANTA CLARITA,-118.56134796142578,34.444393157958984
90657336,2018,2018-02-08,9575,2018-01-31,1529,021283,NA,3,2,7,1942,0,1,1,NA,2,052,I-5 N/B (GOLDEN STATE FREEWAY),PEORIA ST.,100,S,N,A,-,Y,NA,NA,5,NA,NA,NA,NA,NA,N,Y,4,0,1,3,A,-,03,22350,NA,N,C,C,A,A,H,-,A,D,0,NA,NA,NA,NA,Y,NA,A,01,0,0,1,0,0,0,0,0,0,-,-,34.22903060913086,-118.39312744140624,LOS ANGELES,LOS ANGELES,-118.39312744140624,34.22903823852539