CASE_ID,ACCIDENT_YEAR,PROC_DATE,JURIS,COLLISION_DATE,COLLISION_TIME,OFFICER_ID,REPORTING_DISTRICT,DAY_OF_WEEK,CHP_SHIFT,POPULATION,CNTY_CITY_LOC,SPECIAL_COND,BEAT_TYPE,CHP_BEAT_TYPE,CITY_DIVISION_LAPD,CHP_BEAT_CLASS,BEAT_NUMBER,PRIMARY_RD,SECONDARY_RD,DISTANCE,DIRECTION,INTERSECTION,WEATHER_1,WEATHER_2,STATE_HWY_IND,CALTRANS_COUNTY,CALTRANS_DISTRICT,STATE_ROUTE,ROUTE_SUFFIX,POSTMILE_PREFIX,POSTMILE,LOCATION_TYPE,RAMP_INTERSECTION,SIDE_OF_HWY,TOW_AWAY,COLLISION_SEVERITY,NUMBER_KILLED,NUMBER_INJURED,PARTY_COUNT,PRIMARY_COLL_FACTOR,PCF_CODE_OF_VIOL,PCF_VIOL_CATEGORY,PCF_VIOLATION,PCF_VIOL_SUBSECTION,HIT_AND_RUN,TYPE_OF_COLLISION,MVIW,PED_ACTION,ROAD_SURFACE,ROAD_COND_1,ROAD_COND_2,LIGHTING,CONTROL_DEVICE,CHP_ROAD_TYPE,PEDESTRIAN_ACCIDENT,BICYCLE_ACCIDENT,MOTORCYCLE_ACCIDENT,TRUCK_ACCIDENT,NOT_PRIVATE_PROPERTY,ALCOHOL_INVOLVED,STWD_VEHTYPE_AT_FAULT,CHP_VEHTYPE_AT_FAULT,COUNT_SEVERE_INJ,COUNT_VISIBLE_INJ,COUNT_COMPLAINT_PAIN,COUNT_PED_KILLED,COUNT_PED_INJURED,COUNT_BICYCLIST_KILLED,COUNT_BICYCLIST_INJURED,COUNT_MC_KILLED,COUNT_MC_INJURED,PRIMARY_RAMP,SECONDARY_RAMP,LATITUDE,LONGITUDE,COUNTY,CITY,POINT_X,POINT_Y
90659033,2018,2018-02-12,9530,2018-02-01,1958,021642,NA,4,2,7,1942,0,1,1,NA,2,200,I-105 E/B TO I-110 S/B,FIGUEROA ST.,480,W,N,A,-,Y,NA,NA,105,NA,NA,NA,R,NA,E,Y,4,0,1,1,A,-,03,22350,NA,N,F,A,A,A,H,-,C,D,0,NA,NA,Y,NA,Y,NA,C,02,0,0,1,0,0,0,0,0,1,-,-,33.9280891418457,-118.28424835205078,LOS ANGELES,LOS ANGELES,-118.28424835205078,33.9280891418457
90659044,2018,2018-02-12,9530,2018-01-06,2330,021792,NA,6,3,9,1900,0,3,5,NA,2,003,WILLIAMS AVE.,SAN VINCENTE ST.,50,S,N,A,-,N,NA,NA,NA,NA,NA,NA,NA,NA,NA,Y,3,0,1,3,A,-,08,22107,NA,N,E,C,A,A,H,-,D,D,0,NA,NA,NA,NA,Y,NA,A,01,0,1,0,0,0,0,0,0,0,-,-,33.89937973022461,-118.19046783447266,LOS ANGELES,UNINCORPORATED,-118.19046783447266,33.89935302734375
90659058,2018,2018-02-12,9540,2018-02-03,1145,020875,NA,6,1,9,1900,0,1,3,NA,2,146,SR-14 N/B (ANTELOPE VALLEY FREEWAY),ESCONDIDO CANYON ROAD,7920,S,N,A,-,Y,NA,NA,14,NA,NA,NA,NA,NA,N,Y,4,0,1,2,A,-,03,22350,NA,N,C,C,A,A,H,-,A,D,0,NA,NA,NA,NA,Y,NA,A,01,0,0,1,0,0,0,0,0,0,-,-,34.47734069824219,-118.30272674560548,LOS ANGELES,UNINCORPORATED,-118.30260467529295,34.477088928222656
90659062,2018,2018-02-12,9540,2018-02-02,1505,021389,NA,5,2,7,1942,0,1,1,NA,2,210,I-210 W/B (FOOTHILL FREEWAY),MACLAY ST,1056,W,N,A,-,Y,NA,NA,210,NA,NA,NA,NA,NA,W,Y,3,0,1,4,A,-,03,22350,NA,N,C,C,A,A,H,-,A,D,0,NA,NA,NA,NA,Y,NA,D,22,0,1,0,0,0,0,0,0,0,-,-,34.302188873291016,-118.42240142822266,LOS ANGELES,LOS ANGELES,-118.4223861694336,34.30220413208008
9065907,2020,2020-08-24,1942,2020-05-26,2140,31713,0407,2,5,7,1942,0,0,0,D,0,4A3,HUNTINGTON DR,COLLIS AV,0,NA,Y,A,-,N,NA,NA,NA,NA,NA,NA,NA,NA,NA,Y,4,0,2,2,A,-,09,21801,A,N,D,C,A,A,H,-,C,D,0,NA,NA,NA,NA,Y,NA,A,01,0,0,2,0,0,0,0,0,0,-,-,NA,NA,LOS ANGELES,LOS ANGELES,-118.18419647216795,34.08628845214844
90659073,2018,2018-02-12,9525,2018-02-01,0455,020034,NA,4,3,1,1934,0,1,1,NA,2,203,I-210 W/B (FOOTHILL FWY),I-605,2640,E,N,A,-,Y,NA,NA,210,NA,NA,NA,NA,NA,W,Y,2,0,1,1,A,-,08,22107,NA,N,F,A,A,A,H,-,C,D,0,NA,NA,Y,NA,Y,NA,C,02,1,0,0,0,0,0,0,0,1,-,-,34.13180923461914,-117.94866180419922,LOS ANGELES,IRWINDALE,-117.94866180419922,34.131805419921875
90659086,2018,2018-02-12,9540,2018-02-03,1156,021214,NA,6,1,9,1900,0,2,4,NA,2,010,THE OLD ROAD (25500 BLOCK),MARKET DRIVE S,0,NA,Y,A,-,N,NA,NA,NA,NA,NA,NA,NA,NA,NA,Y,3,0,2,2,A,-,09,21801,A,N,D,C,A,A,H,-,A,A,0,NA,NA,NA,NA,Y,NA,A,01,0,1,1,0,0,0,0,0,0,-,-,34.382591247558594,-118.5709991455078,LOS ANGELES,UNINCORPORATED,NA,NA
90659089,2018,2018-02-12,9530,2018-02-05,1500,022030,NA,1,2,5,1943,0,1,1,NA,2,210,W/B I-105 (GLEN ANDERSON FWY),LONG BEACH BLVD.,200,E,N,A,-,Y,NA,NA,105,NA,NA,NA,NA,NA,NA,Y,3,0,1,3,A,-,03,22350,NA,N,C,C,A,A,H,-,A,D,0,NA,NA,NA,NA,Y,NA,D,22,0,1,0,0,0,0,0,0,0,-,-,33.925880432128906,-118.21141052246094,LOS ANGELES,LYNWOOD,-118.21145629882813,33.92578125
90659110,2018,2018-02-12,9590,2018-01-29,0212,021346,NA,1,3,7,1942,0,1,1,NA,2,501,I-110 S/B (HARBOR FREEWAY),92ND STREET,500,S,N,A,-,Y,NA,NA,110,NA,NA,NA,NA,NA,S,Y,3,0,1,1,A,-,01,23152,A,N,E,I,A,A,H,-,C,D,0,NA,NA,NA,NA,Y,Y,A,01,0,1,0,0,0,0,0,0,0,-,-,33.95117950439453,-118.28040313720705,LOS ANGELES,LOS ANGELES,-118.2802734375,33.95120620727539
90659118,2018,2018-04-09,9540,2018-02-01,0616,021845,NA,4,1,7,1942,0,1,1,NA,1,503,I-5 S/B (GOLDEN STATE FREEWAY),SIERRA HWY,3125,S,N,A,-,Y,NA,NA,5,NA,NA,NA,NA,NA,S,Y,4,0,1,4,A,-,03,22350,NA,N,C,C,A,A,H,-,B,D,0,NA,NA,NA,NA,Y,NA,A,01,0,0,1,0,0,0,0,0,0,-,-,34.32416915893555,-118.50247955322266,LOS ANGELES,LOS ANGELES,-118.50233459472656,34.32438659667969
90659167,2018,2018-02-12,9540,2018-02-05,0744,018759,NA,1,1,6,1985,0,1,3,NA,1,145,SR-14 S/B (ANTELOPE VALLEY FREEWAY),GOLDEN VALLEY RD,1396,N,N,A,-,Y,NA,NA,14,NA,NA,NA,NA,NA,S,Y,3,0,1,3,A,-,03,22350,NA,N,C,C,A,A,H,-,A,D,0,NA,NA,NA,NA,Y,NA,A,01,0,1,0,0,0,0,0,0,0,-,-,34.39482116699219,-118.46890258789064,LOS ANGELES,SANTA CLARITA,-118.46884155273438,34.394718170166016
90659178,2018,2018-02-12,9530,2018-02-01,1820,021212,NA,4,2,9,1900,0,3,5,NA,2,001,HOLMES AVE.,62ND ST,0,NA,Y,A,-,N,NA,NA,NA,NA,NA,NA,NA,NA,NA,N,3,0,1,2,A,-,10,21950,A,N,G,B,D,A,H,-,C,D,0,Y,NA,NA,NA,Y,NA,A,01,0,1,0,0,1,0,0,0,0,-,-,33.98387145996094,-118.24146270751952,LOS ANGELES,UNINCORPORATED,-118.24121856689452,33.98381042480469
90659214,2018,2018-02-12,9530,2018-02-01,2030,021582,NA,4,2,7,1942,0,1,1,NA,2,200,I-105 E/B TO I-110 N/B,HOOVER ST.,315,E,N,A,-,Y,NA,NA,105,NA,NA,NA,R,NA,E,Y,3,0,1,2,A,-,07,21658,A,N,B,C,A,A,H,-,C,D,0,NA,NA,Y,NA,Y,NA,A,01,0,1,0,0,0,0,0,0,1,-,-,33.928260803222656,-118.28589630126952,LOS ANGELES,LOS ANGELES,-118.28589630126952,33.928260803222656
90659250,2018,2018-02-12,9545,2018-02-03,1500,018550,NA,6,2,9,1900,0,3,5,NA,2,003,ESCONDIDO CANYON RD,CEDRAL ST,1056,S,N,A,-,N,NA,NA,NA,NA,NA,NA,NA,NA,NA,Y,2,0,1,1,A,-,08,22107,NA,N,E,I,A,A,H,-,A,D,0,NA,NA,NA,NA,Y,NA,A,01,1,0,0,0,0,0,0,0,0,-,-,34.486671447753906,-118.21353912353516,LOS ANGELES,UNINCORPORATED,-118.21414184570313,34.484405517578125
90659254,2018,2018-02-12,9530,2018-02-03,0305,021465,NA,6,3,5,1977,0,1,1,NA,2,410,I-405 N/B (SAN DIEGO FREEWAY),WILMINGTON AVE.,887,E,N,A,-,Y,NA,NA,405,NA,NA,NA,NA,NA,N,Y,3,0,1,2,A,-,01,23152,A,N,C,C,A,A,H,-,D,D,0,NA,NA,NA,NA,Y,Y,A,01,0,1,0,0,0,0,0,0,0,-,-,33.82596969604492,-118.23844146728516,LOS ANGELES,CARSON,-118.23844146728516,33.8259391784668
90659259,2018,2018-02-12,9540,2018-02-09,1055,015249,NA,5,1,9,1900,0,3,5,NA,2,001,HEMINGWAY AVE,FITZGERALD AVE,417,E,N,A,-,N,NA,NA,NA,NA,NA,NA,NA,NA,NA,N,2,0,1,1,A,-,03,22350,NA,N,F,A,A,A,H,-,A,A,0,NA,NA,Y,NA,Y,NA,C,02,1,0,0,0,0,0,0,0,1,-,-,34.388648986816406,-118.58312225341795,LOS ANGELES,UNINCORPORATED,-118.58307647705078,34.38855743408203
90659275,2018,2018-02-12,9545,2018-02-03,0025,021518,NA,6,3,6,1950,0,1,3,NA,2,021,SR-14 NORTHBOUND,AVENUE S,2640,N,N,A,-,Y,NA,NA,14,NA,NA,NA,NA,NA,N,Y,4,0,1,2,A,-,01,23152,A,N,C,C,A,A,H,-,C,D,0,NA,NA,NA,NA,Y,Y,A,01,0,0,1,0,0,0,0,0,0,-,-,34.56536865234375,-118.1331024169922,LOS ANGELES,PALMDALE,-118.1330795288086,34.565372467041016
90659284,2018,2018-02-12,9550,2018-02-02,1220,021532,NA,5,1,5,1908,0,1,3,NA,2,090,STATE ROUTE 91 E/B,DOWNEY AVENUE,200,W,N,A,-,Y,NA,NA,NA,NA,NA,NA,NA,NA,NA,N,4,0,2,3,A,-,03,22350,NA,F,C,C,A,A,H,-,A,D,0,NA,NA,NA,NA,Y,NA,A,01,0,0,2,0,0,0,0,0,0,-,-,33.87683868408203,-118.15611267089844,LOS ANGELES,BELLFLOWER,-118.15196990966795,33.876922607421875
90659303,2018,2018-02-12,9565,2018-02-09,1400,016945,NA,5,2,7,1942,0,1,1,NA,2,062,I-405 S/B (SAN DIEGO FWY),I-10,200,S,N,A,-,Y,NA,NA,405,NA,NA,NA,NA,NA,S,N,4,0,2,3,A,-,03,22350,NA,N,C,C,A,A,H,-,A,D,0,NA,NA,NA,NA,Y,NA,A,01,0,0,2,0,0,0,0,0,0,-,-,34.0295295715332,-118.43224334716795,LOS ANGELES,LOS ANGELES,-118.43228912353516,34.02949142456055
90659314,2018,2018-02-12,9530,2018-02-02,2004,021582,NA,5,2,5,1943,0,1,1,NA,2,210,I-105 E/B (GLENN ANDERSON FWY),BULLIS RD.,528,W,N,A,-,Y,NA,NA,105,NA,NA,NA,NA,NA,E,Y,4,0,2,3,A,-,03,22350,NA,N,C,C,A,A,H,-,C,D,0,NA,NA,NA,NA,Y,NA,A,01,0,0,2,0,0,0,0,0,0,-,-,33.92203140258789,-118.20393371582033,LOS ANGELES,LYNWOOD,-118.20391845703124,33.922061920166016
90659324,2018,2018-02-12,9580,2018-01-31,0715,019511,NA,3,1,7,1942,1,4,S,NA,2,901,ENCINO AVE (5600 BLOCK),BURBANK BLVD,50,N,N,A,-,N,NA,NA,NA,NA,NA,NA,NA,NA,NA,N,4,0,1,1,C,-,18,NA,NA,N,H,A,A,A,H,-,A,D,0,NA,NA,NA,NA,Y,NA,-,-,0,0,1,0,0,0,0,0,0,-,-,34.17274856567383,-118.5141372680664,LOS ANGELES,LOS ANGELES,-118.51419067382813,34.17239761352539
90659329,2018,2018-02-12,9580,2018-01-31,0725,016003,NA,3,1,7,1942,0,1,2,NA,2,104,US-101 N/B (VENTURA FREEWAY),RESEDA BLVD,528,S,N,A,-,Y,NA,NA,101,NA,NA,NA,NA,NA,N,Y,4,0,2,2,A,-,03,22350,NA,N,C,C,A,A,H,-,A,D,0,NA,NA,NA,NA,Y,NA,A,01,0,0,2,0,0,0,0,0,0,-,-,34.172088623046875,-118.5316925048828,LOS ANGELES,LOS ANGELES,-118.53174591064452,34.171932220458984
90659341,2018,2018-02-12,9580,2018-01-31,1405,019319,NA,3,2,7,1942,0,1,2,NA,2,105,US-101 S/B (VENTURA FREEWAY),RESEDA BLVD,1056,N,N,A,-,Y,NA,NA,101,NA,NA,NA,NA,NA,S,Y,4,0,1,2,A,-,03,22350,NA,N,C,C,A,A,H,-,A,D,0,NA,NA,NA,NA,Y,NA,A,08,0,0,1,0,0,0,0,0,0,-,-,34.173309326171875,-118.54165649414064,LOS ANGELES,LOS ANGELES,-118.54166412353516,34.173274993896484
90659358,2018,2018-02-12,9530,2018-02-02,1350,020938,NA,5,1,9,1900,0,3,5,NA,2,006,VERMONT AVE (22000 BLOCK),HARBOR RIDGE  LN.,59,N,N,A,-,N,NA,NA,NA,NA,NA,NA,NA,NA,NA,Y,4,0,1,2,A,-,09,21801,A,N,D,C,A,A,H,-,A,D,0,NA,NA,NA,Y,Y,NA,G,27,0,0,1,0,0,0,0,0,0,-,-,33.82283020019531,-118.29025268554688,LOS ANGELES,UNINCORPORATED,-118.2903289794922,33.82280349731445
90659365,2018,2018-02-12,9590,2018-02-01,2135,021883,NA,4,2,7,1942,0,1,1,NA,2,060,I-10 E/B (SMF)(COLLECTOR ROAD),LA BREA AVE.,1000,E,N,A,-,Y,NA,NA,10,NA,NA,NA,NA,NA,E,Y,2,0,1,1,A,-,08,22107,NA,N,E,I,A,A,H,-,C,D,0,NA,NA,Y,NA,Y,NA,C,02,1,0,0,0,0,0,0,0,1,-,-,34.03416061401367,-118.34703826904295,LOS ANGELES,LOS ANGELES,-118.34705352783205,34.034358978271484
90659371,2018,2018-02-12,9525,2018-02-02,2015,021074,NA,5,2,6,1975,0,1,1,NA,2,104,I-10 E/B (SAN BERNARDINO FWY),WEST COVINA PARKWAY,1056,W,N,A,-,Y,NA,NA,10,NA,NA,NA,NA,NA,E,N,4,0,1,2,A,-,03,22350,NA,N,C,C,A,A,D,E,C,D,0,NA,NA,NA,NA,Y,NA,A,01,0,0,1,0,0,0,0,0,0,-,-,34.07189178466797,-117.94539642333984,LOS ANGELES,WEST COVINA,-117.94538879394533,34.07181930541992
90659386,2018,2018-02-12,9575,2018-02-02,1720,021784,NA,5,2,7,1942,0,1,1,NA,2,061,I-210 W/B (FOOTHILL FREEWAY),WHEATLAND AVE.,4000,E,N,A,-,Y,NA,NA,210,NA,NA,NA,NA,NA,W,Y,2,0,1,1,A,-,08,22107,NA,N,E,I,A,A,H,-,B,D,0,NA,NA,NA,NA,Y,NA,A,08,1,0,0,0,0,0,0,0,0,-,-,34.269901275634766,-118.34053802490234,LOS ANGELES,LOS ANGELES,-118.34054565429688,34.26988220214844
90659392,2018,2018-02-12,9580,2018-02-04,1523,020811,NA,7,2,7,1942,0,1,2,NA,2,105,US-101 S/B (VENTURA FREEWAY),WINNETKA AVE,1500,N,N,A,-,Y,NA,NA,101,NA,NA,NA,NA,NA,S,Y,2,0,1,2,A,-,01,23152,A,N,B,C,A,A,H,-,A,D,0,NA,NA,Y,NA,Y,Y,C,02,1,0,0,0,0,0,0,0,1,-,-,34.170658111572266,-118.57508087158205,LOS ANGELES,LOS ANGELES,-118.57505035400392,34.17057800292969
90659399,2018,2018-02-12,9540,2018-02-09,0825,018208,NA,5,1,6,1985,0,1,3,NA,1,145,SR-14 S/B (ANTELOPE VALLEY FREEWAY),GOLDEN VALLEY RD,890,S,N,A,-,Y,NA,NA,14,NA,NA,NA,NA,NA,S,Y,4,0,1,2,A,-,03,22350,NA,N,C,C,A,A,H,-,A,D,0,NA,NA,NA,NA,Y,NA,A,07,0,0,1,0,0,0,0,0,0,-,-,34.39112091064453,-118.47544860839844,LOS ANGELES,SANTA CLARITA,-118.47543334960938,34.391090393066406
90659445,2018,2018-02-12,9590,2018-02-02,1955,021346,NA,5,2,7,1942,0,1,1,NA,2,051,I-110 S/B (HARBOR FREEWAY),FLORENCE AVENUE,500,N,N,A,-,Y,NA,NA,110,NA,NA,NA,NA,NA,S,Y,4,0,1,3,A,-,03,22350,NA,F,C,C,A,A,H,-,C,D,0,NA,NA,NA,NA,Y,NA,A,01,0,0,1,0,0,0,0,0,0,-,-,33.975341796875,-118.28109741210938,LOS ANGELES,LOS ANGELES,-118.28092956542967,33.975337982177734
90659447,2018,2018-02-12,9540,2018-02-02,0955,018208,NA,5,1,9,1900,0,2,4,NA,1,102,HASLEY CANYON RD,GALLOPING CT,1025,W,N,A,-,N,NA,NA,NA,NA,NA,NA,NA,NA,NA,Y,2,0,1,1,A,-,01,23152,A,N,E,I,A,A,H,-,A,D,0,NA,NA,NA,NA,Y,Y,D,22,1,0,0,0,0,0,0,0,0,-,-,34.45941925048828,-118.65074920654295,LOS ANGELES,UNINCORPORATED,-118.65139770507813,34.459388732910156
90659450,2018,2018-02-12,9575,2018-02-03,1210,021784,NA,6,1,9,1900,0,1,3,NA,2,304,SR-2 (ANGELES CREST HIGHWAY),CLOUDBURST SUMMIT,2640,E,N,A,-,Y,NA,NA,2,NA,NA,NA,NA,NA,NA,Y,2,0,1,1,A,-,03,22350,NA,N,F,A,A,A,H,-,A,D,0,NA,NA,Y,NA,Y,NA,C,02,1,0,0,0,0,0,0,0,1,-,-,34.349571228027344,-117.9281768798828,LOS ANGELES,UNINCORPORATED,-117.92819213867188,34.34962463378906
90659527,2018,2018-02-12,9590,2018-02-02,1500,021678,NA,5,2,7,1942,0,1,2,NA,2,071,US-101 S/B (HOLLYWOOD FREEWAY),TEMPLE ST.,100,N,N,A,-,Y,NA,NA,101,NA,NA,NA,NA,NA,S,Y,3,0,1,2,A,-,03,22350,NA,N,C,C,A,A,H,-,A,D,0,NA,NA,Y,NA,Y,NA,C,02,0,1,0,0,0,0,0,0,1,-,-,34.06135177612305,-118.247802734375,LOS ANGELES,LOS ANGELES,-118.24781799316406,34.06133270263672
90659529,2018,2018-02-12,9575,2018-02-05,1612,016603,NA,1,2,6,1953,0,1,1,NA,2,064,I-210 W/B (FOOTHILL FREEWAY),ALLEN AVENUE,528,W,N,A,-,Y,NA,NA,210,NA,NA,NA,NA,NA,W,Y,4,0,2,3,A,-,04,21703,NA,N,C,C,A,A,H,-,A,D,0,NA,NA,NA,NA,Y,NA,A,07,0,0,2,0,0,0,0,0,0,-,-,34.15238952636719,-118.11506652832033,LOS ANGELES,PASADENA,-118.11507415771484,34.15256118774414
90659569,2018,2018-02-12,9530,2018-02-04,1815,020375,NA,7,2,5,1943,0,1,1,NA,2,210,I-105 W/B (GLENN ANDERSON FWY),BULLIS RD.,275,W,N,A,-,Y,NA,NA,105,NA,NA,NA,NA,NA,W,Y,4,0,1,1,A,-,08,22107,NA,N,E,I,A,A,H,-,C,D,0,NA,NA,NA,NA,Y,NA,A,01,0,0,1,0,0,0,0,0,0,-,-,33.918758392333984,-118.19534301757813,LOS ANGELES,LYNWOOD,-118.19537353515624,33.918678283691406
90659578,2018,2018-02-12,9580,2018-01-23,0838,014900,NA,2,1,9,1900,0,1,2,NA,2,106,US-101 N/B (VENTURA FREEWAY),MUREAU RD.,2640,N,N,A,-,Y,NA,NA,101,NA,NA,NA,NA,NA,N,Y,3,0,2,2,A,-,04,21703,NA,N,C,C,A,A,H,-,A,D,0,NA,NA,NA,NA,Y,NA,A,01,0,2,0,0,0,0,0,0,0,-,-,34.14936065673828,-118.6737823486328,LOS ANGELES,UNINCORPORATED,-118.67375183105467,34.14946746826172
90659613,2018,2018-02-12,9530,2018-02-05,1310,021871,NA,1,1,9,1900,0,3,5,NA,2,001,ALAMEDA ST. (8500 BLOCK),85TH ST.,50,S,N,A,-,N,NA,NA,NA,NA,NA,NA,NA,NA,NA,N,3,0,1,2,A,-,07,21658,A,N,B,C,A,A,H,-,A,D,0,NA,NA,NA,NA,Y,NA,A,01,0,1,0,0,0,0,0,0,0,-,-,33.960899353027344,-118.23169708251952,LOS ANGELES,UNINCORPORATED,-118.23177337646484,33.96094512939453
90659618,2018,2018-02-12,9535,2018-02-04,0940,017595,NA,7,1,3,1914,0,1,1,NA,2,073,I-710 (LONG BEACH FREEWAY) S/B,WASHINGTON BLVD,1500,N,N,A,-,Y,NA,NA,710,NA,NA,NA,NA,NA,S,Y,4,0,3,2,A,-,02,22400,A,N,C,C,A,A,H,-,A,D,0,NA,NA,NA,NA,Y,NA,A,07,0,0,3,0,0,0,0,0,0,-,-,34.00960159301758,-118.17250823974608,LOS ANGELES,COMMERCE,-118.17244720458984,34.00960159301758
90659624,2018,2018-02-12,9550,2018-02-07,1345,019857,NA,3,1,5,1908,0,1,3,NA,2,091,SR-91 E/B FROM LAKEWOOD BLVD. S/B,LAKEWOOD BLVD.,315,W,N,A,-,Y,NA,NA,91,NA,NA,NA,R,NA,E,N,4,0,1,2,A,-,03,22350,NA,N,C,C,A,A,H,-,A,A,0,NA,NA,NA,NA,Y,NA,A,01,0,0,1,0,0,0,0,0,0,-,-,33.87635040283203,-118.14298248291016,LOS ANGELES,BELLFLOWER,-118.14298248291016,33.87635040283203
90659631,2018,2018-02-12,9575,2018-01-29,1528,021283,NA,1,2,6,1912,0,1,3,NA,2,044,SR-134 W/B (VENTURA FREEWAY),PASS AVE.,250,W,N,A,-,Y,NA,NA,134,NA,NA,NA,NA,NA,W,N,4,0,1,2,A,-,01,23152,F,F,B,C,A,A,H,-,A,D,0,NA,NA,NA,NA,Y,NA,A,07,0,0,1,0,0,0,0,0,0,-,-,34.15407943725586,-118.34618377685548,LOS ANGELES,BURBANK,-118.34618377685548,34.15410232543945
90659643,2018,2018-02-12,9545,2018-02-03,2500,021851,NA,6,4,9,1900,0,3,5,NA,2,003,SIERRA HWY,LISTIE AVE,1584,N,N,A,-,N,NA,NA,14,NA,NA,NA,NA,NA,NA,Y,2,0,1,1,A,-,08,22107,NA,N,E,I,A,A,H,-,D,D,0,NA,NA,NA,NA,Y,NA,A,01,1,0,0,0,0,0,0,0,0,-,-,34.48632049560547,-118.1530990600586,LOS ANGELES,UNINCORPORATED,-118.15311431884766,34.4855842590332
90659644,2018,2018-02-12,9530,2018-02-03,2353,021582,NA,6,3,5,1943,0,1,1,NA,2,210,I-105 E/B (GLENN ANDERSON FWY),ALAMEDA ST.,1056,E,N,A,-,Y,NA,NA,105,NA,NA,NA,NA,NA,E,Y,4,0,1,1,A,-,08,22107,NA,N,E,I,A,A,H,-,D,D,0,NA,NA,NA,NA,Y,NA,A,01,0,0,1,0,0,0,0,0,0,-,-,33.92947006225586,-118.22286224365234,LOS ANGELES,LYNWOOD,-118.22286224365234,33.92948532104492
90659673,2018,2018-02-12,9540,2018-02-10,1815,021308,NA,6,2,7,1942,0,1,1,NA,2,213,I-210 E/B (FOOTHILL FWY),MACLAY ST,528,E,N,A,-,Y,NA,NA,210,NA,NA,NA,NA,NA,E,Y,3,0,1,2,A,-,03,22350,NA,N,C,C,A,A,H,-,C,D,0,NA,NA,NA,Y,Y,NA,A,01,0,1,0,0,0,0,0,0,0,-,-,34.29655075073242,-118.41668701171876,LOS ANGELES,LOS ANGELES,-118.4167022705078,34.29653549194336
90659693,2018,2018-02-12,9565,2018-02-02,1910,021729,NA,5,2,5,1965,0,1,1,NA,2,081,I-10 W/B (SANTA MONICA FREEWAY),LINCOLN BLVD,300,E,N,A,-,Y,NA,NA,10,NA,NA,NA,NA,NA,W,Y,3,0,1,2,A,-,03,22350,NA,N,C,C,A,A,H,-,C,D,0,NA,NA,NA,NA,Y,NA,A,01,0,1,0,0,0,0,0,0,0,-,-,34.0172004699707,-118.48230743408205,LOS ANGELES,SANTA MONICA,-118.48235321044922,34.01724624633789
90659707,2018,2018-02-12,9525,2018-02-05,1527,021713,NA,1,2,5,1906,0,1,1,NA,2,114,I-10 E/B (SAN BERNARDINO FWY),FRANCISQUITO AVE,528,E,N,A,-,Y,NA,NA,10,NA,NA,NA,NA,NA,E,Y,4,0,2,2,A,-,03,22350,NA,N,C,C,A,A,H,-,A,D,0,NA,NA,NA,NA,Y,NA,A,08,0,0,2,0,0,0,0,0,0,-,-,34.06877136230469,-117.97205352783205,LOS ANGELES,BALDWIN PARK,-117.9720458984375,34.06874084472656
90659734,2018,2018-02-12,9535,2018-02-01,1931,022017,NA,4,2,5,1969,0,1,1,NA,2,074,I-710 (LONG BEACH FREEWAY) N/B,IMPERIAL HIGHWAY,1000,N,N,A,-,Y,NA,NA,710,NA,NA,NA,NA,NA,N,N,4,0,1,2,A,-,03,22350,NA,N,C,C,A,A,H,-,C,D,0,NA,NA,NA,NA,Y,NA,A,01,0,0,1,0,0,0,0,0,0,-,-,33.937538146972656,-118.17252349853516,LOS ANGELES,SOUTH GATE,-118.17269134521484,33.93769454956055
90659739,2018,2018-02-12,9525,2018-02-06,0820,021684,NA,2,1,9,1900,0,3,5,NA,2,001,LIVE OAKE AVE. (4400 BLOCK),LYND AVE,51,W,N,A,-,N,NA,NA,NA,NA,NA,NA,NA,NA,NA,Y,4,0,1,2,A,-,08,22107,NA,N,A,C,A,A,H,-,A,D,0,NA,NA,NA,NA,Y,NA,A,01,0,0,1,0,0,0,0,0,0,-,-,34.11069869995117,-118.00785064697266,LOS ANGELES,UNINCORPORATED,-118.0075454711914,34.11068344116211
90659743,2018,2018-02-12,9535,2018-02-02,0005,021545,NA,5,3,9,1900,0,2,4,NA,2,014,CESAR E CHAVEZ AVE,HICKS AVE,0,NA,Y,A,-,N,NA,NA,NA,NA,NA,NA,NA,NA,NA,Y,4,0,1,2,A,-,09,21802,A,N,D,C,A,A,H,-,A,A,0,NA,NA,NA,NA,Y,NA,A,01,0,0,1,0,0,0,0,0,0,-,-,34.04045867919922,-118.19056701660156,LOS ANGELES,UNINCORPORATED,-118.19033813476564,34.04050827026367
90659782,2018,2018-02-12,9550,2018-02-06,1515,021974,NA,2,2,9,1900,0,2,4,NA,1,042,COLIMA RD. E/B,FULLERTON RD.,25,W,N,A,-,N,NA,NA,NA,NA,NA,NA,NA,NA,NA,Y,4,0,1,2,A,-,03,22350,NA,N,C,C,A,A,H,-,A,D,0,NA,NA,NA,NA,Y,NA,A,01,0,0,1,0,0,0,0,0,0,-,-,33.98833084106445,-117.90583801269533,LOS ANGELES,UNINCORPORATED,-117.90576934814452,33.988365173339844