CASE_ID,ACCIDENT_YEAR,PROC_DATE,JURIS,COLLISION_DATE,COLLISION_TIME,OFFICER_ID,REPORTING_DISTRICT,DAY_OF_WEEK,CHP_SHIFT,POPULATION,CNTY_CITY_LOC,SPECIAL_COND,BEAT_TYPE,CHP_BEAT_TYPE,CITY_DIVISION_LAPD,CHP_BEAT_CLASS,BEAT_NUMBER,PRIMARY_RD,SECONDARY_RD,DISTANCE,DIRECTION,INTERSECTION,WEATHER_1,WEATHER_2,STATE_HWY_IND,CALTRANS_COUNTY,CALTRANS_DISTRICT,STATE_ROUTE,ROUTE_SUFFIX,POSTMILE_PREFIX,POSTMILE,LOCATION_TYPE,RAMP_INTERSECTION,SIDE_OF_HWY,TOW_AWAY,COLLISION_SEVERITY,NUMBER_KILLED,NUMBER_INJURED,PARTY_COUNT,PRIMARY_COLL_FACTOR,PCF_CODE_OF_VIOL,PCF_VIOL_CATEGORY,PCF_VIOLATION,PCF_VIOL_SUBSECTION,HIT_AND_RUN,TYPE_OF_COLLISION,MVIW,PED_ACTION,ROAD_SURFACE,ROAD_COND_1,ROAD_COND_2,LIGHTING,CONTROL_DEVICE,CHP_ROAD_TYPE,PEDESTRIAN_ACCIDENT,BICYCLE_ACCIDENT,MOTORCYCLE_ACCIDENT,TRUCK_ACCIDENT,NOT_PRIVATE_PROPERTY,ALCOHOL_INVOLVED,STWD_VEHTYPE_AT_FAULT,CHP_VEHTYPE_AT_FAULT,COUNT_SEVERE_INJ,COUNT_VISIBLE_INJ,COUNT_COMPLAINT_PAIN,COUNT_PED_KILLED,COUNT_PED_INJURED,COUNT_BICYCLIST_KILLED,COUNT_BICYCLIST_INJURED,COUNT_MC_KILLED,COUNT_MC_INJURED,PRIMARY_RAMP,SECONDARY_RAMP,LATITUDE,LONGITUDE,COUNTY,CITY,POINT_X,POINT_Y
90670239,2018,2018-02-27,9525,2018-02-19,2114,021713,NA,1,2,5,1926,0,1,1,NA,2,206,I-210 E/B (FOOTHILL FWY),LONE HILL AVE,2112,W,N,A,-,Y,NA,NA,210,NA,NA,NA,NA,NA,E,Y,4,0,1,3,A,-,08,22107,NA,N,C,C,A,A,H,-,C,D,0,NA,NA,NA,NA,Y,NA,A,01,0,0,1,0,0,0,0,0,0,-,-,34.12055969238281,-117.83553314208984,LOS ANGELES,GLENDORA,-117.83553314208984,34.120574951171875
90670241,2018,2018-02-27,9575,2018-02-19,1909,020950,NA,1,2,7,1942,0,1,1,NA,2,050,COLORADO STREET EXTENSION W/B,I-5 N/B (GOLDEN STATE FREEWAY),128,E,N,B,-,Y,NA,NA,NA,NA,NA,NA,NA,NA,NA,Y,4,0,1,2,A,-,03,22350,NA,N,C,C,A,A,H,-,C,D,0,NA,NA,NA,NA,Y,NA,A,07,0,0,1,0,0,0,0,0,0,-,-,34.1409912109375,-118.27703094482422,LOS ANGELES,LOS ANGELES,NA,NA
90670251,2018,2018-02-27,9530,2018-02-14,0915,021965,NA,3,1,9,1900,0,3,5,NA,2,002,135TH ST.,SAN PEDRO ST.,0,NA,Y,A,B,N,NA,NA,NA,NA,NA,NA,NA,NA,NA,Y,3,0,2,2,A,-,09,21801,A,N,D,C,A,A,H,-,A,A,0,NA,NA,NA,NA,Y,NA,A,01,0,1,1,0,0,0,0,0,0,-,-,33.90932083129883,-118.26969146728516,LOS ANGELES,UNINCORPORATED,-118.26966857910156,33.90916061401367
90670255,2018,2018-02-27,9580,2018-02-14,1850,020728,NA,3,2,7,1942,0,1,2,NA,2,103,US-101 S/B (VENTURA FREEWAY),VAN NUYS BLVD,1100,N,N,A,-,Y,NA,NA,101,NA,NA,NA,NA,NA,S,Y,4,0,3,2,A,-,03,22350,NA,N,C,C,A,A,H,-,C,D,0,NA,NA,NA,NA,Y,NA,A,01,0,0,3,0,0,0,0,0,0,-,-,34.1575813293457,-118.45272064208984,LOS ANGELES,LOS ANGELES,-118.45272064208984,34.15754318237305
90670277,2018,2018-02-27,9565,2018-02-20,1755,015587,NA,2,2,7,1942,0,1,1,NA,2,064,I-405 S/B (SAN DIEGO FREEWAY),SEPULVEDA BLVD.,528,N,N,A,-,Y,NA,NA,405,NA,NA,NA,NA,NA,S,Y,4,0,2,2,A,-,03,22350,NA,N,C,C,A,A,H,-,B,D,0,NA,NA,NA,NA,Y,NA,A,01,0,0,2,0,0,0,0,0,0,-,-,34.097930908203125,-118.47763824462892,LOS ANGELES,LOS ANGELES,-118.47786712646484,34.09784698486328
90670282,2018,2018-02-27,9525,2018-02-14,0625,016679,NA,3,1,5,1926,0,1,1,NA,2,215,I-210 W/B (FOOTHILL FWY),GRAND AVE,1056,E,N,B,-,Y,NA,NA,210,NA,NA,NA,NA,NA,W,Y,3,0,1,2,A,-,07,21658,NA,N,B,C,A,A,H,-,B,D,0,NA,NA,Y,NA,Y,NA,A,01,0,1,0,0,0,0,0,0,1,-,-,34.11711120605469,-117.86119842529295,LOS ANGELES,GLENDORA,-117.86119079589844,34.117210388183594
90670287,2018,2018-02-27,9550,2018-02-19,1125,021943,NA,1,1,6,1920,0,1,1,NA,2,150,INTERSTATE 105 E/B,BELLFLOWER BOULEVARD,300,W,N,A,-,Y,NA,NA,105,NA,NA,NA,NA,NA,E,Y,4,0,1,3,A,-,03,22350,NA,M,C,C,A,A,H,-,A,D,0,NA,NA,NA,NA,Y,NA,A,01,0,0,1,0,0,0,0,0,0,-,-,33.91300964355469,-118.12651824951172,LOS ANGELES,DOWNEY,-118.12651824951172,33.91303253173828
90670295,2018,2018-02-27,9580,2018-01-22,1750,021592,NA,1,2,7,1942,0,1,3,NA,2,171,SR-170 S/B TO LAUREL CANYON BLVD.,LAUREL CANYON BLVD,10,N,N,A,-,Y,NA,NA,170,NA,NA,NA,R,NA,S,N,4,0,1,2,A,-,03,22350,NA,N,C,C,A,A,H,-,C,A,0,NA,NA,NA,NA,Y,NA,A,01,0,0,1,0,0,0,0,0,0,-,-,34.18083953857422,-118.39671325683594,LOS ANGELES,LOS ANGELES,-118.39671325683594,34.18083953857422
9067030,2020,2020-05-20,1942,2020-02-13,2010,41397,914,4,5,7,1942,0,0,0,NA,0,9A23,SHERMAN WY,KESTER AV,50,W,N,A,-,N,NA,NA,NA,NA,NA,NA,NA,NA,NA,Y,3,0,2,1,A,-,03,22350,NA,N,A,I,A,A,H,-,C,D,0,NA,NA,NA,NA,Y,NA,A,01,0,1,1,0,0,0,0,0,0,-,-,NA,NA,LOS ANGELES,LOS ANGELES,-118.45762634277344,34.20113754272461
90670303,2018,2018-02-27,9550,2018-02-16,1030,015329,NA,5,1,6,1949,0,1,1,NA,2,150,INTERSTATE 105 E/B (CENTURY FREEWAY),SAN GABRIEL RIVER,50,E,N,A,-,Y,NA,NA,105,NA,NA,NA,NA,NA,E,Y,4,0,1,2,A,-,08,22107,NA,N,C,C,A,A,H,-,A,D,0,NA,NA,NA,Y,Y,NA,A,01,0,0,1,0,0,0,0,0,0,-,-,33.913490295410156,-118.11045837402344,LOS ANGELES,NORWALK,-118.11045837402344,33.913787841796875
90670310,2018,2018-02-27,9525,2018-02-14,0940,016679,NA,3,1,4,1913,0,1,1,NA,2,210,SR-210 E/B (FOOTHILL FWY),TOWNE AVE,180,E,N,A,-,Y,NA,NA,210,NA,NA,NA,NA,NA,E,Y,3,0,2,2,A,-,07,21658,NA,N,C,C,A,A,H,-,A,D,0,NA,NA,NA,NA,Y,NA,A,01,0,2,0,0,0,0,0,0,0,-,-,34.12031173706055,-117.73529815673828,LOS ANGELES,CLAREMONT,-117.73529815673828,34.12025451660156
90670345,2018,2018-02-27,9540,2018-02-16,1635,021260,NA,5,2,9,1900,0,2,4,NA,1,204,BOUQUET CANYON RD,TEXAS CANYON ROAD,11088,N,N,A,-,N,NA,NA,NA,NA,NA,NA,NA,NA,NA,Y,2,0,1,3,A,-,08,22107,NA,F,C,C,A,A,H,-,D,D,0,NA,NA,Y,NA,Y,NA,-,99,1,0,0,0,0,0,0,0,1,-,-,34.516510009765625,-118.447998046875,LOS ANGELES,UNINCORPORATED,-118.44827270507813,34.516300201416016
90670355,2018,2018-02-27,9530,2018-02-14,0925,022022,NA,3,1,7,1941,0,1,1,NA,2,071,I-710 S/B (LONG BEACH FREEWAY),LONG BEACH BLVD.,1584,N,N,A,-,Y,NA,NA,710,NA,NA,NA,NA,NA,S,Y,4,0,1,2,A,-,07,21658,A,N,B,C,A,A,H,-,A,D,0,NA,NA,NA,Y,Y,NA,G,25,0,0,1,0,0,0,0,0,0,-,-,33.86764907836914,-118.19647979736328,LOS ANGELES,LONG BEACH,-118.19637298583984,33.86758804321289
90670377,2018,2018-02-27,9530,2018-02-14,0720,013990,NA,3,1,7,1941,0,1,1,NA,2,072,I-710 S/B (LONG BEACH FREEWAY),I-405,1584,N,N,A,-,Y,NA,NA,710,NA,NA,NA,NA,NA,S,Y,3,0,1,2,A,-,07,21658,A,N,B,C,A,A,H,-,A,D,0,NA,NA,NA,NA,Y,NA,A,01,0,1,0,0,0,0,0,0,0,-,-,33.8320198059082,-118.20909881591795,LOS ANGELES,LONG BEACH,-118.20894622802734,33.83203125
9067038,2020,2020-05-20,1942,2020-02-20,0730,41932,522,4,5,7,1942,0,0,0,NA,0,5A17,OPP,BAYVIEW,0,NA,Y,A,-,N,NA,NA,NA,NA,NA,NA,NA,NA,NA,N,4,0,1,2,A,-,12,22450,A,N,B,B,B,A,-,-,A,D,0,Y,NA,NA,NA,Y,Y,A,01,0,0,1,0,1,0,0,0,0,-,-,NA,NA,LOS ANGELES,LOS ANGELES,-118.2701416015625,33.782501220703125
90670402,2018,2018-02-27,9550,2018-02-22,1220,015449,NA,4,1,6,1920,0,1,1,NA,2,500,I-5 S/B (SANTA ANA FREEWAY),LAKEWOOD BLVD.,1200,N,N,A,-,Y,NA,NA,5,NA,NA,NA,NA,NA,S,Y,3,0,2,2,A,-,03,22350,NA,N,C,C,A,A,H,-,A,D,0,NA,NA,NA,NA,Y,NA,A,07,0,1,1,0,0,0,0,0,0,-,-,33.96015167236328,-118.11489868164064,LOS ANGELES,DOWNEY,-118.1149444580078,33.9600830078125
90670407,2018,2018-02-27,9530,2018-02-14,1625,021842,NA,3,2,7,1942,0,1,1,NA,2,110,I-110 S/B (HARBOR FREEWAY),IMPERIAL HWY.,500,N,N,A,-,Y,NA,NA,NA,NA,NA,NA,NA,NA,NA,Y,4,0,2,4,A,-,03,22350,NA,N,C,C,A,A,H,-,A,D,0,NA,NA,NA,NA,Y,NA,A,01,0,0,2,0,0,0,0,0,0,-,-,33.93260955810547,-118.29084777832033,LOS ANGELES,LOS ANGELES,-118.28079986572266,33.9323616027832
90670409,2018,2018-02-27,9550,2018-02-20,1310,018271,NA,2,1,9,1900,0,1,1,NA,2,650,INTERSTATE 605 (SAN GABRIEL RIVER FREEW,WHITTIER BOULEVARD,300,S,N,A,-,Y,NA,NA,605,NA,NA,NA,NA,NA,NA,N,4,0,1,2,D,-,00,NA,NA,M,B,C,A,A,H,-,A,D,0,NA,NA,NA,NA,Y,NA,-,-,0,0,1,0,0,0,0,0,0,-,-,33.99216842651367,-118.06947326660156,LOS ANGELES,UNINCORPORATED,-118.06944274902344,33.992164611816406
90670432,2018,2018-02-27,9530,2018-02-15,0740,020427,NA,4,1,7,1941,0,1,1,NA,2,420,I-405 S/B (SAN DIEGO FREEWAY),LONG BEACH BLVD.,60,N,N,A,-,Y,NA,NA,405,NA,NA,NA,NA,NA,S,Y,3,0,1,2,A,-,03,22350,NA,N,C,C,A,A,H,-,A,D,0,NA,NA,NA,NA,Y,NA,A,01,0,1,0,0,0,0,0,0,0,-,-,33.817649841308594,-118.18965911865234,LOS ANGELES,LONG BEACH,-118.18968963623048,33.8176155090332
90670497,2018,2018-02-27,9590,2018-02-26,0930,021906,NA,1,1,7,1942,0,1,2,NA,2,072,US-101 N/B (HOLLYWOOD FREEWAY),CAHUENGA BLVD.,800,S,N,A,-,Y,NA,NA,101,NA,NA,NA,NA,NA,N,Y,4,0,1,3,A,-,03,22350,NA,N,C,C,A,A,H,-,A,D,0,NA,NA,NA,NA,Y,NA,D,22,0,0,1,0,0,0,0,0,0,-,-,34.10655975341797,-118.32839965820313,LOS ANGELES,LOS ANGELES,-118.328369140625,34.106605529785156
90670498,2018,2018-02-27,9550,2018-02-22,0430,019808,NA,4,3,9,1900,0,2,4,NA,1,013,NORWALK BOULEVARD,SLAUSON AVENUE,0,NA,Y,A,-,N,NA,NA,NA,NA,NA,NA,NA,NA,NA,Y,4,0,1,2,A,-,12,21453,A,N,D,C,A,A,H,-,C,A,0,NA,NA,NA,Y,Y,NA,A,01,0,0,1,0,0,0,0,0,0,-,-,33.57530975341797,-118.04145050048828,LOS ANGELES,UNINCORPORATED,-118.07058715820313,33.964698791503906
90670504,2018,2018-02-27,9550,2018-02-21,1600,017005,NA,3,2,6,1920,0,1,1,NA,2,651,I-605 N/B (SAN GABRIEL RIVER FWY),FLORENCE AVENUE,100,S,N,A,-,Y,NA,NA,605,NA,NA,NA,NA,NA,N,N,4,0,1,2,A,-,03,22350,NA,N,C,C,A,A,H,-,A,D,0,NA,NA,NA,NA,Y,NA,A,01,0,0,1,0,0,0,0,0,0,-,-,33.93756103515625,-118.0984115600586,LOS ANGELES,DOWNEY,-118.09840393066406,33.937557220458984
90670523,2018,2018-02-27,9550,2018-02-22,1600,020025,NA,4,2,5,1919,0,1,1,NA,2,652,INTERSTATE 605 (SAN GABRIEL RIVER FREEW,183RD STREET,1200,N,N,A,-,Y,NA,NA,605,NA,NA,NA,NA,NA,NA,Y,4,0,1,2,A,-,03,22350,NA,N,C,C,A,A,H,-,A,D,0,NA,NA,NA,NA,Y,NA,D,22,0,0,1,0,0,0,0,0,0,-,-,33.86874008178711,-118.09942626953124,LOS ANGELES,CERRITOS,-118.09954071044922,33.86869812011719
90670535,2018,2018-02-27,9565,2018-01-01,0350,021706,NA,1,3,9,1900,0,1,1,NA,2,010,I-105 WESTBOUND TO I-405 NORTHBOUND,I-405 NORTHBOUND,620,E,N,B,E,Y,NA,NA,105,NA,NA,NA,R,NA,W,N,1,1,0,2,A,-,00,21960,A,F,G,B,E,A,H,-,D,D,0,Y,NA,NA,NA,Y,NA,N,60,0,0,0,1,0,0,0,0,0,-,-,33.93178939819336,-118.36609649658205,LOS ANGELES,UNINCORPORATED,-118.36609649658205,33.93178939819336
90670537,2018,2018-02-27,9545,2018-02-12,0332,021695,NA,1,3,9,1900,0,1,3,NA,2,031,SR-14 N/B,SANTIAGO RD,3696,S,N,A,-,Y,NA,NA,14,NA,NA,NA,NA,NA,N,Y,3,0,1,2,A,-,03,22350,NA,F,C,C,A,A,H,-,D,D,0,NA,NA,NA,NA,Y,NA,-,99,0,1,0,0,0,0,0,0,0,-,-,34.49317932128906,-118.17382049560548,LOS ANGELES,UNINCORPORATED,-118.17382049560548,34.4931640625
90670558,2018,2018-02-27,9590,2018-02-20,1830,019805,NA,2,2,7,1942,0,1,1,NA,2,014,SR-110 N/B (ARROYO SECO PARKWAY),FREMONT AVE.,150,N,N,A,-,Y,NA,NA,NA,NA,NA,NA,NA,NA,NA,N,4,0,1,2,A,-,07,21658,A,N,B,C,A,A,H,-,C,D,0,NA,NA,NA,NA,Y,NA,A,01,0,0,1,0,0,0,0,0,0,-,-,34.119049072265625,-118.15258026123048,LOS ANGELES,LOS ANGELES,-118.1531219482422,34.1190299987793
90670559,2018,2018-02-27,9530,2018-02-15,1730,021875,NA,4,2,9,1900,0,3,5,NA,2,002,EL SEGUNDO BLVD.,TOWNE AVE.,0,NA,Y,A,-,N,NA,NA,NA,NA,NA,NA,NA,NA,NA,Y,4,0,1,2,A,-,09,21801,A,N,A,C,A,A,H,-,C,D,0,NA,NA,NA,NA,Y,NA,A,01,0,0,1,0,0,0,0,0,0,-,-,33.9163703918457,-118.26746368408205,LOS ANGELES,UNINCORPORATED,-118.26744079589844,33.916419982910156
90670562,2018,2018-02-27,9535,2018-02-14,1845,017789,NA,3,2,9,1900,0,2,4,NA,2,016,1ST ST,FORD BLVD.,0,NA,Y,A,-,N,NA,NA,NA,NA,NA,NA,NA,NA,NA,Y,4,0,2,2,A,-,09,21801,A,N,D,C,A,A,H,-,C,A,0,NA,NA,NA,NA,Y,NA,A,07,0,0,2,0,0,0,0,0,0,-,-,34.03696060180664,-118.16918182373048,LOS ANGELES,UNINCORPORATED,-118.16925048828124,34.03694152832031
90670573,2018,2018-02-27,9565,2018-02-26,1000,020086,NA,1,1,9,1900,0,1,1,NA,2,012,I-105 W/B FROM CRENSHAW BLVD N/B,CRENSHAW BLVD,50,E,N,A,-,Y,NA,NA,NA,NA,NA,NA,NA,NA,NA,N,4,0,1,2,A,-,03,22350,NA,N,C,C,A,A,H,-,A,A,0,NA,NA,NA,NA,Y,NA,A,08,0,0,1,0,0,0,0,0,0,-,-,33.92557144165039,-118.32624053955078,LOS ANGELES,UNINCORPORATED,-118.326416015625,33.92539978027344
90670576,2018,2018-03-05,9575,2018-02-26,1000,020030,NA,1,1,7,1942,0,1,1,NA,2,052,I-5 N/B (GOLDEN STATE FREEWAY),HOLLYWOOD WAY,650,S,N,A,-,Y,NA,NA,5,NA,NA,NA,NA,NA,N,Y,3,0,1,4,A,-,03,22350,NA,N,C,C,A,A,H,-,A,D,0,NA,NA,NA,NA,Y,NA,A,01,0,1,0,0,0,0,0,0,0,-,-,34.21126174926758,-118.34702301025392,LOS ANGELES,LOS ANGELES,-118.34710693359376,34.211151123046875
9067058,2020,2020-05-18,1925,2020-02-27,1322,21089,265,4,5,6,1925,0,0,0,NA,0,003,COLORADO ST,BRAND BL,0,NA,Y,A,-,N,NA,NA,NA,NA,NA,NA,NA,NA,NA,N,4,0,1,3,A,-,09,21801,A,N,D,C,A,A,H,-,A,A,0,NA,NA,NA,NA,Y,NA,D,22,0,0,1,0,0,0,0,0,0,-,-,NA,NA,LOS ANGELES,GLENDALE,-118.25505065917967,34.14255905151367
90670588,2018,2018-02-27,9535,2018-02-14,2000,017789,NA,3,2,9,1900,0,2,4,NA,2,024,WHITTIER BLVD. (5300 E. BLOCK),OAKFORD DR,21,E,N,A,-,N,NA,NA,NA,NA,NA,NA,NA,NA,NA,Y,3,0,1,2,A,-,08,22107,NA,N,E,I,F,A,H,-,C,D,0,Y,NA,NA,NA,Y,NA,A,07,0,1,0,0,1,0,0,0,0,-,-,34.019798278808594,-118.15419006347656,LOS ANGELES,UNINCORPORATED,-118.1542510986328,34.01976776123047
90670599,2018,2018-02-27,9565,2018-02-12,0930,019320,NA,1,1,7,1942,0,1,1,NA,2,063,I-405 S/B FROM SANTA MONICA BLVD.,SANTA MONICA BLVD.,200,S,N,A,-,Y,NA,NA,405,NA,NA,NA,R,NA,S,Y,4,0,1,2,A,-,08,22107,NA,N,B,C,A,A,H,-,A,A,0,NA,NA,Y,NA,Y,NA,C,02,0,0,1,0,0,0,0,0,1,-,-,34.04570007324219,-118.44609832763672,LOS ANGELES,LOS ANGELES,-118.44609832763672,34.04570007324219
90670602,2018,2018-02-27,9530,2018-02-15,1730,020427,NA,4,2,7,1941,0,1,1,NA,2,430,I-405 N/B (SAN DIEGO FREEWAY),BELLFLOWER BLVD.,900,N,N,A,-,Y,NA,NA,405,NA,NA,NA,NA,NA,N,N,4,0,1,2,A,-,03,22350,NA,N,C,C,A,A,H,-,B,D,0,NA,NA,NA,NA,Y,NA,A,01,0,0,1,0,0,0,0,0,0,-,-,33.80289077758789,-118.12812042236328,LOS ANGELES,LONG BEACH,-118.12812042236328,33.8028564453125
90670604,2018,2018-02-27,9550,2018-02-15,0950,021954,NA,4,1,9,1900,0,3,5,NA,2,003,AZUSA AVE S/B,SR-60 E/B TO AZUSA AVE,0,NA,Y,A,-,N,NA,NA,NA,NA,NA,NA,NA,NA,NA,Y,2,0,2,3,A,-,12,21453,A,N,D,C,A,A,H,-,A,D,0,NA,NA,NA,NA,Y,NA,A,01,2,0,0,0,0,0,0,0,0,-,-,33.99578857421875,-117.93131256103516,LOS ANGELES,UNINCORPORATED,-117.931239,33.996834
90670644,2018,2018-02-27,9550,2018-02-22,1855,020531,NA,4,2,5,1919,0,1,3,NA,2,091,STATE ROUTE 91 (ARTESIA FREEWAY),STUDEBAKER RD,500,E,N,A,-,Y,NA,NA,91,NA,NA,NA,NA,NA,NA,N,4,0,1,2,A,-,07,21658,A,N,B,C,A,A,H,-,C,D,0,NA,NA,NA,NA,Y,NA,A,07,0,0,1,0,0,0,0,0,0,-,-,33.87651824951172,-118.0947036743164,LOS ANGELES,CERRITOS,-118.09469604492188,33.87640380859375
90670652,2018,2018-02-27,9590,2018-02-23,1810,021443,NA,5,2,7,1942,0,1,1,NA,2,050,I-110 N/B (HAF),VERNON AVENUE,100,S,N,A,-,Y,NA,NA,110,NA,NA,NA,NA,NA,N,N,4,0,1,2,A,-,03,22350,NA,N,C,C,A,A,H,-,C,D,0,NA,NA,NA,NA,Y,NA,A,01,0,0,1,0,0,0,0,0,0,-,-,34.00336837768555,-118.2805633544922,LOS ANGELES,LOS ANGELES,-118.28099822998048,34.00337219238281
90670670,2018,2018-02-27,9535,2018-02-16,0155,021638,NA,5,3,5,1952,0,1,1,NA,2,074,I-710 (LONG BEACH FREEWAY) N/B,COMPTON BLVD,300,N,N,A,-,Y,NA,NA,710,NA,NA,NA,NA,NA,N,Y,2,0,1,2,A,-,01,23152,A,N,C,C,A,A,H,-,C,D,0,NA,NA,NA,Y,Y,Y,A,01,1,0,0,0,0,0,0,0,0,-,-,33.897911071777344,-118.18708801269533,LOS ANGELES,PARAMOUNT,-118.18717956542967,33.89792251586914
90670676,2018,2018-02-27,9540,2018-02-26,0540,018037,NA,1,3,9,1900,0,1,3,NA,2,147,SR-14 S/B (ANTELOPE VALLEY FREEWAY),AGUA DULCE CANYON RD U/C,1584,N,N,A,-,Y,NA,NA,14,NA,NA,NA,NA,NA,S,Y,4,0,1,2,A,-,03,22350,NA,N,C,C,A,A,H,-,D,D,0,NA,NA,NA,NA,Y,NA,A,01,0,0,1,0,0,0,0,0,0,-,-,34.467281341552734,-118.32449340820313,LOS ANGELES,UNINCORPORATED,-118.32447814941406,34.46723556518555
90670687,2018,2018-02-27,9540,2018-02-26,0858,018037,NA,1,1,9,1900,0,1,3,NA,1,143,SR-14 S/B (ANTELOPE VALLEY FREEWAY),SIERRA HIGHWAY,417,N,N,A,-,Y,NA,NA,NA,NA,NA,NA,NA,NA,NA,N,4,0,2,2,A,-,03,22350,NA,N,C,C,A,A,H,-,A,D,0,NA,NA,NA,NA,Y,NA,A,01,0,0,2,0,0,0,0,0,0,-,-,34.33283996582031,-118.50798034667967,LOS ANGELES,UNINCORPORATED,-118.50675201416016,34.339908599853516
90670690,2018,2018-03-19,9550,2018-02-20,0555,022012,NA,2,3,5,1919,0,1,3,NA,2,092,SR-91 E/B (ARTESIA FREEWAY),PIONEER BOULEVARD,500,E,N,A,-,Y,NA,NA,91,NA,NA,NA,NA,NA,E,Y,3,0,5,4,A,-,08,22107,NA,N,B,C,A,A,H,-,B,D,0,NA,NA,NA,NA,Y,NA,A,08,0,2,3,0,0,0,0,0,0,-,-,33.8763313293457,-118.08019256591795,LOS ANGELES,CERRITOS,-118.08019256591795,33.87646484375
90670720,2018,2018-02-27,9545,2018-02-10,0540,018097,NA,6,3,9,1900,0,1,3,NA,2,021,SR-14 S/B (ANTELOPE VALLEY FWY),AVENUE O,1255,N,N,G,-,Y,NA,NA,14,NA,NA,NA,NA,NA,S,Y,4,0,1,2,A,-,08,22107,NA,F,E,I,A,A,C,-,C,D,0,NA,NA,NA,NA,Y,NA,A,01,0,0,1,0,0,0,0,0,0,-,-,34.62002944946289,-118.15326690673828,LOS ANGELES,UNINCORPORATED,-118.15348052978516,34.620033264160156
90670736,2018,2018-02-27,9580,2018-02-15,0035,020681,NA,4,3,7,1942,0,1,3,NA,2,170,SR-170 N/B (HOLLYWOOD FWY.),VICTORY BLVD,200,N,N,A,-,Y,NA,NA,170,NA,NA,NA,NA,NA,N,Y,4,0,1,1,A,-,08,22107,NA,N,E,I,A,A,H,-,C,D,0,NA,NA,NA,NA,Y,NA,A,01,0,0,1,0,0,0,0,0,0,-,-,34.188228607177734,-118.4015884399414,LOS ANGELES,LOS ANGELES,-118.4015884399414,34.188228607177734
90670744,2018,2018-02-27,9580,2018-02-15,1431,021257,NA,4,2,7,1942,0,1,3,NA,2,117,SR-118 W/B (RONALD REAGAN FWY.),CHIMINEAS AVE.,145,E,N,A,-,Y,NA,NA,118,NA,NA,NA,NA,NA,W,Y,4,0,1,2,A,-,07,21658,A,N,B,C,A,A,H,-,A,D,0,NA,NA,NA,NA,Y,NA,A,01,0,0,1,0,0,0,0,0,0,-,-,34.27775955200195,-118.52922058105467,LOS ANGELES,LOS ANGELES,-118.52922821044922,34.277793884277344
90670750,2018,2018-02-27,9580,2018-02-16,1805,021627,NA,5,2,7,1942,0,1,1,NA,2,404,I-405 N/B (SAN DIEGO FWY),SHERMAN WAY,1500,S,N,A,-,Y,NA,NA,405,NA,NA,NA,NA,NA,N,N,4,0,1,2,A,-,03,22350,NA,N,C,C,A,A,H,-,E,D,0,NA,NA,NA,NA,Y,NA,A,08,0,0,1,0,0,0,0,0,0,-,-,34.19729995727539,-118.47418975830078,LOS ANGELES,LOS ANGELES,-118.47413635253906,34.19729232788086
90670771,2018,2018-02-27,9550,2018-02-23,1700,015045,NA,5,2,6,1920,0,1,1,NA,2,651,I-605 N/B (SAN GABRIEL RIVER FREEWAY),FLORENCE AVENUE,528,S,N,A,-,Y,NA,NA,605,NA,NA,NA,NA,NA,N,Y,3,0,3,3,A,-,03,22350,NA,N,C,C,A,A,H,-,A,D,0,NA,NA,NA,Y,Y,NA,G,25,0,1,2,0,0,0,0,0,0,-,-,33.934600830078125,-118.09954833984376,LOS ANGELES,DOWNEY,-118.09986114501952,33.93475341796875
9067078,2020,2020-06-15,1941,2020-02-29,1119,10036,NA,6,5,7,1941,0,0,0,NA,0,NA,SANTA FE AV,25TH ST,25,N,N,A,-,N,NA,NA,NA,NA,NA,NA,NA,NA,NA,Y,3,0,1,2,A,-,08,22107,NA,N,C,E,A,A,H,-,A,D,0,NA,NA,NA,NA,Y,NA,A,NA,0,1,0,0,0,0,0,0,0,-,-,NA,NA,LOS ANGELES,LONG BEACH,-118.21552276611328,33.80262756347656
90670780,2018,2018-02-27,9525,2018-02-22,0953,016677,NA,4,1,6,1955,0,1,3,NA,2,604,SR-60 E/B (POMONA FWY),GOLDEN SPRINGS DR,1800,E,N,B,-,Y,NA,NA,NA,NA,NA,NA,NA,NA,NA,Y,3,0,6,4,A,-,07,21658,A,N,B,C,A,A,H,-,A,D,0,NA,NA,NA,NA,Y,NA,A,01,0,1,5,0,0,0,0,0,0,-,-,34.026241302490234,-117.79039001464844,LOS ANGELES,POMONA,-117.79045104980467,34.026248931884766
90670784,2018,2018-02-27,9580,2018-02-17,1155,021079,NA,6,1,7,1942,0,1,2,NA,2,105,US-101 S/B (VENTURA FREEWAY),TAMPA AVE,1500,N,N,A,-,Y,NA,NA,101,NA,NA,NA,NA,NA,S,N,4,0,3,3,A,-,03,22350,NA,N,C,C,A,A,H,-,A,D,0,NA,NA,NA,NA,Y,NA,D,22,0,0,3,0,0,0,0,0,0,-,-,34.173561096191406,-118.55753326416016,LOS ANGELES,LOS ANGELES,-118.55753326416016,34.17353057861328