CASE_ID,ACCIDENT_YEAR,PROC_DATE,JURIS,COLLISION_DATE,COLLISION_TIME,OFFICER_ID,REPORTING_DISTRICT,DAY_OF_WEEK,CHP_SHIFT,POPULATION,CNTY_CITY_LOC,SPECIAL_COND,BEAT_TYPE,CHP_BEAT_TYPE,CITY_DIVISION_LAPD,CHP_BEAT_CLASS,BEAT_NUMBER,PRIMARY_RD,SECONDARY_RD,DISTANCE,DIRECTION,INTERSECTION,WEATHER_1,WEATHER_2,STATE_HWY_IND,CALTRANS_COUNTY,CALTRANS_DISTRICT,STATE_ROUTE,ROUTE_SUFFIX,POSTMILE_PREFIX,POSTMILE,LOCATION_TYPE,RAMP_INTERSECTION,SIDE_OF_HWY,TOW_AWAY,COLLISION_SEVERITY,NUMBER_KILLED,NUMBER_INJURED,PARTY_COUNT,PRIMARY_COLL_FACTOR,PCF_CODE_OF_VIOL,PCF_VIOL_CATEGORY,PCF_VIOLATION,PCF_VIOL_SUBSECTION,HIT_AND_RUN,TYPE_OF_COLLISION,MVIW,PED_ACTION,ROAD_SURFACE,ROAD_COND_1,ROAD_COND_2,LIGHTING,CONTROL_DEVICE,CHP_ROAD_TYPE,PEDESTRIAN_ACCIDENT,BICYCLE_ACCIDENT,MOTORCYCLE_ACCIDENT,TRUCK_ACCIDENT,NOT_PRIVATE_PROPERTY,ALCOHOL_INVOLVED,STWD_VEHTYPE_AT_FAULT,CHP_VEHTYPE_AT_FAULT,COUNT_SEVERE_INJ,COUNT_VISIBLE_INJ,COUNT_COMPLAINT_PAIN,COUNT_PED_KILLED,COUNT_PED_INJURED,COUNT_BICYCLIST_KILLED,COUNT_BICYCLIST_INJURED,COUNT_MC_KILLED,COUNT_MC_INJURED,PRIMARY_RAMP,SECONDARY_RAMP,LATITUDE,LONGITUDE,COUNTY,CITY,POINT_X,POINT_Y
90675308,2018,2018-03-05,9535,2018-02-25,2100,020767,NA,7,2,9,1900,0,3,5,NA,2,002,FETTERLY AVENUE (400 BLOCK),4TH STREET,200,S,N,A,-,N,NA,NA,NA,NA,NA,NA,NA,NA,NA,N,4,0,1,2,A,-,21,22106,NA,N,G,B,E,A,H,-,C,D,0,Y,NA,NA,NA,Y,NA,A,01,0,0,1,0,1,0,0,0,0,-,-,34.02997970581055,-118.16214752197266,LOS ANGELES,UNINCORPORATED,-118.16200256347656,34.030399322509766
90675316,2018,2018-03-05,9565,2018-02-22,2240,021868,NA,4,3,9,1900,0,3,5,NA,2,004,HAWTHORNE BLVD. N/B,LENNOX BLVD.,300,S,N,A,-,N,NA,NA,NA,NA,NA,NA,NA,NA,NA,Y,2,0,1,2,A,-,03,22350,NA,F,C,C,A,A,H,-,C,D,0,NA,NA,Y,NA,Y,NA,-,99,1,0,0,0,0,0,0,0,1,-,-,33.93729019165039,-118.35253143310548,LOS ANGELES,UNINCORPORATED,-118.35272216796876,33.93735885620117
90675327,2018,2018-03-05,9565,2018-02-23,1710,020972,NA,5,2,9,1900,0,3,5,NA,2,002,107TH STREET,VERMONT AVENUE,1000,W,N,A,-,N,NA,NA,NA,NA,NA,NA,NA,NA,NA,Y,4,0,2,2,A,-,03,22350,NA,N,D,C,A,A,H,-,C,D,0,NA,NA,NA,NA,Y,NA,A,01,0,0,2,0,0,0,0,0,0,-,-,33.938819885253906,-118.29342651367188,LOS ANGELES,UNINCORPORATED,-118.2952117919922,33.938819885253906
9067533,2020,2020-03-30,1916,2020-02-26,1145,2599,E48C1,3,5,4,1916,0,0,0,NA,0,EAST,GRAND AV,BADILLO ST,91,N,N,A,-,N,NA,NA,NA,NA,NA,NA,NA,NA,NA,N,4,0,1,2,A,-,03,22350,NA,N,C,C,A,A,H,-,A,A,0,NA,NA,NA,NA,Y,NA,A,01,0,0,1,0,0,0,0,0,0,-,-,34.08625030517578,-117.87258911132813,LOS ANGELES,COVINA,-117.87261199951172,34.086509704589844
90675331,2018,2018-03-06,9565,2018-02-23,1812,015587,NA,5,2,7,1942,0,1,1,NA,2,062,I-405 S/B (SAN DIEGO FREEWAY),VENICE BLVD.,75,N,N,A,-,Y,NA,NA,405,NA,NA,NA,NA,NA,S,Y,3,0,1,2,A,-,07,21658,A,N,C,C,A,A,H,-,D,D,0,NA,NA,Y,NA,Y,NA,A,01,0,1,0,0,0,0,0,0,1,-,-,34.01239013671875,-118.4187469482422,LOS ANGELES,LOS ANGELES,-118.41875457763672,34.01239013671875
90675335,2018,2018-03-06,9565,2018-02-24,1900,021729,NA,6,2,7,1942,0,1,1,NA,2,063,I-405 S/B,OLYMPIC BLVD,40,N,N,A,-,Y,NA,NA,405,NA,NA,NA,NA,NA,S,N,3,0,2,3,A,-,03,22350,NA,N,C,C,A,A,H,-,C,D,0,NA,NA,NA,NA,Y,NA,A,08,0,2,0,0,0,0,0,0,0,-,-,34.03936004638672,-118.44001770019533,LOS ANGELES,LOS ANGELES,-118.4401626586914,34.039241790771484
90675352,2018,2018-04-10,9550,2018-03-03,2345,021977,NA,6,3,9,1900,0,1,3,NA,2,602,STATE ROUTE 60 E/B,FAIRWAY DR.,2270,W,N,A,-,Y,NA,NA,60,NA,NA,NA,NA,NA,E,Y,4,0,1,2,A,-,01,23152,A,N,B,C,A,A,H,-,C,D,0,NA,NA,NA,NA,Y,Y,A,01,0,0,1,0,0,0,0,0,0,-,-,33.995140075683594,-117.87776184082033,LOS ANGELES,UNINCORPORATED,-117.87774658203124,33.99504470825195
90675364,2018,2018-03-06,9575,2018-02-24,1645,021784,NA,6,2,7,1942,0,1,1,NA,2,053,I-5 S/B TO SR-170 S/B,SHELDON ST.,1200,N,N,A,-,Y,NA,NA,5,NA,NA,NA,R,NA,S,N,4,0,1,2,A,-,08,22107,NA,N,B,C,A,A,H,-,A,D,0,NA,NA,NA,NA,Y,NA,-,-,0,0,1,0,0,0,0,0,0,-,-,34.231571197509766,-118.40991973876952,LOS ANGELES,LOS ANGELES,-118.40991973876952,34.231571197509766
9067537,2020,2020-03-30,1916,2020-02-17,1122,2592,WBC1,1,5,4,1916,0,0,0,NA,0,WEST,SAN BERNARDINO RD,RIMSDALE AV,0,NA,Y,A,-,N,NA,NA,NA,NA,NA,NA,NA,NA,NA,Y,4,0,1,2,A,-,12,21453,A,N,D,D,A,A,H,-,A,A,0,NA,NA,NA,NA,Y,NA,A,01,0,0,1,0,0,0,0,0,0,-,-,34.08879852294922,-117.9111785888672,LOS ANGELES,COVINA,-117.91120147705078,34.08879089355469
90675376,2018,2018-03-06,9575,2018-02-28,2347,021254,NA,3,3,5,1902,0,1,1,NA,2,065,I-210 E/B (FOOTHILL FREEWAY),SANTA ANITA AVE,25,E,N,A,-,Y,NA,NA,210,NA,NA,NA,NA,NA,E,N,4,0,1,2,A,-,16,24002,A,N,C,J,A,A,H,-,D,D,0,NA,NA,NA,NA,Y,NA,A,07,0,0,1,0,0,0,0,0,0,-,-,34.1462516784668,-118.02815246582033,LOS ANGELES,ARCADIA,-118.02814483642578,34.14626693725586
90675382,2018,2018-03-06,9590,2018-03-05,1815,021072,NA,1,2,7,1942,0,1,2,NA,2,071,US-101 S/B (SANTA ANA FREEWAY),SPRING ST.,200,N,N,A,-,Y,NA,NA,101,NA,NA,NA,NA,NA,S,Y,4,0,1,3,A,-,03,22350,NA,N,C,C,A,A,H,-,C,D,0,NA,NA,NA,NA,Y,NA,A,07,0,0,1,0,0,0,0,0,0,-,-,34.0565185546875,-118.24188995361328,LOS ANGELES,LOS ANGELES,-118.24187469482422,34.056549072265625
90675388,2018,2018-03-06,9590,2018-03-05,2059,020443,NA,1,2,7,1942,0,1,1,NA,2,053,I-110 S/B (HAF) TO I-10 E/B (SMF),WASHINGTON BLVD.,255,N,N,A,-,Y,NA,NA,110,NA,NA,NA,R,NA,S,Y,4,0,1,1,A,-,08,22107,NA,N,E,J,A,A,H,-,C,D,0,NA,NA,NA,NA,Y,NA,A,01,0,0,1,0,0,0,0,0,0,-,-,34.03670120239258,-118.27529144287108,LOS ANGELES,LOS ANGELES,-118.27529144287108,34.03670120239258
9067539,2020,2020-03-19,1900,2020-02-09,0110,619888,0974,7,5,4,1979,0,0,0,NA,0,91J EM,FOUNTAIN AV,SPAULDING AV,0,NA,Y,A,-,N,NA,NA,NA,NA,NA,NA,NA,NA,NA,N,4,0,1,2,A,-,08,22107,NA,N,D,C,A,A,H,-,C,A,0,NA,NA,Y,NA,Y,NA,A,01,0,0,1,0,0,0,0,0,1,-,-,NA,NA,LOS ANGELES,WEST HOLLYWOOD,-118.35669708251952,34.09442138671875
90675399,2018,2018-03-06,9530,2018-02-24,2042,021582,NA,6,2,9,1900,0,1,1,NA,2,120,I-110 N/B (HARBOR FREEWAY),I-405 S/B (SAN DIEGO FREEWAY),528,S,N,A,-,Y,NA,NA,110,NA,NA,NA,NA,NA,N,Y,3,0,2,2,A,-,03,22350,NA,N,C,C,A,A,H,-,C,D,0,NA,NA,NA,NA,Y,NA,A,01,0,1,1,0,0,0,0,0,0,-,-,33.85485076904297,-118.2846908569336,LOS ANGELES,UNINCORPORATED,-118.2847137451172,33.85485076904297
9067541,2020,2020-03-30,1916,2020-02-28,0552,2949,D33C,5,5,4,1916,0,0,0,NA,0,DOWNTO,CITRUS AV,ROWLAND ST,0,NA,Y,A,-,N,NA,NA,NA,NA,NA,NA,NA,NA,NA,Y,4,0,3,3,A,-,12,21453,A,N,D,C,A,A,H,-,B,A,0,NA,NA,NA,NA,Y,NA,A,01,0,0,3,0,0,0,0,0,0,-,-,34.07905960083008,-117.89012145996094,LOS ANGELES,COVINA,-117.89016723632813,34.07891845703125
90675413,2018,2018-03-06,9590,2018-03-01,0100,020697,NA,4,3,7,1942,0,1,1,NA,2,053,I-110 S/B (HARBOR FREEWAY) TO 6TH ST,I-110 NORTHBOUND (HARBOR FREEWAY),65,E,N,A,-,Y,NA,NA,110,NA,NA,NA,R,NA,S,Y,2,0,1,1,A,-,01,23152,A,N,E,I,A,A,H,-,C,D,0,NA,NA,NA,NA,Y,Y,A,01,1,0,0,0,0,0,0,0,0,-,-,34.051788330078125,-118.2597427368164,LOS ANGELES,LOS ANGELES,-118.2597427368164,34.051788330078125
90675421,2018,2018-03-06,9590,2018-03-03,1842,021504,NA,6,2,7,1942,0,1,1,NA,2,085,I-5 S/B (GOLDEN STATE FREEWAY),FLETCHER DR.,1000,N,N,C,-,Y,NA,NA,5,NA,NA,NA,NA,NA,S,Y,4,0,1,2,A,-,03,22350,NA,N,C,C,A,B,H,-,C,D,0,NA,NA,NA,NA,Y,NA,A,01,0,0,1,0,0,0,0,0,0,-,-,34.1083984375,-118.25945281982422,LOS ANGELES,LOS ANGELES,-118.25944519042967,34.1084098815918
90675429,2018,2018-03-06,9530,2018-02-25,0024,021325,NA,7,3,9,1900,0,3,5,NA,2,001,FLORENCE AVE.,SEVILLE AVE.,0,NA,Y,A,-,N,NA,NA,NA,NA,NA,NA,NA,NA,NA,Y,4,0,1,4,A,-,03,22350,NA,N,C,C,A,A,H,-,C,A,0,NA,NA,NA,NA,Y,NA,A,01,0,0,1,0,0,0,0,0,0,-,-,33.97385025024414,-118.22245025634766,LOS ANGELES,UNINCORPORATED,-118.22241973876952,33.97391891479492
90675442,2018,2018-03-06,9535,2018-02-26,1626,017944,NA,1,2,9,1900,0,1,1,NA,2,071,I-710 S/B FROM WHITTIER BL./OLYMPIC BL.,OLYMPIC BLVD.,235,N,N,A,-,Y,NA,NA,710,NA,NA,NA,R,NA,S,N,4,0,1,2,A,-,03,22350,NA,M,C,C,A,A,H,-,A,D,0,NA,NA,NA,NA,Y,NA,A,07,0,0,1,0,0,0,0,0,0,-,-,34.01966857910156,-118.17366027832033,LOS ANGELES,UNINCORPORATED,-118.17366027832033,34.01966857910156
90675446,2018,2018-03-06,9525,2018-02-26,1157,020891,NA,1,1,6,1975,0,1,1,NA,2,106,I-10 E/B (SAN BERNARDINO FWY),BARRANCA ST.,250,E,N,B,C,Y,NA,NA,10,NA,NA,NA,NA,NA,E,Y,2,0,1,2,A,-,03,22350,NA,N,A,C,A,B,D,E,D,D,0,NA,NA,NA,NA,Y,NA,A,01,1,0,0,0,0,0,0,0,0,-,-,34.071800231933594,-117.87789916992188,LOS ANGELES,WEST COVINA,-117.87789916992188,34.07176971435547
9067545,2020,2020-03-30,1916,2020-02-24,1556,2591,D40I1,1,5,4,1916,0,0,0,NA,0,DOWNTO,BARRANCA AV,EDNA PL,0,NA,Y,A,-,N,NA,NA,NA,NA,NA,NA,NA,NA,NA,Y,4,0,1,2,A,-,09,21802,B,N,D,D,A,A,H,-,A,B,0,NA,NA,NA,NA,Y,NA,A,01,0,0,1,0,0,0,0,0,0,-,-,NA,NA,LOS ANGELES,COVINA,-117.8813705444336,34.0930290222168
90675467,2018,2018-03-06,9530,2018-03-04,2130,021493,NA,7,2,9,1900,0,3,5,NA,2,004,DEL AMO BLVD. (2700 BLOCK),SANTA FE AVE.,1000,W,N,A,-,N,NA,NA,NA,NA,NA,NA,NA,NA,NA,Y,4,0,3,2,A,-,01,23152,A,N,D,C,A,A,H,-,C,D,0,NA,NA,NA,NA,Y,Y,A,01,0,0,3,0,0,0,0,0,0,-,-,33.846710205078125,-118.21450805664064,LOS ANGELES,UNINCORPORATED,-118.21500396728516,33.846588134765625
9067549,2020,2020-03-30,1916,2020-02-15,1952,2831,W21H1,6,5,4,1916,0,0,0,NA,0,WEST,HOLLENBECK AV,BADILLO ST,111,N,N,A,-,N,NA,NA,NA,NA,NA,NA,NA,NA,NA,Y,4,0,1,2,A,-,03,22350,NA,N,C,C,A,A,H,-,C,A,0,NA,NA,NA,NA,Y,Y,A,07,0,0,1,0,0,0,0,0,0,-,-,34.08631896972656,-117.89895629882813,LOS ANGELES,COVINA,-117.89896392822266,34.08663558959961
90675522,2018,2018-03-06,9530,2018-02-25,1315,021875,NA,7,1,9,1900,0,3,5,NA,2,001,FLORENCE AVE. (2600 BLOCK),RITA AVE,20,W,N,A,-,N,NA,NA,NA,NA,NA,NA,NA,NA,NA,N,4,0,1,2,A,-,03,22350,NA,N,C,C,A,A,H,-,A,A,0,NA,NA,NA,NA,Y,NA,A,08,0,0,1,0,0,0,0,0,0,-,-,33.97496032714844,-118.22405242919922,LOS ANGELES,UNINCORPORATED,-118.22393798828124,33.97408676147461
90675526,2018,2018-03-06,9530,2018-02-22,1715,020175,NA,4,2,7,1941,0,1,1,NA,2,420,I-405 S/B (SAN DIEGO FREEWAY),ORANGE AVE.,10,S,N,A,-,Y,NA,NA,405,NA,NA,NA,NA,NA,S,Y,4,0,1,2,A,-,03,22350,NA,N,C,C,A,A,H,-,A,D,0,NA,NA,NA,NA,Y,NA,D,22,0,0,1,0,0,0,0,0,0,-,-,33.814300537109375,-118.1759033203125,LOS ANGELES,LONG BEACH,-118.1759033203125,33.81422424316406
9067553,2020,2020-03-30,1916,2020-02-12,1021,2592,W16R1,3,5,4,1916,0,0,0,NA,0,WEST,AZUSA AV,CYPRESS ST,49,N,N,A,-,N,NA,NA,NA,NA,NA,NA,NA,NA,NA,N,4,0,1,2,A,-,03,22350,NA,N,C,C,A,A,H,-,A,A,0,NA,NA,NA,NA,Y,NA,A,01,0,0,1,0,0,0,0,0,0,-,-,34.09572982788086,-117.90766143798828,LOS ANGELES,COVINA,-117.90782165527344,34.09590530395508
9067557,2020,2020-03-30,1916,2020-02-09,1407,2956,E47C1,7,5,4,1916,0,0,0,NA,0,EAST,SAN BERNARDINO RD,BARRANCA AV,0,NA,Y,B,-,N,NA,NA,NA,NA,NA,NA,NA,NA,NA,N,2,0,1,2,A,-,11,21456,B,N,D,B,B,A,H,-,A,A,0,Y,NA,NA,NA,Y,NA,N,60,1,0,0,0,1,0,0,0,0,-,-,34.090789794921875,-117.88133239746094,LOS ANGELES,COVINA,-117.88134765625,34.090789794921875
90675575,2018,2018-03-06,9530,2018-02-25,1810,021582,NA,7,2,9,1900,0,1,1,NA,2,210,I-105 W/B (GLENN ANDERSON FWY),SUCCESS AVE.,70,E,N,A,-,Y,NA,NA,105,NA,NA,NA,NA,NA,W,Y,3,0,1,2,A,-,07,21658,A,N,B,C,A,A,H,-,B,D,0,NA,NA,Y,NA,Y,NA,A,07,0,1,0,0,0,0,0,0,1,-,-,33.92885971069336,-118.24903869628906,LOS ANGELES,UNINCORPORATED,-118.24903869628906,33.92887496948242
90675585,2018,2018-03-06,9590,2018-03-04,1955,021535,NA,7,2,7,1942,0,1,1,NA,2,053,I-110 S/B (HARBOR FREEWAY),PICO BLVD,600,N,N,A,-,Y,NA,NA,110,NA,NA,NA,NA,NA,S,N,4,0,3,3,A,-,07,21658,A,N,B,C,A,A,H,-,C,D,0,NA,NA,NA,NA,Y,NA,A,01,0,0,3,0,0,0,0,0,0,-,-,34.04418182373047,-118.2720184326172,LOS ANGELES,LOS ANGELES,-118.27203369140624,34.044189453125
90675597,2018,2018-03-06,9535,2018-02-28,0700,016276,NA,3,1,9,1900,0,3,5,NA,2,002,REPETTO AVE,SIMMONS AVE,0,NA,Y,A,-,N,NA,NA,NA,NA,NA,NA,NA,NA,NA,N,4,0,1,2,A,-,09,21802,A,N,D,C,A,A,H,-,A,A,0,NA,NA,NA,NA,Y,NA,A,01,0,0,1,0,0,0,0,0,0,-,-,34.024478912353516,-118.1443099975586,LOS ANGELES,UNINCORPORATED,-118.1443328857422,34.02450180053711
90675645,2018,2018-03-06,9550,2018-02-28,1840,018150,NA,3,2,9,1900,0,1,1,NA,2,650,I-605 (S/B),BEVERLY BLVD,100,N,N,A,-,Y,NA,NA,605,NA,NA,NA,NA,NA,NA,Y,4,0,1,4,A,-,03,22350,NA,N,C,C,A,A,H,-,C,D,0,NA,NA,NA,NA,Y,NA,A,01,0,0,1,0,0,0,0,0,0,-,-,34.004638671875,-118.0635223388672,LOS ANGELES,UNINCORPORATED,-118.06358337402344,34.00471878051758
90675646,2018,2018-03-06,9575,2018-03-03,0350,017414,NA,6,3,7,1942,0,1,3,NA,2,043,SR-134 W/B (VENTURA FREEWAY),LOS ANGELES RIVER,530,W,N,B,C,Y,NA,NA,134,NA,NA,NA,NA,NA,W,Y,4,0,1,1,A,-,03,22350,NA,N,E,I,A,B,H,-,D,D,0,NA,NA,NA,NA,Y,NA,A,01,0,0,1,0,0,0,0,0,0,-,-,34.15275955200195,-118.28157043457033,LOS ANGELES,LOS ANGELES,-118.28156280517578,34.15281677246094
90675660,2018,2018-03-06,9545,2018-02-26,1230,016549,NA,1,1,9,1900,0,3,5,NA,2,004,90TH ST  E,PALMDALE BLVD,0,NA,Y,A,-,N,NA,NA,NA,NA,NA,NA,NA,NA,NA,Y,2,0,1,2,A,-,09,21801,A,N,A,C,A,A,H,-,A,A,0,NA,NA,NA,NA,Y,NA,A,01,1,0,0,0,0,0,0,0,0,-,-,34.57965087890625,-117.9694366455078,LOS ANGELES,UNINCORPORATED,-117.96946716308594,34.57971954345703
90675679,2018,2018-03-06,9550,2018-02-25,0345,021386,NA,7,3,9,1900,0,3,5,NA,2,002,VALLEY VIEW AVENUE SOUTHBOUND,SARANAC DRIVE,90,S,N,A,-,N,NA,NA,NA,NA,NA,NA,NA,NA,NA,Y,4,0,1,4,A,-,01,23152,A,N,B,E,A,A,H,-,D,D,0,NA,NA,NA,NA,Y,Y,A,01,0,0,1,0,0,0,0,0,0,-,-,33.92102813720703,-118.02926635742188,LOS ANGELES,UNINCORPORATED,-118.02926635742188,33.921104431152344
90675688,2018,2018-03-06,9575,2018-02-25,1500,020119,NA,7,2,9,1900,0,2,4,NA,2,023,FAIR OAKS AVE. (2500 BLOCK),CALAVERAS ST.,200,N,N,A,-,N,NA,NA,NA,NA,NA,NA,NA,NA,NA,N,4,0,1,2,A,-,03,22350,NA,N,G,B,E,A,H,-,A,D,0,Y,NA,NA,NA,Y,NA,M,47,0,0,1,0,1,0,0,0,0,-,-,34.189208984375,-118.15001678466795,LOS ANGELES,UNINCORPORATED,-118.14955139160156,34.18992233276367
90675694,2018,2018-03-06,9545,2018-02-26,1605,014790,NA,1,2,9,1900,0,3,5,NA,1,006,50TH ST  W,AVENUE M 8,0,NA,Y,A,-,N,NA,NA,NA,NA,NA,NA,NA,NA,NA,N,4,0,1,2,A,-,09,21801,A,N,D,C,A,A,H,-,A,A,0,NA,NA,NA,NA,Y,NA,A,07,0,0,1,0,0,0,0,0,0,-,-,34.638179779052734,-118.21858978271484,LOS ANGELES,UNINCORPORATED,-118.2186279296875,34.63819885253906
90675700,2018,2018-03-06,9550,2018-02-28,0830,021974,NA,3,1,3,1964,0,1,1,NA,2,650,I-605 N/B,SLAUSON AVE.,2300,S,N,A,-,Y,NA,NA,NA,NA,NA,NA,NA,NA,NA,N,4,0,1,2,A,-,03,22350,NA,M,C,C,A,A,H,-,A,D,0,NA,NA,NA,NA,Y,NA,-,99,0,0,1,0,0,0,0,0,0,-,-,33.57392883300781,-118.59100341796876,LOS ANGELES,SANTA FE SPRINGS,-118.08574676513672,33.96122741699219
90675726,2018,2018-03-06,9535,2018-03-02,1550,020033,NA,5,2,9,1900,0,2,4,NA,2,024,WHITTIER BLVD. (6100 BLOCK),HENDRICKS AVE,35,E,N,C,-,N,NA,NA,NA,NA,NA,NA,NA,NA,NA,N,4,0,2,2,A,-,03,22350,NA,N,C,C,A,B,H,-,A,A,0,NA,NA,NA,NA,Y,NA,A,01,0,0,2,0,0,0,0,0,0,-,-,34.016780853271484,-118.13995361328124,LOS ANGELES,UNINCORPORATED,-118.14002990722656,34.01675796508789
90675727,2018,2018-03-06,9545,2018-02-26,2055,014790,NA,1,2,9,1900,0,1,3,NA,1,042,SR-138 W/B,96TH ST  E,53,W,N,B,-,Y,NA,NA,138,NA,NA,NA,NA,NA,W,Y,2,0,1,1,A,-,03,22350,NA,N,E,I,A,A,H,-,C,A,0,NA,NA,NA,NA,Y,NA,A,01,1,0,0,0,0,0,0,0,0,-,-,34.521541595458984,-117.95851135253906,LOS ANGELES,UNINCORPORATED,-117.95851135253906,34.52117156982422
90675747,2018,2018-03-06,9530,2018-02-26,1305,021842,NA,1,1,7,1942,0,1,1,NA,2,400,I-405 S/B (SAN DIEGO FREEWAY),VERMONT AVE.,1200,N,N,A,-,Y,NA,NA,405,NA,NA,NA,NA,NA,S,N,4,0,2,3,A,-,03,22350,NA,N,C,C,A,A,H,-,A,D,0,NA,NA,NA,Y,Y,NA,G,25,0,0,2,0,0,0,0,0,0,-,-,33.85976028442383,-118.29611206054688,LOS ANGELES,LOS ANGELES,-118.29611206054688,33.8597297668457
90675782,2018,2018-03-06,9580,2018-02-26,1417,022016,NA,1,2,9,1900,0,2,4,NA,1,128,KANAN RD,TUNNEL #2,1097,N,N,A,-,N,NA,NA,NA,NA,NA,NA,NA,NA,NA,Y,4,0,1,1,A,-,08,22107,NA,N,E,I,A,A,H,-,A,D,0,NA,NA,NA,NA,Y,NA,A,01,0,0,1,0,0,0,0,0,0,-,-,34.10694885253906,-118.80538177490234,LOS ANGELES,UNINCORPORATED,-118.80538177490234,34.1068229675293
9067579,2020,2020-03-20,1942,2020-02-23,0220,43693,1241,7,5,7,1942,0,0,0,L,0,12A51,CRENSHAW BL,HYDE PARK BL,0,NA,Y,-,-,N,NA,NA,NA,NA,NA,NA,NA,NA,NA,Y,3,0,3,2,A,-,12,21453,A,N,D,C,A,A,H,-,C,A,0,NA,NA,NA,NA,Y,NA,-,-,0,1,2,0,0,0,0,0,0,-,-,NA,NA,LOS ANGELES,LOS ANGELES,-118.33087921142578,33.980621337890625
90675812,2018,2018-03-06,9545,2018-02-27,0805,015351,NA,2,1,9,1900,0,1,3,NA,2,031,SR-14 S/B,SANTIAGO RD,60,S,N,A,-,Y,NA,NA,14,NA,NA,NA,NA,NA,S,Y,4,0,1,2,A,-,03,22350,NA,N,C,C,A,A,H,-,A,D,0,NA,NA,NA,NA,Y,NA,A,01,0,0,1,0,0,0,0,0,0,-,-,34.48939895629883,-118.16329956054688,LOS ANGELES,UNINCORPORATED,-118.16336822509766,34.48927307128906
90675814,2018,2018-04-19,9530,2018-02-26,1010,020307,NA,1,1,9,1900,0,3,5,NA,2,006,VERMONT AVE (23800 BLOCK),SEPULVEDA BLVD.,20,S,N,A,-,N,NA,NA,NA,NA,NA,NA,NA,NA,NA,N,4,0,1,2,A,-,03,22350,NA,N,C,C,A,A,H,-,A,D,0,NA,NA,NA,NA,Y,NA,D,22,0,0,1,0,0,0,0,0,0,-,-,33.80992126464844,-118.29022979736328,LOS ANGELES,UNINCORPORATED,-118.29041290283205,33.810203552246094
90675820,2018,2018-03-06,9525,2018-02-24,1840,022005,NA,6,2,9,1900,0,2,4,NA,2,022,ARROW HIGHWAY (21000 E. BLOCK),VALLEY CENTER AVENUE,0,NA,Y,A,-,N,NA,NA,NA,NA,NA,NA,NA,NA,NA,Y,4,0,1,2,A,-,09,21801,A,N,D,C,A,A,D,-,C,A,0,NA,NA,NA,NA,Y,NA,A,01,0,0,1,0,0,0,0,0,0,-,-,34.10660934448242,-117.83775329589844,LOS ANGELES,UNINCORPORATED,-117.83763885498048,34.10673141479492
90675823,2018,2018-03-06,9545,2018-02-27,0510,015351,NA,2,3,9,1900,0,3,5,NA,2,003,ANGELES FOREST HWY,ALISO CANYON RD,1056,N,N,A,-,N,NA,NA,NA,NA,NA,NA,NA,NA,NA,Y,3,0,3,1,A,-,03,22350,NA,N,E,I,A,C,H,-,D,D,0,NA,NA,NA,NA,Y,NA,A,07,0,1,2,0,0,0,0,0,0,-,-,34.420711517333984,-118.0874481201172,LOS ANGELES,UNINCORPORATED,-118.08663177490234,34.42048263549805
90675833,2018,2018-04-10,9530,2018-02-26,1535,016110,NA,1,2,9,1900,0,3,5,NA,2,002,SAN PEDRO ST.          (12800 BLOCK),EL SEGUNDO BLVD.,10,S,N,A,-,N,NA,NA,NA,NA,NA,NA,NA,NA,NA,N,4,0,1,2,A,-,10,21950,A,F,G,B,B,A,H,-,A,A,0,Y,NA,NA,NA,Y,NA,-,99,0,0,1,0,1,0,0,0,0,-,-,33.9162483215332,-118.26966094970705,LOS ANGELES,UNINCORPORATED,-118.26962280273438,33.9163932800293
90675836,2018,2018-03-06,9525,2018-02-25,0810,021684,NA,7,1,5,1990,0,1,3,NA,2,601,SR-60 W/B (POMONA FWY),GRAND AVE,1000,W,N,A,-,Y,NA,NA,60,NA,NA,NA,NA,NA,W,N,4,0,1,2,C,-,18,NA,NA,N,G,B,E,A,D,-,A,D,0,Y,NA,NA,NA,Y,NA,-,-,0,0,1,0,1,0,0,0,0,-,-,34.007911682128906,-117.82614135742188,LOS ANGELES,DIAMOND BAR,-117.8259735107422,34.00774383544922
90675842,2018,2018-03-06,9550,2018-02-28,1620,020340,NA,3,2,9,1900,0,3,5,NA,2,001,DUCHESS DRIVE,WASHINGTON BOULEVARD,393,N,N,A,-,N,NA,NA,NA,NA,NA,NA,NA,NA,NA,N,3,0,1,2,A,-,11,21954,A,N,G,B,D,A,H,-,A,D,0,Y,NA,NA,NA,Y,NA,N,60,0,1,0,0,1,0,0,0,0,-,-,33.972900390625,-118.07050323486328,LOS ANGELES,UNINCORPORATED,-118.07052612304688,33.972843170166016