CASE_ID,ACCIDENT_YEAR,PROC_DATE,JURIS,COLLISION_DATE,COLLISION_TIME,OFFICER_ID,REPORTING_DISTRICT,DAY_OF_WEEK,CHP_SHIFT,POPULATION,CNTY_CITY_LOC,SPECIAL_COND,BEAT_TYPE,CHP_BEAT_TYPE,CITY_DIVISION_LAPD,CHP_BEAT_CLASS,BEAT_NUMBER,PRIMARY_RD,SECONDARY_RD,DISTANCE,DIRECTION,INTERSECTION,WEATHER_1,WEATHER_2,STATE_HWY_IND,CALTRANS_COUNTY,CALTRANS_DISTRICT,STATE_ROUTE,ROUTE_SUFFIX,POSTMILE_PREFIX,POSTMILE,LOCATION_TYPE,RAMP_INTERSECTION,SIDE_OF_HWY,TOW_AWAY,COLLISION_SEVERITY,NUMBER_KILLED,NUMBER_INJURED,PARTY_COUNT,PRIMARY_COLL_FACTOR,PCF_CODE_OF_VIOL,PCF_VIOL_CATEGORY,PCF_VIOLATION,PCF_VIOL_SUBSECTION,HIT_AND_RUN,TYPE_OF_COLLISION,MVIW,PED_ACTION,ROAD_SURFACE,ROAD_COND_1,ROAD_COND_2,LIGHTING,CONTROL_DEVICE,CHP_ROAD_TYPE,PEDESTRIAN_ACCIDENT,BICYCLE_ACCIDENT,MOTORCYCLE_ACCIDENT,TRUCK_ACCIDENT,NOT_PRIVATE_PROPERTY,ALCOHOL_INVOLVED,STWD_VEHTYPE_AT_FAULT,CHP_VEHTYPE_AT_FAULT,COUNT_SEVERE_INJ,COUNT_VISIBLE_INJ,COUNT_COMPLAINT_PAIN,COUNT_PED_KILLED,COUNT_PED_INJURED,COUNT_BICYCLIST_KILLED,COUNT_BICYCLIST_INJURED,COUNT_MC_KILLED,COUNT_MC_INJURED,PRIMARY_RAMP,SECONDARY_RAMP,LATITUDE,LONGITUDE,COUNTY,CITY,POINT_X,POINT_Y
90683672,2018,2018-03-16,9530,2018-03-09,2150,021994,NA,5,2,7,1942,0,1,1,NA,2,110,I-110 S/B (HARBOR FREEWAY),REDONDO BEACH BLVD.,967,N,N,A,-,Y,NA,NA,110,NA,NA,NA,NA,NA,S,N,4,0,3,2,A,-,03,22350,NA,N,C,C,A,A,H,-,D,D,0,NA,NA,NA,NA,Y,NA,A,01,0,0,3,0,0,0,0,0,0,-,-,33.898048400878906,-118.28669738769533,LOS ANGELES,LOS ANGELES,-118.28668212890624,33.89805221557617
90683710,2018,2018-03-16,9525,2018-03-06,2250,018366,NA,2,3,6,1955,0,1,1,NA,2,108,I-10 E/B (SAN BERNARDINO FWY),KELLOGG DR.,2112,W,N,A,-,Y,NA,NA,10,NA,NA,NA,NA,NA,E,N,4,0,1,1,C,-,18,NA,NA,N,H,A,A,A,A,D,D,D,0,NA,NA,NA,NA,Y,NA,-,-,0,0,1,0,0,0,0,0,0,-,-,34.063629150390625,-117.819091796875,LOS ANGELES,POMONA,-117.819091796875,34.06357192993164
9068372,2020,2020-08-14,1956,2020-05-03,0307,1340,67,7,5,5,1956,0,0,0,NA,0,003,AVIATION BL,HUNTINGTON LN,117,S,N,A,-,N,NA,NA,NA,NA,NA,NA,NA,NA,NA,Y,3,0,1,1,A,-,01,23152,F,N,A,H,A,A,-,-,C,A,0,NA,NA,NA,NA,Y,NA,D,22,0,1,0,0,0,0,0,0,0,-,-,NA,NA,LOS ANGELES,REDONDO BEACH,-118.38322448730467,33.86778259277344
9068380,2020,2020-09-08,1924,2020-04-08,1423,80454,20,3,5,5,1924,0,0,0,NA,0,8L5D,CRENSHAW BL,144TH ST,375,S,N,A,-,N,NA,NA,NA,NA,NA,NA,NA,NA,NA,N,4,0,2,2,A,-,04,21703,NA,N,C,C,A,A,H,-,A,D,0,NA,NA,NA,NA,Y,NA,A,08,0,0,2,0,0,0,0,0,0,-,-,33.900840759277344,-118.32649993896484,LOS ANGELES,GARDENA,-118.3265380859375,33.8997802734375
90683814,2018,2018-03-16,9550,2018-03-10,1945,021986,NA,6,2,9,1900,0,1,3,NA,2,600,SR-60 W/B TO I-605,I-605,1350,E,N,C,-,Y,NA,NA,60,NA,NA,NA,R,NA,W,Y,4,0,2,3,A,-,03,22350,NA,N,C,C,A,B,H,-,D,D,0,NA,NA,NA,NA,Y,NA,A,01,0,0,2,0,0,0,0,0,0,-,-,34.03240966796875,-118.0232162475586,LOS ANGELES,UNINCORPORATED,-118.0232162475586,34.03240966796875
90683833,2018,2018-03-16,9525,2018-03-14,1050,015445,NA,3,1,6,1975,0,1,1,NA,2,105,I-10 W/B (SAN BERNARDINO FWY),VIA VERDE AVE.,1500,W,N,B,-,Y,NA,NA,NA,NA,NA,NA,NA,NA,NA,Y,3,0,1,3,A,-,03,22350,NA,N,C,C,A,A,D,E,A,D,0,NA,NA,NA,NA,Y,NA,A,01,0,1,0,0,0,0,0,0,0,-,-,34.06840896606445,-117.84600830078124,LOS ANGELES,WEST COVINA,NA,NA
90683850,2018,2018-03-16,9525,2018-03-15,1050,015445,NA,4,1,6,1955,0,1,1,NA,2,120,I-10 E/B (SAN BERNARDINO FWY),ORANGE GROVE AVE.,100,E,N,B,-,Y,NA,NA,10,NA,NA,NA,NA,NA,E,Y,4,0,1,1,C,-,18,NA,NA,N,E,I,A,A,H,-,A,D,0,NA,NA,NA,NA,Y,NA,-,-,0,0,1,0,0,0,0,0,0,-,-,34.075008392333984,-117.74910736083984,LOS ANGELES,POMONA,-117.74913787841795,34.0750732421875
9068386,2020,2020-07-23,1955,2020-04-20,2303,41974,100,1,5,6,1955,0,0,0,NA,0,003,HOLT AV,SAN ANTONIO AV,0,NA,Y,A,-,N,NA,NA,NA,NA,NA,NA,NA,NA,NA,Y,3,0,2,5,A,-,01,23152,A,N,A,C,A,A,H,-,C,A,0,NA,NA,NA,NA,Y,Y,D,22,0,1,1,0,0,0,0,0,0,-,-,NA,NA,LOS ANGELES,POMONA,-117.73664093017578,34.06270980834961
90683878,2018,2018-04-09,9525,2018-03-14,1400,015445,NA,3,2,6,1975,0,1,1,NA,2,105,I-10 W/B (SAN BERNARDINO FWY),VIA VERDE AVE.,1000,W,N,B,-,Y,NA,NA,NA,NA,NA,NA,NA,NA,NA,Y,4,0,1,2,D,-,00,NA,NA,N,C,C,A,A,D,E,A,D,0,NA,NA,NA,NA,Y,NA,-,-,0,0,1,0,0,0,0,0,0,-,-,34.06871032714844,-117.84351348876952,LOS ANGELES,WEST COVINA,NA,NA
9068392,2020,2020-09-08,1924,2020-04-21,2218,80405,42,2,5,5,1924,0,0,0,NA,0,006,WESTERN AV,169TH PL,182,S,N,A,-,N,NA,NA,NA,NA,NA,NA,NA,NA,NA,Y,3,0,2,1,A,-,01,23152,A,M,E,I,A,A,H,-,C,D,0,NA,NA,NA,NA,Y,Y,D,22,0,2,0,0,0,0,0,0,0,-,-,33.87744903564453,-118.3091278076172,LOS ANGELES,GARDENA,-118.30917358398438,33.87691116333008
90683934,2017,2018-03-16,9535,2017-07-09,0525,021638,NA,7,3,9,1900,0,3,5,NA,2,001,MARENGO STREET (3200 BLOCK),DITMAN AVENUE,153,W,N,A,-,Y,NA,NA,NA,NA,NA,NA,NA,NA,NA,Y,1,1,0,2,A,-,01,23152,G,N,C,E,A,A,H,-,B,D,0,NA,NA,NA,Y,Y,Y,A,01,0,0,0,0,0,0,0,0,0,-,-,34.055,-118.19099,LOS ANGELES,UNINCORPORATED,-118.19086407,34.05498882
90683949,2018,2018-03-16,9590,2018-03-10,2205,021596,NA,6,3,7,1942,0,1,1,NA,2,060,I-10 E/B (SANTA MONICA FREEWAY),CRENSHAW BLVD,100,E,N,C,-,Y,NA,NA,10,NA,NA,NA,NA,NA,E,Y,4,0,2,3,A,-,03,22350,NA,N,C,C,A,B,H,-,C,D,0,NA,NA,NA,NA,Y,NA,A,01,0,0,2,0,0,0,0,0,0,-,-,34.03499984741211,-118.33339691162108,LOS ANGELES,LOS ANGELES,-118.33339691162108,34.03497314453125
90683952,2018,2018-03-16,9590,2018-03-09,2255,021535,NA,5,3,7,1942,0,1,1,NA,2,083,I-5 S/B (GOLDEN STATE FREEWAY),PASADENA AVE.,450,S,N,A,-,Y,NA,NA,5,NA,NA,NA,NA,NA,S,Y,3,0,2,3,A,-,03,22350,NA,N,C,C,A,A,H,-,C,D,0,NA,NA,NA,NA,Y,NA,A,01,0,1,1,0,0,0,0,0,0,-,-,34.07991027832031,-118.22109985351564,LOS ANGELES,LOS ANGELES,-118.22111511230467,34.079891204833984
90683953,2018,2018-03-16,9590,2018-03-10,1220,021078,NA,6,1,7,1942,0,1,2,NA,2,070,U.S. 101 N/B (HOLLYWOOD FWY.),BENTON WAY,50,S,N,C,-,Y,NA,NA,NA,NA,NA,NA,NA,NA,NA,Y,3,0,2,3,A,-,08,22107,NA,N,B,C,A,B,H,-,A,D,0,NA,NA,NA,NA,Y,NA,A,01,0,1,1,0,0,0,0,0,0,-,-,34.075260162353516,-118.27438354492188,LOS ANGELES,LOS ANGELES,-118.27407073974608,34.07518005371094
9068396,2020,2020-09-08,1924,2020-04-25,0654,80382,34,6,5,5,1924,0,0,0,NA,0,8METRO,REDONDO BEACH BL,DENKER AV,0,NA,Y,A,-,N,NA,NA,NA,NA,NA,NA,NA,NA,NA,Y,3,0,1,2,A,-,12,21453,A,N,D,C,A,A,H,-,A,A,0,NA,NA,NA,NA,Y,NA,D,22,0,1,0,0,0,0,0,0,0,-,-,33.88996124267578,-118.30477142333984,LOS ANGELES,GARDENA,-118.3047103881836,33.889949798583984
90683969,2018,2018-03-16,9590,2018-03-11,0450,021673,NA,7,3,7,1942,0,1,2,NA,2,071,US-101 S/B (HOF),BEAUDRY AVE,320,N,N,A,-,Y,NA,NA,101,NA,NA,NA,NA,NA,S,Y,3,0,1,2,A,-,03,22350,NA,N,C,C,A,B,H,-,D,D,0,NA,NA,NA,NA,Y,NA,A,01,0,1,0,0,0,0,0,0,0,-,-,34.06473159790039,-118.2512435913086,LOS ANGELES,LOS ANGELES,-118.2512435913086,34.06472396850586
90684003,2018,2018-03-19,9540,2018-03-04,1535,021389,NA,7,2,9,1900,0,2,4,NA,1,201,SIERRA HIGHWAY,CENTER ST,528,S,N,A,-,N,NA,NA,NA,NA,NA,NA,NA,NA,NA,Y,3,0,1,1,A,-,01,23152,A,N,E,I,A,A,H,-,A,D,0,NA,NA,NA,NA,Y,Y,A,07,0,1,0,0,0,0,0,0,0,-,-,34.50838851928711,-118.36544799804688,LOS ANGELES,UNINCORPORATED,-118.36644744873048,34.507816314697266
90684088,2018,2018-03-19,9550,2018-03-16,2230,021129,NA,5,3,9,1900,0,3,5,NA,2,005,NOGALES STREET,WALNUT DRIVE,0,NA,Y,B,C,N,NA,NA,NA,NA,NA,NA,NA,NA,NA,Y,3,0,2,1,A,-,01,23152,A,N,E,I,A,B,H,-,C,A,0,NA,NA,NA,NA,Y,Y,A,07,0,2,0,0,0,0,0,0,0,-,-,33.996150970458984,-117.88861846923828,LOS ANGELES,UNINCORPORATED,-117.88842010498048,33.99631118774414
90684100,2018,2018-03-19,9590,2018-03-03,0421,021622,NA,6,3,7,1942,0,1,1,NA,2,052,I-110 N/B (HARBOR FREEWAY),WASHINGTON BOULEVARD,225,N,N,B,-,Y,NA,NA,110,NA,NA,NA,NA,NA,N,Y,3,0,1,2,A,-,01,23152,A,N,C,C,A,B,H,-,C,D,0,NA,NA,NA,NA,Y,Y,A,01,0,1,0,0,0,0,0,0,0,-,-,34.036251068115234,-118.27420043945313,LOS ANGELES,LOS ANGELES,-118.27417755126952,34.03624725341797
90684106,2018,2018-03-19,9590,2018-03-03,0051,021504,NA,6,3,7,1942,0,1,1,NA,2,082,I-5 N/B (GSF),RIVERSIDE DR.,275,N,N,B,-,Y,NA,NA,5,NA,NA,NA,NA,NA,N,Y,3,0,1,1,A,-,01,23152,A,N,E,I,A,B,H,-,C,D,0,NA,NA,NA,NA,Y,Y,A,01,0,1,0,0,0,0,0,0,0,-,-,34.09627914428711,-118.2444305419922,LOS ANGELES,LOS ANGELES,-118.24446105957033,34.096248626708984
90684115,2018,2018-12-31,9590,2018-03-11,0303,021535,NA,7,3,7,1942,0,1,1,NA,2,010,SR-110 N/B (ASP) TO FIGUEROA STREET,I-5 (GSF),70,N,N,B,-,Y,NA,NA,110,NA,NA,NA,R,NA,N,Y,3,0,2,3,A,-,01,23152,A,N,E,J,A,B,H,-,C,D,0,NA,NA,NA,NA,Y,Y,A,01,0,1,1,0,0,0,0,0,0,-,-,34.08224105834961,-118.223876953125,LOS ANGELES,LOS ANGELES,-118.223876953125,34.08224105834961
9068413,2020,2020-07-16,1955,2020-04-15,1504,40220,83,3,5,6,1955,0,0,0,NA,0,005,RIO RANCHO RD,PARK AV,0,NA,Y,A,-,N,NA,NA,NA,NA,NA,NA,NA,NA,NA,Y,4,0,1,2,A,-,12,21453,A,N,D,C,A,A,H,-,A,A,0,NA,NA,NA,NA,Y,NA,A,01,0,0,1,0,0,0,0,0,0,-,-,NA,NA,LOS ANGELES,POMONA,-117.7536163330078,34.033531188964844
9068414,2020,2020-07-16,1955,2020-04-15,1003,42655,07,3,5,6,1955,0,0,0,NA,0,003,MONTEREY AV,GAREY AV,342,E,N,A,-,N,NA,NA,NA,NA,NA,NA,NA,NA,NA,Y,4,0,1,2,A,-,09,21801,A,N,D,C,A,A,H,-,A,A,0,NA,NA,NA,NA,Y,NA,A,01,0,0,1,0,0,0,0,0,0,-,-,NA,NA,LOS ANGELES,POMONA,-117.75025177001952,34.06053161621094
9068416,2020,2020-07-16,1906,2020-04-29,1146,4442,EAST,3,5,5,1906,0,0,0,NA,0,004,RAMONA BL,ELTON ST,60,W,N,A,-,N,NA,NA,NA,NA,NA,NA,NA,NA,NA,Y,4,0,1,2,A,-,08,22107,NA,N,D,C,A,A,H,-,A,A,0,NA,NA,NA,NA,Y,NA,A,01,0,0,1,0,0,0,0,0,0,-,-,NA,NA,LOS ANGELES,BALDWIN PARK,-117.95106506347656,34.08883285522461
90684168,2018,2018-03-19,9525,2018-03-07,0547,018729,NA,3,3,4,1913,0,1,1,NA,2,209,SR-210 W/B (FOOTHILL FWY),TOWNE AVE.,1056,E,N,A,B,Y,NA,NA,210,NA,NA,NA,NA,NA,W,N,4,0,1,3,A,-,03,22350,NA,N,C,C,A,A,H,-,A,D,0,NA,NA,NA,NA,Y,NA,D,22,0,0,1,0,0,0,0,0,0,-,-,34.12022018432617,-117.72306823730467,LOS ANGELES,CLAREMONT,-117.72306823730467,34.120269775390625
9068417,2020,2020-07-16,1906,2020-04-21,0951,2873,1906,2,5,5,1906,0,0,0,NA,0,002,BALDWIN PARK BL,OLIVE ST,0,NA,Y,A,-,N,NA,NA,NA,NA,NA,NA,NA,NA,NA,Y,4,0,1,2,A,-,12,21453,A,N,D,C,A,A,H,-,A,A,0,NA,NA,NA,NA,Y,NA,A,07,0,0,1,0,0,0,0,0,0,-,-,NA,NA,LOS ANGELES,BALDWIN PARK,-117.96489715576172,34.0994987487793
9068418,2020,2020-07-16,1922,2020-04-15,0210,673,1,3,5,6,1922,0,0,0,NA,0,001,VALLEY BL,BALDWIN AV,0,NA,Y,A,-,N,NA,NA,NA,NA,NA,NA,NA,NA,NA,Y,2,0,3,2,D,-,00,NA,NA,N,D,C,A,A,H,-,C,A,0,NA,NA,NA,NA,Y,NA,-,-,2,1,0,0,0,0,0,0,0,-,-,34.07897186279297,-118.05287933349608,LOS ANGELES,EL MONTE,-118.05283355712892,34.07902145385742
90684181,2018,2018-03-19,9525,2018-03-08,0930,019941,NA,4,1,5,1990,0,1,3,NA,2,574,SR-57 N/B (ORANGE FWY),GOLDEN SPRINGS DRIVE,2640,S,N,A,-,Y,NA,NA,57,NA,NA,NA,NA,NA,N,N,4,0,1,2,A,-,03,22350,NA,N,C,C,A,A,H,-,A,D,0,NA,NA,NA,NA,Y,NA,D,22,0,0,1,0,0,0,0,0,0,-,-,33.99544906616211,-117.84078979492188,LOS ANGELES,DIAMOND BAR,-117.84074401855467,33.995418548583984
90684188,2018,2018-03-19,9525,2018-03-08,0840,022009,NA,4,1,1,1934,0,1,1,NA,2,651,I-605 S/B (SAN GABRIEL RIVER FWY),LOWER AZUSA RD.,1320,S,N,A,-,Y,NA,NA,605,NA,NA,NA,NA,NA,S,Y,4,0,1,2,A,-,08,22107,NA,N,B,C,A,A,H,-,A,D,0,NA,NA,NA,Y,Y,NA,A,01,0,0,1,0,0,0,0,0,0,-,-,34.089149475097656,-117.9944076538086,LOS ANGELES,IRWINDALE,-117.9943618774414,34.089111328125
9068419,2020,2020-07-16,1922,2020-04-11,1645,699,NA,6,5,6,1922,0,0,0,NA,0,NA,GARVEY AV,CENTRAL AV,0,NA,Y,A,-,N,NA,NA,NA,NA,NA,NA,NA,NA,NA,N,3,0,2,2,D,-,00,NA,NA,N,D,C,A,A,H,-,A,A,0,NA,NA,NA,NA,Y,NA,-,-,0,2,0,0,0,0,0,0,0,-,-,34.06270980834961,-118.04695129394533,LOS ANGELES,EL MONTE,-118.0469207763672,34.06272888183594
90684191,2018,2018-03-19,9540,2018-02-16,1500,021118,NA,5,2,6,1985,0,1,1,NA,1,502,I-5 S/B (GOLDEN STATE FWY),CALGROVE BLVD,1584,S,N,A,-,Y,NA,NA,5,NA,NA,NA,NA,NA,S,Y,3,0,1,2,A,-,08,22107,NA,N,E,I,A,A,D,-,A,D,0,NA,NA,NA,NA,Y,NA,A,01,0,1,0,0,0,0,0,0,0,-,-,34.357818603515625,-118.55294799804688,LOS ANGELES,SANTA CLARITA,-118.55323791503906,34.357566833496094
90684195,2018,2018-03-19,9530,2018-03-08,1445,021875,NA,4,2,9,1900,0,3,5,NA,2,001,PACIFIC AVE. (7700 BLOCK),GRAND AVE.,4,S,N,A,-,N,NA,NA,NA,NA,NA,NA,NA,NA,NA,N,3,0,1,2,A,-,10,21950,A,N,G,B,B,A,H,-,A,A,0,Y,NA,NA,NA,Y,NA,A,08,0,1,0,0,1,0,0,0,0,-,-,33.96910858154297,-118.22524261474608,LOS ANGELES,UNINCORPORATED,-118.2252197265625,33.969139099121094
9068420,2020,2020-07-16,1922,2020-04-27,1924,671,1,1,5,6,1922,0,0,0,NA,0,001,SANTA ANITA AV,RAMONA BL,33,N,N,A,-,N,NA,NA,NA,NA,NA,NA,NA,NA,NA,Y,2,0,3,2,A,-,12,21453,A,N,D,C,A,A,H,-,C,A,0,NA,NA,NA,NA,Y,Y,A,01,1,2,0,0,0,0,0,0,0,-,-,37.07197952270508,-118.042236328125,LOS ANGELES,EL MONTE,-118.04220581054688,34.072059631347656
90684208,2018,2018-03-19,9530,2018-03-09,1411,021875,NA,5,2,7,1942,0,1,1,NA,2,110,I-110 S/B (HARBOR FREEWAY),108TH ST.,400,S,N,A,-,Y,NA,NA,110,NA,NA,NA,NA,NA,S,N,3,0,1,2,A,-,07,21658,A,F,B,C,A,A,H,-,A,D,0,NA,NA,NA,NA,Y,NA,-,99,0,1,0,0,0,0,0,0,0,-,-,33.937198638916016,-118.28022003173828,LOS ANGELES,LOS ANGELES,-118.28013610839844,33.937164306640625
90684209,2018,2018-03-19,9540,2018-03-09,0915,021869,NA,5,1,9,1900,0,1,1,NA,2,509,INTERSTATE 5(N/B)(GOLDEN STATE FREEWAY),PARKER RD.,1453,S,N,A,-,Y,NA,NA,5,NA,NA,NA,NA,NA,NA,Y,3,0,2,1,A,-,08,22107,NA,N,E,I,A,A,D,-,A,D,0,NA,NA,NA,NA,Y,NA,A,01,0,1,1,0,0,0,0,0,0,-,-,34.485599517822266,-118.61609649658205,LOS ANGELES,UNINCORPORATED,-118.61607360839844,34.485618591308594
9068421,2020,2020-07-16,1922,2020-04-11,0238,602,NA,6,5,6,1922,0,0,0,NA,0,NA,PECK RD,RANCHITO,150,S,N,A,B,N,NA,NA,NA,NA,NA,NA,NA,NA,NA,Y,3,0,1,1,A,-,07,21658,A,N,F,I,A,A,H,-,C,D,0,NA,NA,NA,NA,Y,Y,A,07,0,1,0,0,0,0,0,0,0,-,-,34.08903884887695,-118.01555633544922,LOS ANGELES,EL MONTE,-118.01568603515624,34.088626861572266
9068422,2020,2020-07-16,1922,2020-04-06,1201,693,NA,1,5,6,1922,0,0,0,NA,0,002,LA MADERA AV,FERRIS,0,NA,Y,B,-,N,NA,NA,NA,NA,NA,NA,NA,NA,NA,N,3,0,1,2,A,-,10,21950,A,N,A,B,B,B,H,-,A,D,0,Y,NA,NA,NA,Y,NA,B,07,0,1,0,0,1,0,0,0,0,-,-,34.07215118408203,-118.01864624023438,LOS ANGELES,EL MONTE,-118.01859283447266,34.07207107543945
9068423,2020,2020-07-16,1922,2020-04-06,1729,690,NA,1,5,6,1922,0,0,0,NA,0,004,DURFEE AV,KLINGERMAN ST,0,NA,Y,B,C,N,NA,NA,NA,NA,NA,NA,NA,NA,NA,N,4,0,1,2,A,-,04,21703,NA,M,C,C,A,B,H,-,A,A,0,NA,NA,NA,NA,Y,NA,A,07,0,0,1,0,0,0,0,0,0,-,-,34.05084991455078,-118.0236587524414,LOS ANGELES,EL MONTE,-118.0236587524414,34.050819396972656
9068424,2020,2020-07-16,1922,2020-04-07,0022,632,2,2,5,6,1922,0,0,0,NA,0,002,COGSWELL RD,ROSEGLEN ST,0,NA,Y,C,-,N,NA,NA,NA,NA,NA,NA,NA,NA,NA,Y,3,0,1,3,A,-,12,22450,A,N,D,C,A,B,H,-,C,D,0,NA,NA,NA,NA,Y,Y,A,07,0,1,0,0,0,0,0,0,0,-,-,34.08964157104492,-118.00546264648438,LOS ANGELES,EL MONTE,-118.00575256347656,34.08951950073242
9068425,2020,2020-07-16,1922,2020-04-08,0158,673,1,3,5,6,1922,0,0,0,NA,0,001,PECK RD,LAMBERT,300,S,N,C,-,N,NA,NA,NA,NA,NA,NA,NA,NA,NA,Y,3,0,1,2,A,-,03,22350,NA,N,F,E,A,B,H,-,C,A,0,NA,NA,NA,NA,Y,Y,A,01,0,1,0,0,0,0,0,0,0,-,-,34.08134078979492,-118.01998901367188,LOS ANGELES,EL MONTE,-118.01921844482422,34.08143997192383
9068426,2020,2020-07-16,1922,2020-04-14,1054,463,NA,2,5,6,1922,0,0,0,NA,0,NA,SANTA ANITA AV,ASHER ST,0,NA,Y,A,-,N,NA,NA,NA,NA,NA,NA,NA,NA,NA,N,4,0,1,2,A,-,12,21453,A,N,D,C,A,A,H,-,A,A,0,NA,NA,NA,NA,Y,NA,A,01,0,0,1,0,0,0,0,0,0,-,-,34.068031311035156,-118.04235076904295,LOS ANGELES,EL MONTE,-118.04229736328124,34.067989349365234
9068427,2020,2020-07-16,1922,2020-04-17,0002,680,1,5,5,6,1922,0,0,0,NA,0,001,VALLEY,GIBSON,0,NA,Y,A,-,N,NA,NA,NA,NA,NA,NA,NA,NA,NA,N,3,0,1,2,A,-,04,21703,NA,N,C,C,A,A,H,-,C,A,0,NA,NA,NA,NA,Y,NA,A,01,0,1,0,0,0,0,0,0,0,-,-,34.07773971557617,-118.04981994628906,LOS ANGELES,EL MONTE,-118.05071258544922,34.07815933227539
90684273,2018,2018-03-19,9525,2018-03-08,2335,020034,NA,4,3,5,1990,0,1,3,NA,2,604,SR-60 E/B (POMONA FWY),PHILLIPS RANCH RD,2112,W,N,A,-,Y,NA,NA,60,NA,NA,NA,NA,NA,E,Y,4,0,1,2,A,-,03,22350,NA,N,C,C,A,A,H,-,C,D,0,NA,NA,NA,NA,Y,NA,A,07,0,0,1,0,0,0,0,0,0,-,-,34.025569915771484,-117.77648162841795,LOS ANGELES,DIAMOND BAR,-117.77648162841795,34.025577545166016
9068430,2020,2020-07-16,1972,2020-04-25,0040,21602,NA,6,5,6,1972,0,0,0,NA,0,NA,190TH ST,CRENSHAW BL,5,W,N,A,-,N,NA,NA,NA,NA,NA,NA,NA,NA,NA,Y,3,0,1,1,A,-,01,23152,A,N,A,I,A,A,H,-,C,A,0,NA,NA,NA,NA,Y,Y,A,NA,0,1,0,0,0,0,0,0,0,-,-,NA,NA,LOS ANGELES,TORRANCE,-118.3280029296875,33.85831069946289
90684305,2018,2018-03-19,9525,2018-03-09,0435,019941,NA,5,3,9,1900,0,2,4,NA,2,045,VALLEY BLVD (13100 BLOCK),SAN ANGELO AVE,55,E,N,A,-,N,NA,NA,NA,NA,NA,NA,NA,NA,NA,N,4,0,1,2,A,-,08,22107,NA,N,B,C,A,A,H,-,C,D,0,NA,NA,Y,NA,Y,NA,A,08,0,0,1,0,0,0,0,0,1,-,-,34.051578521728516,-117.9999771118164,LOS ANGELES,UNINCORPORATED,-117.9999542236328,34.05170822143555
9068431,2020,2020-07-16,1941,2020-04-24,1302,11367,NA,5,5,7,1941,0,0,0,NA,0,NA,SOUTH ST,DOWNEY AV,0,NA,Y,A,-,N,NA,NA,NA,NA,NA,NA,NA,NA,NA,Y,4,0,1,2,A,-,12,21453,A,N,A,C,A,A,H,-,A,A,0,NA,NA,NA,NA,Y,NA,A,NA,0,0,1,0,0,0,0,0,0,-,-,NA,NA,LOS ANGELES,LONG BEACH,-118.15117645263672,33.86022186279297
9068432,2020,2020-07-16,1941,2020-04-27,0551,5936,NA,1,5,7,1941,0,0,0,NA,0,NA,PACIFIC PL,RT 405,160,N,N,A,-,N,NA,NA,NA,NA,NA,NA,NA,NA,NA,Y,3,0,1,1,A,-,03,22350,NA,N,E,I,A,A,C,D,B,D,0,NA,NA,NA,NA,Y,NA,A,NA,0,1,0,0,0,0,0,0,0,-,-,NA,NA,LOS ANGELES,LONG BEACH,-118.19932556152344,33.823883056640625
9068433,2020,2020-07-16,1941,2020-04-27,1223,11013,NA,1,5,7,1941,0,0,0,NA,0,NA,LONG BEACH BL,7TH ST,22,N,N,A,-,N,NA,NA,NA,NA,NA,NA,NA,NA,NA,N,4,0,1,2,A,-,17,21657,NA,N,D,C,A,A,H,-,A,A,0,NA,NA,NA,NA,Y,NA,A,NA,0,0,1,0,0,0,0,0,0,-,-,NA,NA,LOS ANGELES,LONG BEACH,-118.18946075439452,33.7754020690918
90684338,2018,2018-03-19,9550,2018-03-09,1842,021185,NA,5,2,5,1976,0,1,1,NA,2,650,I-605 S/B,WHITTIER BOULEVARD,1000,N,N,A,-,Y,NA,NA,605,NA,NA,NA,NA,NA,S,Y,4,0,2,2,A,-,03,22350,NA,N,C,C,A,A,H,-,C,D,0,NA,NA,NA,NA,Y,NA,A,08,0,0,2,0,0,0,0,0,0,-,-,33.99610900878906,-118.06867218017578,LOS ANGELES,WHITTIER,-118.06871032714844,33.996116638183594
9068434,2020,2020-07-23,1941,2020-04-27,1504,11539,NA,1,5,7,1941,0,0,0,NA,0,NA,PACIFIC COAST HWY,DAISY AV,0,NA,Y,A,-,N,NA,NA,NA,NA,NA,NA,NA,NA,NA,Y,4,0,1,2,A,-,09,21802,A,F,D,C,A,A,H,-,A,A,0,NA,NA,NA,NA,Y,NA,A,NA,0,0,1,0,0,0,0,0,0,-,-,NA,NA,LOS ANGELES,LONG BEACH,-118.19954681396484,33.78987121582031
90684345,2018,2018-03-19,9540,2018-03-11,0947,019254,NA,7,1,6,1985,0,1,3,NA,1,145,SR-14 S/B (ANTELOPE VALLEY FREEWAY),VIA PRINCESSA WAY,3696,S,N,B,-,Y,NA,NA,14,NA,NA,NA,NA,NA,S,Y,3,0,1,3,A,-,07,21658,A,N,B,C,A,B,H,-,A,D,0,NA,NA,NA,NA,Y,NA,A,01,0,1,0,0,0,0,0,0,0,-,-,34.39693832397461,-118.4650421142578,LOS ANGELES,SANTA CLARITA,-118.46498870849608,34.396846771240234
90684348,2018,2018-03-19,9525,2018-03-09,1000,019941,NA,5,1,9,1900,0,2,4,NA,2,045,VALLEY BLVD (14000 BLOCK),ATHENS WAY,15,W,N,A,-,N,NA,NA,NA,NA,NA,NA,NA,NA,NA,N,4,0,1,2,A,-,03,22350,NA,N,C,C,A,A,H,-,A,A,0,NA,NA,NA,NA,Y,NA,A,01,0,0,1,0,0,0,0,0,0,-,-,34.04154968261719,-117.98446655273438,LOS ANGELES,UNINCORPORATED,-117.98446655273438,34.04154968261719