CASE_ID,ACCIDENT_YEAR,PROC_DATE,JURIS,COLLISION_DATE,COLLISION_TIME,OFFICER_ID,REPORTING_DISTRICT,DAY_OF_WEEK,CHP_SHIFT,POPULATION,CNTY_CITY_LOC,SPECIAL_COND,BEAT_TYPE,CHP_BEAT_TYPE,CITY_DIVISION_LAPD,CHP_BEAT_CLASS,BEAT_NUMBER,PRIMARY_RD,SECONDARY_RD,DISTANCE,DIRECTION,INTERSECTION,WEATHER_1,WEATHER_2,STATE_HWY_IND,CALTRANS_COUNTY,CALTRANS_DISTRICT,STATE_ROUTE,ROUTE_SUFFIX,POSTMILE_PREFIX,POSTMILE,LOCATION_TYPE,RAMP_INTERSECTION,SIDE_OF_HWY,TOW_AWAY,COLLISION_SEVERITY,NUMBER_KILLED,NUMBER_INJURED,PARTY_COUNT,PRIMARY_COLL_FACTOR,PCF_CODE_OF_VIOL,PCF_VIOL_CATEGORY,PCF_VIOLATION,PCF_VIOL_SUBSECTION,HIT_AND_RUN,TYPE_OF_COLLISION,MVIW,PED_ACTION,ROAD_SURFACE,ROAD_COND_1,ROAD_COND_2,LIGHTING,CONTROL_DEVICE,CHP_ROAD_TYPE,PEDESTRIAN_ACCIDENT,BICYCLE_ACCIDENT,MOTORCYCLE_ACCIDENT,TRUCK_ACCIDENT,NOT_PRIVATE_PROPERTY,ALCOHOL_INVOLVED,STWD_VEHTYPE_AT_FAULT,CHP_VEHTYPE_AT_FAULT,COUNT_SEVERE_INJ,COUNT_VISIBLE_INJ,COUNT_COMPLAINT_PAIN,COUNT_PED_KILLED,COUNT_PED_INJURED,COUNT_BICYCLIST_KILLED,COUNT_BICYCLIST_INJURED,COUNT_MC_KILLED,COUNT_MC_INJURED,PRIMARY_RAMP,SECONDARY_RAMP,LATITUDE,LONGITUDE,COUNTY,CITY,POINT_X,POINT_Y
90685506,2018,2018-03-20,9565,2018-03-08,1942,021303,NA,4,2,9,1900,0,2,4,NA,2,043,INGLEWOOD AVE,104TH ST,350,S,N,A,-,N,NA,NA,NA,NA,NA,NA,NA,NA,NA,N,4,0,1,2,A,-,06,21750,A,N,B,C,A,A,H,-,C,D,0,NA,NA,NA,NA,Y,NA,A,01,0,0,1,0,0,0,0,0,0,-,-,33.94084930419922,-118.36134338378906,LOS ANGELES,UNINCORPORATED,-118.3613510131836,33.94084167480469
90685511,2018,2018-03-20,9590,2018-03-18,2040,021346,NA,7,2,7,1942,0,1,1,NA,2,062,I-10 E/B (SANTA MONICA FREEWAY),WESTERN AVENUE,50,E,N,B,-,Y,NA,NA,10,NA,NA,NA,NA,NA,E,N,4,0,1,2,A,-,03,22350,NA,N,C,C,A,A,H,-,C,D,0,NA,NA,NA,NA,Y,NA,A,01,0,0,1,0,0,0,0,0,0,-,-,34.0371208190918,-118.3085708618164,LOS ANGELES,LOS ANGELES,-118.3085708618164,34.037017822265625
90685518,2018,2018-03-20,9530,2018-02-03,0820,021994,NA,6,1,5,1977,0,1,1,NA,2,120,I-110 S/B TO I-405,I-405 N/B (SAN DIEGO FREEWAY),1056,N,N,A,-,Y,NA,NA,110,NA,NA,NA,R,NA,S,N,4,0,1,3,A,-,07,21658,A,N,B,C,A,A,H,-,A,D,0,NA,NA,NA,NA,Y,NA,A,01,0,0,1,0,0,0,0,0,0,-,-,33.86140060424805,-118.285400390625,LOS ANGELES,CARSON,-118.285400390625,33.86140060424805
90685581,2018,2018-03-20,9530,2018-03-08,1550,018887,NA,4,2,5,1915,0,1,3,NA,2,310,SR-91 E/B (ARTESIA FREEWAY),WILMINGTON AVE.,840,E,N,A,-,Y,NA,NA,91,NA,NA,NA,NA,NA,E,Y,3,0,1,4,A,-,03,22350,NA,N,C,C,A,A,H,-,A,D,0,NA,NA,NA,NA,Y,NA,A,01,0,1,0,0,0,0,0,0,0,-,-,33.87363815307617,-118.23239135742188,LOS ANGELES,COMPTON,-118.23239135742188,33.87372589111328
90685608,2018,2018-03-20,9590,2018-03-19,1145,021789,NA,1,1,7,1942,0,1,1,NA,2,085,I-5 S/B (GOLDEN STATE FREEWAY),LOS FELIZ BLVD,2500,N,N,A,-,Y,NA,NA,5,NA,NA,NA,NA,NA,S,N,4,0,1,2,A,-,03,22350,NA,N,C,C,A,A,H,-,A,D,0,NA,NA,NA,NA,Y,NA,A,07,0,0,1,0,0,0,0,0,0,-,-,34.12656021118164,-118.27336883544922,LOS ANGELES,LOS ANGELES,-118.2734146118164,34.126548767089844
90685641,2018,2018-03-20,9550,2018-03-11,1305,021532,NA,7,1,6,1949,0,1,1,NA,2,500,INTERSTATE 5 N/B,PIONEER ROAD,300,N,N,A,-,Y,NA,NA,5,NA,NA,NA,NA,NA,N,N,4,0,1,2,A,-,03,22350,NA,F,C,C,A,A,H,-,A,D,0,NA,NA,NA,NA,Y,NA,-,99,0,0,1,0,0,0,0,0,0,-,-,33.92612838745117,-118.08628082275392,LOS ANGELES,NORWALK,-118.08617401123048,33.926204681396484
90685657,2018,2019-02-21,9530,2018-03-10,1410,020375,NA,6,2,7,1941,0,1,1,NA,2,430,I-405 N/B (SAN DIEGO FREEWAY),STUDEBAKER RD.,275,S,N,C,-,Y,NA,NA,405,NA,NA,NA,NA,NA,N,Y,4,0,1,2,A,-,03,22350,NA,N,C,C,A,B,H,-,A,D,0,NA,NA,NA,NA,Y,NA,A,01,0,0,1,0,0,0,0,0,0,-,-,33.7899284362793,-118.09835052490234,LOS ANGELES,LONG BEACH,-118.09835052490234,33.78992462158203
90685671,2018,2018-03-20,9580,2018-03-08,2040,021492,NA,4,2,7,1942,0,1,2,NA,2,100,US-101 N/B (VENTURA FREEWAY),WOODMAN AVE,1000,S,N,A,-,Y,NA,NA,101,NA,NA,NA,NA,NA,N,Y,3,0,2,2,A,-,07,21658,A,N,B,C,A,A,H,-,C,D,0,NA,NA,NA,NA,Y,NA,A,01,0,1,1,0,0,0,0,0,0,-,-,34.15576171875,-118.42754364013672,LOS ANGELES,LOS ANGELES,-118.4275360107422,34.15575408935547
90685673,2018,2018-03-20,9575,2018-03-09,1330,020182,NA,5,1,6,1925,0,1,3,NA,2,042,SR-134 E/B (VENTURA FREEWAY),GLENDALE AVE.,800,E,N,A,-,Y,NA,NA,134,NA,NA,NA,NA,NA,E,Y,3,0,4,3,A,-,03,22350,NA,N,C,C,A,A,H,-,A,D,0,NA,NA,NA,NA,Y,NA,A,01,0,4,0,0,0,0,0,0,0,-,-,34.15496826171875,-118.239990234375,LOS ANGELES,GLENDALE,-118.24009704589844,34.154788970947266
90685694,2018,2018-03-20,9580,2018-03-08,1710,021492,NA,4,2,7,1942,0,1,2,NA,2,100,US-101 N/B (VENTURA FREEWAY),COLDWATER CANYON AVE,1000,S,N,A,-,Y,NA,NA,101,NA,NA,NA,NA,NA,N,N,4,0,2,3,A,-,03,22350,NA,N,C,C,A,A,H,-,A,D,0,NA,NA,NA,NA,Y,NA,A,07,0,0,2,0,0,0,0,0,0,-,-,34.15684127807617,-118.4098892211914,LOS ANGELES,LOS ANGELES,-118.4098892211914,34.15681457519531
90685705,2018,2018-03-20,9580,2018-03-08,1120,014592,NA,4,1,7,1942,0,1,1,NA,2,404,I-405 S/B (SAN DIEGO FWY),ROSCOE BLVD,100,N,N,A,-,Y,NA,NA,405,NA,NA,NA,NA,NA,S,N,4,0,1,2,A,-,03,22350,NA,N,C,C,A,A,H,-,A,D,0,NA,NA,NA,NA,Y,NA,A,01,0,0,1,0,0,0,0,0,0,-,-,34.22163009643555,-118.47332000732422,LOS ANGELES,LOS ANGELES,-118.47331237792967,34.22163009643555
90685735,2018,2018-03-20,9590,2018-03-14,0950,021789,NA,3,1,7,1942,0,1,2,NA,2,073,US-101 S/B (HOLLYWOOD FREEWAY),PILGRIMAGE BRIDGE,600,N,N,A,-,Y,NA,NA,101,NA,NA,NA,NA,NA,S,N,4,0,1,2,A,-,03,22350,NA,N,C,C,A,A,H,-,A,D,0,NA,NA,NA,NA,Y,NA,E,22,0,0,1,0,0,0,0,0,0,-,-,34.11614990234375,-118.337158203125,LOS ANGELES,LOS ANGELES,-118.3371124267578,34.11616134643555
90685742,2018,2018-03-20,9580,2018-03-09,1855,021492,NA,5,2,7,1942,0,1,2,NA,2,103,US-101 S/B (VENTURA FREEWAY),WOODMAN AVE,100,N,N,A,-,Y,NA,NA,101,NA,NA,NA,NA,NA,S,Y,4,0,1,2,A,-,03,22350,NA,M,C,C,A,A,H,-,C,D,0,NA,NA,NA,NA,Y,NA,A,01,0,0,1,0,0,0,0,0,0,-,-,34.155540466308594,-118.43129730224608,LOS ANGELES,LOS ANGELES,-118.43129730224608,34.1555290222168
90685770,2018,2018-03-20,9590,2018-03-19,1145,016127,NA,1,1,7,1942,0,1,1,NA,2,061,I-10 W/B (SANTA MONICA FREEWAY),WEST BOULEVARD,50,W,N,A,-,Y,NA,NA,10,NA,NA,NA,NA,NA,W,N,4,0,1,2,A,-,03,22350,NA,N,C,C,A,A,H,-,A,D,0,NA,NA,NA,NA,Y,NA,A,01,0,0,1,0,0,0,0,0,0,-,-,34.034751892089844,-118.3405303955078,LOS ANGELES,LOS ANGELES,-118.3405303955078,34.03483581542969
90685801,2018,2018-03-20,9530,2018-02-07,0545,022022,NA,3,3,5,1977,0,1,3,NA,2,310,SR-91 W/B (ARTESIA FREEWAY),MAIN ST.,528,E,N,A,-,Y,NA,NA,91,NA,NA,NA,NA,NA,W,Y,4,0,1,7,A,-,03,22350,NA,N,C,C,A,A,H,-,A,D,0,NA,NA,NA,NA,Y,NA,A,01,0,0,1,0,0,0,0,0,0,-,-,33.8727912902832,-118.2714385986328,LOS ANGELES,CARSON,-118.2714385986328,33.87270736694336
90685827,2018,2018-03-20,9575,2018-03-01,1825,021685,NA,4,2,9,1900,0,1,1,NA,2,062,I-210 W/B (FOOTHILL FREEWAY),RAMSDELL AVENUE,50,W,N,B,-,Y,NA,NA,210,NA,NA,NA,NA,NA,W,Y,4,0,1,2,A,-,08,22107,NA,N,B,C,A,B,D,-,C,D,0,NA,NA,NA,NA,Y,NA,A,01,0,0,1,0,0,0,0,0,0,-,-,34.22113037109375,-118.24447631835938,LOS ANGELES,UNINCORPORATED,-118.24446868896484,34.22114562988281
90685834,2018,2018-03-20,9590,2018-03-19,0545,016127,NA,1,3,7,1942,0,1,1,NA,2,064,I-10 E/B (SANTA MONICA FREEWAY),CENTRAL AVENUE,350,W,N,B,-,Y,NA,NA,10,NA,NA,NA,NA,NA,E,Y,4,0,1,1,C,-,18,NA,NA,N,E,I,A,A,H,-,C,D,0,NA,NA,NA,NA,Y,NA,-,-,0,0,1,0,0,0,0,0,0,-,-,34.02605056762695,-118.24947357177734,LOS ANGELES,LOS ANGELES,-118.24952697753906,34.02594757080078
90685889,2018,2018-03-20,9565,2018-03-12,1600,016074,NA,1,2,7,1942,0,1,1,NA,2,064,I-405 NB (SAN DIEGO FWY),SKIRBALL CENTER DR,2000,S,N,B,-,Y,NA,NA,405,NA,NA,NA,NA,NA,N,Y,4,0,1,3,A,-,03,22350,NA,N,C,C,A,A,H,-,A,D,0,NA,NA,NA,NA,Y,NA,D,22,0,0,1,0,0,0,0,0,0,-,-,34.127159118652344,-118.4745864868164,LOS ANGELES,LOS ANGELES,-118.47471618652344,34.12724304199219
90685905,2018,2018-03-20,9535,2018-03-13,1426,021538,NA,2,2,9,1900,0,3,5,NA,2,001,MEDFORD ST,BONNIE BEACH PL,0,NA,Y,B,-,N,NA,NA,NA,NA,NA,NA,NA,NA,NA,Y,4,0,1,2,A,-,08,22107,NA,N,B,C,A,A,H,-,A,A,0,NA,NA,NA,NA,Y,NA,A,01,0,0,1,0,0,0,0,0,0,-,-,34.059810638427734,-118.18383026123048,LOS ANGELES,UNINCORPORATED,-118.18341827392578,34.05986022949219
90685914,2018,2018-03-20,9530,2018-03-12,0945,014654,NA,1,1,7,1941,0,1,1,NA,2,420,I-405 (N/B) TO I-710 (N/B),PACIFIC PL.,25,S,N,A,-,Y,NA,NA,405,NA,NA,NA,R,NA,NA,Y,3,0,1,1,A,-,08,22107,NA,N,A,I,A,A,H,-,A,D,0,NA,NA,NA,NA,Y,NA,A,01,0,1,0,0,0,0,0,0,0,-,-,33.82344055175781,-118.1984634399414,LOS ANGELES,LONG BEACH,-118.1984634399414,33.82344055175781
90685928,2018,2018-03-20,9530,2018-01-01,0913,018887,NA,1,1,7,1941,0,1,1,NA,2,071,I-710 S/B TO SR-91 E/B,SR-91 W/B,92,S,N,B,-,Y,NA,NA,710,NA,NA,NA,R,NA,S,Y,1,1,0,1,A,-,03,22350,NA,N,E,I,A,A,H,-,A,D,0,NA,NA,Y,NA,Y,NA,C,02,0,0,0,0,0,0,0,1,0,-,-,33.87575912475586,-118.19204711914064,LOS ANGELES,LONG BEACH,-118.19204711914064,33.87575912475586
90685945,2018,2018-03-20,9530,2018-01-26,2000,021642,NA,5,2,5,1943,0,1,1,NA,2,210,I-105 E/B (GLENN ANDERSON FWY),STATE ST.,200,E,N,A,-,Y,NA,NA,105,NA,NA,NA,NA,NA,E,Y,4,0,1,3,A,-,03,22350,NA,N,C,C,A,A,H,-,C,D,0,NA,NA,NA,NA,Y,NA,A,01,0,0,1,0,0,0,0,0,0,-,-,33.92766189575195,-118.21656036376952,LOS ANGELES,LYNWOOD,-118.2165756225586,33.92763137817383
90685952,2018,2018-03-20,9530,2018-03-11,1735,021875,NA,7,2,7,1941,0,1,1,NA,2,430,I-405 N/B (SAN DIEGO FREEWAY),STEARNS ST.,2112,N,N,A,-,Y,NA,NA,405,NA,NA,NA,NA,NA,N,N,4,0,1,3,A,-,03,22350,NA,N,C,C,A,A,H,-,A,D,0,NA,NA,NA,NA,Y,NA,A,07,0,0,1,0,0,0,0,0,0,-,-,33.79909896850586,-118.11073303222656,LOS ANGELES,LONG BEACH,-118.11071014404295,33.79912567138672
90685965,2018,2018-03-20,9535,2018-03-12,1152,012767,NA,1,1,5,1906,0,1,1,NA,2,650,I-605 (SAN GABRIEL RIVER FWY) N/B,VALLEY BOULEVARD,340,N,N,A,-,Y,NA,NA,605,NA,NA,NA,NA,NA,N,Y,4,0,1,3,A,-,03,22350,NA,N,C,C,A,A,H,-,A,D,0,NA,NA,NA,NA,Y,NA,A,01,0,0,1,0,0,0,0,0,0,-,-,34.055301666259766,-118.00350189208984,LOS ANGELES,BALDWIN PARK,-118.00354766845705,34.055328369140625
90685970,2018,2018-03-20,9530,2018-03-11,1600,020375,NA,7,2,9,1900,0,3,5,NA,2,006,TORRANCE BLVD. (900 BLOCK),BRODY AVE.,60,E,N,A,-,N,NA,NA,NA,NA,NA,NA,NA,NA,NA,N,4,0,1,2,A,-,07,21658,A,N,B,C,A,A,H,-,A,D,0,NA,NA,NA,NA,Y,NA,A,01,0,0,1,0,0,0,0,0,0,-,-,33.84199905395508,-118.29102325439452,LOS ANGELES,UNINCORPORATED,-118.29103088378906,33.84201431274414
90686002,2017,2018-09-06,9550,2017-08-13,0200,021451,NA,7,3,5,1954,0,1,1,NA,2,650,INTERSTATE 605 SOUTHBOUND,ROSE HILLS ROAD,1255,N,N,A,-,Y,NA,NA,605,NA,NA,NA,NA,NA,S,Y,1,1,6,6,A,-,03,22350,NA,N,C,C,E,A,H,-,D,D,0,Y,NA,NA,NA,Y,Y,A,01,1,1,4,1,0,0,0,0,0,-,-,34.02037,-118.04907,LOS ANGELES,PICO RIVERA,-118.04906938,34.02036901
90686039,2018,2018-03-20,9535,2018-03-02,2040,021119,NA,5,2,9,1900,0,1,3,NA,2,621,SR-60 WESTBOUND FROM ROSEMEAD BLVD S/B,ROSEMEAD BLVD S/B,100,W,N,C,-,Y,NA,NA,60,NA,NA,NA,R,NA,W,Y,3,0,1,2,A,-,03,22350,NA,N,B,C,A,B,H,-,D,D,0,NA,NA,NA,Y,Y,NA,A,01,0,1,0,0,0,0,0,0,0,-,-,34.04146957397461,-118.06903839111328,LOS ANGELES,UNINCORPORATED,-118.06903839111328,34.04146957397461
90686040,2018,2018-03-20,9550,2018-03-11,1130,021274,NA,7,1,9,1900,0,3,5,NA,2,001,MISSION MILL ROAD,CANYON MEADOWS DR.,0,NA,Y,B,-,N,NA,NA,NA,NA,NA,NA,NA,NA,NA,Y,4,0,1,2,A,-,09,21801,A,N,A,C,A,A,H,-,A,D,0,NA,NA,NA,NA,Y,NA,A,01,0,0,1,0,0,0,0,0,0,-,-,34.01156997680664,-118.03968048095705,LOS ANGELES,UNINCORPORATED,-118.0395736694336,34.01165008544922
90686075,2018,2018-03-20,9565,2018-03-10,2110,021694,NA,6,2,9,1900,0,3,5,NA,2,003,ANGELES VISTA BLVD.,ESCALON AVE.,150,N,N,C,-,N,NA,NA,NA,NA,NA,NA,NA,NA,NA,Y,4,0,2,2,A,-,03,22350,NA,N,A,C,A,B,H,-,C,D,0,NA,NA,NA,NA,Y,NA,D,22,0,0,2,0,0,0,0,0,0,-,-,33.994869232177734,-118.34316253662108,LOS ANGELES,UNINCORPORATED,-118.3431396484375,33.99477005004883
90686131,2018,2018-03-20,9590,2018-03-18,0210,021542,NA,7,3,7,1942,0,1,1,NA,2,053,I-110 S/B (HARBOR FREEWAY),US-101,100,S,N,A,-,Y,NA,NA,110,NA,NA,NA,NA,NA,S,Y,3,0,2,2,A,-,07,21658,A,F,E,I,A,A,H,-,C,D,0,NA,NA,NA,NA,Y,NA,-,99,0,2,0,0,0,0,0,0,0,-,-,34.0623893737793,-118.24919891357422,LOS ANGELES,LOS ANGELES,-118.24919891357422,34.0623893737793
90686136,2018,2018-03-20,9565,2018-03-10,1110,021603,NA,6,1,9,1900,0,3,5,NA,2,002,CENTURY BLVD,NORMANDIE AVE,20,E,N,C,-,N,NA,NA,NA,NA,NA,NA,NA,NA,NA,Y,4,0,2,3,A,-,08,22107,NA,N,B,C,A,B,H,-,A,A,0,NA,NA,NA,NA,Y,NA,A,07,0,0,2,0,0,0,0,0,0,-,-,33.945491790771484,-118.3002471923828,LOS ANGELES,UNINCORPORATED,-118.30021667480467,33.945491790771484
90686170,2018,2018-03-20,9580,2018-03-08,1555,019715,NA,4,2,7,1942,0,1,3,NA,2,115,SR-118 W/B (RONALD REAGAN FWY.),SEPULVEDA BLVD,500,E,N,A,-,Y,NA,NA,118,NA,NA,NA,NA,NA,W,N,4,0,2,2,A,-,03,22350,NA,N,C,C,A,A,H,-,A,D,0,NA,NA,NA,NA,Y,NA,A,01,0,0,2,0,0,0,0,0,0,-,-,34.2659797668457,-118.46141815185548,LOS ANGELES,LOS ANGELES,-118.46141815185548,34.266021728515625
90686174,2018,2018-03-20,9535,2018-03-07,1540,021119,NA,3,2,9,1900,0,2,4,NA,2,022,OLYMPIC BLVD (4000 BLOCK),DITMAN AVE.,100,E,N,B,-,N,NA,NA,NA,NA,NA,NA,NA,NA,NA,N,4,0,1,3,A,-,03,22350,NA,N,C,C,A,A,H,-,A,D,0,NA,NA,NA,NA,Y,NA,A,01,0,0,1,0,0,0,0,0,0,-,-,34.01890182495117,-118.18920135498048,LOS ANGELES,UNINCORPORATED,-118.18891143798828,34.01887893676758
90686185,2018,2018-03-20,9580,2018-03-08,1630,021475,NA,4,2,7,1942,0,1,1,NA,2,406,I-405 N/B (SAN DIEGO FWY),PLUMMER ST,500,N,N,A,-,Y,NA,NA,405,NA,NA,NA,NA,NA,N,Y,3,0,1,2,A,-,03,22350,NA,F,E,J,A,A,H,-,A,D,0,NA,NA,Y,NA,Y,NA,C,02,0,1,0,0,0,0,0,0,1,-,-,34.244041442871094,-118.47284698486328,LOS ANGELES,LOS ANGELES,-118.47286987304688,34.244041442871094
90686189,2018,2018-03-20,9580,2018-03-08,1155,019544,NA,4,1,7,1942,0,1,1,NA,2,405,I-405 S/B (SAN DIEGO FWY),MULHOLLAND DR,50,N,N,A,-,Y,NA,NA,405,NA,NA,NA,NA,NA,S,N,4,0,1,4,A,-,03,22350,NA,N,C,C,A,A,H,-,A,D,0,NA,NA,NA,NA,Y,NA,A,01,0,0,1,0,0,0,0,0,0,-,-,34.12678909301758,-118.47528076171876,LOS ANGELES,LOS ANGELES,-118.47531127929688,34.12681579589844
90686190,2018,2018-03-20,9535,2018-03-11,1455,021119,NA,7,2,5,1915,0,1,1,NA,2,075,I-710 (LONG BEACH FREEWAY) S/B,ALONDRA BLVD,100,N,N,A,-,Y,NA,NA,710,NA,NA,NA,NA,NA,S,N,4,0,1,2,A,-,04,21703,NA,N,C,C,A,A,H,-,A,D,0,NA,NA,NA,NA,Y,NA,A,07,0,0,1,0,0,0,0,0,0,-,-,33.891700744628906,-118.18840026855467,LOS ANGELES,COMPTON,-118.18839263916016,33.891700744628906
90686225,2018,2018-04-05,9535,2018-03-12,1810,019626,NA,1,2,9,1900,0,1,3,NA,2,066,SR-164 (ROSEMEAD BLVD) S/B,SR-60,200,S,N,A,-,N,NA,NA,164,NA,NA,NA,NA,NA,S,N,4,0,1,2,A,-,03,22350,NA,N,C,C,A,A,H,-,A,A,0,NA,NA,NA,NA,Y,NA,A,01,0,0,1,0,0,0,0,0,0,-,-,34.040618896484375,-118.06427764892578,LOS ANGELES,UNINCORPORATED,-118.06436157226564,34.04062271118164
90686227,2018,2018-03-20,9565,2018-03-12,1315,017060,NA,1,1,9,1900,0,3,5,NA,2,005,ADMIRALTY WAY E/B,BALI WAY,1200,W,N,A,-,N,NA,NA,NA,NA,NA,NA,NA,NA,NA,Y,4,0,1,2,A,-,09,21801,A,N,D,C,A,A,H,-,A,D,0,NA,NA,NA,NA,Y,NA,A,07,0,0,1,0,0,0,0,0,0,-,-,33.983680725097656,-118.44738006591795,LOS ANGELES,UNINCORPORATED,-118.44498443603516,33.983497619628906
90686228,2018,2018-03-20,9535,2018-03-13,0820,017598,NA,2,1,5,1969,0,1,1,NA,2,074,I-710 (LONG BEACH FREEWAY) N/B,FILESTONE BLVD,800,N,N,B,-,Y,NA,NA,710,NA,NA,NA,NA,NA,N,Y,4,0,1,3,A,-,07,21658,NA,N,B,C,A,A,H,-,A,D,0,NA,NA,Y,NA,Y,NA,A,01,0,0,1,0,0,0,0,0,1,-,-,33.95330047607422,-118.17047882080078,LOS ANGELES,SOUTH GATE,-118.17050933837892,33.95329666137695
90686229,2018,2018-03-20,9535,2018-03-12,2033,021131,NA,1,2,9,1900,0,2,4,NA,2,024,WHITTIER BLVD.,FORD BLVD.,0,NA,Y,A,-,Y,NA,NA,NA,NA,NA,NA,NA,NA,NA,N,4,0,2,3,A,-,10,21950,A,N,G,B,B,A,H,-,C,A,0,Y,NA,NA,NA,Y,NA,A,01,0,0,2,0,2,0,0,0,0,-,-,34.023319244384766,-118.17102813720705,LOS ANGELES,UNINCORPORATED,-118.17105102539064,34.023319244384766
90686252,2018,2018-03-21,9575,2018-03-12,1520,021784,NA,1,2,7,1942,0,1,3,NA,2,043,SR-134 E/B (VENTURA FREEWAY),RIVERSIDE DR.,500,E,N,A,-,Y,NA,NA,134,NA,NA,NA,NA,NA,E,N,4,0,1,3,A,-,03,22350,NA,N,C,C,A,A,H,-,A,D,0,NA,NA,NA,NA,Y,NA,A,08,0,0,1,0,0,0,0,0,0,-,-,34.15523147583008,-118.29210662841795,LOS ANGELES,LOS ANGELES,-118.29210662841795,34.155235290527344
90686270,2018,2018-03-21,9575,2018-03-06,1350,020182,NA,2,1,9,1900,0,2,4,NA,2,023,ALTADENA DR.,LAKE AVE.,0,NA,Y,A,-,N,NA,NA,NA,NA,NA,NA,NA,NA,NA,Y,4,0,1,2,A,-,09,21801,A,N,D,C,A,A,H,-,A,D,0,NA,NA,NA,NA,Y,NA,A,07,0,0,1,0,0,0,0,0,0,-,-,34.190101623535156,-118.13134765625,LOS ANGELES,UNINCORPORATED,-118.13130950927734,34.190208435058594
90686272,2018,2018-03-21,9575,2018-03-13,1900,021213,NA,2,2,7,1942,0,1,3,NA,2,070,SR-118 W/B FROM SAN FERNANDO RD.,SAN FERNANDO RD.,420,S,N,B,C,Y,NA,NA,118,NA,NA,NA,R,NA,W,Y,3,0,1,1,A,-,08,22107,NA,N,F,I,A,B,H,-,A,D,0,NA,NA,NA,NA,Y,NA,A,07,0,1,0,0,0,0,0,0,0,-,-,34.27219009399414,-118.43064880371094,LOS ANGELES,LOS ANGELES,-118.43064880371094,34.27219009399414
90686280,2018,2018-03-21,9525,2018-03-13,2050,019188,NA,2,2,1,1934,0,1,1,NA,2,203,I-210 W/B (FOOTHILL FWY),IRWINDALE AVE,1200,W,N,B,-,Y,NA,NA,210,NA,NA,NA,NA,NA,W,Y,3,0,1,4,A,-,07,21658,A,N,B,C,A,B,H,-,D,D,0,NA,NA,NA,Y,Y,NA,-,-,0,1,0,0,0,0,0,0,0,-,-,34.130191802978516,-117.94439697265624,LOS ANGELES,IRWINDALE,-117.9443817138672,34.130245208740234
90686281,2018,2018-03-21,9575,2018-03-13,2138,021006,NA,2,2,6,1925,0,1,3,NA,2,042,SR-134 E/B (VENTURA FREEWAY),GLENDALE AVE.,1000,E,N,B,-,Y,NA,NA,134,NA,NA,NA,NA,NA,E,N,4,0,1,2,A,-,07,21658,A,N,B,C,A,A,H,-,C,D,0,NA,NA,NA,NA,Y,NA,A,07,0,0,1,0,0,0,0,0,0,-,-,34.15361022949219,-118.23841094970705,LOS ANGELES,GLENDALE,-118.2384033203125,34.15361404418945
90686286,2018,2018-03-21,9565,2018-03-01,1450,019138,NA,4,2,7,1942,0,1,1,NA,2,083,I-10 WB (SANTA MONICA FWY),MOTOR AVE.,100,W,N,A,-,Y,NA,NA,10,NA,NA,NA,NA,NA,W,N,4,0,1,3,A,-,08,22107,NA,F,B,C,A,A,H,-,A,D,0,NA,NA,NA,NA,Y,NA,-,-,0,0,1,0,0,0,0,0,0,-,-,34.03092956542969,-118.41150665283205,LOS ANGELES,LOS ANGELES,-118.41150665283205,34.03094482421875
90686294,2018,2018-03-21,9565,2018-03-20,0920,017713,NA,2,1,5,1928,0,1,1,NA,2,060,I-405 S/B (SAN DIEGO FREEWAY),ROSECRANS AVE.,400,N,N,A,-,Y,NA,NA,405,NA,NA,NA,NA,NA,S,Y,4,0,2,3,A,-,03,22350,NA,N,C,C,A,A,H,-,A,D,0,NA,NA,NA,NA,Y,NA,A,01,0,0,2,0,0,0,0,0,0,-,-,33.9063606262207,-118.37059783935548,LOS ANGELES,HAWTHORNE,-118.3705825805664,33.9063606262207
90686314,2018,2018-03-21,9575,2018-03-13,1250,020476,NA,2,1,6,1925,0,1,1,NA,2,050,I-5 N/B (GOLDEN STATE FREEWAY),WESTERN AVE.,800,S,N,B,-,Y,NA,NA,5,NA,NA,NA,NA,NA,N,N,4,0,1,3,A,-,03,22350,NA,N,C,C,A,B,H,-,A,D,0,NA,NA,NA,NA,Y,NA,A,08,0,0,1,0,0,0,0,0,0,-,-,34.15991973876953,-118.29231262207033,LOS ANGELES,GLENDALE,-118.29234313964844,34.1599006652832
90686316,2018,2018-03-21,9565,2018-03-07,1920,021371,NA,3,2,9,1900,0,1,1,NA,2,060,I-405 S/B (SAN DIEGO FWY),I-105,560,N,N,A,-,Y,NA,NA,405,NA,NA,NA,NA,NA,S,Y,4,0,1,3,A,-,03,22350,NA,N,C,C,A,A,H,-,C,D,0,NA,NA,NA,NA,Y,NA,A,01,0,0,1,0,0,0,0,0,0,-,-,33.931640625,-118.36847686767578,LOS ANGELES,UNINCORPORATED,-118.36853790283205,33.931640625