CASE_ID,ACCIDENT_YEAR,PROC_DATE,JURIS,COLLISION_DATE,COLLISION_TIME,OFFICER_ID,REPORTING_DISTRICT,DAY_OF_WEEK,CHP_SHIFT,POPULATION,CNTY_CITY_LOC,SPECIAL_COND,BEAT_TYPE,CHP_BEAT_TYPE,CITY_DIVISION_LAPD,CHP_BEAT_CLASS,BEAT_NUMBER,PRIMARY_RD,SECONDARY_RD,DISTANCE,DIRECTION,INTERSECTION,WEATHER_1,WEATHER_2,STATE_HWY_IND,CALTRANS_COUNTY,CALTRANS_DISTRICT,STATE_ROUTE,ROUTE_SUFFIX,POSTMILE_PREFIX,POSTMILE,LOCATION_TYPE,RAMP_INTERSECTION,SIDE_OF_HWY,TOW_AWAY,COLLISION_SEVERITY,NUMBER_KILLED,NUMBER_INJURED,PARTY_COUNT,PRIMARY_COLL_FACTOR,PCF_CODE_OF_VIOL,PCF_VIOL_CATEGORY,PCF_VIOLATION,PCF_VIOL_SUBSECTION,HIT_AND_RUN,TYPE_OF_COLLISION,MVIW,PED_ACTION,ROAD_SURFACE,ROAD_COND_1,ROAD_COND_2,LIGHTING,CONTROL_DEVICE,CHP_ROAD_TYPE,PEDESTRIAN_ACCIDENT,BICYCLE_ACCIDENT,MOTORCYCLE_ACCIDENT,TRUCK_ACCIDENT,NOT_PRIVATE_PROPERTY,ALCOHOL_INVOLVED,STWD_VEHTYPE_AT_FAULT,CHP_VEHTYPE_AT_FAULT,COUNT_SEVERE_INJ,COUNT_VISIBLE_INJ,COUNT_COMPLAINT_PAIN,COUNT_PED_KILLED,COUNT_PED_INJURED,COUNT_BICYCLIST_KILLED,COUNT_BICYCLIST_INJURED,COUNT_MC_KILLED,COUNT_MC_INJURED,PRIMARY_RAMP,SECONDARY_RAMP,LATITUDE,LONGITUDE,COUNTY,CITY,POINT_X,POINT_Y
90691885,2018,2018-03-28,9580,2018-03-17,1535,16550,NA,6,2,9,1900,0,2,4,NA,1,128,KANAN RD,TUNNEL #3,321,S,N,A,-,N,NA,NA,NA,NA,NA,NA,NA,NA,NA,Y,2,0,1,1,A,-,17,21662,NA,N,E,I,A,A,H,-,A,D,0,NA,NA,Y,NA,Y,NA,C,02,1,0,0,0,0,0,0,0,1,-,-,34.10737991333008,-118.80465698242188,LOS ANGELES,UNINCORPORATED,-118.80483245849608,34.107242584228516
90691889,2018,2018-03-28,9575,2018-03-23,0425,021955,NA,5,3,9,1900,0,1,1,NA,2,063,I-210 E/B (FOOTHILL FREEWAY),OCEAN VIEW BLVD.,670,W,N,B,C,Y,NA,NA,210,NA,NA,NA,NA,NA,E,Y,4,0,1,1,A,-,03,22350,NA,N,E,I,A,B,H,-,C,D,0,NA,NA,NA,NA,Y,NA,A,01,0,0,1,0,0,0,0,0,0,-,-,34.212608337402344,-118.22994232177734,LOS ANGELES,UNINCORPORATED,-118.22994232177734,34.21260452270508
9069189,2019,2020-05-20,1910,2019-01-09,1346,03494,NA,3,5,4,1910,0,0,0,NA,0,006,SANTA MONICA BL,ALPINE DR,150,E,N,A,-,N,NA,NA,NA,NA,NA,NA,NA,NA,NA,N,4,0,1,3,A,-,03,22350,NA,N,C,C,A,A,H,-,A,D,0,NA,NA,NA,NA,Y,NA,A,01,0,0,1,0,0,0,0,0,0,-,-,NA,NA,LOS ANGELES,BEVERLY HILLS,-118.39922332763672,34.074710845947266
90691895,2018,2018-06-05,9580,2018-03-19,0748,019544,NA,1,1,7,1942,0,1,3,NA,2,116,SR-118 E/B (RONALD REAGAN FWY.),PORTER RANCH RD,3168,W,N,A,-,Y,NA,NA,118,NA,NA,NA,NA,NA,E,N,4,0,1,3,A,-,03,22350,NA,N,C,C,A,A,H,-,A,D,0,NA,NA,NA,NA,Y,NA,A,01,0,0,1,0,0,0,0,0,0,-,-,34.273258209228516,-118.58084106445313,LOS ANGELES,LOS ANGELES,-118.58084106445313,34.273338317871094
90691922,2018,2018-03-28,9530,2018-03-16,1420,021871,NA,5,2,9,1900,0,3,5,NA,2,002,SAN PEDRO ST.,122ND ST.,0,NA,Y,B,-,N,NA,NA,NA,NA,NA,NA,NA,NA,NA,Y,2,0,3,3,A,-,09,21801,A,N,D,C,F,A,H,-,A,A,0,Y,NA,NA,NA,Y,NA,A,07,1,2,0,0,1,0,0,0,0,-,-,33.92131042480469,-118.26960754394533,LOS ANGELES,UNINCORPORATED,-118.26959228515624,33.92129135131836
90691923,2018,2018-04-13,9530,2018-03-18,1640,021875,NA,7,2,9,1900,0,3,5,NA,2,002,MONA BLVD.,126TH ST.,0,NA,Y,B,-,N,NA,NA,NA,NA,NA,NA,NA,NA,NA,Y,3,0,2,2,A,-,09,21802,A,N,D,C,A,A,H,-,A,A,0,NA,NA,NA,NA,Y,NA,A,07,0,1,1,0,0,0,0,0,0,-,-,33.91802978515625,-118.2275390625,LOS ANGELES,UNINCORPORATED,-118.22754669189452,33.917999267578125
90691926,2018,2018-03-28,9580,2018-03-17,1654,021999,NA,6,2,7,1942,0,1,2,NA,2,102,US-101 N/B (VENTURA FREEWAY),HAYVENHURST AVE,5808,S,N,A,-,Y,NA,NA,101,NA,NA,NA,NA,NA,N,N,4,0,3,3,A,-,03,22350,NA,M,C,C,A,A,H,-,A,D,0,NA,NA,NA,NA,Y,NA,-,99,0,0,3,0,0,0,0,0,0,-,-,34.164329528808594,-118.47306823730467,LOS ANGELES,LOS ANGELES,-118.4730224609375,34.164405822753906
90691931,2018,2018-03-28,9580,2018-03-18,2217,021963,NA,7,3,7,1942,0,1,3,NA,2,115,SR-118 W/B TO I-405 S/B,SEPULVEDA BLVD,550,E,N,A,-,Y,NA,NA,118,NA,NA,NA,R,NA,W,Y,4,0,1,4,A,-,03,22350,NA,N,C,C,A,A,H,-,C,D,0,NA,NA,NA,NA,Y,NA,A,07,0,0,1,0,0,0,0,0,0,-,-,34.26618957519531,-118.46238708496094,LOS ANGELES,LOS ANGELES,-118.46238708496094,34.26618957519531
90691932,2018,2018-03-28,9580,2018-03-17,1315,019544,NA,6,1,3,1989,0,1,2,NA,2,107,US-101 S/B (VENTURA FREEWAY),MUREAU RD,2112,N,N,A,-,Y,NA,NA,101,NA,NA,NA,NA,NA,S,Y,4,0,1,2,A,-,03,22350,NA,N,C,C,A,A,C,-,A,D,0,NA,NA,NA,NA,Y,NA,D,22,0,0,1,0,0,0,0,0,0,-,-,34.15003967285156,-118.67637634277344,LOS ANGELES,CALABASAS,-118.67636871337892,34.150062561035156
9069198,2020,2020-08-14,1900,2020-03-04,1645,601707,1322,3,5,5,1935,0,0,0,NA,0,132T2,LAKEWOOD BL,ASHWORTH ST,0,NA,Y,A,-,N,NA,NA,NA,NA,NA,NA,NA,NA,NA,N,3,0,1,2,A,-,10,21950,A,N,B,B,B,A,H,-,A,A,0,Y,NA,NA,NA,Y,NA,A,07,0,1,0,0,1,0,0,0,0,-,-,33.86783981323242,-118.14261627197266,LOS ANGELES,LAKEWOOD,-118.142822265625,33.867801666259766
90691991,2018,2018-03-28,9535,2018-03-20,1646,019540,NA,2,2,9,1900,0,3,5,NA,2,001,BLANCHARD ST,ALMA AVE,0,NA,Y,A,-,N,NA,NA,NA,NA,NA,NA,NA,NA,NA,N,4,0,2,2,A,-,09,21802,A,N,D,C,A,A,H,-,A,A,0,NA,NA,NA,NA,Y,NA,A,01,0,0,2,0,0,0,0,0,0,-,-,34.04610824584961,-118.1919174194336,LOS ANGELES,UNINCORPORATED,-118.1919403076172,34.046058654785156
90692013,2018,2018-03-28,9550,2018-03-25,1100,020551,NA,7,1,5,1919,0,1,3,NA,2,091,SR-91 WESTBOUND,STUDEBAKER RD.,400,E,N,A,-,Y,NA,NA,91,NA,NA,NA,NA,NA,W,N,4,0,1,2,A,-,03,22350,NA,N,C,C,A,A,H,-,A,D,0,NA,NA,NA,NA,Y,NA,A,07,0,0,1,0,0,0,0,0,0,-,-,33.87654113769531,-118.09197998046876,LOS ANGELES,CERRITOS,-118.09197998046876,33.87641525268555
90692017,2018,2018-03-28,9550,2018-03-27,1235,018271,NA,2,1,9,1900,0,1,1,NA,2,650,INTERSTATE 605 (SAN GABRIEL RIVER FREEW,WHITTIER BOULEVARD,400,S,N,A,-,Y,NA,NA,605,NA,NA,NA,NA,NA,NA,Y,4,0,1,2,A,-,03,22350,NA,N,C,C,A,A,H,-,A,D,0,NA,NA,NA,NA,Y,NA,A,01,0,0,1,0,0,0,0,0,0,-,-,33.98841094970703,-118.07044219970705,LOS ANGELES,UNINCORPORATED,-118.07045745849608,33.98841857910156
90692030,2018,2018-03-28,9565,2018-03-18,1540,019320,NA,7,2,7,1942,0,1,1,NA,2,064,I-405 S/B,GETTY CENTER DR,300,N,N,A,-,Y,NA,NA,405,NA,NA,NA,NA,NA,S,Y,4,0,2,3,A,-,03,22350,NA,N,C,C,A,A,H,-,A,D,0,NA,NA,NA,NA,Y,NA,A,01,0,0,2,0,0,0,0,0,0,-,-,34.10123062133789,-118.4778289794922,LOS ANGELES,LOS ANGELES,-118.47781372070313,34.101226806640625
90692036,2018,2018-03-28,9590,2018-03-21,1325,016856,NA,3,1,7,1942,0,1,3,NA,2,095,SR-2 W/B (GLENDALE FREEWAY),YORK BLVD.,3696,E,N,B,C,Y,NA,NA,2,NA,NA,NA,NA,NA,W,N,4,0,1,2,A,-,07,21658,A,F,B,C,A,B,H,-,A,D,0,NA,NA,NA,NA,Y,NA,-,99,0,0,1,0,0,0,0,0,0,-,-,34.13288879394531,-118.22965240478516,LOS ANGELES,LOS ANGELES,-118.22962188720705,34.13289260864258
90692041,2018,2018-03-28,9590,2018-03-22,1515,021917,NA,4,2,7,1942,0,1,1,NA,2,013,SR-110 SB (ARROYO SECO PARKWAY),YORK BLVD,750,N,N,B,C,Y,NA,NA,110,NA,NA,NA,NA,NA,S,Y,4,0,1,1,A,-,03,22350,NA,N,E,I,A,B,H,-,A,D,0,NA,NA,NA,NA,Y,NA,A,01,0,0,1,0,0,0,0,0,0,-,-,34.11381912231445,-118.17514801025392,LOS ANGELES,LOS ANGELES,-118.17514801025392,34.11381149291992
90692051,2018,2018-03-28,9565,2018-03-19,0518,021251,NA,1,3,9,1900,0,1,1,NA,2,012,I-105 W/B (CENTURY FREEWAY),VAN NESS AVE.,200,E,N,A,-,Y,NA,NA,NA,NA,NA,NA,NA,NA,NA,Y,3,0,1,5,A,-,03,22350,NA,N,C,C,A,A,H,-,C,D,0,NA,NA,NA,Y,Y,NA,D,22,0,1,0,0,0,0,0,0,0,-,-,33.92564010620117,-118.3173370361328,LOS ANGELES,UNINCORPORATED,-118.317138671875,33.92561721801758
90692054,2018,2018-06-15,9530,2018-03-18,0945,021123,NA,7,1,7,1941,0,1,1,NA,2,430,I-405 N/B (SAN DIEGO FREEWAY),REDONDO AVE.,800,S,N,A,-,Y,NA,NA,405,NA,NA,NA,NA,NA,N,Y,3,0,1,2,A,-,03,22350,NA,N,C,C,A,A,H,-,A,D,0,NA,NA,Y,NA,Y,NA,A,01,0,1,0,0,0,0,0,0,1,-,-,33.80680847167969,-118.14839935302734,LOS ANGELES,LONG BEACH,-118.14840698242188,33.806785583496094
90692056,2018,2018-03-28,9550,2018-03-27,1700,018271,NA,2,2,9,1900,0,2,4,NA,1,021,CARMENITA ROAD,FLORENCE AVENUE,200,S,N,A,-,N,NA,NA,NA,NA,NA,NA,NA,NA,NA,Y,4,0,2,2,A,-,03,22350,NA,N,C,C,A,A,H,-,A,D,0,NA,NA,NA,NA,Y,NA,A,01,0,0,2,0,0,0,0,0,0,-,-,33.93532180786133,-118.0464324951172,LOS ANGELES,UNINCORPORATED,-118.0465850830078,33.93564987182617
90692075,2018,2018-03-28,9550,2018-03-27,1703,015045,NA,2,2,6,1920,0,1,1,NA,2,150,I-105 E/B (GLENN ANDERSON FREEWAY),ARDIS AVENUE,528,W,N,A,-,Y,NA,NA,105,NA,NA,NA,NA,NA,E,Y,3,0,2,2,A,-,03,22350,NA,N,C,C,A,A,H,-,A,D,0,NA,NA,NA,NA,Y,NA,A,01,0,1,1,0,0,0,0,0,0,-,-,33.912818908691406,-118.1316375732422,LOS ANGELES,DOWNEY,-118.1316375732422,33.91297149658203
90692114,2018,2019-11-20,9545,2018-03-24,1230,016549,NA,6,1,9,1900,0,3,5,NA,2,004,AVENUE N,60TH STREET EAST,1749,E,N,A,-,N,NA,NA,NA,NA,NA,NA,NA,NA,NA,Y,4,0,1,2,A,-,01,23152,A,N,C,C,A,A,H,-,A,D,0,NA,NA,NA,NA,Y,Y,A,01,0,0,1,0,0,0,0,0,0,-,-,34.63114929199219,-118.01767730712892,LOS ANGELES,UNINCORPORATED,-118.01747894287108,34.631221771240234
90692168,2018,2018-03-28,9535,2018-03-19,0840,016915,NA,1,1,9,1900,0,2,4,NA,2,016,1ST STREET (3500 EAST BLOCK),ALMA AVENUE,0,NA,Y,A,-,N,NA,NA,NA,NA,NA,NA,NA,NA,NA,N,4,0,2,2,A,-,03,22350,NA,N,C,C,A,A,H,-,A,D,0,NA,NA,NA,NA,Y,NA,D,22,0,0,2,0,0,0,0,0,0,-,-,34.03599166870117,-118.19142150878906,LOS ANGELES,UNINCORPORATED,-118.1913604736328,34.03599166870117
90692171,2018,2018-03-28,9565,2018-03-21,1656,015587,NA,3,2,7,1942,0,1,1,NA,2,082,I-10 W/B TO BUNDRY DRIVE N/B,BUNDY DR,333,E,N,B,-,Y,NA,NA,10,NA,NA,NA,R,NA,W,Y,4,0,2,2,A,-,03,22350,NA,N,C,C,A,B,H,-,A,D,0,NA,NA,NA,NA,Y,NA,A,01,0,0,2,0,0,0,0,0,0,-,-,34.02880859375,-118.44841766357422,LOS ANGELES,LOS ANGELES,-118.44841766357422,34.02880859375
90692175,2017,2018-03-28,9550,2017-11-21,1710,017511,NA,2,2,9,1900,0,1,3,NA,2,600,SR-60 W/B (POMONA FREEWAY),HACIENDA BLVD,300,W,N,A,-,Y,NA,NA,60,NA,NA,NA,NA,NA,W,N,4,0,2,3,A,-,03,22350,NA,F,C,C,A,A,H,-,D,D,0,NA,NA,NA,NA,Y,NA,A,01,0,0,2,0,0,0,0,0,0,-,-,34.00757,-117.9658,LOS ANGELES,UNINCORPORATED,-117.96583448,34.00746039
90692187,2018,2018-03-28,9565,2018-03-21,1745,017713,NA,3,2,9,1900,0,1,1,NA,2,060,I-405 N/B (SAN DIEGO FREEWAY),EL SEGUNDO BLVD.,500,N,N,A,-,Y,NA,NA,405,NA,NA,NA,NA,NA,N,Y,3,0,2,3,A,-,03,22350,NA,N,C,C,A,A,H,-,A,D,0,NA,NA,NA,NA,Y,NA,A,01,0,2,0,0,0,0,0,0,0,-,-,33.91865921020508,-118.36959838867188,LOS ANGELES,UNINCORPORATED,-118.36961364746094,33.918663024902344
90692204,2018,2018-03-28,9565,2018-03-21,1202,020209,NA,3,1,7,1942,0,1,1,NA,2,061,I-405 N/B (SAN DIEGO FREEWAY),STATE ROUTE 90,100,N,N,C,-,Y,NA,NA,405,NA,NA,NA,NA,NA,N,N,3,0,1,2,A,-,03,22350,NA,N,C,C,A,B,H,-,A,D,0,NA,NA,NA,NA,Y,NA,A,01,0,1,0,0,0,0,0,0,0,-,-,33.9881706237793,-118.3994369506836,LOS ANGELES,LOS ANGELES,-118.3993682861328,33.98822784423828
90692218,2018,2018-03-28,9565,2018-03-22,1840,021021,NA,4,2,7,1942,0,1,1,NA,2,062,I-405 N/B (SAN DIEGO FREEWAY),VENICE BLVD,100,N,N,C,-,Y,NA,NA,405,NA,NA,NA,NA,NA,N,Y,3,0,1,2,A,-,07,21658,A,N,C,C,A,B,H,-,C,D,0,NA,NA,Y,NA,Y,NA,A,01,0,1,0,0,0,0,0,0,1,-,-,34.015201568603516,-118.4207000732422,LOS ANGELES,LOS ANGELES,-118.4207000732422,34.015201568603516
90692229,2018,2018-03-28,9550,2018-03-18,0255,021952,NA,7,3,6,1949,0,1,1,NA,2,500,INTERSTATE 5 NB,NORWALK BOULEVARD,500,S,N,A,-,Y,NA,NA,5,NA,NA,NA,NA,NA,N,Y,4,0,1,1,A,-,01,23152,A,N,E,I,A,A,H,-,C,D,0,NA,NA,NA,NA,Y,Y,A,01,0,0,1,0,0,0,0,0,0,-,-,33.91345977783203,-118.07552337646484,LOS ANGELES,NORWALK,-118.0755615234375,33.91338348388672
9069223,2020,2020-08-06,1942,2020-04-26,1545,43545,0315,7,5,7,1942,0,0,0,C,0,3A34W7,27TH ST,WESTERN AV,0,NA,Y,A,-,N,NA,NA,NA,NA,NA,NA,NA,NA,NA,N,4,0,1,2,A,-,10,21950,A,N,G,B,B,A,H,-,A,A,0,Y,NA,NA,NA,Y,NA,D,22,0,0,1,0,1,0,0,0,0,-,-,NA,NA,LOS ANGELES,LOS ANGELES,-118.3089599609375,34.030860900878906
9069225,2020,2020-08-13,1900,2020-04-27,0756,545089,2846,1,5,5,1915,0,0,0,NA,0,282T1,BULLIS RD,COMPTON BL,35,S,N,A,-,N,NA,NA,NA,NA,NA,NA,NA,NA,NA,N,4,0,1,3,A,-,08,22107,NA,N,D,E,E,A,H,-,A,D,0,Y,NA,NA,NA,Y,NA,D,22,0,0,1,0,1,0,0,0,0,-,-,NA,NA,LOS ANGELES,COMPTON,-118.20659637451172,33.896018981933594
90692262,2018,2018-03-28,9550,2018-03-18,2100,021977,NA,7,2,9,1900,0,1,3,NA,2,600,STATE ROUTE 60 WESTBOUND,INTERSTATE 605,1750,E,N,A,-,Y,NA,NA,60,NA,NA,NA,NA,NA,W,Y,3,0,1,1,A,-,03,22350,NA,N,F,A,A,A,H,-,C,D,0,NA,NA,Y,NA,Y,NA,C,02,0,1,0,0,0,0,0,0,1,-,-,34.03239822387695,-118.02359771728516,LOS ANGELES,UNINCORPORATED,-118.02359008789064,34.032413482666016
90692267,2018,2018-03-29,9565,2018-02-21,1900,021372,NA,3,2,6,1933,0,1,1,NA,2,060,I-405 S/B TO CENTURY BOULEVARD,ARBOR VITAE STREET,200,S,N,A,-,Y,NA,NA,405,NA,NA,NA,R,NA,S,N,3,0,1,2,A,-,03,22350,NA,N,C,C,A,A,H,-,C,D,0,NA,NA,NA,NA,Y,Y,A,07,0,1,0,0,0,0,0,0,0,-,-,33.95199966430664,-118.36946105957033,LOS ANGELES,INGLEWOOD,-118.36946105957033,33.95199966430664
90692276,2018,2018-03-29,9550,2018-03-28,1445,018271,NA,3,2,9,1900,0,1,1,NA,2,650,INTERSTATE 605 SOUTHBOUND,SARAGOSA ST.,400,N,N,A,-,Y,NA,NA,605,NA,NA,NA,NA,NA,S,N,4,0,1,2,A,-,03,22350,NA,N,C,C,A,A,H,-,A,D,0,NA,NA,NA,NA,Y,NA,D,22,0,0,1,0,0,0,0,0,0,-,-,33.98237991333008,-118.07437133789064,LOS ANGELES,UNINCORPORATED,-118.07437133789064,33.98237991333008
90692326,2018,2018-03-29,9525,2018-03-22,2318,015988,NA,4,3,6,1955,0,1,1,NA,2,108,I-10 E/B (SAN BERNARDINO FWY),KELLOGG DR.,1056,W,N,B,C,Y,NA,NA,10,NA,NA,NA,NA,NA,E,Y,3,0,1,3,A,-,03,22350,NA,N,E,I,A,B,D,E,D,D,0,NA,NA,NA,NA,Y,NA,A,01,0,1,0,0,0,0,0,0,0,-,-,34.063541412353516,-117.81652069091795,LOS ANGELES,POMONA,-117.81652069091795,34.063629150390625
90692333,2018,2018-03-29,9565,2018-03-20,1221,021855,NA,2,1,7,1942,0,1,1,NA,2,010,I-105 WB (CENTURY FREEWAY),NASH ST,800,E,N,A,-,Y,NA,NA,105,NA,NA,NA,NA,NA,W,N,3,0,1,3,A,-,08,22107,NA,F,B,C,A,A,H,-,A,D,0,NA,NA,Y,Y,Y,NA,A,01,0,1,0,0,0,0,0,0,1,-,-,33.931190490722656,-118.38616943359376,LOS ANGELES,LOS ANGELES,-118.38616943359376,33.93124008178711
90692340,2018,2018-03-29,9525,2018-03-23,1202,022009,NA,5,1,4,1905,0,1,1,NA,2,214,I-210 E/B (FOOTHILL FWY),CERRITOS AVE,350,E,N,A,-,Y,NA,NA,210,NA,NA,NA,NA,NA,E,N,4,0,2,3,A,-,03,22350,NA,N,C,C,A,A,H,-,A,D,0,NA,NA,NA,NA,Y,NA,A,07,0,0,2,0,0,0,0,0,0,-,-,34.12105941772461,-117.89813232421876,LOS ANGELES,AZUSA,-117.89813232421876,34.120994567871094
90692351,2018,2018-03-29,9530,2018-03-10,2110,021273,NA,6,2,9,1900,0,3,5,NA,2,006,VERMONT AVE. (800 BLOCK),CARSON ST.,0,NA,Y,C,-,N,NA,NA,NA,NA,NA,NA,NA,NA,NA,Y,4,0,3,4,A,-,12,21453,A,N,D,C,A,B,H,-,C,A,0,NA,NA,NA,NA,Y,NA,A,01,0,0,3,0,0,0,0,0,0,-,-,33.83158874511719,-118.29029846191406,LOS ANGELES,UNINCORPORATED,-118.290283203125,33.831600189208984
90692356,2018,2018-03-29,9530,2018-03-10,2100,021792,NA,6,2,9,1900,0,3,5,NA,2,001,GAGE AVENUE,HOLMES AVENUE,7,E,N,C,-,N,NA,NA,NA,NA,NA,NA,NA,NA,NA,Y,4,0,1,1,A,-,03,22350,NA,N,E,I,A,B,H,-,C,A,0,NA,NA,NA,NA,Y,NA,A,07,0,0,1,0,0,0,0,0,0,-,-,33.98305892944336,-118.24109649658205,LOS ANGELES,UNINCORPORATED,-118.2411880493164,33.981998443603516
90692359,2018,2018-03-29,9565,2018-03-24,1245,021915,NA,6,1,6,1933,0,1,1,NA,2,060,I-405 N/B LA CIENEGA BLVD,FLORENCE AVE,40,S,N,A,-,Y,NA,NA,405,NA,NA,NA,NA,NA,N,N,4,0,1,3,A,-,03,22350,NA,N,C,C,A,A,H,-,A,D,0,NA,NA,NA,NA,Y,NA,A,01,0,0,1,0,0,0,0,0,0,-,-,33.963619232177734,-118.36945343017578,LOS ANGELES,INGLEWOOD,-118.36975860595705,33.9635124206543
90692362,2018,2018-03-29,9530,2018-03-09,0920,021902,NA,5,1,9,1900,0,3,5,NA,2,002,AVALON BLVD.,SAN PEDRO ST.,0,NA,Y,B,-,N,NA,NA,NA,NA,NA,NA,NA,NA,NA,Y,3,0,1,2,A,-,09,21801,A,N,D,C,A,A,H,-,A,D,0,NA,NA,NA,NA,Y,NA,D,22,0,1,0,0,0,0,0,0,0,-,-,33.88766098022461,-118.26538848876952,LOS ANGELES,UNINCORPORATED,-118.26473999023438,33.88125991821289
90692363,2018,2018-03-29,9525,2018-03-24,1455,020544,NA,6,2,6,1955,0,1,3,NA,2,606,SR-60 E/B TO RESERVOIR ST,RESERVOIR ST,145,W,N,A,-,Y,NA,NA,60,NA,NA,NA,R,NA,E,Y,4,0,3,3,A,-,03,22350,NA,N,C,C,A,A,H,-,A,D,0,NA,NA,NA,NA,Y,NA,A,07,0,0,3,0,0,0,0,0,0,-,-,34.02457809448242,-117.73209381103516,LOS ANGELES,POMONA,-117.73209381103516,34.02457809448242
9069237,2020,2020-07-22,1900,2020-04-24,1620,611249,2813,5,5,5,1915,0,0,0,NA,0,283T1,N WILLOWBROOK AV,W WINONA ST,0,NA,Y,A,-,N,NA,NA,NA,NA,NA,NA,NA,NA,NA,N,4,0,2,2,A,-,04,21703,NA,N,C,C,A,A,H,-,A,D,0,NA,NA,NA,NA,Y,NA,A,01,0,0,2,0,0,0,0,0,0,-,-,NA,NA,LOS ANGELES,COMPTON,-118.22714996337892,33.90761947631836
90692373,2018,2018-03-29,9540,2018-03-19,1831,021845,NA,1,2,7,1942,0,1,1,NA,2,406,I-405 N/B (SAN DIEGO FREEWAY),RINALDI ST,5280,N,N,A,-,Y,NA,NA,405,NA,NA,NA,NA,NA,N,Y,3,0,1,3,A,-,07,21658,A,N,B,C,A,A,H,-,A,D,0,NA,NA,Y,NA,Y,NA,A,01,0,1,0,0,0,0,0,0,1,-,-,34.29216003417969,-118.46832275390624,LOS ANGELES,LOS ANGELES,-118.46788787841795,34.29138946533203
90692378,2018,2018-03-29,9565,2018-03-25,1135,020086,NA,7,1,7,1942,0,1,1,NA,2,082,I-10 W/B (SANTA MONICA FWY),BUNDY DR,1000,E,N,A,-,Y,NA,NA,10,NA,NA,NA,NA,NA,W,Y,4,0,1,2,A,-,03,22350,NA,N,C,C,A,A,H,-,A,D,0,NA,NA,NA,NA,Y,NA,A,07,0,0,1,0,0,0,0,0,0,-,-,34.029449462890625,-118.4450225830078,LOS ANGELES,LOS ANGELES,-118.44503021240234,34.02949523925781
90692396,2018,2018-03-29,9525,2018-03-25,1145,021250,NA,7,1,5,1926,0,1,1,NA,2,217,I-210 W/B (FOOTHILL FWY),LONE HILL AVE,1000,E,N,A,-,Y,NA,NA,210,NA,NA,NA,NA,NA,W,Y,4,0,3,2,A,-,07,21658,A,F,B,C,A,A,H,-,A,D,0,NA,NA,NA,NA,Y,NA,A,07,0,0,3,0,0,0,0,0,0,-,-,34.12057876586914,-117.82379150390624,LOS ANGELES,GLENDORA,-117.82378387451172,34.12062072753906
90692397,2018,2018-03-29,9530,2018-02-09,0001,015372,NA,5,3,7,1941,0,1,1,NA,2,072,I-710 S/B (LONG BEACH FREEWAY),PACIFIC COAST HWY.,1848,N,N,A,-,Y,NA,NA,710,NA,NA,NA,NA,NA,S,Y,4,0,1,2,A,-,08,22107,NA,N,D,C,A,A,H,-,C,D,0,NA,NA,NA,Y,Y,NA,F,55,0,0,1,0,0,0,0,0,0,-,-,33.79589080810547,-118.20713806152344,LOS ANGELES,LONG BEACH,-118.20703125,33.79589080810547
9069242,2020,2020-07-27,1900,2020-03-08,1900,620972,2823,7,5,5,1915,0,0,0,NA,0,283T1,LONG BEACH BL,PINE ST,50,N,N,A,-,N,NA,NA,NA,NA,NA,NA,NA,NA,NA,N,4,0,1,4,A,-,03,22350,NA,N,B,C,A,A,H,-,-,D,0,NA,NA,NA,NA,Y,NA,A,08,0,0,1,0,0,0,0,0,0,-,-,NA,NA,LOS ANGELES,COMPTON,-118.20891571044922,33.91029739379883
90692423,2018,2018-03-29,9530,2018-03-19,2340,021965,NA,1,3,7,1942,0,1,1,NA,2,110,I-110 N/B (HARBOR FREEWAY),120TH ST.,100,S,N,A,-,Y,NA,NA,110,NA,NA,NA,NA,NA,N,Y,3,0,2,2,A,-,07,21658,A,N,D,C,A,A,H,-,C,D,0,NA,NA,NA,NA,Y,NA,A,01,0,1,1,0,0,0,0,0,0,-,-,33.92686080932617,-118.28083038330078,LOS ANGELES,LOS ANGELES,-118.2808837890625,33.9268684387207
90692430,2018,2018-03-29,9530,2018-03-19,0635,014654,NA,1,1,7,1941,0,1,1,NA,2,430,I-405 S/B (SAN DIEGO FREEWAY),WILLOW STREET,100,N,N,A,-,Y,NA,NA,405,NA,NA,NA,NA,NA,S,Y,4,0,2,3,A,-,03,22350,NA,N,C,C,A,A,H,-,A,D,0,NA,NA,NA,NA,Y,NA,A,07,0,0,2,0,0,0,0,0,0,-,-,33.80442810058594,-118.13983154296876,LOS ANGELES,LONG BEACH,-118.13986206054688,33.80438232421875
90692448,2018,2018-03-29,9530,2018-03-19,0825,019357,NA,1,1,9,1900,0,3,5,NA,2,003,SAN VINCENTE ST.,ATLANTIC AVE.,150,W,N,A,-,N,NA,NA,NA,NA,NA,NA,NA,NA,NA,N,4,0,1,2,A,-,21,22106,NA,N,G,B,D,A,H,-,A,D,0,Y,NA,NA,NA,Y,NA,A,07,0,0,1,0,1,0,0,0,0,-,-,33.89945983886719,-118.19426727294922,LOS ANGELES,UNINCORPORATED,-118.19416046142578,33.89945983886719