CASE_ID,ACCIDENT_YEAR,PROC_DATE,JURIS,COLLISION_DATE,COLLISION_TIME,OFFICER_ID,REPORTING_DISTRICT,DAY_OF_WEEK,CHP_SHIFT,POPULATION,CNTY_CITY_LOC,SPECIAL_COND,BEAT_TYPE,CHP_BEAT_TYPE,CITY_DIVISION_LAPD,CHP_BEAT_CLASS,BEAT_NUMBER,PRIMARY_RD,SECONDARY_RD,DISTANCE,DIRECTION,INTERSECTION,WEATHER_1,WEATHER_2,STATE_HWY_IND,CALTRANS_COUNTY,CALTRANS_DISTRICT,STATE_ROUTE,ROUTE_SUFFIX,POSTMILE_PREFIX,POSTMILE,LOCATION_TYPE,RAMP_INTERSECTION,SIDE_OF_HWY,TOW_AWAY,COLLISION_SEVERITY,NUMBER_KILLED,NUMBER_INJURED,PARTY_COUNT,PRIMARY_COLL_FACTOR,PCF_CODE_OF_VIOL,PCF_VIOL_CATEGORY,PCF_VIOLATION,PCF_VIOL_SUBSECTION,HIT_AND_RUN,TYPE_OF_COLLISION,MVIW,PED_ACTION,ROAD_SURFACE,ROAD_COND_1,ROAD_COND_2,LIGHTING,CONTROL_DEVICE,CHP_ROAD_TYPE,PEDESTRIAN_ACCIDENT,BICYCLE_ACCIDENT,MOTORCYCLE_ACCIDENT,TRUCK_ACCIDENT,NOT_PRIVATE_PROPERTY,ALCOHOL_INVOLVED,STWD_VEHTYPE_AT_FAULT,CHP_VEHTYPE_AT_FAULT,COUNT_SEVERE_INJ,COUNT_VISIBLE_INJ,COUNT_COMPLAINT_PAIN,COUNT_PED_KILLED,COUNT_PED_INJURED,COUNT_BICYCLIST_KILLED,COUNT_BICYCLIST_INJURED,COUNT_MC_KILLED,COUNT_MC_INJURED,PRIMARY_RAMP,SECONDARY_RAMP,LATITUDE,LONGITUDE,COUNTY,CITY,POINT_X,POINT_Y
90692939,2018,2018-03-29,9530,2018-03-21,1330,015615,NA,3,1,5,1915,0,1,3,NA,2,310,SR-91 E/B (ARTESIA FREEWAY),ALAMEDA ST.,50,W,N,B,-,Y,NA,NA,NA,NA,NA,NA,NA,NA,NA,Y,3,0,1,1,A,-,03,22350,NA,N,E,I,A,B,H,-,A,D,0,NA,NA,NA,NA,Y,NA,A,07,0,1,0,0,0,0,0,0,0,-,-,33.87178039550781,-118.21671295166016,LOS ANGELES,COMPTON,-118.2169952392578,33.87337875366211
9069294,2020,2020-08-11,1942,2020-05-02,1555,34426,0246,6,5,7,1942,0,0,0,B,0,2A47,BONNIE BRAE ST,6TH AV,130,S,N,A,-,N,NA,NA,NA,NA,NA,NA,NA,NA,NA,N,4,0,2,2,A,-,09,21804,A,N,D,C,A,A,H,-,A,D,0,NA,NA,NA,NA,Y,NA,A,07,0,0,2,0,0,0,0,0,0,-,-,NA,NA,LOS ANGELES,LOS ANGELES,-118.27275848388672,34.0582160949707
90692949,2018,2018-07-23,9530,2018-03-28,2005,021016,NA,3,2,9,1900,0,3,5,NA,2,006,LOMITA BLVD. (1200 BLOCK),NORMANDIE AVE.,13,W,N,A,-,N,NA,NA,NA,NA,NA,NA,NA,NA,NA,Y,3,0,1,2,A,-,01,23152,A,N,D,C,A,A,H,-,C,A,0,NA,NA,NA,NA,Y,Y,D,22,0,1,0,0,0,0,0,0,0,-,-,33.79779815673828,-118.29769897460938,LOS ANGELES,UNINCORPORATED,-118.29751586914064,33.7978515625
9069295,2020,2020-08-11,1942,2020-05-04,1028,41933,1829,1,5,7,1942,0,0,0,R,0,25TL25,99TH PL,LOU DILLON AV,0,NA,Y,A,-,N,NA,NA,NA,NA,NA,NA,NA,NA,NA,Y,3,0,1,5,A,-,03,22350,NA,N,A,C,A,A,H,-,A,D,0,NA,NA,NA,NA,Y,NA,A,01,0,1,0,0,0,0,0,0,0,-,-,NA,NA,LOS ANGELES,LOS ANGELES,-118.2345,33.94714
9069296,2020,2020-08-10,1942,2020-05-02,1915,43171,1846,6,5,7,1942,0,0,0,R,0,18A44,S CENTRAL AV,114TH ST,0,NA,Y,A,-,N,NA,NA,NA,NA,NA,NA,NA,NA,NA,N,4,0,2,2,A,-,03,22350,NA,N,C,C,A,A,H,-,B,A,0,NA,NA,NA,NA,Y,NA,A,01,0,0,2,0,0,0,0,0,0,-,-,NA,NA,LOS ANGELES,LOS ANGELES,-118.25425720214844,33.93096923828125
9069297,2020,2020-08-10,1942,2020-05-02,1330,43004,12,6,5,7,1942,0,0,0,L,0,12A3,MANCHESTER,SAN PEDRO,200,W,N,A,-,N,NA,NA,NA,NA,NA,NA,NA,NA,NA,Y,4,0,1,2,A,-,03,22350,NA,N,C,C,A,A,H,-,A,D,0,NA,NA,NA,NA,Y,NA,-,-,0,0,1,0,0,0,0,0,0,-,-,NA,NA,LOS ANGELES,LOS ANGELES,-118.27015686035156,33.96010971069336
9069298,2020,2020-08-10,1942,2020-05-01,1640,36874,RD182,5,5,7,1942,0,0,0,NA,0,PATROL,VERMONT,CENTURY BL,20,S,N,A,-,N,NA,NA,NA,NA,NA,NA,NA,NA,NA,N,3,0,3,2,A,-,04,21703,NA,N,C,C,A,A,H,-,A,A,0,NA,NA,NA,NA,Y,NA,A,01,0,1,2,0,0,0,0,0,0,-,-,NA,NA,LOS ANGELES,LOS ANGELES,-118.29161071777344,33.9454345703125
9069300,2020,2020-08-10,1900,2020-05-02,1238,610418,1123,6,5,6,1992,0,0,0,NA,0,111T1,SIERRA HWY,AVENUE J-2,622,S,N,A,-,N,NA,NA,NA,NA,NA,NA,NA,NA,NA,N,3,0,2,2,A,-,11,21954,A,N,G,B,D,A,H,-,A,D,0,Y,NA,NA,NA,Y,NA,N,60,0,1,1,0,1,0,0,0,0,-,-,NA,NA,LOS ANGELES,LANCASTER,-118.13459777832033,34.68588638305664
90693003,2018,2018-03-29,9575,2018-03-26,1745,016536,NA,1,2,9,1900,0,2,4,NA,2,012,FOOTHILL BLVD. (3000 BLOCK),CLOUD AVE.,118,W,N,A,-,N,NA,NA,NA,NA,NA,NA,NA,NA,NA,Y,4,0,2,2,A,-,09,21801,A,N,D,C,A,A,H,-,A,D,0,NA,NA,NA,NA,Y,NA,A,01,0,0,2,0,0,0,0,0,0,-,-,34.228450775146484,-118.2467803955078,LOS ANGELES,UNINCORPORATED,-118.24673461914064,34.228363037109375
9069301,2020,2020-08-10,1900,2020-05-02,1309,610418,1136,6,5,6,1992,0,0,0,NA,0,111T1,COOPERSTOWN AV,E AVE H-14,0,NA,Y,A,-,N,NA,NA,NA,NA,NA,NA,NA,NA,NA,N,4,0,1,2,A,-,09,21801,A,N,B,C,A,A,H,-,A,D,0,NA,NA,NA,NA,Y,NA,A,07,0,0,1,0,0,0,0,0,0,-,-,NA,NA,LOS ANGELES,LANCASTER,-118.06600189208984,34.70674133300781
90693026,2018,2018-03-29,9575,2018-03-27,1740,020526,NA,2,2,6,1925,0,1,3,NA,2,042,SR-134 W/B (VENTURA FREEWAY),CONCORD STREET,1000,E,N,A,-,Y,NA,NA,134,NA,NA,NA,NA,NA,W,N,3,0,2,2,A,-,03,22350,NA,N,C,C,A,A,H,-,A,D,0,NA,NA,NA,NA,Y,NA,A,01,0,1,1,0,0,0,0,0,0,-,-,34.15559005737305,-118.26802825927734,LOS ANGELES,GLENDALE,-118.26803588867188,34.155635833740234
90693030,2018,2018-03-29,9590,2018-03-26,1002,021831,NA,1,1,7,1942,0,1,1,NA,2,021,I-10 WB (SAN BERNARDINO FREEWAY),STATE ST,400,E,N,A,-,Y,NA,NA,10,NA,NA,NA,NA,NA,W,Y,4,0,1,2,A,-,07,21658,A,N,B,C,A,A,H,-,A,D,0,NA,NA,NA,NA,Y,NA,A,01,0,0,1,0,0,0,0,0,0,-,-,34.05498123168945,-118.2114486694336,LOS ANGELES,LOS ANGELES,-118.21146392822266,34.05492401123047
90693045,2018,2018-03-29,9580,2018-03-19,1350,017386,NA,1,1,7,1942,0,1,2,NA,2,104,US-101 N/B (VENTURA FREEWAY),VALLEY CIRCLE BLVD,2112,N,N,A,-,Y,NA,NA,101,NA,NA,NA,NA,NA,N,Y,3,0,2,3,A,-,08,22107,NA,N,B,C,A,A,H,-,A,D,0,NA,NA,NA,NA,Y,NA,A,01,0,2,0,0,0,0,0,0,0,-,-,34.157100677490234,-118.643798828125,LOS ANGELES,LOS ANGELES,-118.64380645751952,34.15711212158203
90693062,2018,2018-03-29,9590,2018-03-26,1035,021906,NA,1,1,7,1942,0,1,1,NA,2,052,I-110 N/B (HARBOR FREEWAY),1ST STREET,100,S,N,A,-,Y,NA,NA,110,NA,NA,NA,NA,NA,N,N,3,0,2,3,A,-,03,22350,NA,N,C,C,A,A,H,-,A,D,0,NA,NA,NA,NA,Y,NA,D,22,0,1,1,0,0,0,0,0,0,-,-,34.05830001831055,-118.2536392211914,LOS ANGELES,LOS ANGELES,-118.25366973876952,34.058326721191406
90693073,2018,2018-03-29,9565,2018-03-28,1345,013744,NA,3,1,7,1942,0,1,1,NA,2,083,I-10 E/B,MANNING AVE,450,W,N,A,-,Y,NA,NA,10,NA,NA,NA,NA,NA,E,Y,4,0,1,1,A,-,08,22107,NA,N,E,I,A,A,H,-,A,D,0,NA,NA,NA,NA,Y,NA,A,01,0,0,1,0,0,0,0,0,0,-,-,34.02989959716797,-118.40711975097656,LOS ANGELES,LOS ANGELES,-118.40711975097656,34.02991485595703
9069308,2020,2020-08-20,1925,2020-05-04,1401,23811,246,1,5,6,1925,0,0,0,NA,0,003,CHEVY CHASE,GARFIELD AV,0,NA,Y,A,-,N,NA,NA,NA,NA,NA,NA,NA,NA,NA,Y,4,0,1,2,A,-,12,21453,A,N,D,C,A,A,H,-,A,A,0,NA,NA,NA,NA,Y,NA,-,-,0,0,1,0,0,0,0,0,0,-,-,NA,NA,LOS ANGELES,GLENDALE,-118.23957824707033,34.13600158691406
90693082,2018,2018-03-29,9565,2018-03-28,0627,021855,NA,3,1,7,1942,0,1,1,NA,2,010,I-105 W/B TO SEPULVEDA BLVD N/B,HUGHES WAY,330,W,N,A,-,Y,NA,NA,105,NA,NA,NA,R,NA,W,Y,4,0,3,3,A,-,03,22350,NA,N,C,C,A,A,H,-,A,D,0,NA,NA,NA,NA,Y,NA,A,01,0,0,3,0,0,0,0,0,0,-,-,33.93180847167969,-118.39263153076172,LOS ANGELES,LOS ANGELES,-118.39263153076172,33.93180847167969
90693089,2018,2018-03-29,9530,2018-03-20,1100,019412,NA,2,1,9,1900,0,3,5,NA,2,006,VERMONT AVE. (21700 BLOCK),CARSON ST.,10,S,N,B,-,N,NA,NA,NA,NA,NA,NA,NA,NA,NA,N,4,0,1,2,A,-,10,21950,A,F,G,B,B,A,H,-,A,A,0,Y,NA,NA,NA,Y,NA,-,99,0,0,1,0,1,0,0,0,0,-,-,33.83155059814453,-118.2902603149414,LOS ANGELES,UNINCORPORATED,-118.29029083251952,33.831573486328125
9069310,2020,2020-08-10,1956,2020-05-02,2107,1360,01,6,5,5,1956,0,0,0,NA,0,001,ESPLANADE,CALLE MIRAMAR,0,NA,Y,A,-,N,NA,NA,NA,NA,NA,NA,NA,NA,NA,N,4,0,1,2,A,-,09,21803,A,N,D,G,A,A,H,-,C,D,0,NA,Y,NA,NA,Y,NA,L,04,0,0,1,0,0,0,1,0,0,-,-,NA,NA,LOS ANGELES,REDONDO BEACH,-118.389629,33.81512
9069311,2020,2020-08-10,1956,2020-05-02,2225,1360,71,6,5,5,1956,0,0,0,NA,0,00P,TORRANCE BL,CATALINA AV,7,W,N,A,-,N,NA,NA,NA,NA,NA,NA,NA,NA,NA,N,4,0,1,2,A,-,17,21451,A,F,B,G,A,A,H,-,C,A,0,NA,Y,NA,NA,Y,NA,A,01,0,0,1,0,0,0,1,0,0,-,-,NA,NA,LOS ANGELES,REDONDO BEACH,-118.38797760009766,33.83829116821289
90693155,2018,2018-03-29,9530,2018-03-21,0810,020983,NA,3,1,7,1942,0,1,1,NA,2,110,I-110 N/B TO SR-91 E/B,SR-91,100,S,N,B,-,Y,NA,NA,110,NA,NA,NA,R,NA,N,N,4,0,1,4,A,-,03,22350,NA,N,C,C,A,A,H,-,A,D,0,NA,NA,NA,NA,Y,NA,A,07,0,0,1,0,0,0,0,0,0,-,-,33.8721809387207,-118.28314971923828,LOS ANGELES,LOS ANGELES,-118.28314971923828,33.8721809387207
9069317,2020,2020-08-10,1972,2020-05-01,1005,14197,NA,5,5,6,1972,0,0,0,NA,0,NA,182ND ST,CRENSHAW BL,110,W,N,A,-,N,NA,NA,NA,NA,NA,NA,NA,NA,NA,Y,4,0,1,2,A,-,09,21801,A,N,D,C,A,A,H,-,A,A,0,NA,NA,NA,NA,Y,NA,A,NA,0,0,1,0,0,0,0,0,0,-,-,NA,NA,LOS ANGELES,TORRANCE,-118.32682800292967,33.86558151245117
90693185,2018,2018-03-29,9550,2018-03-21,1600,021974,NA,3,2,9,1900,0,2,4,NA,1,021,REIS ST,PAINTER AVE.,5,W,N,B,-,N,NA,NA,NA,NA,NA,NA,NA,NA,NA,N,4,0,1,2,A,-,09,21804,A,N,D,G,A,A,H,-,A,D,0,NA,Y,NA,NA,Y,NA,L,04,0,0,1,0,0,0,1,0,0,-,-,33.94894027709961,-118.04759979248048,LOS ANGELES,UNINCORPORATED,-118.04743194580078,33.948768615722656
9069320,2020,2020-08-10,1920,2020-05-01,1207,12609,1920,5,5,6,1920,0,0,0,NA,0,005,LAKEWOOD BL,FLORENCE AV,460,S,N,A,-,N,NA,NA,NA,NA,NA,NA,NA,NA,NA,Y,4,0,2,3,A,-,03,22350,NA,N,C,C,A,A,H,-,A,D,0,NA,NA,NA,NA,Y,NA,A,01,0,0,2,0,0,0,0,0,0,-,-,NA,NA,LOS ANGELES,DOWNEY,-118.11785888671876,33.946346282958984
90693202,2018,2018-03-29,9530,2018-03-21,1500,020236,NA,3,2,9,1900,0,3,5,NA,2,001,NADEAU ST. (7900 BLOCK),GRAHAM AVE.,138,E,N,B,C,Y,NA,NA,NA,NA,NA,NA,NA,NA,NA,N,4,0,1,2,A,-,09,21804,A,F,D,C,A,B,H,-,A,A,0,NA,NA,NA,NA,Y,NA,-,99,0,0,1,0,0,0,0,0,0,-,-,33.96712875366211,-118.24250793457033,LOS ANGELES,UNINCORPORATED,-118.24261474609376,33.967411041259766
9069321,2020,2020-08-10,1920,2020-05-01,1849,13321,1920,5,5,6,1920,0,0,0,NA,0,004,FIRESTONE BL,PANGBORN AV,0,NA,Y,A,-,N,NA,NA,NA,NA,NA,NA,NA,NA,NA,N,4,0,1,2,A,-,09,21801,A,N,D,C,A,A,H,-,A,A,0,NA,NA,NA,NA,Y,NA,A,07,0,0,1,0,0,0,0,0,0,-,-,NA,NA,LOS ANGELES,DOWNEY,-118.11395263671876,33.930511474609375
90693216,2018,2018-03-29,9530,2018-03-21,1610,014654,NA,3,2,7,1941,0,1,1,NA,2,430,I-405 S/B (SAN DIEGO FREEWAY),WOODRUFF AVE.,1584,N,N,A,-,Y,NA,NA,405,NA,NA,NA,NA,NA,S,Y,3,0,5,4,A,-,03,22350,NA,N,C,C,A,A,H,-,A,D,0,NA,NA,NA,NA,Y,NA,A,07,0,1,4,0,0,0,0,0,0,-,-,33.802608489990234,-118.11946105957033,LOS ANGELES,LONG BEACH,-118.11946105957033,33.802589416503906
90693217,2018,2018-03-29,9535,2018-03-23,0555,015636,NA,5,3,4,1907,0,1,1,NA,2,072,I-710 (LONG BEACH FREEWAY) N/B,SLAUSON RR O/C,1000,N,N,B,C,Y,NA,NA,710,NA,NA,NA,NA,NA,N,Y,4,0,4,2,A,-,03,22350,NA,N,C,C,A,B,H,-,D,D,0,NA,NA,NA,NA,Y,NA,A,01,0,0,4,0,0,0,0,0,0,-,-,33.991878509521484,-118.17443084716795,LOS ANGELES,BELL,-118.17444610595705,33.991859436035156
9069322,2020,2020-08-10,1920,2020-05-04,1844,13022,NA,1,5,6,1920,0,0,0,NA,0,005,FIRESTONE BL,PATTON RD,285,E,N,A,-,N,NA,NA,NA,NA,NA,NA,NA,NA,NA,Y,4,0,1,2,A,-,09,21801,A,N,D,C,A,A,H,-,A,A,0,NA,NA,NA,NA,Y,NA,A,01,0,0,1,0,0,0,0,0,0,-,-,NA,NA,LOS ANGELES,DOWNEY,-118.12685394287108,33.936912536621094
90693221,2018,2018-03-30,9535,2018-03-24,1150,017943,NA,6,1,5,1901,0,1,1,NA,2,421,I-10 W/B FROM NEW AVE. S/B,NEW AVE.,130,W,N,A,-,Y,NA,NA,10,NA,NA,NA,R,NA,W,N,4,0,1,2,A,-,03,22350,NA,N,C,C,A,A,H,-,A,A,0,NA,NA,NA,NA,Y,NA,A,01,0,0,1,0,0,0,0,0,0,-,-,34.07217025756836,-118.10870361328124,LOS ANGELES,ALHAMBRA,-118.10870361328124,34.07217025756836
90693222,2018,2018-03-30,9530,2018-03-21,1210,015995,NA,3,1,9,1900,0,3,5,NA,2,002,126TH ST. (2300 BLOCK),MONA BLVD.,450,W,N,B,C,N,NA,NA,NA,NA,NA,NA,NA,NA,NA,N,4,0,1,2,D,-,00,NA,NA,N,G,B,E,B,H,-,A,D,0,Y,NA,NA,NA,Y,NA,-,-,0,0,1,0,1,0,0,0,0,-,-,33.91822814941406,-118.22879028320313,LOS ANGELES,UNINCORPORATED,-118.2290267944336,33.91799545288086
90693223,2018,2018-03-30,9535,2018-03-27,1810,020818,NA,2,2,9,1900,0,1,3,NA,2,600,SR-60 (POMONA FREEWAY) E/B,FORD BLVD.,200,E,N,A,-,Y,NA,NA,60,NA,NA,NA,NA,NA,E,N,4,0,1,2,A,-,03,22350,NA,N,C,C,A,A,H,-,A,D,0,NA,NA,NA,NA,Y,NA,A,01,0,0,1,0,0,0,0,0,0,-,-,34.03583908081055,-118.16841888427734,LOS ANGELES,UNINCORPORATED,-118.1684112548828,34.03578567504883
90693224,2018,2018-03-30,9530,2018-03-20,0552,018887,NA,2,3,7,1942,0,1,1,NA,2,400,I-405 S/B (SAN DIEGO FREEWAY),NORMANDIE AVE.,1056,S,N,B,-,Y,NA,NA,405,NA,NA,NA,NA,NA,S,Y,2,0,1,1,A,-,08,22107,NA,N,F,A,A,A,H,-,C,D,0,NA,NA,Y,NA,Y,NA,C,02,1,0,0,0,0,0,0,0,1,-,-,33.859771728515625,-118.29611206054688,LOS ANGELES,LOS ANGELES,-118.29611206054688,33.8597297668457
90693227,2018,2018-03-30,9530,2018-03-20,1350,020236,NA,2,1,9,1900,0,3,5,NA,2,001,FIRESTONE BLVD. (1200 BLOCK),HOOPER AVE.,212,E,N,B,-,Y,NA,NA,NA,NA,NA,NA,NA,NA,NA,N,2,0,1,2,A,-,08,22107,NA,N,C,C,A,A,H,-,A,A,0,NA,NA,NA,Y,Y,NA,M,95,1,0,0,0,0,0,0,0,0,-,-,33.96010971069336,-118.25312042236328,LOS ANGELES,UNINCORPORATED,-118.25333404541016,33.96015167236328
9069323,2020,2020-08-10,1900,2020-05-04,1700,624326,211,1,5,5,1943,0,0,0,NA,0,212T3,LONG BEACH BL,PLUMA ST,0,NA,Y,A,-,N,NA,NA,NA,NA,NA,NA,NA,NA,NA,N,4,0,1,2,A,-,09,21801,A,N,D,C,A,A,H,-,A,A,0,NA,NA,NA,NA,Y,NA,A,01,0,0,1,0,0,0,0,0,0,-,-,NA,NA,LOS ANGELES,LYNWOOD,-118.2126693725586,33.93391036987305
90693231,2018,2018-03-30,9565,2018-03-22,1920,021524,NA,4,2,9,1900,0,2,4,NA,1,054,ADMIRALTY WAY,MARINA CITY DRIVE,50,E,N,C,-,N,NA,NA,NA,NA,NA,NA,NA,NA,NA,Y,4,0,1,3,A,-,03,22350,NA,N,C,C,A,B,H,-,C,D,0,NA,NA,NA,NA,Y,NA,A,01,0,0,1,0,0,0,0,0,0,-,-,33.98516082763672,-118.4522705078125,LOS ANGELES,UNINCORPORATED,-118.45506286621094,33.98495864868164
90693242,2018,2018-03-30,9550,2018-03-23,1525,021954,NA,5,2,9,1900,0,1,1,NA,2,150,I-105 E/B TO STUDEBAKER RD.,INTERSTATE 605 O/C,1700,W,N,A,-,Y,NA,NA,NA,NA,NA,NA,NA,NA,NA,Y,4,0,2,1,A,-,08,22107,NA,N,E,I,A,A,H,-,A,D,0,NA,NA,NA,NA,Y,NA,A,01,0,0,2,0,0,0,0,0,0,-,-,33.91379928588867,-118.10997009277344,LOS ANGELES,UNINCORPORATED,-118.1104736328125,33.91358184814453
9069328,2020,2020-08-10,1972,2020-05-02,1255,19767,NA,6,5,6,1972,0,0,0,NA,0,NA,MADRONA AV,SPENCER ST,0,NA,Y,A,-,N,NA,NA,NA,NA,NA,NA,NA,NA,NA,Y,3,0,1,2,A,-,09,21801,A,N,D,C,A,A,H,-,A,A,0,NA,NA,NA,NA,Y,NA,A,NA,0,1,0,0,0,0,0,0,0,-,-,NA,NA,LOS ANGELES,TORRANCE,-118.34483337402344,33.84511184692383
9069332,2020,2020-08-10,1942,2020-05-02,0430,41514,1017,6,5,7,1942,0,0,0,J,0,10A17,GENESTA AV,VALERIO ST,50,N,N,A,-,N,NA,NA,NA,NA,NA,NA,NA,NA,NA,Y,3,0,1,3,A,-,08,22107,NA,M,C,C,A,A,H,-,A,D,0,NA,NA,NA,NA,Y,NA,A,01,0,1,0,0,0,0,0,0,0,-,-,NA,NA,LOS ANGELES,LOS ANGELES,-118.50331878662108,34.204917907714844
9069333,2020,2020-08-10,1942,2020-05-01,1250,34265,0923,5,5,7,1942,0,0,0,I,0,9A41,VAN NUYS BL,VICTORY BL,0,NA,Y,A,-,N,NA,NA,NA,NA,NA,NA,NA,NA,NA,Y,4,0,1,2,A,-,12,21453,A,F,D,C,A,A,H,-,A,A,0,NA,NA,NA,NA,Y,NA,A,01,0,0,1,0,0,0,0,0,0,-,-,NA,NA,LOS ANGELES,LOS ANGELES,-118.44873809814452,34.186668395996094
9069334,2020,2020-08-10,1942,2020-05-02,1830,36599,0933,6,5,7,1942,0,0,0,I,0,26TL77,ERWIN ST,VESPER AV,15,W,N,A,-,N,NA,NA,NA,NA,NA,NA,NA,NA,NA,N,4,0,1,2,A,-,08,22107,NA,F,D,C,A,A,H,-,A,A,0,NA,Y,NA,NA,Y,NA,-,99,0,0,1,0,0,0,1,0,0,-,-,NA,NA,LOS ANGELES,LOS ANGELES,-118.45096588134766,34.18363952636719
9069335,2020,2020-08-10,1942,2020-05-01,1300,30702,0904,5,5,7,1942,0,0,0,I,0,NA,VENTURA BL,WILLIS AV,137,W,N,A,-,N,NA,NA,NA,NA,NA,NA,NA,NA,NA,N,3,0,1,2,A,-,06,21760,C,F,C,G,A,A,H,-,A,D,0,NA,Y,NA,NA,Y,NA,-,99,0,1,0,0,0,0,1,0,0,-,-,NA,NA,LOS ANGELES,LOS ANGELES,-118.45573425292967,34.15207290649414
9069336,2020,2020-08-10,1942,2020-05-01,1300,41158,0915,5,5,7,1942,0,0,0,I,0,9A19,VAN NUYS BL,VANOWEN ST,100,N,N,A,-,N,NA,NA,NA,NA,NA,NA,NA,NA,NA,N,3,0,1,2,A,-,10,21952,NA,F,G,B,F,A,H,-,A,D,0,Y,NA,NA,NA,Y,NA,-,99,0,1,0,0,1,0,0,0,0,-,-,NA,NA,LOS ANGELES,LOS ANGELES,-118.44873809814452,34.194183349609375
9069337,2020,2020-08-10,1942,2020-05-02,2150,39217,1065,6,5,7,1942,0,0,0,J,0,10A99,VENTURA BL,ALONZO AV,0,NA,Y,A,-,N,NA,NA,NA,NA,NA,NA,NA,NA,NA,N,4,0,1,2,A,-,04,21703,NA,F,C,C,A,A,H,-,C,D,0,NA,NA,NA,NA,Y,NA,-,99,0,0,1,0,0,0,0,0,0,-,-,NA,NA,LOS ANGELES,LOS ANGELES,-118.52024841308594,34.16289138793945
9069338,2020,2020-08-10,1942,2020-05-01,0055,31652,1505,5,5,7,1942,0,0,0,O,0,15A3,SHERMAN WY,LANKERSHIM BL,40,E,N,A,-,N,NA,NA,NA,NA,NA,NA,NA,NA,NA,N,4,0,1,2,A,-,03,22350,NA,F,C,C,A,A,H,-,C,B,0,NA,NA,NA,NA,Y,NA,-,99,0,0,1,0,0,0,0,0,0,-,-,NA,NA,LOS ANGELES,LOS ANGELES,-118.3876495361328,34.20119094848633
9069339,2020,2020-08-10,1942,2020-05-03,2135,39217,0909,7,5,7,1942,0,0,0,I,0,9A5,SHERMAN WY,WOODMAN AV,0,NA,Y,A,-,N,NA,NA,NA,NA,NA,NA,NA,NA,NA,N,4,0,2,4,A,-,01,23152,A,N,C,C,A,-,H,-,C,D,0,NA,NA,NA,NA,Y,Y,A,01,0,0,2,0,0,0,0,0,0,-,-,NA,NA,LOS ANGELES,LOS ANGELES,-118.43123626708984,34.20119094848633
9069340,2020,2020-08-10,1942,2020-05-01,2210,33504,2137,5,5,7,1942,0,0,0,NA,0,21A5,SATICOY ST,DE SOTO AV,0,NA,Y,A,-,N,NA,NA,NA,NA,NA,NA,NA,NA,NA,N,4,0,1,2,A,-,01,23152,A,N,D,C,A,A,H,-,C,A,0,NA,NA,NA,NA,Y,NA,A,01,0,0,1,0,0,0,0,0,0,-,-,NA,NA,LOS ANGELES,LOS ANGELES,-118.58847808837892,34.20832824707031
9069341,2020,2020-08-07,1942,2020-05-01,0130,25907,1737,5,5,7,1942,0,0,0,Q,0,17A35,HAYVENHURST,TULSA ST,300,S,N,A,-,N,NA,NA,NA,NA,NA,NA,NA,NA,NA,Y,4,0,1,3,A,-,01,23152,A,N,C,E,A,A,H,-,D,D,0,NA,NA,NA,NA,Y,Y,A,07,0,0,1,0,0,0,0,0,0,-,-,NA,NA,LOS ANGELES,LOS ANGELES,-118.49349212646484,34.26750564575195
9069342,2020,2020-08-07,1942,2020-05-01,2245,31652,2118,5,5,7,1942,0,0,0,NA,0,21A29,ROSA AV,WINNETKA AV,0,NA,Y,A,-,N,NA,NA,NA,NA,NA,NA,NA,NA,NA,Y,2,0,1,2,A,-,09,21801,A,F,B,C,A,A,H,-,C,A,0,NA,NA,Y,NA,Y,Y,-,99,1,0,0,0,0,0,0,0,1,-,-,NA,NA,LOS ANGELES,LOS ANGELES,NA,NA
9069343,2020,2020-08-07,1967,2020-05-03,2024,159,NA,7,5,2,1967,0,0,0,NA,0,SOUTH,WILLOW,JUNIPERO AV,39,E,N,A,-,N,NA,NA,NA,NA,NA,NA,NA,NA,NA,N,4,0,1,2,A,-,03,22350,NA,N,C,C,A,A,H,-,C,A,0,NA,NA,NA,NA,Y,NA,A,01,0,0,1,0,0,0,0,0,0,-,-,NA,NA,LOS ANGELES,SIGNAL HILL,-118.1631317138672,33.80448913574219
9069346,2020,2020-08-07,1953,2020-05-05,2230,MEEK5651,1953,2,5,6,1953,0,0,0,NA,0,001,PASADENA AV,CALIFORNIA BL,500,S,N,A,-,N,NA,NA,NA,NA,NA,NA,NA,NA,NA,N,4,0,1,2,A,-,03,22350,NA,N,B,-,A,A,H,-,C,D,0,NA,NA,NA,NA,Y,Y,A,01,0,0,1,0,0,0,0,0,0,-,-,NA,NA,LOS ANGELES,PASADENA,-118.15411376953124,34.1343879699707
9069347,2020,2020-08-07,1953,2020-05-05,1741,1268,1953,2,5,6,1953,0,0,0,NA,0,003,WALNUT ST,OAK AV,40,W,N,A,-,N,NA,NA,NA,NA,NA,NA,NA,NA,NA,Y,3,0,1,2,A,-,03,22350,NA,N,B,E,A,A,H,-,A,A,0,NA,NA,NA,NA,Y,NA,A,01,0,1,0,0,0,0,0,0,0,-,-,NA,NA,LOS ANGELES,PASADENA,-118.10774230957033,34.14916229248047
9069348,2020,2020-08-07,1953,2020-05-03,0009,0996,1953,7,5,6,1953,0,0,0,NA,0,002,EL MOLINO AV,HIGHLAND ST,56,S,N,A,-,N,NA,NA,NA,NA,NA,NA,NA,NA,NA,Y,4,0,1,1,A,-,03,22350,NA,N,A,I,A,A,H,-,C,D,0,NA,NA,NA,NA,Y,NA,A,01,0,0,1,0,0,0,0,0,0,-,-,NA,NA,LOS ANGELES,PASADENA,-118.13726043701172,34.17791748046875
9069349,2020,2020-08-07,1953,2020-05-01,1014,1940,1953,5,5,6,1953,0,0,0,NA,0,002,VILLA ST,OAKLAND AV,100,E,N,A,-,N,NA,NA,NA,NA,NA,NA,NA,NA,NA,Y,4,0,1,2,A,-,09,21804,A,N,D,C,A,A,H,-,A,D,0,NA,NA,NA,NA,Y,NA,A,01,0,0,1,0,0,0,0,0,0,-,-,NA,NA,LOS ANGELES,PASADENA,-118.13966369628906,34.15422058105469