CASE_ID,ACCIDENT_YEAR,PROC_DATE,JURIS,COLLISION_DATE,COLLISION_TIME,OFFICER_ID,REPORTING_DISTRICT,DAY_OF_WEEK,CHP_SHIFT,POPULATION,CNTY_CITY_LOC,SPECIAL_COND,BEAT_TYPE,CHP_BEAT_TYPE,CITY_DIVISION_LAPD,CHP_BEAT_CLASS,BEAT_NUMBER,PRIMARY_RD,SECONDARY_RD,DISTANCE,DIRECTION,INTERSECTION,WEATHER_1,WEATHER_2,STATE_HWY_IND,CALTRANS_COUNTY,CALTRANS_DISTRICT,STATE_ROUTE,ROUTE_SUFFIX,POSTMILE_PREFIX,POSTMILE,LOCATION_TYPE,RAMP_INTERSECTION,SIDE_OF_HWY,TOW_AWAY,COLLISION_SEVERITY,NUMBER_KILLED,NUMBER_INJURED,PARTY_COUNT,PRIMARY_COLL_FACTOR,PCF_CODE_OF_VIOL,PCF_VIOL_CATEGORY,PCF_VIOLATION,PCF_VIOL_SUBSECTION,HIT_AND_RUN,TYPE_OF_COLLISION,MVIW,PED_ACTION,ROAD_SURFACE,ROAD_COND_1,ROAD_COND_2,LIGHTING,CONTROL_DEVICE,CHP_ROAD_TYPE,PEDESTRIAN_ACCIDENT,BICYCLE_ACCIDENT,MOTORCYCLE_ACCIDENT,TRUCK_ACCIDENT,NOT_PRIVATE_PROPERTY,ALCOHOL_INVOLVED,STWD_VEHTYPE_AT_FAULT,CHP_VEHTYPE_AT_FAULT,COUNT_SEVERE_INJ,COUNT_VISIBLE_INJ,COUNT_COMPLAINT_PAIN,COUNT_PED_KILLED,COUNT_PED_INJURED,COUNT_BICYCLIST_KILLED,COUNT_BICYCLIST_INJURED,COUNT_MC_KILLED,COUNT_MC_INJURED,PRIMARY_RAMP,SECONDARY_RAMP,LATITUDE,LONGITUDE,COUNTY,CITY,POINT_X,POINT_Y
90703162,2018,2018-04-30,9530,2018-04-09,0657,015995,NA,1,1,9,1900,0,3,5,NA,2,002,EL SEGUNDO BLVD. (2600 BLOCK),ALAMEDA ST.,385,W,N,A,-,N,NA,NA,NA,NA,NA,NA,NA,NA,NA,Y,3,0,1,2,A,-,09,21801,A,N,D,C,A,A,H,-,A,D,0,NA,NA,NA,Y,Y,NA,F,26,0,1,0,0,0,0,0,0,0,-,-,33.916099548339844,-118.22502136230467,LOS ANGELES,UNINCORPORATED,-118.22484588623048,33.916175842285156
9070317,2020,2020-03-19,1976,2020-01-17,2340,524,1976,5,5,3,1964,0,0,0,NA,0,001,PIONEER BL,CHARLESWORTH RD,525,S,N,A,-,N,NA,NA,NA,NA,NA,NA,NA,NA,NA,Y,4,0,4,1,A,-,03,22350,NA,N,E,I,A,A,H,-,C,A,0,NA,NA,NA,NA,Y,NA,A,07,0,0,4,0,0,0,0,0,0,-,-,NA,NA,LOS ANGELES,SANTA FE SPRINGS,-118.08641815185548,33.95460891723633
90703189,2018,2018-04-11,9550,2018-04-04,1745,021954,NA,3,2,9,1900,0,3,5,NA,2,002,MAPES AVENUE,166TH STREET,250,S,N,A,-,N,NA,NA,NA,NA,NA,NA,NA,NA,NA,N,4,0,1,3,A,-,21,22106,NA,N,B,C,A,A,H,-,A,D,0,NA,NA,NA,NA,Y,NA,A,07,0,0,1,0,0,0,0,0,0,-,-,33.87958908081055,-118.0933074951172,LOS ANGELES,UNINCORPORATED,-118.09331512451172,33.87964630126953
9070319,2020,2020-05-19,1925,2020-03-10,1338,21057,112,2,5,6,1925,0,0,0,NA,0,005,LOWELL AV,ALTURA AV,25,S,N,B,-,N,NA,NA,NA,NA,NA,NA,NA,NA,NA,Y,4,0,1,3,A,-,03,22350,NA,N,C,C,A,B,H,-,A,A,0,NA,NA,NA,NA,Y,NA,-,NA,0,0,1,0,0,0,0,0,0,-,-,NA,NA,LOS ANGELES,GLENDALE,-118.26618194580078,34.23569107055664
9070323,2020,2020-05-19,1900,2020-02-21,2223,525335,0523,5,5,4,1971,0,0,0,NA,0,55T1EM,OLIVE ST,EL MONTE AV,311,W,N,B,-,N,NA,NA,NA,NA,NA,NA,NA,NA,NA,Y,4,0,1,2,A,-,01,23152,A,N,D,E,A,A,H,-,C,D,0,NA,NA,NA,NA,Y,Y,A,01,0,0,1,0,0,0,0,0,0,-,-,34.1008186340332,-118.03823089599608,LOS ANGELES,TEMPLE CITY,-118.03811645507813,34.1008415222168
90703237,2018,2018-04-11,9535,2018-04-01,0220,021305,NA,7,3,9,1900,0,2,4,NA,2,012,CITY TERRACE DR.,BONNIE BEACH PL,0,NA,Y,A,-,N,NA,NA,NA,NA,NA,NA,NA,NA,NA,Y,4,0,1,2,A,-,09,21802,A,F,D,C,A,A,H,-,C,A,0,NA,NA,NA,NA,Y,NA,A,01,0,0,1,0,0,0,0,0,0,-,-,34.05585861206055,-118.18084716796876,LOS ANGELES,UNINCORPORATED,-118.1808624267578,34.05588912963867
90703264,2018,2018-04-11,9530,2018-04-10,0630,020307,NA,2,1,9,1900,0,3,5,NA,2,001,GAGE AVE,HOOPER AVE.,0,NA,Y,A,-,N,NA,NA,NA,NA,NA,NA,NA,NA,NA,Y,4,0,1,2,A,-,09,21801,A,N,A,C,A,A,H,-,A,A,0,NA,NA,NA,NA,Y,NA,A,01,0,0,1,0,0,0,0,0,0,-,-,33.98202896118164,-118.25208282470705,LOS ANGELES,UNINCORPORATED,-118.25208282470705,33.98210144042969
90703270,2018,2018-04-11,9550,2018-04-06,0800,020969,NA,5,1,3,1964,0,1,1,NA,2,650,INTERSTATE 605 (S/B),SLAUSON AVENUE,3000,S,N,A,-,Y,NA,NA,605,NA,NA,NA,NA,NA,NA,Y,3,0,4,3,A,-,03,22350,NA,N,C,C,A,A,H,-,A,D,0,NA,NA,NA,NA,Y,NA,A,01,0,1,3,0,0,0,0,0,0,-,-,33.95355987548828,-118.08997344970705,LOS ANGELES,SANTA FE SPRINGS,-118.08987426757813,33.95349884033203
90703316,2018,2018-04-11,9535,2018-04-05,0510,020816,NA,4,3,5,1959,0,1,3,NA,2,620,SR-60 (POMONA FREEWAY) E/B,SAN GABRIEL BLVD,800,W,N,A,-,Y,NA,NA,NA,NA,NA,NA,NA,NA,NA,Y,4,0,1,2,A,-,07,21658,A,M,B,C,A,A,H,-,C,D,0,NA,NA,NA,Y,Y,NA,F,25,0,0,1,0,0,0,0,0,0,-,-,34.03947830200195,-118.0766830444336,LOS ANGELES,ROSEMEAD,-118.08311462402344,34.03845977783203
90703318,2018,2018-04-11,9550,2018-04-06,2015,021311,NA,5,2,6,1949,0,1,1,NA,2,501,I-5 (SANTA ANA FWY) S/B,SHOEMAKER AVENUE,600,N,N,A,-,Y,NA,NA,5,NA,NA,NA,NA,NA,S,Y,4,0,1,3,A,-,03,22350,NA,N,C,C,A,A,H,-,B,D,0,NA,NA,NA,NA,Y,NA,A,01,0,0,1,0,0,0,0,0,0,-,-,33.8992805480957,-118.05683135986328,LOS ANGELES,NORWALK,-118.05690002441406,33.899147033691406
90703322,2018,2018-04-11,9565,2018-04-09,0420,021915,NA,1,3,4,1918,0,1,1,NA,2,061,I-405 N/B (SAN DIEGO FWY),CULVER BLVD,700,N,N,A,-,Y,NA,NA,405,NA,NA,NA,NA,NA,N,Y,3,0,1,2,A,-,01,23152,A,F,B,C,A,A,H,-,D,D,0,NA,NA,NA,NA,Y,Y,A,01,0,1,0,0,0,0,0,0,0,-,-,34.005279541015625,-118.4128189086914,LOS ANGELES,CULVER CITY,-118.41282653808594,34.005271911621094
90703335,2018,2018-04-11,9525,2018-04-06,0905,018364,NA,5,1,6,1955,0,1,1,NA,2,107,I-10 W/B (SAN BERNARDINO FWY),SR-57,528,W,N,A,-,Y,NA,NA,10,NA,NA,NA,NA,NA,W,Y,3,0,1,1,A,-,08,22107,NA,N,E,I,A,A,E,H,A,D,0,NA,NA,NA,NA,Y,NA,A,01,0,1,0,0,0,0,0,0,0,-,-,34.06460952758789,-117.80909729003906,LOS ANGELES,POMONA,-117.80908966064452,34.0645637512207
90703350,2018,2018-04-11,9550,2018-04-10,0655,016299,NA,2,1,9,1900,0,3,5,NA,2,002,HAWKSTONE AVENUE,REIS STREET,0,NA,Y,A,-,N,NA,NA,NA,NA,NA,NA,NA,NA,NA,N,3,0,2,2,A,-,09,21802,A,N,D,C,A,A,H,-,A,D,0,NA,NA,NA,NA,Y,NA,A,01,0,2,0,0,0,0,0,0,0,-,-,33.946189880371094,-118.04505920410156,LOS ANGELES,UNINCORPORATED,-118.04488372802734,33.94599151611328
90703362,2018,2018-04-25,9565,2018-04-01,0104,021658,NA,7,3,9,1900,0,3,5,NA,2,002,108TH ST.,MANHATTAN PL,10,E,N,A,-,N,NA,NA,NA,NA,NA,NA,NA,NA,NA,N,3,0,5,2,A,-,08,22107,NA,N,A,C,A,A,H,-,D,D,0,NA,NA,NA,NA,Y,NA,A,01,0,5,0,0,0,0,0,0,0,-,-,33.93817138671875,-118.30977630615234,LOS ANGELES,UNINCORPORATED,-118.31015777587892,33.938209533691406
90703367,2018,2018-04-11,9550,2018-04-10,0750,016299,NA,2,1,9,1900,0,3,5,NA,2,002,MEYER ROAD,FIDEL AVENUE,0,NA,Y,A,-,N,NA,NA,NA,NA,NA,NA,NA,NA,NA,N,3,0,1,2,A,-,03,22350,NA,N,C,C,A,A,H,-,A,D,0,NA,NA,NA,NA,Y,NA,D,22,0,1,0,0,0,0,0,0,0,-,-,33.928749084472656,-118.05045318603516,LOS ANGELES,UNINCORPORATED,-118.05068206787108,33.92877960205078
90703371,2018,2018-04-11,9525,2018-04-05,1245,019491,NA,4,1,9,1900,0,1,3,NA,1,024,EAST FORK ROAD,SR-39 (SAN GABRIEL CANYON RD.),0,NA,N,B,-,Y,NA,NA,NA,NA,NA,NA,NA,NA,NA,Y,4,0,1,1,A,-,03,22350,NA,N,E,I,A,A,H,-,A,D,0,NA,NA,NA,NA,Y,NA,A,01,0,0,1,0,0,0,0,0,0,-,-,34.236061096191406,-117.84394073486328,LOS ANGELES,UNINCORPORATED,-117.86872863769533,34.24119186401367
90703372,2018,2018-04-11,9590,2018-04-04,1945,022006,NA,3,2,7,1942,0,1,2,NA,2,073,US-101 S/B (HOF),MELROSE AVE.,300,N,N,A,-,Y,NA,NA,NA,NA,NA,NA,NA,NA,NA,Y,3,0,1,3,A,-,07,21658,A,N,B,C,A,A,H,-,C,D,0,NA,NA,Y,NA,Y,NA,A,01,0,1,0,0,0,0,0,0,1,-,-,34.529998779296875,-118.1759033203125,LOS ANGELES,LOS ANGELES,-118.29959106445313,34.08409118652344
90703376,2018,2018-04-11,9550,2018-04-10,0809,016299,NA,2,1,9,1900,0,2,4,NA,1,022,TELEGRAPH ROAD,TELECHRON AVENUE,100,E,N,A,-,N,NA,NA,NA,NA,NA,NA,NA,NA,NA,N,3,0,1,3,A,-,21,22106,NA,N,C,C,A,A,H,-,A,A,0,NA,NA,NA,NA,Y,NA,A,01,0,1,0,0,0,0,0,0,0,-,-,33.935150146484375,-118.03890991210938,LOS ANGELES,UNINCORPORATED,-118.03914642333984,33.93510437011719
90703421,2018,2018-04-11,9550,2018-04-06,0407,021943,NA,5,3,7,1941,0,1,1,NA,2,653,I-605 S/B,WARDLOW ROAD,340,N,N,A,-,Y,NA,NA,605,NA,NA,NA,NA,NA,S,Y,4,0,1,2,A,-,03,22350,NA,N,C,C,A,A,H,-,D,D,0,NA,NA,NA,NA,Y,NA,A,01,0,0,1,0,0,0,0,0,0,-,-,33.819698333740234,-118.08155059814452,LOS ANGELES,LONG BEACH,-118.0815658569336,33.8197021484375
90703430,2018,2018-04-11,9550,2018-04-06,0605,021532,NA,5,1,5,1935,0,1,1,NA,2,652,INTERSTATE 605 S/B,DEL AMO BOULEVARD,300,S,N,A,-,Y,NA,NA,605,NA,NA,NA,NA,NA,S,N,4,0,1,3,A,-,03,22350,NA,F,C,C,A,A,H,-,A,D,0,NA,NA,NA,NA,Y,NA,D,22,0,0,1,0,0,0,0,0,0,-,-,33.84278106689453,-118.09085845947266,LOS ANGELES,LAKEWOOD,-118.09076690673828,33.842830657958984
90703467,2018,2018-04-11,9565,2018-04-07,1200,021892,NA,6,1,7,1942,0,1,1,NA,2,060,I-405 TO I-105,I-105,1000,S,N,B,-,Y,NA,NA,NA,NA,NA,NA,NA,NA,NA,N,4,0,1,2,A,-,03,22350,NA,N,C,C,A,A,H,-,A,D,0,NA,NA,NA,NA,Y,NA,A,07,0,0,1,0,0,0,0,0,0,-,-,33.925941467285156,-118.36769104003906,LOS ANGELES,LOS ANGELES,-118.3685302734375,33.92744827270508
90703468,2018,2018-04-11,9550,2018-04-06,0615,021862,NA,5,1,3,1964,0,1,1,NA,2,650,I-605 N/B TO TELEGRAPH RD E/B,TELEGRAPH ROAD,150,S,N,A,-,Y,NA,NA,605,NA,NA,NA,R,NA,N,Y,4,0,2,3,A,-,03,22350,NA,N,C,C,A,A,H,-,A,D,0,NA,NA,NA,NA,Y,NA,D,22,0,0,2,0,0,0,0,0,0,-,-,33.94881057739258,-118.09201049804688,LOS ANGELES,SANTA FE SPRINGS,-118.09201049804688,33.94881057739258
90703469,2018,2018-04-11,9580,2018-04-02,2325,021475,NA,1,3,7,1942,0,1,2,NA,2,102,US-101 N/B FROM WOODMAN AVE,WOODMAN AVE,150,N,N,A,-,Y,NA,NA,101,NA,NA,NA,R,NA,N,Y,4,0,1,1,A,-,08,22107,NA,N,E,I,A,A,H,-,D,D,0,NA,NA,NA,NA,Y,NA,A,07,0,0,1,0,0,0,0,0,0,-,-,34.155941009521484,-118.43206787109376,LOS ANGELES,LOS ANGELES,-118.43206787109376,34.155941009521484
90703475,2018,2018-04-11,9580,2018-04-02,1655,021492,NA,1,2,7,1942,0,1,1,NA,2,404,I-405 N/B (SAN DIEGO FWY),BURBANK BLVD,2640,S,N,A,-,Y,NA,NA,405,NA,NA,NA,NA,NA,N,Y,4,0,1,3,A,-,03,22350,NA,N,C,C,A,A,H,-,A,D,0,NA,NA,NA,NA,Y,NA,D,22,0,0,1,0,0,0,0,0,0,-,-,34.16917037963867,-118.4679718017578,LOS ANGELES,LOS ANGELES,-118.46796417236328,34.169166564941406
90703484,2018,2018-04-11,9580,2018-04-01,2010,021492,NA,7,2,7,1942,0,1,1,NA,2,405,I-405 S/B (SAN DIEGO FWY),US-101 N/B,20,N,N,A,-,Y,NA,NA,405,NA,NA,NA,NA,NA,S,Y,4,0,2,4,A,-,03,22350,NA,N,C,C,A,A,H,-,C,D,0,NA,NA,NA,NA,Y,NA,A,01,0,0,2,0,0,0,0,0,0,-,-,34.16128158569336,-118.46961212158205,LOS ANGELES,LOS ANGELES,-118.46963500976564,34.161277770996094
90703499,2018,2018-04-11,9580,2018-03-31,2200,021173,NA,6,3,9,1900,0,3,5,NA,1,010,LAS FLORES CANYON RD,MANZANITA PARK AVE,1320,S,N,E,-,N,NA,NA,NA,NA,NA,NA,NA,NA,NA,Y,4,0,1,1,A,-,03,22350,NA,N,F,A,A,A,H,-,D,D,0,NA,NA,NA,NA,Y,NA,A,01,0,0,1,0,0,0,0,0,0,-,-,34.06549835205078,-118.65360260009766,LOS ANGELES,UNINCORPORATED,-118.64852905273438,34.06273651123047
90703516,2018,2018-04-11,9590,2018-04-04,1731,021504,NA,3,2,7,1942,0,1,1,NA,2,010,SR-110 N/B (ASP),SOUTH EDGE OF TUNNEL #2,100,N,N,A,-,Y,NA,NA,110,NA,NA,NA,NA,NA,N,N,4,0,1,2,A,-,03,22350,NA,N,C,C,A,A,H,-,A,D,0,NA,NA,NA,NA,Y,NA,A,08,0,0,1,0,0,0,0,0,0,-,-,34.07603073120117,-118.2310028076172,LOS ANGELES,LOS ANGELES,-118.23099517822266,34.076026916503906
90703523,2018,2018-04-11,9550,2018-03-30,0505,020974,NA,5,3,6,1920,0,1,1,NA,2,651,I-605 S/B,FLORENCE AVENUE,875,S,N,B,-,Y,NA,NA,605,NA,NA,NA,NA,NA,S,Y,4,0,1,2,A,-,07,21658,A,N,B,C,A,A,H,-,C,D,0,NA,NA,NA,Y,Y,NA,G,25,0,0,1,0,0,0,0,0,0,-,-,33.93595886230469,-118.09954071044922,LOS ANGELES,DOWNEY,-118.0994873046875,33.935935974121094
90703533,2018,2018-04-11,9590,2018-04-05,1000,016642,NA,4,1,7,1942,0,1,1,NA,2,012,SR-110 N/B (ARROYO SECO PARKWAY),MARMION WAY,500,S,N,B,-,Y,NA,NA,110,NA,NA,NA,NA,NA,N,Y,3,0,2,1,A,-,08,22107,NA,N,E,I,A,A,H,-,A,D,0,NA,NA,NA,NA,Y,NA,A,07,0,1,1,0,0,0,0,0,0,-,-,34.11111831665039,-118.18154907226564,LOS ANGELES,LOS ANGELES,-118.18154144287108,34.11117172241211
90703535,2018,2018-04-11,9525,2018-04-06,1105,016679,NA,5,1,1,1932,0,1,3,NA,2,601,SR-60 W/B (POMONA FWY),FAIRWAY DR.,92,E,N,A,-,Y,NA,NA,60,NA,NA,NA,NA,NA,W,Y,3,0,1,3,A,-,03,22350,NA,N,C,C,A,A,H,-,A,D,0,NA,NA,NA,Y,Y,NA,G,25,0,1,0,0,0,0,0,0,0,-,-,33.99650955200195,-117.8694076538086,LOS ANGELES,INDUSTRY,-117.86941528320313,33.996551513671875
90703536,2018,2018-04-11,9550,2018-04-01,0358,021876,NA,7,3,9,1900,0,1,3,NA,2,600,SR-60 W/B,SEVENTH AVE,1500,E,N,A,-,Y,NA,NA,60,NA,NA,NA,NA,NA,W,Y,2,0,2,2,A,-,03,22350,NA,N,C,C,A,A,H,-,C,D,0,NA,NA,NA,NA,Y,NA,A,01,1,1,0,0,0,0,0,0,0,-,-,34.0164794921875,-117.98497009277344,LOS ANGELES,UNINCORPORATED,-117.9850616455078,34.016395568847656
90703553,2018,2018-04-11,9590,2018-04-05,1500,017878,NA,4,2,7,1942,0,1,1,NA,2,050,I-110 N/B (HAF),GAGE AVE,825,S,N,B,-,Y,NA,NA,110,NA,NA,NA,NA,NA,N,Y,3,0,2,4,A,-,03,22350,NA,N,C,C,A,A,H,-,A,D,0,NA,NA,NA,NA,Y,NA,A,07,0,1,1,0,0,0,0,0,0,-,-,33.9759407043457,-118.28073120117188,LOS ANGELES,LOS ANGELES,-118.28072357177734,33.9759407043457
90703568,2018,2018-04-11,9530,2018-04-10,1800,020175,NA,2,2,9,1900,0,3,5,NA,2,001,COMPTON AVE.,"83RD ST,",0,NA,Y,B,-,N,NA,NA,NA,NA,NA,NA,NA,NA,NA,Y,4,0,1,2,A,-,09,21801,A,N,D,C,A,A,H,-,A,A,0,NA,NA,NA,NA,Y,NA,A,01,0,0,1,0,0,0,0,0,0,-,-,33.96310043334961,-118.24759674072266,LOS ANGELES,UNINCORPORATED,-118.24768829345705,33.96329116821289
90703574,2018,2018-04-11,9525,2018-04-06,1515,021250,NA,5,2,9,1900,0,2,4,NA,2,022,ARROW HIGHWAY (19600 BLOCK),GRAND AVE,1050,E,N,B,-,N,NA,NA,NA,NA,NA,NA,NA,NA,NA,Y,4,0,1,2,A,-,09,21804,A,N,D,C,A,A,H,-,A,D,0,NA,NA,NA,NA,Y,NA,A,01,0,0,1,0,0,0,0,0,0,-,-,34.106441497802734,-117.86917114257813,LOS ANGELES,UNINCORPORATED,-117.86924743652344,34.10645294189453
90703587,2018,2018-04-11,9580,2018-03-31,2015,021492,NA,6,2,7,1942,0,1,2,NA,2,101,US-101 S/B (VENTURA FREEWAY),COLDWATER CANYON AVE,50,S,N,A,-,Y,NA,NA,101,NA,NA,NA,NA,NA,S,Y,4,0,2,2,A,-,03,22350,NA,N,C,C,A,A,H,-,C,D,0,NA,NA,Y,NA,Y,NA,C,02,0,0,2,0,0,0,0,0,2,-,-,34.15665054321289,-118.41393280029295,LOS ANGELES,LOS ANGELES,-118.41393280029295,34.156639099121094
90703593,2018,2018-04-11,9535,2018-03-30,1935,019135,NA,5,2,5,1943,0,1,1,NA,2,074,I-710 (LONG BEACH FREEWAY) N/B,IMPERIAL HWY,1500,S,N,A,-,Y,NA,NA,710,NA,NA,NA,NA,NA,N,N,4,0,2,2,A,-,07,21658,A,N,B,C,A,A,H,-,B,D,0,NA,NA,Y,NA,Y,NA,A,01,0,0,2,0,0,0,0,0,2,-,-,33.92784118652344,-118.17810821533205,LOS ANGELES,LYNWOOD,-118.17829132080078,33.92777633666992
90703595,2018,2018-04-11,9525,2018-04-05,2315,020891,NA,4,3,6,1975,0,1,1,NA,2,105,I-10 W/B (SAN BERNARDINO FWY),VIA VERDE AVE,500,W,N,B,-,Y,NA,NA,NA,NA,NA,NA,NA,NA,NA,Y,4,0,1,2,C,-,18,NA,NA,N,H,A,A,A,C,D,C,D,0,NA,NA,NA,NA,Y,Y,-,-,0,0,1,0,0,0,0,0,0,-,-,34.06850051879883,-117.84539794921876,LOS ANGELES,WEST COVINA,NA,NA
90703599,2018,2018-04-11,9580,2018-03-31,0215,021092,NA,6,3,7,1942,0,1,2,NA,2,102,US-101 N/B (VENTURA FREEWAY),HAYVENHURST AVE,1000,S,N,A,-,Y,NA,NA,101,NA,NA,NA,NA,NA,N,Y,3,0,3,2,A,-,03,22350,NA,N,C,C,A,A,H,-,C,D,0,NA,NA,NA,NA,Y,NA,A,01,0,2,1,0,0,0,0,0,0,-,-,34.16543960571289,-118.48130035400392,LOS ANGELES,LOS ANGELES,-118.48130035400392,34.165409088134766
90703608,2018,2018-04-11,9535,2018-04-03,1440,020488,NA,2,2,9,1900,0,1,1,NA,2,420,I-10 (SAN BERNARDINO FREEWAY) E/B,EASTERN AVE.,1500,W,N,A,-,Y,NA,NA,10,NA,NA,NA,NA,NA,E,Y,4,0,2,2,A,-,03,22350,NA,N,C,C,A,A,H,-,A,D,0,NA,NA,NA,NA,Y,NA,D,22,0,0,2,0,0,0,0,0,0,-,-,34.05854034423828,-118.17769622802734,LOS ANGELES,UNINCORPORATED,-118.17770385742188,34.05854415893555
90703609,2018,2018-04-11,9590,2018-04-05,1810,021111,NA,4,2,7,1942,0,1,2,NA,2,073,US-101 S/B (HOLLYWOOD FREEWAY),MULHOLLAND DRIVE,1000,S,N,A,-,Y,NA,NA,101,NA,NA,NA,NA,NA,S,Y,4,0,1,3,A,-,03,22350,NA,N,C,C,A,A,H,-,A,D,0,NA,NA,NA,NA,Y,NA,A,01,0,0,1,0,0,0,0,0,0,-,-,34.12002944946289,-118.3389892578125,LOS ANGELES,LOS ANGELES,-118.33883666992188,34.120140075683594
90703614,2018,2018-04-11,9565,2018-04-08,2010,021663,NA,7,2,4,1918,0,1,1,NA,2,061,I-405 S/B (SAN DIEGO FREEWAY),VENICE BLVD,100,S,N,A,-,Y,NA,NA,405,NA,NA,NA,NA,NA,S,Y,3,0,2,3,A,-,03,22350,NA,N,C,C,A,A,H,-,C,D,0,NA,NA,NA,NA,Y,NA,A,07,0,1,1,0,0,0,0,0,0,-,-,34.0118408203125,-118.41838073730467,LOS ANGELES,CULVER CITY,-118.41831970214844,34.01188659667969
90703623,2018,2018-04-11,9550,2018-04-06,1045,021862,NA,5,1,7,1941,0,1,3,NA,2,090,SR-91 E/B,CHERRY AVENUE,500,W,N,A,-,Y,NA,NA,91,NA,NA,NA,NA,NA,E,Y,4,0,2,2,A,-,03,22350,NA,N,C,C,A,A,H,-,A,D,0,NA,NA,NA,NA,Y,NA,A,01,0,0,2,0,0,0,0,0,0,-,-,33.876800537109375,-118.17510223388672,LOS ANGELES,LONG BEACH,-118.17510223388672,33.876895904541016
9070363,2019,2020-05-09,1942,2019-12-13,1920,43585,1351,5,5,7,1942,0,0,0,M,0,13X62,VERNON AV,BROADWAY,0,NA,Y,B,-,N,NA,NA,NA,NA,NA,NA,NA,NA,NA,Y,4,0,2,2,D,-,00,NA,NA,N,A,C,A,A,-,-,C,A,0,NA,NA,NA,NA,Y,NA,-,-,0,0,2,0,0,0,0,0,0,-,-,NA,NA,LOS ANGELES,LOS ANGELES,-118.27837371826172,34.00379943847656
90703639,2018,2018-04-11,9530,2018-04-03,0925,021689,NA,2,1,7,1942,0,1,1,NA,2,200,I-105 W/B (GLENN ANDERSON FWY),SAN PEDRO ST.,400,E,N,A,-,Y,NA,NA,105,NA,NA,NA,NA,NA,W,Y,4,0,2,3,A,-,03,22350,NA,N,C,C,A,A,H,-,A,D,0,NA,NA,NA,NA,Y,NA,A,01,0,0,2,0,0,0,0,0,0,-,-,33.92768096923828,-118.26827239990234,LOS ANGELES,LOS ANGELES,-118.26827239990234,33.927650451660156
90703640,2018,2018-04-11,9550,2018-04-07,1600,020861,NA,6,2,5,1919,0,1,3,NA,2,091,STATE ROUTE 91 (ARTESIA FREEWAY),GRIDLEY ROAD,570,E,N,A,-,Y,NA,NA,91,NA,NA,NA,NA,NA,NA,Y,4,0,2,5,A,-,03,22350,NA,N,C,C,A,A,H,-,A,D,0,NA,NA,NA,NA,Y,NA,A,01,0,0,2,0,0,0,0,0,0,-,-,33.87662887573242,-118.08956146240234,LOS ANGELES,CERRITOS,-118.08956146240234,33.876426696777344
90703660,2018,2018-04-11,9550,2018-04-05,2245,021196,NA,4,3,6,1949,0,1,1,NA,2,651,I-605 S/B,ALONDRA BOULEVARD,700,N,N,A,-,Y,NA,NA,605,NA,NA,NA,NA,NA,S,Y,3,0,1,2,A,-,03,22350,NA,N,C,C,A,A,H,-,C,D,0,NA,NA,NA,NA,Y,NA,A,01,0,1,0,0,0,0,0,0,0,-,-,33.889610290527344,-118.10481262207033,LOS ANGELES,NORWALK,-118.10468292236328,33.889617919921875
9070371,2019,2020-05-09,1942,2019-12-10,0630,43927,1385,2,5,7,1942,0,0,0,M,0,13A85,CENTRAL AV,64TH ST,0,NA,Y,A,-,N,NA,NA,NA,NA,NA,NA,NA,NA,NA,Y,4,0,1,2,A,-,08,22100,B,N,A,C,A,A,H,-,B,D,0,NA,NA,NA,NA,Y,NA,-,-,0,0,1,0,0,0,0,0,0,-,-,NA,NA,LOS ANGELES,LOS ANGELES,-118.25646209716795,33.981590270996094
90703745,2018,2018-04-11,9525,2018-04-11,0800,014971,NA,3,1,5,1906,0,1,1,NA,2,651,I-605 S/B (SAN GABRIEL RIVER FWY),RAMONA BLVD,2112,S,N,A,-,Y,NA,NA,605,NA,NA,NA,NA,NA,S,Y,3,0,1,1,A,-,08,22107,NA,N,F,A,A,A,H,-,A,D,0,NA,NA,Y,NA,Y,NA,C,02,0,1,0,0,0,0,0,0,1,-,-,34.071651458740234,-118.00003051757813,LOS ANGELES,BALDWIN PARK,-118.00000762939452,34.0716438293457
90703760,2018,2018-04-11,9535,2018-04-07,2345,020818,NA,6,3,6,1922,0,1,1,NA,2,400,I-10 (SAN BERNARDINO FREEWAY) E/B,RIO HONDO RIVER,455,E,N,A,-,Y,NA,NA,10,NA,NA,NA,NA,NA,E,N,4,0,1,3,A,-,03,22350,NA,N,C,C,A,A,H,-,C,D,0,NA,NA,NA,NA,Y,NA,A,08,0,0,1,0,0,0,0,0,0,-,-,34.07040023803711,-118.04820251464844,LOS ANGELES,EL MONTE,-118.04816436767578,34.07048797607422
90703763,2018,2018-04-11,9550,2018-04-07,1255,021532,NA,6,1,5,1919,0,1,3,NA,2,091,STATE ROUTE 91 W/B,PIONEER BOULEVARD,300,E,N,A,-,Y,NA,NA,91,NA,NA,NA,NA,NA,W,Y,3,0,2,3,A,-,03,22350,NA,N,C,C,A,A,H,-,A,D,0,NA,NA,NA,NA,Y,NA,A,01,0,1,1,0,0,0,0,0,0,-,-,33.87662887573242,-118.078857421875,LOS ANGELES,CERRITOS,-118.078857421875,33.876468658447266