CASE_ID,ACCIDENT_YEAR,PROC_DATE,JURIS,COLLISION_DATE,COLLISION_TIME,OFFICER_ID,REPORTING_DISTRICT,DAY_OF_WEEK,CHP_SHIFT,POPULATION,CNTY_CITY_LOC,SPECIAL_COND,BEAT_TYPE,CHP_BEAT_TYPE,CITY_DIVISION_LAPD,CHP_BEAT_CLASS,BEAT_NUMBER,PRIMARY_RD,SECONDARY_RD,DISTANCE,DIRECTION,INTERSECTION,WEATHER_1,WEATHER_2,STATE_HWY_IND,CALTRANS_COUNTY,CALTRANS_DISTRICT,STATE_ROUTE,ROUTE_SUFFIX,POSTMILE_PREFIX,POSTMILE,LOCATION_TYPE,RAMP_INTERSECTION,SIDE_OF_HWY,TOW_AWAY,COLLISION_SEVERITY,NUMBER_KILLED,NUMBER_INJURED,PARTY_COUNT,PRIMARY_COLL_FACTOR,PCF_CODE_OF_VIOL,PCF_VIOL_CATEGORY,PCF_VIOLATION,PCF_VIOL_SUBSECTION,HIT_AND_RUN,TYPE_OF_COLLISION,MVIW,PED_ACTION,ROAD_SURFACE,ROAD_COND_1,ROAD_COND_2,LIGHTING,CONTROL_DEVICE,CHP_ROAD_TYPE,PEDESTRIAN_ACCIDENT,BICYCLE_ACCIDENT,MOTORCYCLE_ACCIDENT,TRUCK_ACCIDENT,NOT_PRIVATE_PROPERTY,ALCOHOL_INVOLVED,STWD_VEHTYPE_AT_FAULT,CHP_VEHTYPE_AT_FAULT,COUNT_SEVERE_INJ,COUNT_VISIBLE_INJ,COUNT_COMPLAINT_PAIN,COUNT_PED_KILLED,COUNT_PED_INJURED,COUNT_BICYCLIST_KILLED,COUNT_BICYCLIST_INJURED,COUNT_MC_KILLED,COUNT_MC_INJURED,PRIMARY_RAMP,SECONDARY_RAMP,LATITUDE,LONGITUDE,COUNTY,CITY,POINT_X,POINT_Y
90703774,2018,2018-04-11,9565,2018-04-09,1135,016326,NA,1,1,9,1900,0,3,5,NA,2,003,CENTINELA AVE,SHENANDOAH AVE,125,W,N,A,-,N,NA,NA,NA,NA,NA,NA,NA,NA,NA,Y,4,0,1,1,A,-,08,22107,NA,N,E,I,A,A,H,-,A,D,0,NA,NA,NA,NA,Y,NA,A,07,0,0,1,0,0,0,0,0,0,-,-,33.976810455322266,-118.38424682617188,LOS ANGELES,UNINCORPORATED,-118.38429260253906,33.97677230834961
90703779,2018,2018-04-11,9525,2018-04-06,1805,021074,NA,5,2,1,1934,0,1,1,NA,2,203,I-210 W/B (FOOTHILL FWY),IRWINDALE AVE,2112,E,N,A,-,Y,NA,NA,210,NA,NA,NA,NA,NA,W,Y,4,0,1,2,A,-,03,22350,NA,N,C,C,A,A,H,-,A,D,0,NA,NA,NA,NA,Y,NA,D,22,0,0,1,0,0,0,0,0,0,-,-,34.13069152832031,-117.92706298828124,LOS ANGELES,IRWINDALE,-117.9270477294922,34.130733489990234
90703786,2018,2018-04-11,9535,2018-04-08,1410,020033,NA,7,2,5,1943,0,1,1,NA,2,075,I-710 S/B (LONG BEACH FWY),ROSECRANS AVE,770,N,N,A,-,Y,NA,NA,710,NA,NA,NA,NA,NA,S,Y,3,0,2,1,A,-,08,22107,NA,N,E,I,A,A,H,-,A,D,0,NA,NA,NA,NA,Y,NA,A,07,0,1,1,0,0,0,0,0,0,-,-,33.90483856201172,-118.18453216552734,LOS ANGELES,LYNWOOD,-118.18458557128906,33.90489196777344
90703795,2018,2018-04-11,9550,2018-04-05,1515,018187,NA,4,2,9,1900,0,3,5,NA,2,002,IMPERIAL HWY (WESTBOUND),LEFFINGWELL RD,177,W,N,A,-,N,NA,NA,NA,NA,NA,NA,NA,NA,NA,Y,4,0,1,2,A,-,03,22350,NA,N,C,C,A,A,H,-,A,D,0,NA,NA,NA,NA,Y,NA,A,01,0,0,1,0,0,0,0,0,0,-,-,33.91706848144531,-118.0509796142578,LOS ANGELES,UNINCORPORATED,-118.0507354736328,33.91688537597656
90703796,2018,2018-04-11,9525,2018-04-07,1125,020572,NA,6,1,6,1955,0,1,3,NA,2,571,SR-57 S/B (ORANGE FWY),SUNSET CROSSING RD.,2640,N,N,A,-,Y,NA,NA,57,NA,NA,NA,NA,NA,S,Y,4,0,1,2,A,-,07,21658,A,N,C,C,A,A,H,-,A,D,0,NA,NA,NA,NA,Y,NA,A,01,0,0,1,0,0,0,0,0,0,-,-,34.03799057006836,-117.80525970458984,LOS ANGELES,POMONA,-117.80521392822266,34.03794479370117
90703801,2018,2018-04-11,9535,2018-04-09,1330,018687,NA,1,1,3,1914,0,1,1,NA,2,501,I-5 (SANTA ANA FREEWAY) S/B,EASTERN AVE.,100,N,N,A,-,Y,NA,NA,5,NA,NA,NA,NA,NA,S,N,4,0,1,2,A,-,03,22350,NA,N,C,C,A,A,H,-,A,D,0,NA,NA,NA,NA,Y,NA,D,22,0,0,1,0,0,0,0,0,0,-,-,34.01662063598633,-118.1741180419922,LOS ANGELES,COMMERCE,-118.17414855957033,34.016571044921875
90703802,2018,2018-04-11,9535,2018-04-08,2120,018687,NA,7,2,3,1914,0,1,1,NA,2,501,I-5 (SANTA ANA FREEWAY) S/B,ATLANTIC BLVD.,1100,S,N,A,-,Y,NA,NA,5,NA,NA,NA,NA,NA,S,Y,4,0,1,2,A,-,04,21703,NA,N,C,C,A,A,H,-,C,D,0,NA,NA,NA,NA,Y,Y,A,01,0,0,1,0,0,0,0,0,0,-,-,34.006690979003906,-118.1558837890625,LOS ANGELES,COMMERCE,-118.15589141845705,34.006675720214844
90703822,2018,2018-04-11,9525,2018-04-10,1545,020216,NA,2,2,6,1955,0,1,1,NA,2,107,I-10 E/B (SAN BERNARDINO FWY),FAIRPLEX DR.,500,E,N,A,-,Y,NA,NA,10,NA,NA,NA,NA,NA,E,Y,4,0,1,2,A,-,03,22350,NA,N,C,C,A,A,H,-,A,D,0,NA,NA,NA,NA,Y,NA,A,01,0,0,1,0,0,0,0,0,0,-,-,34.07278060913086,-117.783447265625,LOS ANGELES,POMONA,-117.783447265625,34.072811126708984
90703824,2018,2018-04-12,9565,2018-03-26,2005,021524,NA,1,2,7,1942,0,1,1,NA,2,083,I-10 E/B (SANTA MONICA FWY),BAGLEY AVE,500,W,N,A,-,Y,NA,NA,10,NA,NA,NA,NA,NA,E,Y,4,0,1,3,A,-,01,23152,F,N,C,C,A,A,H,-,C,D,0,NA,NA,NA,NA,Y,NA,A,01,0,0,1,0,0,0,0,0,0,-,-,34.02914047241211,-118.39853668212892,LOS ANGELES,LOS ANGELES,-118.39853668212892,34.02914810180664
90703826,2018,2018-04-12,9525,2018-03-31,0200,020687,NA,6,3,9,1900,0,3,5,NA,2,004,TEMPLE AVE,MILLBURY AVE,0,NA,Y,A,-,N,NA,NA,NA,NA,NA,NA,NA,NA,NA,Y,3,0,1,1,A,-,01,23152,A,N,E,I,A,A,H,-,C,D,0,NA,NA,NA,NA,Y,Y,A,01,0,1,0,0,0,0,0,0,0,-,-,34.05195999145508,-117.98406982421876,LOS ANGELES,UNINCORPORATED,-117.98391723632813,34.0519905090332
90703829,2018,2018-10-23,9565,2018-03-31,0450,021694,NA,6,3,9,1900,0,2,4,NA,2,021,VERMONT AVE.,116TH ST.,0,NA,Y,A,-,N,NA,NA,NA,NA,NA,NA,NA,NA,NA,Y,3,0,1,1,A,-,01,23152,A,N,E,I,A,A,H,-,C,A,0,NA,NA,NA,NA,Y,Y,A,01,0,1,0,0,0,0,0,0,0,-,-,33.92805862426758,-118.29186248779295,LOS ANGELES,UNINCORPORATED,-118.291927,33.928096
90703831,2018,2018-04-12,9550,2018-04-09,1100,021532,NA,1,1,3,1964,0,1,1,NA,2,501,INTERSTATE 5 S/B,CARMENITA ROAD,500,S,N,A,-,Y,NA,NA,5,NA,NA,NA,NA,NA,S,N,4,0,1,2,A,-,03,22350,NA,N,C,C,A,A,H,-,A,D,0,NA,NA,NA,Y,Y,NA,G,25,0,0,1,0,0,0,0,0,0,-,-,33.891151428222656,-118.04263305664064,LOS ANGELES,SANTA FE SPRINGS,-118.04251098632813,33.8913688659668
90703833,2018,2018-04-12,9550,2018-03-30,1845,021263,NA,5,2,9,1900,0,3,5,NA,2,004,GALE AVENUE,HACIENDA BOULEVARD,8,E,N,B,-,N,NA,NA,NA,NA,NA,NA,NA,NA,NA,N,4,0,1,2,A,-,10,21950,A,N,G,B,B,A,H,-,B,A,0,Y,NA,NA,NA,Y,NA,A,07,0,0,1,0,1,0,0,0,0,-,-,34.01081085205078,-117.9628677368164,LOS ANGELES,UNINCORPORATED,-117.96299743652344,34.010833740234375
90703856,2018,2018-04-12,9590,2018-04-10,1140,016642,NA,2,1,7,1942,0,1,2,NA,2,072,US-101 N/B (HOLLYWOOD FREEWAY),LANKERSHIM BOULEVARD,500,S,N,A,-,Y,NA,NA,101,NA,NA,NA,NA,NA,N,Y,4,0,2,2,A,-,08,22107,NA,N,B,C,A,A,H,-,A,D,0,NA,NA,NA,NA,Y,NA,A,01,0,0,2,0,0,0,0,0,0,-,-,34.134971618652344,-118.3581771850586,LOS ANGELES,LOS ANGELES,-118.35818481445313,34.13495635986328
90703859,2018,2018-04-12,9565,2018-04-04,1835,020370,NA,3,2,7,1942,0,1,1,NA,2,082,I-10 E/B (SANTA MONICA FWY.),OVERLAND AVE.,500,E,N,A,-,Y,NA,NA,10,NA,NA,NA,NA,NA,E,N,4,0,2,2,A,-,03,22350,NA,F,C,C,A,A,H,-,A,D,0,NA,NA,NA,NA,Y,NA,A,07,0,0,2,0,0,0,0,0,0,-,-,34.030860900878906,-118.41178131103516,LOS ANGELES,LOS ANGELES,-118.41178894042967,34.03084182739258
90703866,2018,2018-04-12,9590,2018-04-10,2015,018529,NA,2,2,7,1942,0,1,1,NA,2,062,I-10 E/B,HOOVER ST.,200,W,N,A,-,Y,NA,NA,10,NA,NA,NA,NA,NA,E,N,4,0,1,2,A,-,07,21658,A,N,B,C,A,A,H,-,C,D,0,NA,NA,Y,NA,Y,NA,A,01,0,0,1,0,0,0,0,0,1,-,-,34.036861419677734,-118.28787231445313,LOS ANGELES,LOS ANGELES,-118.28787231445313,34.03679656982422
90703868,2018,2018-04-12,9530,2018-04-05,1940,020714,NA,4,2,9,1900,0,3,5,NA,2,004,SUSANA RD.,VICTORIA ST.,0,NA,Y,B,-,N,NA,NA,NA,NA,NA,NA,NA,NA,NA,N,3,0,1,2,A,-,12,21453,A,F,G,B,B,A,H,-,C,A,0,Y,NA,NA,NA,Y,NA,-,99,0,1,0,0,1,0,0,0,0,-,-,33.864891052246094,-118.20474243164064,LOS ANGELES,UNINCORPORATED,-118.20471954345705,33.86484146118164
90703879,2018,2018-04-12,9565,2018-04-11,1825,020915,NA,3,2,7,1942,0,1,1,NA,2,082,I-10 E/B (SANTA MONICA FWY),NATIONAL BLVD,155,W,N,A,-,Y,NA,NA,10,NA,NA,NA,NA,NA,E,N,3,0,1,2,A,-,03,22350,NA,N,C,C,A,A,H,-,A,D,0,NA,NA,NA,NA,Y,NA,A,01,0,1,0,0,0,0,0,0,0,-,-,34.029571533203125,-118.4038314819336,LOS ANGELES,LOS ANGELES,-118.40382385253906,34.02961730957031
90703894,2018,2018-06-18,9535,2018-03-08,0955,021880,NA,4,1,9,1900,0,3,5,NA,2,001,2ND ST (4500 BLOCK),MCDONNELL AVE,1,W,N,A,-,N,NA,NA,NA,NA,NA,NA,NA,NA,NA,N,3,0,1,4,A,-,13,22515,A,N,G,B,D,A,D,-,A,D,0,Y,NA,NA,NA,Y,NA,A,08,0,1,0,0,1,0,0,0,0,-,-,34.0343017578125,-118.16702270507813,LOS ANGELES,UNINCORPORATED,-118.16698455810548,34.034271240234375
90703910,2018,2018-04-12,9590,2018-04-04,1605,019146,NA,3,2,7,1942,0,1,1,NA,2,064,I-10 E/B (SANTA MONICA FREEWAY),SAN PEDRO STREET,18,W,N,A,-,Y,NA,NA,10,NA,NA,NA,NA,NA,E,Y,4,0,1,2,A,-,03,22350,NA,N,B,C,A,A,H,-,A,D,0,NA,NA,Y,NA,Y,NA,C,02,0,0,1,0,0,0,0,0,1,-,-,34.02959060668945,-118.25623321533205,LOS ANGELES,LOS ANGELES,-118.25623321533205,34.029579162597656
9070392,2020,2020-06-23,1942,2020-03-05,0815,42051,0985,4,5,7,1942,0,0,0,I,0,9A89,CALHOUN AV,MOORPARK ST,0,NA,Y,A,-,N,NA,NA,NA,NA,NA,NA,NA,NA,NA,Y,3,0,2,2,A,-,09,21802,A,F,D,C,A,A,H,-,A,A,0,NA,NA,NA,NA,Y,NA,-,99,0,2,0,0,0,0,0,0,0,-,-,NA,NA,LOS ANGELES,LOS ANGELES,-118.4421615600586,34.150718688964844
90703924,2018,2018-04-12,9590,2018-04-11,1335,021789,NA,3,1,7,1942,0,1,1,NA,2,013,SR-110 S/B (ARROYO SECO PARKWAY),VIA MARISOL,100,N,N,A,-,Y,NA,NA,110,NA,NA,NA,NA,NA,S,N,4,0,1,2,A,-,03,22350,NA,N,C,C,A,A,H,-,A,D,0,NA,NA,NA,NA,Y,NA,A,01,0,0,1,0,0,0,0,0,0,-,-,34.104251861572266,-118.19080352783205,LOS ANGELES,LOS ANGELES,-118.19081115722656,34.10426712036133
90703953,2018,2018-04-12,9580,2018-04-02,1544,019952,NA,1,2,7,1942,0,1,2,NA,2,107,US-101 S/B (VENTURA FREEWAY),PARKWAY CALABASAS,1320,S,N,B,-,Y,NA,NA,101,NA,NA,NA,NA,NA,S,Y,4,0,1,2,A,-,03,22350,NA,N,C,C,A,A,H,-,A,D,0,NA,NA,NA,NA,Y,NA,D,22,0,0,1,0,0,0,0,0,0,-,-,34.157108306884766,-118.64309692382813,LOS ANGELES,LOS ANGELES,-118.64311981201172,34.157161712646484
9070396,2020,2020-06-23,1942,2020-03-05,1425,42768,0923,4,5,7,1942,0,0,0,I,0,26T73,VESPER AV,ARCHWOOD ST,0,NA,Y,A,-,N,NA,NA,NA,NA,NA,NA,NA,NA,NA,Y,4,0,1,2,A,-,03,22350,NA,F,D,C,A,A,H,-,A,D,0,NA,NA,NA,NA,Y,NA,-,99,0,0,1,0,0,0,0,0,0,-,-,NA,NA,LOS ANGELES,LOS ANGELES,-118.45094299316406,34.19295883178711
90703970,2018,2018-04-12,9580,2018-04-05,2152,021999,NA,4,2,7,1942,0,1,3,NA,2,114,SR-118 E/B (RONALD REAGAN FWY.),FOX ST,50,W,N,A,-,Y,NA,NA,118,NA,NA,NA,NA,NA,E,Y,4,0,1,2,A,-,03,22350,NA,N,C,C,A,A,D,-,D,A,0,NA,NA,NA,NA,Y,NA,A,01,0,0,1,0,0,0,0,0,0,-,-,34.2657585144043,-118.45467376708984,LOS ANGELES,LOS ANGELES,-118.45467376708984,34.26573181152344
90703971,2018,2018-04-12,9590,2018-04-10,1042,016243,NA,2,1,7,1942,0,1,1,NA,2,082,I-5 N/B,ELMGROVE STREET,1050,N,N,A,-,Y,NA,NA,5,NA,NA,NA,NA,NA,N,Y,3,0,4,3,A,-,03,22350,NA,F,C,C,A,A,H,-,A,D,0,NA,NA,NA,NA,Y,NA,D,22,0,4,0,0,0,0,0,0,0,-,-,34.087440490722656,-118.23445892333984,LOS ANGELES,LOS ANGELES,-118.23448181152344,34.087406158447266
90703976,2018,2018-04-12,9580,2018-04-09,0655,015926,NA,1,1,7,1942,0,1,2,NA,2,105,US-101 N/B  FROM VALLEY CIRCLE BLVD.,VALLEY CIRCLE BLVD,460,S,N,A,-,Y,NA,NA,101,NA,NA,NA,R,NA,N,N,4,0,1,2,A,-,03,22350,NA,N,C,C,A,A,H,-,A,A,0,NA,NA,NA,NA,Y,NA,A,01,0,0,1,0,0,0,0,0,0,-,-,34.15987014770508,-118.63553619384766,LOS ANGELES,LOS ANGELES,-118.63553619384766,34.15987014770508
90703987,2018,2018-04-12,9580,2018-04-10,0750,016088,NA,2,1,7,1942,0,1,2,NA,2,100,US-101 N/B (VENTURA FREEWAY),COLDWATER CANYON AVE,300,N,N,A,-,Y,NA,NA,101,NA,NA,NA,NA,NA,N,Y,4,0,3,3,A,-,03,22350,NA,N,C,C,A,A,H,-,A,D,0,NA,NA,NA,Y,Y,NA,G,25,0,0,3,0,0,0,0,0,0,-,-,34.15692138671875,-118.41531372070313,LOS ANGELES,LOS ANGELES,-118.41531372070313,34.156837463378906
9070400,2020,2020-07-06,1942,2020-03-04,1145,38947,2187,3,5,7,1942,0,0,0,NA,0,21A73,TOPANGA CANYON BL,VENTURA BL,388,N,N,A,-,N,NA,NA,NA,NA,NA,NA,NA,NA,NA,N,4,0,1,2,A,-,-,NA,I,F,D,G,A,A,H,-,A,A,0,NA,Y,NA,NA,Y,NA,L,04,0,0,1,0,0,0,1,0,0,-,-,NA,NA,LOS ANGELES,LOS ANGELES,-118.60591888427734,34.16957473754883
90704029,2018,2018-04-12,9580,2018-04-06,0214,021187,NA,5,3,7,1942,0,1,2,NA,2,104,US-101 N/B (VENTURA FREEWAY),DE SOTO AVE,150,S,N,A,-,Y,NA,NA,101,NA,NA,NA,NA,NA,N,Y,4,0,1,2,A,-,05,21651,B,M,E,I,A,A,H,-,D,D,0,NA,NA,NA,NA,Y,NA,A,08,0,0,1,0,0,0,0,0,0,-,-,34.16788864135742,-118.5815887451172,LOS ANGELES,LOS ANGELES,-118.58171081542967,34.16847610473633
90704039,2018,2018-04-12,9530,2018-01-25,0310,020956,NA,4,3,7,1942,0,1,1,NA,2,110,I-110 NORTHBOUND TO SR-91 WESTBOUND,SR-91,280,N,N,A,-,Y,NA,NA,110,NA,NA,NA,R,NA,N,Y,1,1,0,1,A,-,03,22350,NA,N,E,I,A,A,H,-,C,D,0,NA,NA,NA,NA,Y,Y,A,01,0,0,0,0,0,0,0,0,0,-,-,33.87385177612305,-118.2846221923828,LOS ANGELES,LOS ANGELES,-118.2846221923828,33.87385177612305
90704049,2018,2018-04-12,9530,2018-04-10,0733,015995,NA,2,1,9,1900,0,3,5,NA,2,002,SAN PEDRO ST.,127TH ST.,0,NA,Y,A,-,N,NA,NA,NA,NA,NA,NA,NA,NA,NA,Y,3,0,3,2,A,-,09,21801,A,N,D,C,A,A,H,-,A,D,0,NA,NA,NA,NA,Y,NA,A,01,0,1,2,0,0,0,0,0,0,-,-,33.9175910949707,-118.26953125,LOS ANGELES,UNINCORPORATED,-118.26960754394533,33.91762924194336
90704059,2018,2018-04-12,9590,2018-04-05,0705,017878,NA,4,1,7,1942,0,1,1,NA,2,500,I-110 N/B (HARBOR FREEWAY),GAGE AVE,1025,S,N,B,-,Y,NA,NA,110,NA,NA,NA,NA,NA,N,Y,4,0,1,2,A,-,07,21658,A,N,B,C,A,A,H,-,A,D,0,NA,NA,Y,NA,Y,NA,A,07,0,0,1,0,0,0,0,0,1,-,-,33.97943115234375,-118.28083801269533,LOS ANGELES,LOS ANGELES,-118.2807159423828,33.97943115234375
90704087,2018,2018-04-12,9525,2018-04-05,1300,022009,NA,4,1,5,1926,0,1,1,NA,2,205,I-210 W/B (FOOTHILL FWY),BARRANCA AVE,1000,E,N,A,-,Y,NA,NA,210,NA,NA,NA,NA,NA,W,N,4,0,2,2,A,-,21,22106,NA,N,B,C,A,A,H,-,A,D,0,NA,NA,NA,NA,Y,NA,D,22,0,0,2,0,0,0,0,0,0,-,-,34.12110137939453,-117.87773895263672,LOS ANGELES,GLENDORA,-117.87774658203124,34.120994567871094
90704112,2018,2018-04-12,9565,2018-04-05,0740,019138,NA,4,1,5,1965,0,1,1,NA,2,081,I-10 WB (SANTA MONICA FREEWAY),STEWART ST. UNDER-CROSSING,300,W,N,B,-,Y,NA,NA,10,NA,NA,NA,NA,NA,W,N,4,0,1,2,A,-,03,22350,NA,N,C,C,A,A,H,-,A,D,0,NA,NA,NA,NA,Y,NA,A,01,0,0,1,0,0,0,0,0,0,-,-,34.026058197021484,-118.4639892578125,LOS ANGELES,SANTA MONICA,-118.46398162841795,34.026023864746094
90704143,2018,2018-04-12,9550,2018-04-02,1445,021985,NA,1,2,6,1949,0,1,1,NA,2,651,I-605 N/B,IMPERIAL HIGHWAY,2000,S,N,A,-,Y,NA,NA,605,NA,NA,NA,NA,NA,N,Y,3,0,1,2,A,-,08,22107,NA,N,A,I,A,A,H,-,A,D,0,NA,NA,NA,Y,Y,NA,A,01,0,1,0,0,0,0,0,0,0,-,-,33.91469955444336,-118.10459899902344,LOS ANGELES,NORWALK,-118.10465240478516,33.914703369140625
90704177,2018,2018-04-12,9540,2018-04-11,0725,018037,NA,3,1,7,1942,0,1,1,NA,2,213,I-210 E/B (FOOTHILL FREEWAY),HUBBARD ST. O/C,420,W,N,A,-,Y,NA,NA,210,NA,NA,NA,NA,NA,E,Y,4,0,1,2,A,-,03,22350,NA,N,C,C,A,A,H,-,A,D,0,NA,NA,NA,NA,Y,NA,A,01,0,0,1,0,0,0,0,0,0,-,-,34.309139251708984,-118.43055725097656,LOS ANGELES,LOS ANGELES,-118.43055725097656,34.309139251708984
90704208,2018,2018-04-12,9540,2018-04-10,2341,021106,NA,2,3,7,1942,0,1,1,NA,1,502,I-5 N/B TO I-210 E/B,SAN FERNANDO RD,400,S,N,A,-,Y,NA,NA,5,NA,NA,NA,R,NA,N,Y,3,0,1,2,A,-,03,22350,NA,N,C,C,A,A,H,-,C,D,0,NA,NA,NA,Y,Y,NA,A,01,0,1,0,0,0,0,0,0,0,-,-,34.31373977661133,-118.48805236816406,LOS ANGELES,LOS ANGELES,-118.48805236816406,34.31373977661133
90704228,2018,2018-04-12,9535,2018-04-08,1849,020851,NA,7,2,9,1900,0,1,3,NA,2,600,SR-60 (POMONA FREEWAY) E/B,3RD ST.,50,E,N,A,-,Y,NA,NA,60,NA,NA,NA,NA,NA,E,N,4,0,2,2,A,-,07,21658,A,M,C,C,A,A,H,-,A,D,0,NA,NA,NA,NA,Y,NA,A,07,0,0,2,0,0,0,0,0,0,-,-,34.031898498535156,-118.18447113037108,LOS ANGELES,UNINCORPORATED,-118.18446350097656,34.031856536865234
90704240,2018,2018-04-12,9525,2018-04-08,1545,020907,NA,7,2,9,1900,0,3,5,NA,2,003,TEMPLE AVE,AZUSA AVE,0,NA,Y,A,-,N,NA,NA,NA,NA,NA,NA,NA,NA,NA,Y,4,0,3,2,D,-,00,NA,NA,N,A,C,A,A,H,-,C,D,0,NA,NA,NA,NA,Y,NA,-,-,0,0,3,0,0,0,0,0,0,-,-,34.024658203125,-117.91761016845705,LOS ANGELES,UNINCORPORATED,-117.9177017211914,34.024681091308594
90704254,2018,2018-04-12,9525,2018-04-08,2050,020907,NA,7,2,9,1900,0,3,5,NA,2,003,ECHELON AVE. (1300 BLOCK),HARVEST MOON ST.,150,S,N,B,-,N,NA,NA,NA,NA,NA,NA,NA,NA,NA,Y,4,0,1,2,A,-,01,23152,A,N,B,E,A,A,H,-,C,D,0,NA,NA,NA,NA,Y,Y,A,01,0,0,1,0,0,0,0,0,0,-,-,34.04317092895508,-117.93401336669922,LOS ANGELES,UNINCORPORATED,-117.93398284912108,34.043243408203125
90704257,2018,2018-04-12,9550,2018-04-06,0800,020594,NA,5,1,9,1900,0,2,4,NA,1,023,MULLBERRY DRIVE,CHADSEY DR.,0,NA,Y,A,-,N,NA,NA,NA,NA,NA,NA,NA,NA,NA,Y,4,0,3,2,A,-,09,21801,A,N,B,C,A,A,H,-,A,D,0,NA,NA,NA,NA,Y,NA,A,07,0,0,3,0,0,0,0,0,0,-,-,33.9356689453125,-118.01802825927734,LOS ANGELES,UNINCORPORATED,-118.01791381835938,33.93571090698242
90704284,2018,2018-04-12,9525,2018-04-09,0935,017506,NA,1,1,6,1975,0,1,1,NA,2,105,I-10 W/B (SAN BERNARDINO FWY),AZUSA AVE,1500,E,N,A,-,Y,NA,NA,10,NA,NA,NA,NA,NA,W,N,4,0,1,2,A,-,03,22350,NA,N,C,C,A,A,C,D,A,D,0,NA,NA,NA,NA,Y,NA,A,08,0,0,1,0,0,0,0,0,0,-,-,34.07210159301758,-117.9009017944336,LOS ANGELES,WEST COVINA,-117.9009017944336,34.072174072265625
90704292,2018,2018-04-12,9590,2018-04-05,1930,021596,NA,4,2,7,1942,0,1,1,NA,2,052,I-110 N/B (HARBOR FREEWAY),JEFFERSON BLVD,500,N,N,A,-,Y,NA,NA,110,NA,NA,NA,NA,NA,N,N,4,0,1,2,A,-,08,22107,NA,F,B,C,A,A,H,-,B,D,0,NA,NA,NA,NA,Y,NA,-,99,0,0,1,0,0,0,0,0,0,-,-,34.026859283447266,-118.27467346191406,LOS ANGELES,LOS ANGELES,-118.27471160888672,34.02688217163086
90704299,2018,2018-04-12,9565,2018-04-10,1845,021372,NA,2,2,9,1900,0,1,1,NA,2,060,I-405 SOUTHBOUND (SAN DIEGO FWY),120TH STREET,500,N,N,A,-,Y,NA,NA,405,NA,NA,NA,NA,NA,S,Y,4,0,2,3,A,-,03,22350,NA,N,C,C,A,A,H,-,A,D,0,NA,NA,NA,NA,Y,NA,A,01,0,0,2,0,0,0,0,0,0,-,-,33.925209045410156,-118.36858367919922,LOS ANGELES,UNINCORPORATED,-118.36857604980467,33.925209045410156
90704306,2018,2018-04-12,9565,2018-04-10,0755,020752,NA,2,1,4,1918,0,1,1,NA,2,061,I-405 S/B (SAN DIEGO FWY),BRADDOCK DRIVE,300,S,N,A,-,Y,NA,NA,405,NA,NA,NA,NA,NA,S,Y,3,0,1,1,A,-,03,22350,NA,N,F,A,A,A,H,-,D,D,0,NA,NA,Y,NA,Y,NA,C,02,0,1,0,0,0,0,0,0,1,-,-,33.9994010925293,-118.40852355957033,LOS ANGELES,CULVER CITY,-118.4084930419922,33.999420166015625
90704332,2018,2018-04-12,9525,2018-04-10,1348,020847,NA,2,1,9,1900,0,3,5,NA,2,004,CALIFORNIA AVE. (1400 BLOCK),DELVALE ST.,50,N,N,A,-,N,NA,NA,NA,NA,NA,NA,NA,NA,NA,N,4,0,1,2,A,-,06,21750,NA,N,B,C,A,A,H,-,A,D,0,NA,NA,NA,NA,Y,NA,A,07,0,0,1,0,0,0,0,0,0,-,-,34.0483512878418,-117.95160675048828,LOS ANGELES,UNINCORPORATED,-117.9517822265625,34.0480842590332
90704339,2018,2018-04-12,9580,2018-04-03,1005,021963,NA,2,1,9,1900,0,2,4,NA,1,127,MALIBU CANYON RD,PIUMA AVE,1109,S,N,A,-,N,NA,NA,NA,NA,NA,NA,NA,NA,NA,Y,3,0,2,2,A,-,05,21460,A,N,A,C,A,A,H,-,A,D,0,NA,NA,NA,Y,Y,NA,A,01,0,1,1,0,0,0,0,0,0,-,-,34.07870101928711,-118.70269775390624,LOS ANGELES,UNINCORPORATED,-118.70304107666016,34.079322814941406
90704348,2018,2018-04-12,9580,2018-04-04,1825,019715,NA,3,2,7,1942,0,1,3,NA,2,116,SR-118 E/B (RONALD REAGAN FWY.),ZELZAH AVE,150,W,N,A,-,Y,NA,NA,118,NA,NA,NA,NA,NA,E,N,4,0,1,2,A,-,03,22350,NA,N,C,C,A,A,H,-,A,D,0,NA,NA,NA,NA,Y,NA,E,22,0,0,1,0,0,0,0,0,0,-,-,34.27804946899414,-118.52416229248048,LOS ANGELES,LOS ANGELES,-118.52416229248048,34.278167724609375
90704381,2018,2018-04-12,9530,2018-04-10,1600,015995,NA,2,2,9,1900,0,3,5,NA,2,002,SAN PEDRO ST.,EL SEGUNDO BLVD.,0,NA,Y,A,-,N,NA,NA,NA,NA,NA,NA,NA,NA,NA,Y,3,0,1,2,A,-,05,21752,D,N,D,C,A,A,H,-,A,A,0,NA,NA,NA,NA,Y,NA,A,01,0,1,0,0,0,0,0,0,0,-,-,33.91603088378906,-118.26954650878906,LOS ANGELES,UNINCORPORATED,-118.26962280273438,33.916419982910156