CASE_ID,ACCIDENT_YEAR,PROC_DATE,JURIS,COLLISION_DATE,COLLISION_TIME,OFFICER_ID,REPORTING_DISTRICT,DAY_OF_WEEK,CHP_SHIFT,POPULATION,CNTY_CITY_LOC,SPECIAL_COND,BEAT_TYPE,CHP_BEAT_TYPE,CITY_DIVISION_LAPD,CHP_BEAT_CLASS,BEAT_NUMBER,PRIMARY_RD,SECONDARY_RD,DISTANCE,DIRECTION,INTERSECTION,WEATHER_1,WEATHER_2,STATE_HWY_IND,CALTRANS_COUNTY,CALTRANS_DISTRICT,STATE_ROUTE,ROUTE_SUFFIX,POSTMILE_PREFIX,POSTMILE,LOCATION_TYPE,RAMP_INTERSECTION,SIDE_OF_HWY,TOW_AWAY,COLLISION_SEVERITY,NUMBER_KILLED,NUMBER_INJURED,PARTY_COUNT,PRIMARY_COLL_FACTOR,PCF_CODE_OF_VIOL,PCF_VIOL_CATEGORY,PCF_VIOLATION,PCF_VIOL_SUBSECTION,HIT_AND_RUN,TYPE_OF_COLLISION,MVIW,PED_ACTION,ROAD_SURFACE,ROAD_COND_1,ROAD_COND_2,LIGHTING,CONTROL_DEVICE,CHP_ROAD_TYPE,PEDESTRIAN_ACCIDENT,BICYCLE_ACCIDENT,MOTORCYCLE_ACCIDENT,TRUCK_ACCIDENT,NOT_PRIVATE_PROPERTY,ALCOHOL_INVOLVED,STWD_VEHTYPE_AT_FAULT,CHP_VEHTYPE_AT_FAULT,COUNT_SEVERE_INJ,COUNT_VISIBLE_INJ,COUNT_COMPLAINT_PAIN,COUNT_PED_KILLED,COUNT_PED_INJURED,COUNT_BICYCLIST_KILLED,COUNT_BICYCLIST_INJURED,COUNT_MC_KILLED,COUNT_MC_INJURED,PRIMARY_RAMP,SECONDARY_RAMP,LATITUDE,LONGITUDE,COUNTY,CITY,POINT_X,POINT_Y
90707091,2018,2018-04-17,9530,2018-04-11,1830,014701,NA,3,2,7,1941,0,1,1,NA,2,430,I-405 N/B (SAN DIEGO FREEWAY),STUDEBAKER RD.,320,S,N,A,-,Y,NA,NA,405,NA,NA,NA,NA,NA,N,Y,4,0,1,2,A,-,03,22350,NA,N,C,C,A,A,H,-,A,D,0,NA,NA,NA,NA,Y,NA,A,07,0,0,1,0,0,0,0,0,0,-,-,33.78969955444336,-118.0980987548828,LOS ANGELES,LONG BEACH,-118.09808349609376,33.78972625732422
90707097,2018,2018-04-17,9535,2018-04-13,0657,016277,NA,5,1,9,1900,0,2,4,NA,2,022,OLYMPIC BOULEVARD (6000  BLOCK),NORTHSIDE DRIVE,0,NA,Y,A,-,N,NA,NA,NA,NA,NA,NA,NA,NA,NA,Y,4,0,1,2,A,-,09,21801,A,N,D,C,A,A,H,-,A,A,0,NA,NA,NA,NA,Y,NA,A,07,0,0,1,0,0,0,0,0,0,-,-,34.013458251953125,-118.14401245117188,LOS ANGELES,UNINCORPORATED,-118.1443099975586,34.01350021362305
9070711,2020,2020-06-25,1953,2020-03-07,1734,7787,1953,6,5,6,1953,0,0,0,NA,0,002,OAK GROVE DR,FOOTHILL FWY,0,NA,Y,B,-,N,NA,NA,NA,NA,NA,NA,NA,NA,NA,Y,4,0,2,2,A,-,03,22350,NA,N,C,C,A,A,H,-,B,A,0,NA,NA,NA,NA,Y,NA,-,NA,0,0,2,0,0,0,0,0,0,-,-,NA,NA,LOS ANGELES,PASADENA,-118.17781066894533,34.194129943847656
90707124,2018,2018-04-17,9530,2018-04-11,1340,021689,NA,3,1,7,1942,0,1,1,NA,2,110,I-110 S/B (HARBOR FREEWAY),111TH PL.,500,N,N,A,-,Y,NA,NA,110,NA,NA,NA,NA,NA,S,Y,4,0,1,2,A,-,03,22350,NA,N,C,C,A,A,H,-,A,D,0,NA,NA,NA,NA,Y,NA,A,01,0,0,1,0,0,0,0,0,0,-,-,33.935150146484375,-118.28038787841795,LOS ANGELES,LOS ANGELES,-118.28036499023438,33.93514633178711
90707145,2018,2018-04-17,9545,2018-04-09,0330,020655,NA,1,3,9,1900,0,1,3,NA,1,046,SR-2,BIG PINES HWY,6547,W,N,A,-,Y,NA,NA,2,NA,NA,NA,NA,NA,NA,Y,3,0,1,1,A,-,08,22107,NA,N,E,I,A,A,H,-,D,D,0,NA,NA,NA,NA,Y,NA,A,01,0,1,0,0,0,0,0,0,0,-,-,34.37889862060547,-117.70391845703124,LOS ANGELES,UNINCORPORATED,-117.70409393310548,34.37850570678711
9070715,2020,2020-06-25,1953,2020-03-09,1506,3775,NA,1,5,6,1953,0,0,0,NA,0,001,ORANGE GROVE BL,BELLEFONTAINE ST,0,NA,Y,A,-,N,NA,NA,NA,NA,NA,NA,NA,NA,NA,N,3,0,1,2,A,-,10,21950,A,N,G,B,B,A,H,-,A,A,0,Y,NA,NA,NA,Y,NA,-,NA,0,1,0,0,1,0,0,0,0,-,-,NA,NA,LOS ANGELES,PASADENA,-118.15862274169922,34.1315803527832
90707173,2018,2018-04-17,9535,2018-04-16,1705,019626,NA,1,2,6,1922,0,1,1,NA,2,400,I-10 (SAN BERNARDINO FREEWAY) E/B,VALLEY BLVD,300,E,N,A,-,Y,NA,NA,10,NA,NA,NA,NA,NA,E,N,4,0,1,2,A,-,03,22350,NA,N,C,C,A,A,H,-,A,D,0,NA,NA,NA,NA,Y,NA,A,07,0,0,1,0,0,0,0,0,0,-,-,34.06793975830078,-118.0253677368164,LOS ANGELES,EL MONTE,-118.0253677368164,34.06800842285156
90707188,2018,2018-04-17,9580,2018-04-05,0820,021963,NA,4,1,9,1900,0,1,3,NA,1,270,SR-27 S/B (TOPANGA CYN. BLVD.),GRANDVIEW DR,10560,S,N,B,-,Y,NA,NA,27,NA,NA,NA,NA,NA,S,N,3,0,1,1,C,-,18,NA,NA,N,E,J,A,A,H,-,A,D,0,NA,Y,NA,NA,Y,NA,-,-,0,1,0,0,0,0,1,0,0,-,-,34.07469940185547,-118.58910369873048,LOS ANGELES,UNINCORPORATED,-118.58910369873048,34.0746955871582
90707189,2018,2018-04-17,9525,2018-04-12,1250,020505,NA,4,1,4,1913,0,1,1,NA,2,110,I-10 E/B (SAN BERNARDINO FWY),INDIAN HILL BLVD,1584,W,N,A,-,Y,NA,NA,10,NA,NA,NA,NA,NA,E,Y,3,0,1,4,A,-,07,21658,A,N,B,C,A,A,H,-,A,D,0,NA,NA,NA,Y,Y,NA,A,01,0,1,0,0,0,0,0,0,0,-,-,34.08155822753906,-117.72395324707033,LOS ANGELES,CLAREMONT,-117.72395324707033,34.08158493041992
9070719,2020,2020-06-25,1953,2020-03-10,1333,1001,1953,2,5,6,1953,0,0,0,NA,0,004,WALNUT ST,SAN GABRIEL BL,0,NA,Y,C,-,N,NA,NA,NA,NA,NA,NA,NA,NA,NA,Y,4,0,2,2,A,-,12,21453,A,N,D,C,A,B,H,-,A,A,0,NA,NA,NA,NA,Y,NA,-,NA,0,0,2,0,0,0,0,0,0,-,-,NA,NA,LOS ANGELES,PASADENA,-118.09456634521484,34.14799118041992
90707191,2018,2018-04-17,9580,2018-04-05,0605,016413,NA,4,1,7,1942,0,1,1,NA,2,405,I-405 S/B (SAN DIEGO FWY),VICTORY BLVD,528,S,N,B,-,Y,NA,NA,405,NA,NA,NA,NA,NA,S,Y,4,0,1,3,A,-,03,22350,NA,M,C,C,A,A,H,-,D,D,0,NA,NA,NA,NA,Y,NA,A,07,0,0,1,0,0,0,0,0,0,-,-,34.180198669433594,-118.47064208984376,LOS ANGELES,LOS ANGELES,-118.47055816650392,34.180259704589844
90707192,2018,2018-04-17,9550,2018-04-06,2125,022012,NA,5,2,9,1900,0,1,3,NA,2,602,SR-60 E/B TO NOGALES STREET,NOGALES STREET,10,W,N,A,-,Y,NA,NA,NA,NA,NA,NA,NA,NA,NA,N,4,0,1,2,A,-,05,21650,NA,F,D,G,A,A,H,-,C,A,0,NA,Y,NA,NA,Y,NA,L,04,0,0,1,0,0,0,1,0,0,-,-,33.59342956542969,-117.53199768066406,LOS ANGELES,UNINCORPORATED,-117.888671875,33.99406051635742
90707193,2018,2018-04-17,9580,2018-04-05,0925,022016,NA,4,1,7,1942,0,1,2,NA,2,101,US-101 S/B (VENTURA FREEWAY),COLDWATER CANYON AVE,1584,N,N,B,-,Y,NA,NA,NA,NA,NA,NA,NA,NA,NA,Y,4,0,1,2,A,-,03,22350,NA,N,C,C,A,A,H,-,A,D,0,NA,NA,NA,NA,Y,NA,A,01,0,0,1,0,0,0,0,0,0,-,-,35.15673065185547,-118.41986846923828,LOS ANGELES,LOS ANGELES,-118.41378784179688,34.15665817260742
90707199,2018,2018-04-17,9545,2018-04-09,0335,021814,NA,1,3,9,1900,0,3,5,NA,2,004,PEARBLOSSOM HWY,OLD NADEAU RD,1170,W,N,A,-,N,NA,NA,NA,NA,NA,NA,NA,NA,NA,Y,4,0,1,3,A,-,08,22107,NA,N,A,C,A,A,H,-,D,D,0,NA,NA,NA,NA,Y,NA,D,22,0,0,1,0,0,0,0,0,0,-,-,34.532588958740234,-118.08798217773438,LOS ANGELES,UNINCORPORATED,-118.09747314453124,34.52199935913086
9070720,2019,2020-05-19,1900,2019-12-29,1530,620972,2820,7,5,5,1915,0,0,0,NA,0,283B,ALAMEDA ST E,EL SEGUNDO BL,0,NA,Y,A,-,N,NA,NA,NA,NA,NA,NA,NA,NA,NA,Y,3,0,1,2,A,-,12,22450,NA,N,D,C,A,A,H,-,A,A,0,NA,NA,NA,NA,Y,NA,A,01,0,1,0,0,0,0,0,0,0,-,-,NA,NA,LOS ANGELES,COMPTON,-118.22306060791016,33.91621017456055
90707200,2018,2018-04-17,9530,2018-04-13,1535,021089,NA,5,2,7,1941,0,1,3,NA,2,320,SR-91 E/B (ARTESIA FREEWAY),I-710,20,W,N,A,-,Y,NA,NA,NA,NA,NA,NA,NA,NA,NA,Y,4,0,1,2,A,-,03,22350,NA,N,C,C,A,A,H,-,A,D,0,NA,NA,NA,NA,Y,NA,A,01,0,0,1,0,0,0,0,0,0,-,-,33.874000549316406,-118.19303894042967,LOS ANGELES,LONG BEACH,-118.19337463378906,33.87525177001953
90707203,2018,2018-04-17,9550,2018-04-09,0920,021977,NA,1,1,5,1919,0,1,3,NA,2,090,STATE ROUTE 91 WESTBOUND,LAKEWOOD BOULEVARD,1290,W,N,A,-,Y,NA,NA,NA,NA,NA,NA,NA,NA,NA,Y,4,0,1,2,A,-,03,22350,NA,N,C,C,A,A,H,-,A,D,0,NA,NA,NA,NA,Y,NA,A,01,0,0,1,0,0,0,0,0,0,-,-,33.877140045166016,-118.14363861083984,LOS ANGELES,CERRITOS,-118.14687347412108,33.87718200683594
90707217,2018,2018-04-17,9535,2018-04-13,1800,017943,NA,5,2,6,1922,0,1,1,NA,2,401,I-10 (SAN BERNARDINO FREEWAY) W/B,DURFEE AVE,2075,W,N,A,-,Y,NA,NA,10,NA,NA,NA,NA,NA,W,Y,3,0,3,4,A,-,03,22350,NA,M,C,C,A,A,H,-,A,D,0,NA,NA,NA,NA,Y,NA,A,01,0,1,2,0,0,0,0,0,0,-,-,34.066131591796875,-118.01727294921876,LOS ANGELES,EL MONTE,-118.0172882080078,34.066078186035156
90707242,2018,2018-06-18,9545,2018-03-11,1405,017305,NA,7,2,9,1900,0,3,5,NA,2,004,FORT TEJON ROAD,AVENUE V,430,E,N,A,-,N,NA,NA,NA,NA,NA,NA,NA,NA,NA,Y,1,1,0,1,A,-,08,22107,NA,N,F,A,A,A,H,-,A,D,0,NA,NA,NA,NA,Y,NA,A,01,0,0,0,0,0,0,0,0,0,-,-,34.51361846923828,-117.98111724853516,LOS ANGELES,UNINCORPORATED,-117.97996520996094,34.51317596435547
90707243,2018,2018-04-17,9545,2018-04-10,0855,016549,NA,2,1,9,1900,0,1,3,NA,1,042,SR-138 (PEARBLOSSOM HWY),185TH ST  E,0,NA,Y,A,-,Y,NA,NA,138,NA,NA,NA,NA,NA,NA,Y,3,0,2,2,A,-,09,21802,A,N,D,C,A,A,H,-,A,A,0,NA,NA,NA,NA,Y,NA,A,01,0,2,0,0,0,0,0,0,0,-,-,34.49871826171875,-117.80014801025392,LOS ANGELES,UNINCORPORATED,-117.80014801025392,34.49863815307617
90707252,2018,2018-04-17,9575,2018-04-06,1540,019976,NA,5,2,5,1902,0,1,1,NA,2,065,I-210 E/B (FOOTHILL FREEWAY),BALDWIN AVE,2000,E,N,A,-,Y,NA,NA,210,NA,NA,NA,NA,NA,E,N,4,0,1,2,A,-,03,22350,NA,N,C,C,A,A,H,-,A,D,0,NA,NA,NA,NA,Y,NA,A,01,0,0,1,0,0,0,0,0,0,-,-,34.14860153198242,-118.04560089111328,LOS ANGELES,ARCADIA,-118.04560089111328,34.14870834350586
90707257,2018,2018-04-17,9575,2018-04-13,1600,014187,NA,5,2,6,1953,0,1,1,NA,2,064,I-210 W/B (FOOTHILL FREEWAY),CRAIG AVENUE,1000,W,N,A,-,Y,NA,NA,210,NA,NA,NA,NA,NA,W,Y,3,0,3,2,A,-,03,22350,NA,N,C,C,A,A,H,-,A,D,0,NA,NA,NA,NA,Y,NA,A,01,0,3,0,0,0,0,0,0,0,-,-,34.15277099609375,-118.10727691650392,LOS ANGELES,PASADENA,-118.10727691650392,34.15269088745117
90707261,2018,2018-04-17,9530,2018-04-14,1115,021875,NA,6,1,7,1942,0,1,1,NA,2,110,I-110 S/B (HARBOR FREEWAY),ALONDRA BLVD.,420,N,N,A,-,Y,NA,NA,110,NA,NA,NA,NA,NA,S,Y,4,0,3,2,A,-,07,21658,A,N,B,C,A,A,H,-,A,D,0,NA,NA,NA,NA,Y,NA,A,01,0,0,3,0,0,0,0,0,0,-,-,33.886680603027344,-118.28582763671876,LOS ANGELES,LOS ANGELES,-118.28560638427734,33.886688232421875
90707286,2018,2018-04-17,9530,2018-04-14,1040,021792,NA,6,1,9,1900,0,3,5,NA,2,001,NADEAU ST.,MAIE AVE.,0,NA,Y,A,-,N,NA,NA,NA,NA,NA,NA,NA,NA,NA,N,4,0,1,2,A,-,09,21801,A,N,D,C,A,A,H,-,A,A,0,NA,NA,NA,NA,Y,NA,A,07,0,0,1,0,0,0,0,0,0,-,-,33.96746826171875,-118.24449157714844,LOS ANGELES,UNINCORPORATED,-118.24446105957033,33.9674186706543
90707293,2017,2018-04-23,9550,2017-09-26,2217,018150,NA,2,3,9,1900,0,1,1,NA,2,650,INTERSTATE 605 SOUTHBOUND,SARAGOSA STREET,190,S,N,A,-,Y,NA,NA,605,NA,NA,NA,NA,NA,S,Y,1,3,2,3,A,-,01,23152,A,N,C,C,A,A,H,-,C,D,0,NA,NA,NA,NA,Y,Y,A,01,0,1,1,0,0,0,0,0,0,-,-,33.97855,-118.0781,LOS ANGELES,UNINCORPORATED,-118.07810995,33.97855822
90707296,2018,2018-04-17,9535,2018-04-07,1315,017595,NA,6,1,9,1900,0,1,1,NA,2,071,I-710 (LONG BEACH FREEWAY) S/B,OLYMPIC BLVD,500,N,N,A,-,Y,NA,NA,710,NA,NA,NA,NA,NA,S,Y,4,0,2,1,A,-,08,22107,NA,N,E,I,A,A,H,-,A,D,0,NA,NA,NA,NA,Y,NA,D,22,0,0,2,0,0,0,0,0,0,-,-,34.017818450927734,-118.17350006103516,LOS ANGELES,UNINCORPORATED,-118.1735382080078,34.017818450927734
90707299,2018,2018-04-17,9535,2018-04-16,1830,019626,NA,1,2,6,1922,0,1,1,NA,2,400,I-10 (SAN BERNARDINO FREEWAY) E/B,DURFEE AVE,1200,E,N,A,-,Y,NA,NA,10,NA,NA,NA,NA,NA,E,N,3,0,1,2,A,-,03,22350,NA,N,C,C,A,A,H,-,A,D,0,NA,NA,NA,NA,Y,NA,A,01,0,1,0,0,0,0,0,0,0,-,-,34.06418991088867,-118.01103973388672,LOS ANGELES,EL MONTE,-118.0110092163086,34.06431579589844
9070730,2020,2020-06-22,1942,2020-03-09,1530,43006,1233,1,5,7,1942,0,0,0,L,0,12A31,SLAUSON AV,GRAMEREY PL,0,NA,Y,A,-,N,NA,NA,NA,NA,NA,NA,NA,NA,NA,N,4,0,1,2,A,-,09,21804,A,N,D,G,A,A,H,-,A,D,0,NA,Y,NA,NA,Y,NA,A,07,0,0,1,0,0,0,1,0,0,-,-,NA,NA,LOS ANGELES,LOS ANGELES,-118.31387329101564,33.98912048339844
90707334,2018,2018-04-17,9530,2018-04-13,1710,015615,NA,5,2,5,1915,0,1,3,NA,2,310,SR-91 E/B (ARTESIA FREEWAY),WILMINGTON AVE.,650,E,N,A,-,Y,NA,NA,91,NA,NA,NA,NA,NA,E,Y,3,0,1,2,A,-,03,22350,NA,N,C,C,A,A,H,-,A,D,0,NA,NA,NA,NA,Y,NA,A,01,0,1,0,0,0,0,0,0,0,-,-,33.87398147583008,-118.23399353027344,LOS ANGELES,COMPTON,-118.23397827148438,33.87367248535156
90707383,2018,2018-04-17,9525,2018-04-10,1745,020216,NA,2,2,6,1955,0,1,3,NA,2,571,I-10 E/B TO SR-71 S/B,S. CAMPUS DR.,400,N,N,A,-,Y,NA,NA,NA,NA,NA,NA,NA,NA,NA,Y,2,0,1,2,A,-,01,23152,A,N,C,C,A,A,H,-,A,D,0,NA,NA,NA,NA,Y,Y,D,22,1,0,0,0,0,0,0,0,0,-,-,34.06476974487305,-117.79766082763672,LOS ANGELES,POMONA,-118.16979217529295,34.06149673461914
90707386,2018,2018-04-17,9525,2018-04-11,1842,019291,NA,3,2,5,1906,0,1,1,NA,2,103,I-10 W/B (SAN BERNARDINO FWY),PUENTE AVE,1056,W,N,A,-,Y,NA,NA,10,NA,NA,NA,NA,NA,W,Y,4,0,2,2,A,-,03,22350,NA,N,C,E,A,A,H,-,B,D,0,NA,NA,NA,NA,Y,NA,A,01,0,0,2,0,0,0,0,0,0,-,-,34.06970977783203,-117.96559143066406,LOS ANGELES,BALDWIN PARK,-117.96559143066406,34.06974792480469
90707388,2018,2018-04-17,9550,2018-04-06,1925,021311,NA,5,2,9,1900,0,1,1,NA,2,501,I-5 (SANTA ANA FWY) S/B,VALLEY VIEW AVENUE,1500,S,N,A,-,Y,NA,NA,NA,NA,NA,NA,NA,NA,NA,Y,4,0,1,3,A,-,07,21658,A,N,B,C,A,A,D,-,B,D,0,NA,NA,NA,Y,Y,NA,G,25,0,0,1,0,0,0,0,0,0,-,-,33.88058090209961,-118.0223388671875,LOS ANGELES,UNINCORPORATED,-118.0248794555664,33.88184356689453
90707391,2018,2018-04-17,9565,2018-04-12,1610,017713,NA,4,2,9,1900,0,3,5,NA,2,004,LENNOX BLVD.,INGLEWOOD AVE.,60,W,N,A,-,N,NA,NA,NA,NA,NA,NA,NA,NA,NA,N,4,0,1,2,A,-,03,22350,NA,N,C,C,A,A,H,-,A,D,0,NA,NA,NA,NA,Y,NA,A,07,0,0,1,0,0,0,0,0,0,-,-,33.938228607177734,-118.36163330078124,LOS ANGELES,UNINCORPORATED,-118.36153411865234,33.93815994262695
90707409,2018,2018-04-17,9565,2018-04-14,1701,015275,NA,6,2,5,1965,0,1,1,NA,2,081,I-10 W/B (SANTA MONICA FREEWAY),11TH STREET,75,E,N,A,-,Y,NA,NA,10,NA,NA,NA,NA,NA,W,N,4,0,2,2,A,-,03,22350,NA,N,C,C,A,A,H,-,A,D,0,NA,NA,NA,NA,Y,NA,A,01,0,0,2,0,0,0,0,0,0,-,-,34.01734924316406,-118.48235321044922,LOS ANGELES,SANTA MONICA,-118.4822998046875,34.01728820800781
90707412,2018,2018-04-17,9580,2018-04-12,1933,022008,NA,4,2,7,1942,0,1,2,NA,2,102,US-101 N/B (VENTURA FREEWAY),I-405 S/B (SAN DIEGO FWY),300,N,N,A,-,Y,NA,NA,101,NA,NA,NA,NA,NA,N,Y,4,0,1,2,A,-,08,22107,NA,F,B,C,A,A,H,-,D,D,0,NA,NA,NA,NA,Y,NA,A,01,0,0,1,0,0,0,0,0,0,-,-,34.161869049072266,-118.47048950195313,LOS ANGELES,LOS ANGELES,-118.47054290771484,34.16181945800781
90707414,2018,2018-04-17,9565,2018-04-15,1615,015275,NA,7,2,7,1942,0,1,1,NA,2,063,I-405 S/B (SAN DIEGO FREEWAY),OLYMPIC BOULEVARD,528,N,N,B,-,Y,NA,NA,405,NA,NA,NA,NA,NA,S,Y,4,0,3,2,A,-,03,22350,NA,N,C,C,A,A,H,-,A,D,0,NA,NA,NA,NA,Y,NA,A,07,0,0,3,0,0,0,0,0,0,-,-,34.04230880737305,-118.44296264648438,LOS ANGELES,LOS ANGELES,-118.44287109375,34.042388916015625
90707447,2018,2018-04-17,9535,2018-04-14,0945,017595,NA,6,1,5,1948,0,1,1,NA,2,071,I-710 (LONG BEACH FREEWAY) S/B,RAMONA BLVD,300,S,N,A,-,Y,NA,NA,710,NA,NA,NA,NA,NA,S,Y,3,0,1,1,A,-,03,22350,NA,N,F,A,A,A,H,-,A,D,0,NA,NA,Y,NA,Y,NA,C,02,0,1,0,0,0,0,0,0,1,-,-,34.05751037597656,-118.16536712646484,LOS ANGELES,MONTEREY PARK,-118.16536712646484,34.05751037597656
90707456,2018,2018-04-17,9590,2018-04-15,1200,019110,NA,7,1,7,1942,0,1,1,NA,2,051,I-110 S/B (HARBOR FREEWAY),67TH STREET,50,S,N,A,-,Y,NA,NA,110,NA,NA,NA,NA,NA,S,N,4,0,3,3,A,-,03,22350,NA,F,C,C,A,A,H,-,A,D,0,NA,NA,NA,NA,Y,NA,A,01,0,0,3,0,0,0,0,0,0,-,-,33.978538513183594,-118.28111267089844,LOS ANGELES,LOS ANGELES,-118.28092956542967,33.978538513183594
90707467,2018,2018-04-17,9525,2018-04-14,1149,020532,NA,6,1,1,1934,0,1,1,NA,2,204,I-210 E/B (FOOTHILL FWY),IRWINDALE AVE,100,E,N,A,-,Y,NA,NA,210,NA,NA,NA,NA,NA,E,N,4,0,1,3,A,-,03,22350,NA,M,C,C,A,A,H,-,A,D,0,NA,NA,NA,NA,Y,NA,A,01,0,0,1,0,0,0,0,0,0,-,-,34.13010025024414,-117.93250274658205,LOS ANGELES,IRWINDALE,-117.93247222900392,34.1300048828125
90707472,2018,2018-04-17,9530,2018-04-13,1835,021871,NA,5,2,9,1900,0,3,5,NA,2,002,EL SEGUNDO BLVD. (200 BLOCK),SAN PEDRO ST.,235,W,N,A,-,N,NA,NA,NA,NA,NA,NA,NA,NA,NA,N,4,0,1,2,A,-,09,21801,A,N,D,C,A,A,H,-,A,D,0,NA,NA,NA,NA,Y,NA,A,08,0,0,1,0,0,0,0,0,0,-,-,33.91630935668945,-118.27040863037108,LOS ANGELES,UNINCORPORATED,-118.27039337158205,33.916419982910156
90707481,2018,2018-04-17,9550,2018-04-05,1605,021952,NA,4,2,6,1949,0,1,1,NA,2,651,I-605 NORTHBOUND,ROSECRANS AVENUE,5,S,N,A,-,Y,NA,NA,605,NA,NA,NA,NA,NA,N,Y,3,0,1,2,A,-,03,22350,NA,N,C,C,A,A,H,-,A,A,0,NA,NA,Y,NA,Y,NA,C,02,0,1,0,0,0,0,0,0,1,-,-,33.90187072753906,-118.10505676269533,LOS ANGELES,NORWALK,-118.10506439208984,33.90187072753906
90707492,2018,2018-04-17,9525,2018-04-13,0205,018505,NA,5,3,6,1955,0,1,1,NA,2,109,I-10 WB TO TOWNE AVE.,TOWNE AVE,15,E,N,A,-,Y,NA,NA,10,NA,NA,NA,R,NA,W,Y,3,0,1,1,A,-,01,23152,A,N,E,I,A,A,H,-,C,D,0,NA,NA,NA,NA,Y,Y,A,01,0,1,0,0,0,0,0,0,0,-,-,34.079078674316406,-117.740966796875,LOS ANGELES,POMONA,-117.740966796875,34.079078674316406
90707495,2018,2018-04-17,9565,2018-04-13,1147,020468,NA,5,1,7,1942,0,1,1,NA,2,061,I-405 N/B (SAN DIEGO FREEWAY),HOWARD HUGHES PKY,600,N,N,A,-,Y,NA,NA,405,NA,NA,NA,NA,NA,N,Y,4,0,3,4,A,-,03,22350,NA,N,C,C,A,A,H,-,A,D,0,NA,NA,NA,NA,Y,NA,A,07,0,0,3,0,0,0,0,0,0,-,-,33.976348876953125,-118.38722229003906,LOS ANGELES,LOS ANGELES,-118.38707733154295,33.97665023803711
90707508,2018,2018-04-17,9525,2018-04-16,1155,018729,NA,1,1,4,1913,0,1,1,NA,2,109,I-10 W/B (SAN BERNARDINO FWY),MILLS AVE.,100,W,N,A,-,Y,NA,NA,10,NA,NA,NA,NA,NA,W,Y,4,0,2,4,A,-,03,22350,NA,N,C,C,A,A,H,-,A,D,0,NA,NA,NA,NA,Y,NA,D,22,0,0,2,0,0,0,0,0,0,-,-,34.08198165893555,-117.71102142333984,LOS ANGELES,CLAREMONT,-117.71102142333984,34.081966400146484
90707538,2018,2018-04-17,9580,2018-04-06,1415,021627,NA,5,2,7,1942,0,1,3,NA,2,170,SR-170 N/B (HOLLYWOOD FWY.) TO I-5 N/B,BRANFORD ST,1070,S,N,A,-,Y,NA,NA,170,NA,NA,NA,R,NA,N,N,4,0,1,2,A,-,03,22350,NA,N,C,C,A,A,H,-,A,D,0,NA,NA,NA,NA,Y,NA,A,07,0,0,1,0,0,0,0,0,0,-,-,34.236778259277344,-118.41332244873048,LOS ANGELES,LOS ANGELES,-118.41332244873048,34.236778259277344
90707541,2018,2018-04-17,9580,2018-04-06,1130,021173,NA,5,1,7,1942,0,1,2,NA,2,103,US-101 S/B (VENTURA FREEWAY),SEPULVEDA BLVD,1320,S,N,A,-,Y,NA,NA,101,NA,NA,NA,NA,NA,S,Y,4,0,1,2,A,-,07,21658,A,N,B,C,A,A,H,-,A,D,0,NA,NA,NA,Y,Y,NA,F,26,0,0,1,0,0,0,0,0,0,-,-,34.1593017578125,-118.46089935302734,LOS ANGELES,LOS ANGELES,-118.46090698242188,34.159263610839844
90707544,2018,2018-04-17,9550,2018-04-10,1355,020014,NA,2,1,9,1900,0,2,4,NA,1,012,SLAUSON AVENUE,MILLERGROVE DR,0,NA,Y,A,-,N,NA,NA,NA,NA,NA,NA,NA,NA,NA,Y,3,0,2,2,A,-,12,21453,A,N,D,C,A,A,H,-,A,A,0,NA,NA,NA,NA,Y,NA,A,07,0,1,1,0,0,0,0,0,0,-,-,33.96630859375,-118.07939910888672,LOS ANGELES,UNINCORPORATED,-118.07942199707033,33.96641159057617
9070755,2020,2020-06-09,1942,2020-03-03,1250,39226,1218,2,5,7,1942,0,0,0,L,0,12A39,HOOVER ST,57TH ST,0,NA,Y,A,-,N,NA,NA,NA,NA,NA,NA,NA,NA,NA,Y,4,0,2,2,A,-,08,22102,NA,N,C,C,A,A,H,-,A,A,0,NA,NA,NA,NA,Y,NA,A,01,0,0,2,0,0,0,0,0,0,-,-,NA,NA,LOS ANGELES,LOS ANGELES,-118.2871322631836,33.99052047729492
90707557,2018,2018-04-17,9580,2018-04-06,1815,021627,NA,5,2,7,1942,0,1,3,NA,2,170,SR-170 N/B (HOLLYWOOD FWY.),STRATHERN ST,440,S,N,A,-,Y,NA,NA,170,NA,NA,NA,NA,NA,N,Y,3,0,4,3,A,-,03,22350,NA,N,C,C,A,A,H,-,A,D,0,NA,NA,NA,NA,Y,NA,A,01,0,3,1,0,0,0,0,0,0,-,-,34.214481353759766,-118.40814208984376,LOS ANGELES,LOS ANGELES,-118.40809631347656,34.21449279785156