CASE_ID,ACCIDENT_YEAR,PROC_DATE,JURIS,COLLISION_DATE,COLLISION_TIME,OFFICER_ID,REPORTING_DISTRICT,DAY_OF_WEEK,CHP_SHIFT,POPULATION,CNTY_CITY_LOC,SPECIAL_COND,BEAT_TYPE,CHP_BEAT_TYPE,CITY_DIVISION_LAPD,CHP_BEAT_CLASS,BEAT_NUMBER,PRIMARY_RD,SECONDARY_RD,DISTANCE,DIRECTION,INTERSECTION,WEATHER_1,WEATHER_2,STATE_HWY_IND,CALTRANS_COUNTY,CALTRANS_DISTRICT,STATE_ROUTE,ROUTE_SUFFIX,POSTMILE_PREFIX,POSTMILE,LOCATION_TYPE,RAMP_INTERSECTION,SIDE_OF_HWY,TOW_AWAY,COLLISION_SEVERITY,NUMBER_KILLED,NUMBER_INJURED,PARTY_COUNT,PRIMARY_COLL_FACTOR,PCF_CODE_OF_VIOL,PCF_VIOL_CATEGORY,PCF_VIOLATION,PCF_VIOL_SUBSECTION,HIT_AND_RUN,TYPE_OF_COLLISION,MVIW,PED_ACTION,ROAD_SURFACE,ROAD_COND_1,ROAD_COND_2,LIGHTING,CONTROL_DEVICE,CHP_ROAD_TYPE,PEDESTRIAN_ACCIDENT,BICYCLE_ACCIDENT,MOTORCYCLE_ACCIDENT,TRUCK_ACCIDENT,NOT_PRIVATE_PROPERTY,ALCOHOL_INVOLVED,STWD_VEHTYPE_AT_FAULT,CHP_VEHTYPE_AT_FAULT,COUNT_SEVERE_INJ,COUNT_VISIBLE_INJ,COUNT_COMPLAINT_PAIN,COUNT_PED_KILLED,COUNT_PED_INJURED,COUNT_BICYCLIST_KILLED,COUNT_BICYCLIST_INJURED,COUNT_MC_KILLED,COUNT_MC_INJURED,PRIMARY_RAMP,SECONDARY_RAMP,LATITUDE,LONGITUDE,COUNTY,CITY,POINT_X,POINT_Y
90710810,2018,2018-04-23,9545,2018-04-16,0705,015351,NA,1,1,9,1900,0,1,3,NA,2,031,SR-14 S/B,CROWN VALLEY RD,528,N,N,A,-,Y,NA,NA,14,NA,NA,NA,NA,NA,S,Y,4,0,1,3,A,-,03,22350,NA,M,C,C,A,A,H,-,A,D,0,NA,NA,NA,NA,Y,NA,A,01,0,0,1,0,0,0,0,0,0,-,-,34.492740631103516,-118.19405364990234,LOS ANGELES,UNINCORPORATED,-118.19403839111328,34.492679595947266
9071082,2020,2020-05-06,1942,2020-02-20,1458,37453,1863,4,5,7,1942,0,0,0,R,0,18A26,AVALON BL,116TH ST,0,NA,Y,A,-,N,NA,NA,NA,NA,NA,NA,NA,NA,NA,N,3,0,1,2,A,-,10,21950,A,F,G,B,D,A,H,-,A,D,0,Y,NA,NA,NA,Y,NA,-,99,0,1,0,0,1,0,0,0,0,-,-,NA,NA,LOS ANGELES,LOS ANGELES,-118.26519775390624,33.92918014526367
90710837,2018,2018-04-23,9525,2018-04-15,0205,022009,NA,7,3,6,1955,0,1,1,NA,2,110,I-10 E/B (SAN BERNARDINO FWY),WHITE AVE,3100,W,N,A,-,Y,NA,NA,10,NA,NA,NA,NA,NA,E,Y,3,0,3,2,A,-,03,22350,NA,N,C,C,A,A,H,-,D,D,0,NA,NA,NA,NA,Y,Y,A,07,0,1,2,0,0,0,0,0,0,-,-,34.07168960571289,-117.76947021484376,LOS ANGELES,POMONA,-117.76946258544922,34.07173156738281
90710865,2018,2019-12-27,9550,2018-04-13,1440,021166,NA,5,2,9,1900,0,3,5,NA,2,002,CARMENITA RD.,LAKELAND RD.,0,NA,Y,A,-,N,NA,NA,NA,NA,NA,NA,NA,NA,NA,Y,4,0,1,2,A,-,12,21453,A,N,D,C,A,A,H,-,A,A,0,NA,NA,NA,NA,Y,NA,A,01,0,0,1,0,0,0,0,0,0,-,-,33.93178939819336,-118.04647064208984,LOS ANGELES,UNINCORPORATED,-118.04657745361328,33.93177032470703
90710887,2018,2018-04-23,9540,2018-04-19,1720,021118,NA,4,2,6,1985,0,1,3,NA,1,144,SR-14 N/B (ANTELOPE VALLEY FWY),NEWHALL AVE,1584,N,N,A,-,Y,NA,NA,14,NA,NA,NA,NA,NA,N,Y,4,0,1,2,A,-,03,22350,NA,N,C,C,A,A,H,-,A,D,0,NA,NA,NA,NA,Y,NA,A,01,0,0,1,0,0,0,0,0,0,-,-,34.36930847167969,-118.50109100341795,LOS ANGELES,SANTA CLARITA,-118.50107574462892,34.369300842285156
90710891,2018,2018-04-23,9525,2018-04-12,2145,021229,NA,4,2,4,1946,0,1,1,NA,2,202,I-210 E/B (FOOTHILL FWY),MYRTLE AVE,1056,W,N,B,-,Y,NA,NA,210,NA,NA,NA,NA,NA,E,Y,3,0,3,4,A,-,07,21658,A,F,B,C,A,A,H,-,C,D,0,NA,NA,NA,Y,Y,NA,G,25,0,1,2,0,0,0,0,0,0,-,-,34.13554000854492,-118.00669097900392,LOS ANGELES,MONROVIA,-118.00669860839844,34.1354866027832
90710900,2018,2018-04-23,9525,2018-04-16,0740,020499,NA,1,1,6,1975,0,1,1,NA,2,104,I-10 E/B (SAN BERNARDINO FWY),CAMERON AVE,156,E,N,A,-,Y,NA,NA,10,NA,NA,NA,NA,NA,E,N,3,0,1,2,A,-,07,21658,A,N,B,C,A,A,D,E,A,D,0,NA,NA,Y,NA,Y,NA,A,01,0,1,0,0,0,0,0,0,1,-,-,34.07189178466797,-117.94538879394533,LOS ANGELES,WEST COVINA,-117.94538116455078,34.07181930541992
90710904,2018,2018-05-07,9530,2018-04-14,0500,021493,NA,6,3,7,1942,0,1,1,NA,2,110,I-110 S/B (HARBOR FREEWAY),ROSECRANS AVE.,528,S,N,A,-,Y,NA,NA,110,NA,NA,NA,NA,NA,S,Y,4,0,1,2,A,-,07,21658,NA,N,B,C,A,A,H,-,C,D,0,NA,NA,NA,NA,Y,NA,-,-,0,0,1,0,0,0,0,0,0,-,-,33.90018081665039,-118.28697204589844,LOS ANGELES,LOS ANGELES,-118.2867431640625,33.90018081665039
90710908,2018,2018-04-23,9565,2018-04-06,1600,021761,NA,5,2,7,1942,0,1,1,NA,2,010,I-105 W/B TO 1-405 S/B,120TH ST,558,S,N,A,-,Y,NA,NA,NA,NA,NA,NA,NA,NA,NA,Y,2,0,5,4,A,-,01,23152,A,N,C,C,A,A,H,-,A,A,0,NA,NA,NA,NA,Y,Y,D,22,2,1,2,0,0,0,0,0,0,-,-,33.92226028442383,-118.36969757080078,LOS ANGELES,LOS ANGELES,NA,NA
90710917,2018,2018-04-23,9535,2018-04-16,1333,019121,NA,1,1,6,1922,0,1,1,NA,2,401,I-10 (SAN BERNARDINO FREEWAY) WB,PECK ROAD,50,E,N,A,-,Y,NA,NA,10,NA,NA,NA,NA,NA,W,Y,4,0,1,3,A,-,04,21703,NA,N,C,C,A,A,H,-,A,D,0,NA,NA,NA,NA,Y,NA,A,01,0,0,1,0,0,0,0,0,0,-,-,34.06816864013672,-118.02822113037108,LOS ANGELES,EL MONTE,-118.02822113037108,34.068111419677734
90710935,2018,2018-04-23,9580,2018-03-29,0625,020100,NA,4,1,7,1942,0,1,2,NA,2,101,US-101 S/B (HOF),LANKERSHIM BLVD,1000,N,N,A,-,Y,NA,NA,101,NA,NA,NA,NA,NA,S,Y,4,0,1,2,A,-,03,22350,NA,N,C,C,A,A,H,-,B,D,0,NA,NA,Y,NA,Y,NA,C,02,0,0,1,0,0,0,0,0,1,-,-,34.1411018371582,-118.3665008544922,LOS ANGELES,LOS ANGELES,-118.36653137207033,34.14108657836914
90710939,2018,2018-04-23,9580,2018-04-11,1730,019715,NA,3,2,7,1942,0,1,3,NA,2,116,SR-118 E/B (RONALD REAGAN FWY.),BALBOA BLVD,600,W,N,A,-,Y,NA,NA,118,NA,NA,NA,NA,NA,E,N,4,0,1,2,A,-,03,22350,NA,N,C,C,A,A,H,-,A,D,0,NA,NA,NA,NA,Y,NA,A,01,0,0,1,0,0,0,0,0,0,-,-,34.27756118774414,-118.49928283691406,LOS ANGELES,LOS ANGELES,-118.49925231933594,34.277687072753906
90710956,2018,2018-04-23,9565,2018-04-14,0819,021892,NA,6,1,9,1900,0,3,5,NA,2,002,106TH ST,NORMANDIE AVE,400,E,N,A,-,N,NA,NA,NA,NA,NA,NA,NA,NA,NA,Y,4,0,1,6,A,-,09,21804,A,N,D,C,A,A,H,-,A,D,0,NA,NA,NA,NA,Y,NA,A,01,0,0,1,0,0,0,0,0,0,-,-,33.94004821777344,-118.29962158203124,LOS ANGELES,UNINCORPORATED,-118.29898071289064,33.94002151489258
90710972,2018,2018-04-23,9550,2018-04-13,2240,021449,NA,5,3,1,1932,0,1,3,NA,2,600,SR-60 WB,SEVENTH AVENUE,1500,W,N,A,-,Y,NA,NA,60,NA,NA,NA,NA,NA,W,Y,4,0,1,2,A,-,07,21658,A,N,B,C,A,A,H,-,C,D,0,NA,NA,NA,NA,Y,NA,-,-,0,0,1,0,0,0,0,0,0,-,-,34.02301025390625,-117.99120330810548,LOS ANGELES,INDUSTRY,-117.99127197265624,34.0229377746582
90710983,2018,2018-12-11,9565,2018-04-10,1050,019320,NA,2,1,7,1942,0,1,1,NA,2,064,I-405 S/B,GETTY CENTER DR.,300,N,N,A,-,Y,NA,NA,405,NA,NA,NA,NA,NA,S,Y,4,0,1,2,A,-,08,22107,NA,N,B,C,A,A,H,-,A,D,0,NA,NA,NA,Y,Y,NA,D,22,0,0,1,0,0,0,0,0,0,-,-,34.101009368896484,-118.47770690917967,LOS ANGELES,LOS ANGELES,-118.47786712646484,34.10105895996094
90710984,2018,2018-04-23,9545,2018-04-17,1530,017751,NA,2,2,6,1992,0,3,5,NA,2,001,LANCASTER ROAD,167TH ST. W,3696,E,N,A,-,N,NA,NA,NA,NA,NA,NA,NA,NA,NA,Y,3,0,1,1,A,-,08,22107,NA,N,E,I,A,A,H,-,A,D,0,NA,NA,NA,NA,Y,NA,D,22,0,1,0,0,0,0,0,0,0,-,-,34.72977828979492,-118.4133529663086,LOS ANGELES,LANCASTER,-118.41397857666016,34.73017120361328
90710985,2018,2018-04-23,9550,2018-04-13,1435,021532,NA,5,2,9,1900,0,1,1,NA,2,650,INTERSTATE 605 N/B,DUNLAP CROSSING ROAD,300,S,N,A,-,Y,NA,NA,605,NA,NA,NA,NA,NA,N,N,3,0,1,1,A,-,08,22107,NA,N,F,A,A,A,H,-,A,D,0,NA,NA,Y,NA,Y,NA,C,02,0,1,0,0,0,0,0,0,1,-,-,33.982810974121094,-118.0736083984375,LOS ANGELES,UNINCORPORATED,-118.07366180419922,33.982852935791016
90710990,2018,2018-04-23,9580,2018-04-12,1355,020402,NA,4,1,7,1942,0,1,3,NA,2,170,SR-170 N/B TO SHERMAN WAY,SHERMAN WAY,200,S,N,A,-,Y,NA,NA,170,NA,NA,NA,R,NA,N,Y,4,0,1,3,A,-,03,22350,NA,N,C,C,A,A,H,-,A,D,0,NA,NA,NA,NA,Y,NA,A,01,0,0,1,0,0,0,0,0,0,-,-,34.20043182373047,-118.40289306640624,LOS ANGELES,LOS ANGELES,-118.40289306640624,34.20043182373047
90710999,2018,2018-04-23,9550,2018-04-14,0035,021129,NA,6,3,9,1900,0,3,5,NA,2,005,PATHFINDER ROAD,BLANDFORD DRIVE,400,W,N,A,-,N,NA,NA,NA,NA,NA,NA,NA,NA,NA,Y,3,0,2,2,A,-,12,21453,A,F,E,I,A,A,H,-,C,A,0,NA,NA,NA,NA,Y,NA,-,99,0,1,1,0,0,0,0,0,0,-,-,33.97024154663086,-117.89733123779295,LOS ANGELES,UNINCORPORATED,-117.89731597900392,33.97037124633789
90711004,2018,2018-04-23,9525,2018-04-11,1755,018402,NA,3,2,6,1955,0,1,3,NA,2,571,SR-57 S/B TO I-10 E/B,SR-57 S/B (ORANGE FWY),240,W,N,A,-,Y,NA,NA,57,NA,NA,NA,R,NA,S,Y,3,0,1,1,A,-,03,22350,NA,N,E,I,A,A,H,-,A,D,0,NA,NA,NA,NA,Y,NA,A,07,0,1,0,0,0,0,0,0,0,-,-,34.0660285949707,-117.80724334716795,LOS ANGELES,POMONA,-117.80724334716795,34.0660285949707
90711033,2018,2018-04-23,9565,2018-04-13,0610,021819,NA,5,1,9,1900,0,1,1,NA,2,060,I-405 N/B (SAN DIEGO FREEWAY),CENTURY BLVD,550,S,N,A,-,Y,NA,NA,405,NA,NA,NA,NA,NA,N,N,4,0,1,2,A,-,08,22107,NA,F,B,C,A,A,H,-,A,D,0,NA,NA,NA,NA,Y,NA,A,01,0,0,1,0,0,0,0,0,0,-,-,33.94390106201172,-118.36808013916016,LOS ANGELES,UNINCORPORATED,-118.36821746826172,33.94390106201172
90711037,2018,2018-04-23,9525,2018-04-20,1615,019966,NA,5,2,6,1975,0,1,1,NA,2,104,I-10 E/B (SAN BERNARDINO FWY),WEST COVINA PARKWAY,1055,E,N,A,-,Y,NA,NA,10,NA,NA,NA,NA,NA,E,N,4,0,1,2,A,-,03,22350,NA,N,C,C,A,A,D,E,A,D,0,NA,NA,NA,NA,Y,NA,A,01,0,0,1,0,0,0,0,0,0,-,-,34.07236099243164,-117.93842315673828,LOS ANGELES,WEST COVINA,-117.93842315673828,34.07234191894531
90711040,2018,2018-04-23,9535,2018-04-14,1635,020769,NA,6,2,5,1947,0,1,3,NA,2,620,SR-60 (POMONA FREEWAY) E/B,PARAMOUNT BLVD,2000,W,N,A,-,Y,NA,NA,60,NA,NA,NA,NA,NA,E,N,4,0,2,2,A,-,03,22350,NA,N,C,C,A,A,H,-,A,D,0,NA,NA,NA,NA,Y,NA,D,22,0,0,2,0,0,0,0,0,0,-,-,34.03565979003906,-118.0998764038086,LOS ANGELES,MONTEBELLO,-118.09988403320313,34.03569030761719
90711066,2018,2018-06-06,9525,2018-04-20,1730,020216,NA,5,2,5,1990,0,1,3,NA,2,601,SR-60 W/B (POMONA FWY),GRAND AVE.,1056,W,N,A,-,Y,NA,NA,60,NA,NA,NA,NA,NA,W,N,4,0,1,2,A,-,07,21658,A,N,C,C,A,A,H,-,A,D,0,NA,NA,NA,NA,Y,NA,A,01,0,0,1,0,0,0,0,0,0,-,-,34.00804901123047,-117.82584381103516,LOS ANGELES,DIAMOND BAR,-117.82575225830078,34.00796127319336
90711082,2018,2018-04-23,9525,2018-04-18,1455,019495,NA,3,2,1,1934,0,1,1,NA,2,652,I-605 N/B (SAN GABRIEL RIVER FWY),LIVE OAK AVE.,307,N,N,A,-,Y,NA,NA,605,NA,NA,NA,NA,NA,N,Y,2,0,3,3,A,-,03,22350,NA,N,C,C,A,A,H,-,A,D,0,NA,NA,NA,NA,Y,NA,D,22,1,1,1,0,0,0,0,0,0,-,-,34.1103401184082,-117.9802703857422,LOS ANGELES,IRWINDALE,-117.9802703857422,34.1103401184082
9071109,2020,2020-03-18,1942,2020-03-04,0840,44103,RD120,3,5,7,1942,0,0,0,NA,0,12A15,HALLDALE AV,VERNON,30,S,N,A,-,N,NA,NA,NA,NA,NA,NA,NA,NA,NA,N,4,0,1,2,A,-,05,21651,B,N,B,J,A,A,H,-,A,D,0,NA,NA,NA,NA,Y,Y,A,07,0,0,1,0,0,0,0,0,0,-,-,NA,NA,LOS ANGELES,LOS ANGELES,-118.30236053466795,34.00362777709961
90711091,2018,2018-04-23,9530,2018-04-22,1930,020983,NA,7,2,9,1900,0,3,5,NA,2,001,SEVILLE AVENUE (7700 BLOCK),OLIVE STREET,0,NA,Y,A,-,N,NA,NA,NA,NA,NA,NA,NA,NA,NA,Y,4,0,1,2,A,-,01,23152,A,N,D,C,A,A,H,-,B,A,0,NA,NA,NA,NA,Y,Y,A,01,0,0,1,0,0,0,0,0,0,-,-,33.9680290222168,-118.22242736816406,LOS ANGELES,UNINCORPORATED,-118.22244262695313,33.96805191040039
90711101,2018,2018-04-23,9575,2018-04-14,1653,021732,NA,6,2,7,1942,0,1,3,NA,2,070,SR-118 E/B (RONALD REAGAN FRWY),TELFAIR AVENUE,528,W,N,A,-,Y,NA,NA,118,NA,NA,NA,NA,NA,E,Y,4,0,1,1,A,-,08,22107,NA,N,E,I,A,A,H,-,A,D,0,NA,NA,NA,NA,Y,NA,A,07,0,0,1,0,0,0,0,0,0,-,-,34.26905059814453,-118.43372344970705,LOS ANGELES,LOS ANGELES,-118.43365478515624,34.26892852783203
90711105,2018,2018-04-23,9540,2018-04-19,0830,020862,NA,4,1,6,1985,0,1,3,NA,1,145,SR-14 SOUTHBOUND (ANTELOPE VALLEY FWY),GOLDEN VALLEY RD,1584,S,N,A,B,Y,NA,NA,14,NA,NA,NA,NA,NA,S,Y,4,0,3,2,A,-,03,22350,NA,N,C,C,A,A,H,-,D,D,0,NA,NA,NA,NA,Y,NA,A,01,0,0,3,0,0,0,0,0,0,-,-,34.385169982910156,-118.48429107666016,LOS ANGELES,SANTA CLARITA,-118.48424530029295,34.38508605957031
90711108,2018,2018-04-23,9525,2018-04-17,2230,021967,NA,2,3,6,1955,0,1,3,NA,2,572,SR-57 N/B (ORANGE FWY),I-10 E/B (SAN BERNARDINO FWY),2640,S,N,A,-,Y,NA,NA,57,NA,NA,NA,NA,NA,N,Y,4,0,2,2,A,-,03,22350,NA,N,C,C,A,A,D,-,D,D,0,NA,NA,NA,NA,Y,NA,A,01,0,0,2,0,0,0,0,0,0,-,-,34.0589599609375,-117.8044662475586,LOS ANGELES,POMONA,-117.80447387695313,34.0589599609375
90711115,2018,2018-04-23,9530,2018-04-22,0555,021059,NA,7,3,7,1942,0,1,1,NA,2,110,I-110 S/B (HARBOR FREEWAY),149TH ST.,100,N,N,A,-,Y,NA,NA,110,NA,NA,NA,NA,NA,S,N,3,0,1,2,D,-,00,NA,NA,N,C,C,A,A,H,-,A,D,0,NA,NA,NA,NA,Y,NA,-,-,0,1,0,0,0,0,0,0,0,-,-,33.897220611572266,-118.28659057617188,LOS ANGELES,LOS ANGELES,-118.28654479980467,33.89723205566406
90711126,2018,2018-04-23,9540,2018-04-21,2326,021361,NA,6,3,9,1900,0,1,1,NA,1,502,I-5 N/B (GOLDEN STATE FREEWAY),THE OLD RD,2000,S,N,A,-,Y,NA,NA,5,NA,NA,NA,NA,NA,N,Y,4,0,1,3,A,-,03,22350,NA,N,C,C,A,A,D,-,D,D,0,NA,NA,NA,NA,Y,Y,A,01,0,0,1,0,0,0,0,0,0,-,-,34.347679138183594,-118.5356903076172,LOS ANGELES,UNINCORPORATED,-118.53564453125,34.347801208496094
90711133,2018,2018-04-23,9535,2018-04-11,1645,021976,NA,3,2,9,1900,0,1,3,NA,2,066,"SR-164 S/B (ROSEMEAD BLVD, 1600 BLOCK)",SR-60 W/B,1580,N,N,A,-,N,NA,NA,164,NA,NA,NA,NA,NA,S,Y,4,0,2,3,A,-,03,22350,NA,N,C,C,A,A,H,-,A,D,0,NA,NA,NA,NA,Y,NA,D,22,0,0,2,0,0,0,0,0,0,-,-,34.04561996459961,-118.0644989013672,LOS ANGELES,UNINCORPORATED,-118.06437683105467,34.04561996459961
90711172,2018,2018-04-23,9545,2018-04-19,1140,021695,NA,4,1,6,1950,0,2,4,NA,1,024,ELIZABETH LAKE RD,15TH ST  W,130,E,N,A,-,N,NA,NA,NA,NA,NA,NA,NA,NA,NA,Y,3,0,1,2,A,-,09,21801,A,N,A,C,A,A,H,-,A,D,0,NA,NA,NA,Y,Y,NA,A,01,0,1,0,0,0,0,0,0,0,-,-,34.58702087402344,-118.15589141845705,LOS ANGELES,PALMDALE,-118.1559600830078,34.58713912963867
90711176,2018,2018-04-23,9525,2018-04-15,2040,021280,NA,7,2,6,1955,0,1,1,NA,2,108,I-10 E/B TO SR-57,KELLOGG DR.,300,W,N,A,-,Y,NA,NA,10,NA,NA,NA,R,NA,E,Y,4,0,1,1,A,-,08,22107,NA,N,E,I,A,A,D,E,C,D,0,NA,NA,NA,NA,Y,NA,A,01,0,0,1,0,0,0,0,0,0,-,-,34.063629150390625,-117.8137435913086,LOS ANGELES,POMONA,-117.8137435913086,34.063629150390625
90711185,2018,2018-04-30,9525,2018-04-21,0057,020891,NA,6,3,9,1900,0,3,5,NA,2,005,VIA VERDE  (100 BLOCK),CAMPER VIEW RD.,80,W,N,A,-,N,NA,NA,NA,NA,NA,NA,NA,NA,NA,Y,3,0,1,1,A,-,03,22350,NA,N,E,I,A,A,H,-,C,D,0,NA,NA,Y,NA,Y,Y,C,02,0,1,0,0,0,0,0,0,1,-,-,34.07950973510742,-117.78949737548828,LOS ANGELES,UNINCORPORATED,-117.78960418701172,34.079341888427734
90711203,2018,2018-04-23,9525,2018-04-20,1010,020499,NA,5,1,1,1934,0,1,1,NA,2,652,I-605 N/B (SAN GABRIEL RIVER FWY),ARROW HIGHWAY,1584,N,N,A,-,Y,NA,NA,605,NA,NA,NA,NA,NA,N,Y,4,0,1,2,A,-,07,21658,A,N,C,C,A,A,H,-,A,D,0,NA,NA,NA,Y,Y,NA,D,22,0,0,1,0,0,0,0,0,0,-,-,34.11906051635742,-117.97183990478516,LOS ANGELES,IRWINDALE,-117.97183990478516,34.119056701660156
90711216,2018,2018-04-23,9580,2018-04-11,1555,019319,NA,3,2,3,1989,0,1,2,NA,2,107,US-101 S/B (VENTURA FREEWAY),MUREAU RD,528,N,N,A,-,Y,NA,NA,101,NA,NA,NA,NA,NA,S,Y,4,0,2,3,A,-,03,22350,NA,N,C,C,A,A,H,-,A,D,0,NA,NA,NA,NA,Y,NA,A,01,0,0,2,0,0,0,0,0,0,-,-,34.14939880371094,-118.66629791259766,LOS ANGELES,CALABASAS,-118.66629791259766,34.149410247802734
90711241,2018,2018-04-23,9525,2018-04-21,1430,020499,NA,6,2,1,1934,0,1,1,NA,2,652,I-605 N/B TO LIVE OAK AVE,LIVE OAK AVE.,6,N,N,A,-,Y,NA,NA,605,NA,NA,NA,R,NA,N,N,4,0,1,2,A,-,21,22106,NA,N,C,C,A,A,H,-,A,D,0,NA,NA,NA,NA,Y,NA,A,07,0,0,1,0,0,0,0,0,0,-,-,34.10886001586914,-117.98007965087892,LOS ANGELES,IRWINDALE,-117.98007965087892,34.10886001586914
90711248,2018,2018-04-23,9525,2018-04-21,1400,019491,NA,6,2,4,1960,0,1,1,NA,2,217,SR-210 W/B (FOOTHILL FWY),LONE HILL AVENUE,1000,E,N,B,-,Y,NA,NA,210,NA,NA,NA,NA,NA,W,Y,4,0,4,3,A,-,03,22350,NA,N,C,C,A,A,H,-,A,D,0,NA,NA,NA,NA,Y,NA,A,01,0,0,4,0,0,0,0,0,0,-,-,34.119808197021484,-117.81437683105467,LOS ANGELES,SAN DIMAS,-117.81437683105467,34.119895935058594
90711260,2018,2018-04-23,9580,2018-04-11,1620,016550,NA,3,2,9,1900,0,1,3,NA,1,270,SR-27 S/B (TOPANGA CYN. BLVD.),ENTRADA RD,0,NA,Y,A,-,Y,NA,NA,27,NA,NA,NA,NA,NA,S,Y,4,0,2,2,A,-,03,22350,NA,N,C,C,A,A,H,-,A,D,0,NA,NA,NA,NA,Y,NA,A,01,0,0,2,0,0,0,0,0,0,-,-,34.0932502746582,-118.60198974609376,LOS ANGELES,UNINCORPORATED,-118.60197448730467,34.09326934814453
90711261,2018,2018-04-23,9525,2018-04-14,1404,021007,NA,6,2,5,1906,0,1,1,NA,2,103,I-10 W/B (SAN BERNARDINO FWY),ATHOL ST.,200,E,N,A,-,Y,NA,NA,10,NA,NA,NA,NA,NA,W,N,3,0,1,2,A,-,03,22350,NA,N,C,C,A,A,H,-,A,D,0,NA,NA,Y,NA,Y,NA,C,02,0,1,0,0,0,0,0,0,1,-,-,34.06700897216797,-117.98621368408205,LOS ANGELES,BALDWIN PARK,-117.98621368408205,34.067020416259766
90711267,2018,2018-05-16,9580,2018-04-11,0720,021963,NA,3,1,7,1942,0,1,1,NA,2,407,I-405 S/B (SAN DIEGO FWY),NORDHOFF ST,1003,N,N,A,-,Y,NA,NA,405,NA,NA,NA,NA,NA,S,N,4,0,2,4,A,-,03,22350,NA,M,C,C,A,A,H,-,A,D,0,NA,NA,NA,NA,Y,NA,-,99,0,0,2,0,0,0,0,0,0,-,-,34.24074172973633,-118.4731674194336,LOS ANGELES,LOS ANGELES,-118.47312927246094,34.24073791503906
90711271,2018,2018-04-23,9525,2018-04-22,0840,018364,NA,7,1,4,1960,0,1,3,NA,2,572,SR-57 N/B (ORANGE FWY),SAN DIMAS AVENUE U/C,385,N,N,A,-,Y,NA,NA,57,NA,NA,NA,NA,NA,N,Y,4,0,1,2,A,-,03,22350,NA,N,C,C,A,A,H,-,A,D,0,NA,NA,NA,NA,Y,NA,A,01,0,0,1,0,0,0,0,0,0,-,-,34.09471130371094,-117.81925201416016,LOS ANGELES,SAN DIMAS,-117.81932830810548,34.09471130371094
90711280,2018,2018-04-23,9580,2018-04-11,0815,019573,NA,3,1,7,1942,0,1,1,NA,2,405,I-405 S/B (SAN DIEGO FWY),VENTURA BLVD,2640,S,N,A,-,Y,NA,NA,NA,NA,NA,NA,NA,NA,NA,Y,3,0,1,2,A,-,07,21658,A,N,B,C,A,A,H,-,A,D,0,NA,NA,Y,NA,Y,NA,A,07,0,1,0,0,0,0,0,0,1,-,-,34.14339828491211,-118.1414031982422,LOS ANGELES,LOS ANGELES,-118.4697494506836,34.14826965332031
90711335,2018,2018-04-23,9525,2018-04-19,1910,018402,NA,4,2,9,1900,0,3,5,NA,2,002,W. GLADSTONE ST (900 W. BLOCK),CLYDEBANK AVE.,0,NA,Y,A,-,N,NA,NA,NA,NA,NA,NA,NA,NA,NA,N,4,0,1,2,A,-,09,21802,A,N,D,C,A,A,H,-,A,D,0,NA,NA,NA,NA,Y,NA,A,01,0,0,1,0,0,0,0,0,0,-,-,34.11431884765625,-117.92076110839844,LOS ANGELES,UNINCORPORATED,-117.92076873779295,34.11431884765625
90711336,2018,2018-04-23,9565,2018-04-14,0957,021819,NA,6,1,7,1942,0,1,1,NA,2,010,I-105 W/B (CENTURY FREEWAY),NASH ST,45,W,N,A,-,Y,NA,NA,105,NA,NA,NA,NA,NA,W,Y,2,0,2,1,A,-,08,22107,NA,N,A,I,A,A,H,-,A,D,0,NA,NA,NA,NA,Y,NA,A,07,1,1,0,0,0,0,0,0,0,-,-,33.931358337402344,-118.38739776611328,LOS ANGELES,LOS ANGELES,-118.3874053955078,33.93128967285156
90711339,2018,2018-04-23,9550,2018-04-15,1200,021166,NA,7,1,9,1900,0,2,4,NA,1,023,MULBERRY DR.,COLIMA RD.,0,NA,Y,A,-,N,NA,NA,NA,NA,NA,NA,NA,NA,NA,N,4,0,1,3,A,-,12,21453,A,N,D,C,A,A,H,-,A,A,0,NA,NA,NA,NA,Y,NA,A,01,0,0,1,0,0,0,0,0,0,-,-,33.935298919677734,-118.0167999267578,LOS ANGELES,UNINCORPORATED,-118.01679229736328,33.93526077270508
90711340,2018,2018-04-23,9580,2018-04-17,1300,021963,NA,2,1,7,1942,0,1,2,NA,2,100,US-101 N/B (VENTURA FREEWAY),COLDWATER CANYON AVE,100,N,N,A,-,Y,NA,NA,101,NA,NA,NA,NA,NA,N,Y,3,0,1,3,A,-,05,21651,B,F,H,C,A,A,H,-,A,D,0,NA,NA,NA,NA,Y,NA,A,01,0,1,0,0,0,0,0,0,0,-,-,34.15679931640625,-118.41429901123048,LOS ANGELES,LOS ANGELES,-118.41429901123048,34.15683364868164
90711350,2018,2018-04-23,9525,2018-04-15,1750,021007,NA,7,2,9,1900,0,3,5,NA,2,004,AMAR RD.,CALIFORNIA AVE,0,NA,Y,A,-,N,NA,NA,NA,NA,NA,NA,NA,NA,NA,Y,3,0,1,2,A,-,12,21453,A,N,D,C,A,A,H,-,A,D,0,NA,NA,NA,NA,Y,NA,D,22,0,1,0,0,0,0,0,0,0,-,-,34.04182052612305,-117.9584503173828,LOS ANGELES,UNINCORPORATED,-117.95841217041016,34.041839599609375