CASE_ID,ACCIDENT_YEAR,PROC_DATE,JURIS,COLLISION_DATE,COLLISION_TIME,OFFICER_ID,REPORTING_DISTRICT,DAY_OF_WEEK,CHP_SHIFT,POPULATION,CNTY_CITY_LOC,SPECIAL_COND,BEAT_TYPE,CHP_BEAT_TYPE,CITY_DIVISION_LAPD,CHP_BEAT_CLASS,BEAT_NUMBER,PRIMARY_RD,SECONDARY_RD,DISTANCE,DIRECTION,INTERSECTION,WEATHER_1,WEATHER_2,STATE_HWY_IND,CALTRANS_COUNTY,CALTRANS_DISTRICT,STATE_ROUTE,ROUTE_SUFFIX,POSTMILE_PREFIX,POSTMILE,LOCATION_TYPE,RAMP_INTERSECTION,SIDE_OF_HWY,TOW_AWAY,COLLISION_SEVERITY,NUMBER_KILLED,NUMBER_INJURED,PARTY_COUNT,PRIMARY_COLL_FACTOR,PCF_CODE_OF_VIOL,PCF_VIOL_CATEGORY,PCF_VIOLATION,PCF_VIOL_SUBSECTION,HIT_AND_RUN,TYPE_OF_COLLISION,MVIW,PED_ACTION,ROAD_SURFACE,ROAD_COND_1,ROAD_COND_2,LIGHTING,CONTROL_DEVICE,CHP_ROAD_TYPE,PEDESTRIAN_ACCIDENT,BICYCLE_ACCIDENT,MOTORCYCLE_ACCIDENT,TRUCK_ACCIDENT,NOT_PRIVATE_PROPERTY,ALCOHOL_INVOLVED,STWD_VEHTYPE_AT_FAULT,CHP_VEHTYPE_AT_FAULT,COUNT_SEVERE_INJ,COUNT_VISIBLE_INJ,COUNT_COMPLAINT_PAIN,COUNT_PED_KILLED,COUNT_PED_INJURED,COUNT_BICYCLIST_KILLED,COUNT_BICYCLIST_INJURED,COUNT_MC_KILLED,COUNT_MC_INJURED,PRIMARY_RAMP,SECONDARY_RAMP,LATITUDE,LONGITUDE,COUNTY,CITY,POINT_X,POINT_Y
9071721,2020,2020-05-15,1947,2020-02-27,1809,1418,NA,4,5,5,1947,0,0,0,NA,0,00B,N HOWARD AV,E VICTORIA AV,0,NA,Y,A,-,N,NA,NA,NA,NA,NA,NA,NA,NA,NA,NA,3,0,1,2,A,-,05,21650,NA,N,H,G,A,A,H,-,C,D,0,NA,Y,NA,NA,Y,NA,L,04,0,1,0,0,0,0,1,0,0,-,-,34.01985168457031,-118.109619140625,LOS ANGELES,MONTEBELLO,-118.1096420288086,34.01982879638672
9071722,2020,2020-05-15,1947,2020-02-01,0121,1416,NA,6,5,5,1947,0,0,0,NA,0,00D,W WHITTIER BL,S 6TH ST,0,NA,Y,A,-,N,NA,NA,NA,NA,NA,NA,NA,NA,NA,Y,4,0,1,3,A,-,12,22450,A,N,D,C,A,A,H,-,C,A,0,NA,NA,NA,NA,Y,NA,A,01,0,0,1,0,0,0,0,0,0,-,-,34.00960159301758,-118.1060028076172,LOS ANGELES,MONTEBELLO,-118.10606384277344,34.00960922241211
9071723,2020,2020-05-15,1947,2020-02-29,2356,1406,NA,6,5,5,1947,0,0,0,NA,0,00C,N 6TH ST,WEST BEVERLY BL,0,NA,Y,A,-,N,NA,NA,NA,NA,NA,NA,NA,NA,NA,Y,4,0,4,2,A,-,12,21453,A,N,D,C,A,A,H,-,C,A,0,NA,NA,NA,NA,Y,NA,-,-,0,0,4,0,0,0,0,0,0,-,-,34.01675033569336,-118.10384368896484,LOS ANGELES,MONTEBELLO,-118.10386657714844,34.01675033569336
90717235,2018,2018-05-01,9590,2018-04-28,1507,021643,NA,6,2,7,1942,0,1,1,NA,2,085,I-5 S/B (GOLDEN STATE FREEWAY),LOS FELIZ BOULEVARD,500,S,N,A,-,Y,NA,NA,5,NA,NA,NA,NA,NA,S,Y,4,0,1,3,A,-,03,22350,NA,F,C,C,A,A,H,-,A,D,0,NA,NA,NA,NA,Y,NA,A,01,0,0,1,0,0,0,0,0,0,-,-,34.11915969848633,-118.2706298828125,LOS ANGELES,LOS ANGELES,-118.27060699462892,34.11917495727539
90717245,2018,2018-05-01,9530,2018-04-28,1620,020938,NA,6,2,7,1941,0,1,1,NA,2,072,I-710 NB FROM WILLOW ST (EAST),WILLOW ST.,439,S,N,A,-,Y,NA,NA,710,NA,NA,NA,R,NA,N,Y,4,0,1,1,A,-,03,22350,NA,N,E,I,A,A,H,-,A,D,0,NA,NA,NA,NA,Y,NA,A,01,0,0,1,0,0,0,0,0,0,-,-,33.80308151245117,-118.2070770263672,LOS ANGELES,LONG BEACH,-118.2070770263672,33.80308151245117
90717271,2018,2018-05-01,9525,2018-04-23,0920,018729,NA,1,1,9,1900,0,3,5,NA,2,002,CIENEGA AVE.,BENDER AVE.,0,NA,Y,A,-,N,NA,NA,NA,NA,NA,NA,NA,NA,NA,Y,4,0,2,2,A,-,09,21802,A,N,D,C,A,A,H,-,A,A,0,NA,NA,NA,NA,Y,NA,A,07,0,0,2,0,0,0,0,0,0,-,-,34.1031608581543,-117.86997222900392,LOS ANGELES,UNINCORPORATED,-117.86991119384766,34.10306167602539
9071728,2020,2020-10-13,1900,2020-02-19,2308,524507,0531,3,5,5,1959,0,0,0,NA,0,53T1EM,RT 164,GLENDON WY,0,NA,Y,A,-,Y,LA,7,164,-,-,5.751,I,5,N,N,4,0,1,2,A,-,08,22101,D,N,D,C,A,A,H,-,C,A,0,NA,NA,NA,NA,Y,NA,A,01,0,0,1,0,0,0,0,0,0,-,-,34.07400131225586,-118.0729522705078,LOS ANGELES,ROSEMEAD,-118.0729751586914,34.074283599853516
90717297,2018,2018-05-01,9590,2018-04-26,1815,021133,NA,4,2,7,1942,0,1,2,NA,2,072,US-101 N/B (HOLLYWOOD FREEWAY),WILTON PLACE,40,S,N,A,-,Y,NA,NA,101,NA,NA,NA,NA,NA,N,N,4,0,1,2,A,-,03,22350,NA,N,C,C,A,A,H,-,E,D,0,NA,NA,NA,NA,Y,NA,A,01,0,0,1,0,0,0,0,0,0,-,-,34.09693908691406,-118.3134765625,LOS ANGELES,LOS ANGELES,-118.31351470947266,34.0969123840332
90717306,2018,2018-05-09,9525,2018-04-22,1656,021007,NA,7,2,3,1921,0,1,1,NA,2,211,I-210 W/B (FOOTHILL FWY),BUENA VISTA ST.,1000,E,N,A,-,Y,NA,NA,210,NA,NA,NA,NA,NA,W,N,4,0,2,2,A,-,03,22350,NA,M,C,C,A,A,H,-,A,D,0,NA,NA,NA,NA,Y,NA,A,01,0,0,2,0,0,0,0,0,0,-,-,34.1356086730957,-117.96891021728516,LOS ANGELES,DUARTE,-117.96891021728516,34.135658264160156
90717335,2018,2018-05-01,9525,2018-04-24,0504,020632,NA,2,3,4,1960,0,1,1,NA,2,217,SR-210 W/B (FOOTHILL FWY),LONE HILL AVE,2112,E,N,A,-,Y,NA,NA,210,NA,NA,NA,NA,NA,W,Y,4,0,1,2,A,-,03,22350,NA,N,C,C,A,A,H,-,D,D,0,NA,NA,NA,NA,Y,NA,A,01,0,0,1,0,0,0,0,0,0,-,-,34.1202507019043,-117.82023620605467,LOS ANGELES,SAN DIMAS,-117.82023620605467,34.12030792236328
90717339,2018,2018-05-01,9580,2018-04-15,1325,021079,NA,7,1,9,1900,0,2,4,NA,1,131,MULHOLLAND HIGHWAY,KANAN RD,2500,E,N,A,-,N,NA,NA,NA,NA,NA,NA,NA,NA,NA,Y,2,0,1,2,A,-,09,21804,A,N,D,C,A,A,H,-,A,D,0,NA,NA,Y,NA,Y,NA,D,22,1,0,0,0,0,0,0,0,1,-,-,34.09867858886719,-118.80483245849608,LOS ANGELES,UNINCORPORATED,-118.80506896972656,34.0972900390625
90717341,2018,2018-05-01,9580,2018-04-21,1840,021498,NA,6,2,9,1900,0,2,4,NA,1,131,MULHOLLAND HWY,KANAN RD,50,E,N,A,-,N,NA,NA,NA,NA,NA,NA,NA,NA,NA,N,4,0,1,2,A,-,05,21460,A,M,B,C,A,A,H,-,A,D,0,NA,NA,NA,NA,Y,NA,-,99,0,0,1,0,0,0,0,0,0,-,-,34.09648132324219,-118.81199645996094,LOS ANGELES,UNINCORPORATED,-118.81234741210938,34.096431732177734
9071735,2020,2020-10-13,1900,2020-02-19,1522,551901,0531,3,5,5,1959,0,0,0,NA,0,53T1PM,ROSEMEAD BL,RALPH ST,0,NA,Y,A,-,Y,LA,7,164,-,-,6.001,I,5,N,Y,3,0,1,3,A,-,09,21802,A,N,D,C,A,A,H,-,A,D,0,NA,NA,Y,NA,Y,NA,A,01,0,1,0,0,0,0,0,0,1,-,-,34.07780075073242,-118.07309722900392,LOS ANGELES,ROSEMEAD,-118.07305145263672,34.077667236328125
90717356,2018,2018-05-01,9580,2018-04-22,1420,020402,NA,7,2,9,1900,0,2,4,NA,1,131,MULHOLLAND HWY,LAS VIRGENES RD,4000,W,N,A,-,N,NA,NA,NA,NA,NA,NA,NA,NA,NA,N,4,0,1,2,A,-,05,21460,A,N,B,C,A,A,H,-,A,D,0,NA,NA,Y,NA,Y,NA,-,-,0,0,1,0,0,0,0,0,1,-,-,34.1077995300293,-118.72122192382813,LOS ANGELES,UNINCORPORATED,-118.72113800048828,34.10813522338867
9071736,2020,2020-10-13,1900,2020-02-22,1933,519502,0561,6,5,3,1968,0,0,0,NA,0,55T1PM,RT 164,RUSH ST,74,S,N,C,-,Y,LA,7,164,-,-,4.04,H,-,N,Y,4,0,2,3,A,-,03,22350,NA,N,C,C,A,B,H,-,C,A,0,NA,NA,NA,NA,Y,NA,A,07,0,0,2,0,0,0,0,0,0,-,-,34.05147933959961,-118.06423950195313,LOS ANGELES,SOUTH EL MONTE,-118.06421661376952,34.05154037475586
90717370,2018,2018-06-05,9580,2018-04-24,2047,020400,NA,2,2,7,1942,0,1,1,NA,2,406,I-405 N/B (SAN DIEGO FWY),DEVONSHIRE ST,750,S,N,A,-,Y,NA,NA,405,NA,NA,NA,NA,NA,N,N,4,0,2,3,A,-,03,22350,NA,N,C,C,A,A,H,-,C,D,0,NA,NA,NA,NA,Y,NA,A,01,0,0,2,0,0,0,0,0,0,-,-,34.250518798828125,-118.4721908569336,LOS ANGELES,LOS ANGELES,-118.47219848632813,34.250518798828125
90717375,2018,2018-05-01,9580,2018-04-19,1305,016088,NA,4,1,7,1942,0,1,3,NA,2,171,SR-170 S/B (HOLLYWOOD FWY.),VICTORY BLVD,50,S,N,A,-,Y,NA,NA,170,NA,NA,NA,NA,NA,S,Y,4,0,1,2,A,-,08,22107,NA,N,B,C,A,A,H,-,A,D,0,NA,NA,NA,NA,Y,NA,A,01,0,0,1,0,0,0,0,0,0,-,-,34.18479919433594,-118.40048980712892,LOS ANGELES,LOS ANGELES,-118.40050506591795,34.18478775024414
90717376,2018,2018-05-01,9565,2018-04-20,0822,021889,NA,5,1,9,1900,0,2,4,NA,2,021,VERMONT AVE SB,90TH ST,0,NA,Y,A,-,N,NA,NA,NA,NA,NA,NA,NA,NA,NA,Y,3,0,4,2,D,-,00,NA,NA,N,E,I,A,A,H,-,A,A,0,NA,NA,NA,NA,Y,NA,-,-,0,4,0,0,0,0,0,0,0,-,-,33.95526123046875,-118.2919692993164,LOS ANGELES,UNINCORPORATED,-118.2918701171875,33.95579147338867
90717377,2018,2018-05-01,9530,2018-04-28,1340,021902,NA,6,1,9,1900,0,3,5,NA,2,001,COMPTON AVE. (11600 BLOCK),I-105 E/B (GLENN ANDERSON FWY),75,S,N,A,-,N,NA,NA,NA,NA,NA,NA,NA,NA,NA,N,2,0,1,2,A,-,07,21658,A,N,D,G,A,A,H,-,A,D,0,NA,Y,NA,NA,Y,NA,L,04,1,0,0,0,0,0,1,0,0,-,-,33.92824935913086,-118.24623107910156,LOS ANGELES,UNINCORPORATED,-118.24623107910156,33.92824935913086
90717379,2018,2018-05-01,9580,2018-04-19,0840,016413,NA,4,1,7,1942,0,1,1,NA,2,405,I-405 S/B (SAN DIEGO FWY),US-101 N/B (VENTURA FREEWAY),300,N,N,B,C,Y,NA,NA,405,NA,NA,NA,NA,NA,S,Y,4,0,1,3,A,-,06,21755,NA,N,B,C,A,B,H,-,A,D,0,NA,NA,Y,NA,Y,NA,C,02,0,0,1,0,0,0,0,0,1,-,-,34.162471771240234,-118.46977996826172,LOS ANGELES,LOS ANGELES,-118.46965789794922,34.162471771240234
90717382,2018,2018-05-01,9580,2018-04-20,1445,021554,NA,5,2,7,1942,0,1,1,NA,2,404,I-405 N/B (SAN DIEGO FWY),VICTORY BLVD,145,N,N,A,-,Y,NA,NA,405,NA,NA,NA,NA,NA,N,Y,3,0,1,1,A,-,08,22107,NA,N,E,I,A,A,H,-,A,D,0,NA,NA,NA,NA,Y,NA,A,01,0,1,0,0,0,0,0,0,0,-,-,34.17107009887695,-118.4675521850586,LOS ANGELES,LOS ANGELES,-118.467529296875,34.17107009887695
90717392,2018,2018-05-01,9580,2018-04-25,0755,016088,NA,3,1,7,1942,0,1,2,NA,2,101,US-101 S/B (VENTURA FREEWAY),COLDWATER CANYON AVE,1500,N,N,A,-,Y,NA,NA,101,NA,NA,NA,NA,NA,S,N,4,0,2,2,A,-,03,22350,NA,N,C,C,A,A,H,-,A,D,0,NA,NA,NA,NA,Y,NA,A,01,0,0,2,0,0,0,0,0,0,-,-,34.156639099121094,-118.41773223876952,LOS ANGELES,LOS ANGELES,-118.41773223876952,34.15665817260742
90717408,2018,2018-05-01,9430,2018-04-08,2250,016750,NA,7,3,9,1900,0,1,1,NA,2,051,I-5 N/B,TEJON PASS OVER-CROSS,510,N,N,A,G,Y,NA,NA,5,NA,NA,NA,NA,NA,N,Y,2,0,2,2,A,-,01,23152,A,N,C,C,A,A,H,-,D,D,0,NA,NA,NA,NA,Y,Y,A,01,1,1,0,0,0,0,0,0,0,-,-,34.80411148071289,-118.8781509399414,LOS ANGELES,UNINCORPORATED,-118.87818908691406,34.8040657043457
90717418,2018,2018-05-01,9580,2018-04-19,0630,019544,NA,4,1,7,1942,0,1,1,NA,2,405,I-405 S/B (SAN DIEGO FWY),US-101 N/B (VENTURA FREEWAY),1056,N,N,A,-,Y,NA,NA,405,NA,NA,NA,NA,NA,S,Y,3,0,1,2,A,-,07,21658,A,N,B,C,A,B,H,-,A,D,0,NA,NA,Y,NA,Y,NA,A,01,0,1,0,0,0,0,0,0,1,-,-,34.16477966308594,-118.46967315673828,LOS ANGELES,LOS ANGELES,-118.46971130371094,34.16477966308594
90717442,2018,2018-05-01,9580,2018-04-19,0609,021963,NA,4,1,9,1900,0,1,2,NA,2,106,US-101 N/B (VENTURA FREEWAY),MUREAU RD,2640,N,N,B,C,Y,NA,NA,101,NA,NA,NA,NA,NA,N,Y,4,0,1,1,A,-,08,22107,NA,N,E,I,A,B,H,-,B,D,0,NA,NA,NA,NA,Y,NA,A,01,0,0,1,0,0,0,0,0,0,-,-,34.149349212646484,-118.67353057861328,LOS ANGELES,UNINCORPORATED,-118.67351531982422,34.14942169189453
90717449,2018,2018-05-01,9575,2018-04-26,1000,021978,NA,4,1,7,1942,0,1,1,NA,2,053,I-5 N/B TO SR-118 W/B,PAXTON ST,276,S,N,A,-,Y,NA,NA,5,NA,NA,NA,R,NA,N,Y,3,0,1,1,A,-,03,22350,NA,N,F,A,A,A,H,-,A,D,0,NA,NA,Y,NA,Y,NA,C,02,0,1,0,0,0,0,0,0,1,-,-,34.26218032836914,-118.44003295898438,LOS ANGELES,LOS ANGELES,-118.44003295898438,34.26218032836914
90717454,2018,2018-05-01,9580,2018-04-19,1015,019544,NA,4,1,7,1942,0,1,1,NA,2,407,I-405 S/B (SAN DIEGO FWY),SATICOY ST,175,N,N,A,-,Y,NA,NA,405,NA,NA,NA,NA,NA,S,N,4,0,1,3,A,-,03,22350,NA,N,C,C,A,A,H,-,A,D,0,NA,NA,NA,NA,Y,NA,A,01,0,0,1,0,0,0,0,0,0,-,-,34.20901870727539,-118.47351837158205,LOS ANGELES,LOS ANGELES,-118.47344207763672,34.20901870727539
9071746,2019,2020-05-16,1972,2019-09-04,0838,12825,NA,3,5,6,1972,0,0,0,NA,0,NA,YUKON AV,168TH ST,250,S,N,A,-,N,NA,NA,NA,NA,NA,NA,NA,NA,NA,N,2,0,1,2,A,-,11,21954,A,N,G,B,D,A,H,-,A,D,0,Y,NA,NA,NA,Y,NA,N,NA,1,0,0,0,1,0,0,0,0,-,-,NA,NA,LOS ANGELES,TORRANCE,-118.3351821899414,33.877384185791016
90717466,2018,2018-05-01,9590,2018-04-26,2300,021133,NA,4,3,7,1942,0,1,2,NA,2,071,US-101 S/B (HOLLYWOOD FREEWAY),GLENDALE BLVD,400,S,N,A,-,Y,NA,NA,101,NA,NA,NA,NA,NA,S,Y,3,0,1,2,A,-,03,22350,NA,N,C,C,A,A,H,-,C,D,0,NA,NA,NA,NA,Y,NA,D,22,0,1,0,0,0,0,0,0,0,-,-,34.069129943847656,-118.2598114013672,LOS ANGELES,LOS ANGELES,-118.2598114013672,34.069122314453125
90717472,2018,2018-05-01,9545,2018-04-24,0800,013963,NA,2,1,9,1900,0,3,5,NA,2,001,60TH ST  W,AVENUE A,280,S,N,A,-,N,NA,NA,NA,NA,NA,NA,NA,NA,NA,Y,4,0,1,1,A,-,08,22107,NA,N,E,I,A,A,H,-,A,D,0,NA,NA,NA,NA,Y,NA,A,01,0,0,1,0,0,0,0,0,0,-,-,34.819210052490234,-118.2377471923828,LOS ANGELES,UNINCORPORATED,-118.23768615722656,34.81936264038086
90717473,2018,2018-05-01,9575,2018-04-22,1615,021925,NA,7,2,9,1900,0,1,3,NA,2,304,SR-2 (ANGELES CREST HIGHWAY),NORTH TUNNELS,1056,W,N,A,-,Y,NA,NA,2,NA,NA,NA,NA,NA,NA,Y,4,0,1,1,A,-,03,22350,NA,N,E,I,A,A,H,-,A,D,0,NA,NA,Y,NA,Y,NA,C,02,0,0,1,0,0,0,0,0,1,-,-,34.36180114746094,-117.86634826660156,LOS ANGELES,UNINCORPORATED,-117.86634826660156,34.36179733276367
90717513,2018,2018-06-04,9525,2018-04-27,1310,021280,NA,5,1,1,1934,0,1,1,NA,2,652,I-605 N/B (SAN GABRIEL RIVER FWY),RIVERGRADE RD.,1056,N,N,A,-,Y,NA,NA,605,NA,NA,NA,NA,NA,N,Y,2,0,1,2,A,-,03,22350,NA,N,C,C,A,A,H,-,A,D,0,NA,NA,NA,Y,Y,NA,A,07,1,0,0,0,0,0,0,0,0,-,-,34.09864044189453,-117.98518371582033,LOS ANGELES,IRWINDALE,-117.9852294921875,34.098655700683594
90717534,2018,2018-05-01,9525,2018-04-27,1515,021074,NA,5,2,4,1905,0,1,1,NA,2,203,I-210 E/B (FOOTHILL FWY),IRWINDALE AVE,300,E,N,A,-,Y,NA,NA,NA,NA,NA,NA,NA,NA,NA,N,4,0,1,2,A,-,03,22350,NA,N,C,C,A,A,H,-,A,D,0,NA,NA,NA,NA,Y,NA,A,01,0,0,1,0,0,0,0,0,0,-,-,34.129920959472656,-117.9328384399414,LOS ANGELES,AZUSA,-117.9336166381836,34.12974166870117
90717535,2018,2018-05-01,9545,2018-04-25,0905,013963,NA,3,1,9,1900,0,3,5,NA,1,006,AVENUE L,50TH ST  W,0,NA,Y,A,-,N,NA,NA,NA,NA,NA,NA,NA,NA,NA,Y,3,0,2,2,A,-,09,21801,A,N,D,C,A,A,H,-,A,A,0,NA,NA,NA,NA,Y,NA,A,07,0,2,0,0,0,0,0,0,0,-,-,34.660118103027344,-118.21875,LOS ANGELES,UNINCORPORATED,-118.21882629394533,34.66025924682617
90717541,2018,2018-05-01,9525,2018-04-21,1907,020505,NA,6,2,5,1990,0,1,3,NA,2,603,SR-60 W/B (POMONA FWY),DIAMOND BAR BLVD,100,W,N,A,-,Y,NA,NA,60,NA,NA,NA,NA,NA,W,Y,4,0,1,1,A,-,08,22107,NA,N,E,I,A,A,H,-,B,D,0,NA,NA,NA,NA,Y,NA,A,01,0,0,1,0,0,0,0,0,0,-,-,34.023048400878906,-117.81224060058594,LOS ANGELES,DIAMOND BAR,-117.81222534179688,34.02302551269531
90717570,2018,2018-05-01,9565,2018-04-24,2015,021658,NA,2,2,9,1900,0,1,1,NA,2,060,I-405 N/B (SAN DIEGO FWY.),CENTURY BLVD.,1000,N,N,A,-,Y,NA,NA,NA,NA,NA,NA,NA,NA,NA,N,4,0,1,2,A,-,03,22350,NA,N,C,C,A,A,H,-,D,D,0,NA,NA,NA,NA,Y,NA,A,01,0,0,1,0,0,0,0,0,0,-,-,33.94847869873047,-118.36852264404295,LOS ANGELES,UNINCORPORATED,-118.36833953857422,33.94816970825195
90717571,2018,2018-05-01,9525,2018-04-30,1420,019379,NA,1,2,4,1946,0,1,1,NA,2,202,I-210 E/B (FOOTHILL FWY),HUNTINGTON DR.,528,E,N,B,-,Y,NA,NA,210,NA,NA,NA,NA,NA,E,Y,4,0,2,4,A,-,03,22350,NA,N,C,C,A,A,H,-,A,D,0,NA,NA,NA,NA,Y,NA,A,07,0,0,2,0,0,0,0,0,0,-,-,34.138099670410156,-118.0145263671875,LOS ANGELES,MONROVIA,-118.01451110839844,34.138126373291016
90717581,2018,2018-05-01,9575,2018-04-22,1345,021925,NA,7,1,9,1900,0,2,4,NA,2,320,ANGELES FOREST HIGHWAY,BIG TUJUNGA CANYON ROAD,0,NA,Y,A,-,Y,NA,NA,NA,NA,NA,NA,NA,NA,NA,Y,4,0,1,2,A,-,05,21752,D,N,D,C,A,A,H,-,A,D,0,NA,NA,Y,NA,Y,NA,C,02,0,0,1,0,0,0,0,0,1,-,-,34.296871185302734,-118.16129302978516,LOS ANGELES,UNINCORPORATED,-118.16130828857422,34.29689025878906
90717586,2018,2018-05-01,9525,2018-04-26,1558,019291,NA,4,2,4,1960,0,1,3,NA,2,571,SR-57 S/B (ORANGE FWY),VIA VERDE,528,S,N,A,-,Y,NA,NA,57,NA,NA,NA,NA,NA,S,N,4,0,1,2,A,-,03,22350,NA,F,C,C,A,A,H,-,A,D,0,NA,NA,NA,NA,Y,NA,D,22,0,0,1,0,0,0,0,0,0,-,-,34.076751708984375,-117.81300354003906,LOS ANGELES,SAN DIMAS,-117.81302642822266,34.07672882080078
90717588,2018,2018-05-01,9565,2018-04-24,1518,019138,NA,2,2,7,1942,0,1,1,NA,2,064,I-405 S/B (SAN DIEGO FWY),SEPULVEDA BLVD,450,S,N,A,-,Y,NA,NA,405,NA,NA,NA,NA,NA,S,Y,4,0,1,3,A,-,03,22350,NA,N,C,C,A,A,H,-,A,D,0,NA,NA,NA,NA,Y,NA,D,22,0,0,1,0,0,0,0,0,0,-,-,34.09550094604492,-118.47666168212892,LOS ANGELES,LOS ANGELES,-118.4765853881836,34.09553527832031
9071761,2020,2020-05-16,1942,2020-02-04,1050,41210,0673,2,5,7,1942,0,0,0,F,0,27TL25,PICKFORD ST,SIERRA BONITA AV,0,NA,Y,A,-,N,NA,NA,NA,NA,NA,NA,NA,NA,NA,Y,4,0,1,2,A,-,12,22450,A,N,B,C,A,A,H,-,A,A,0,NA,NA,NA,NA,Y,NA,-,-,0,0,1,0,0,0,0,0,0,-,-,NA,NA,LOS ANGELES,LOS ANGELES,-118.36022186279295,34.04574966430664
90717610,2018,2018-05-09,9525,2018-04-30,1553,019291,NA,1,2,1,1934,0,1,1,NA,2,204,I-210 E/B (FOOTHILL FWY),VERNON AVE,1056,W,N,B,-,Y,NA,NA,NA,NA,NA,NA,NA,NA,NA,N,4,0,1,2,A,-,03,22350,NA,N,B,C,A,A,H,-,A,D,0,NA,NA,Y,NA,Y,NA,C,02,0,0,1,0,0,0,0,0,1,-,-,34.12779998779297,-117.91844940185548,LOS ANGELES,IRWINDALE,-117.91880798339844,34.12786865234375
90717616,2018,2018-05-01,9565,2018-04-24,1425,016545,NA,2,2,7,1942,0,1,1,NA,2,082,I-10 W/B (SANTA MONICA FWY),BUNDY DR,1000,E,N,A,-,Y,NA,NA,NA,NA,NA,NA,NA,NA,NA,Y,4,0,1,2,A,-,07,21658,A,N,B,C,A,A,H,-,A,D,0,NA,NA,Y,NA,Y,NA,D,22,0,0,1,0,0,0,0,0,1,-,-,34.02592086791992,-118.4278564453125,LOS ANGELES,LOS ANGELES,-118.44619750976564,34.02915954589844
9071762,2020,2020-05-16,1942,2020-02-04,1810,43457,0855,2,5,7,1942,0,0,0,H,0,8A29,WESTWOOD BL,SANTA MONICA BL,180,N,N,A,-,N,NA,NA,NA,NA,NA,NA,NA,NA,NA,N,3,0,1,2,A,-,11,21954,A,N,G,B,E,A,H,-,C,D,0,Y,NA,NA,NA,Y,NA,N,60,0,1,0,0,1,0,0,0,0,-,-,NA,NA,LOS ANGELES,LOS ANGELES,-118.43737030029295,34.05018615722656
90717653,2018,2018-05-01,9580,2018-04-22,1350,021015,NA,7,1,7,1942,0,1,2,NA,2,105,US-101 S/B (VENTURA FREEWAY),DE SOTO AVE,2640,S,N,A,-,Y,NA,NA,101,NA,NA,NA,NA,NA,S,Y,4,0,1,2,A,-,03,22350,NA,N,B,C,A,A,H,-,A,D,0,NA,NA,NA,NA,Y,NA,A,01,0,0,1,0,0,0,0,0,0,-,-,34.16904067993164,-118.57927703857422,LOS ANGELES,LOS ANGELES,-118.57926177978516,34.16898727416992
90717670,2018,2018-05-01,9565,2018-04-25,2100,019355,NA,3,2,7,1942,0,1,1,NA,2,082,I-10 E/B (SANTA MONICA FREEWAY),GATEWAY BLVD,930,E,N,A,-,Y,NA,NA,10,NA,NA,NA,NA,NA,E,Y,3,0,1,2,A,-,03,22350,NA,N,C,C,A,A,H,-,C,D,0,NA,NA,NA,NA,Y,NA,A,01,0,1,0,0,0,0,0,0,0,-,-,34.03023910522461,-118.439697265625,LOS ANGELES,LOS ANGELES,-118.43971252441406,34.03033447265625
90717681,2018,2018-05-01,9550,2018-04-25,1040,016109,NA,3,1,9,1900,0,1,3,NA,2,601,STATE ROUTE 60 EB FROM AZUSA AVENUE S/B,AZUSA AVENUE,200,W,N,A,-,Y,NA,NA,60,NA,NA,NA,R,NA,E,Y,3,0,2,2,A,-,08,22107,NA,N,B,C,A,A,H,-,A,D,0,NA,NA,NA,NA,Y,NA,A,01,0,2,0,0,0,0,0,0,0,-,-,33.99684143066406,-117.93154144287108,LOS ANGELES,UNINCORPORATED,-117.93154144287108,33.99684143066406
90717690,2018,2018-05-01,9525,2018-05-01,0735,014971,NA,2,1,5,1906,0,1,1,NA,2,103,I-10 W/B (SAN BERNARDINO FWY),BALDWIN PARK BLVD,528,E,N,A,-,Y,NA,NA,10,NA,NA,NA,NA,NA,W,Y,4,0,1,2,A,-,03,22350,NA,N,C,C,A,A,H,-,A,D,0,NA,NA,NA,NA,Y,NA,A,01,0,0,1,0,0,0,0,0,0,-,-,34.06789016723633,-117.97985076904295,LOS ANGELES,BALDWIN PARK,-117.97985076904295,34.06787872314453
90717698,2018,2018-05-01,9580,2018-04-27,2015,021592,NA,5,2,7,1942,0,1,3,NA,2,171,SR-170 S/B (HOLLYWOOD FWY.),US-101 S/B (HOLLYWOOD FREEWAY),400,S,N,A,-,Y,NA,NA,170,NA,NA,NA,NA,NA,S,Y,4,0,1,2,A,-,03,22350,NA,N,C,C,A,A,H,-,D,D,0,NA,NA,NA,NA,Y,NA,A,01,0,0,1,0,0,0,0,0,0,-,-,34.15359878540039,-118.37731170654295,LOS ANGELES,LOS ANGELES,-118.37712097167967,34.153751373291016