CASE_ID,ACCIDENT_YEAR,PROC_DATE,JURIS,COLLISION_DATE,COLLISION_TIME,OFFICER_ID,REPORTING_DISTRICT,DAY_OF_WEEK,CHP_SHIFT,POPULATION,CNTY_CITY_LOC,SPECIAL_COND,BEAT_TYPE,CHP_BEAT_TYPE,CITY_DIVISION_LAPD,CHP_BEAT_CLASS,BEAT_NUMBER,PRIMARY_RD,SECONDARY_RD,DISTANCE,DIRECTION,INTERSECTION,WEATHER_1,WEATHER_2,STATE_HWY_IND,CALTRANS_COUNTY,CALTRANS_DISTRICT,STATE_ROUTE,ROUTE_SUFFIX,POSTMILE_PREFIX,POSTMILE,LOCATION_TYPE,RAMP_INTERSECTION,SIDE_OF_HWY,TOW_AWAY,COLLISION_SEVERITY,NUMBER_KILLED,NUMBER_INJURED,PARTY_COUNT,PRIMARY_COLL_FACTOR,PCF_CODE_OF_VIOL,PCF_VIOL_CATEGORY,PCF_VIOLATION,PCF_VIOL_SUBSECTION,HIT_AND_RUN,TYPE_OF_COLLISION,MVIW,PED_ACTION,ROAD_SURFACE,ROAD_COND_1,ROAD_COND_2,LIGHTING,CONTROL_DEVICE,CHP_ROAD_TYPE,PEDESTRIAN_ACCIDENT,BICYCLE_ACCIDENT,MOTORCYCLE_ACCIDENT,TRUCK_ACCIDENT,NOT_PRIVATE_PROPERTY,ALCOHOL_INVOLVED,STWD_VEHTYPE_AT_FAULT,CHP_VEHTYPE_AT_FAULT,COUNT_SEVERE_INJ,COUNT_VISIBLE_INJ,COUNT_COMPLAINT_PAIN,COUNT_PED_KILLED,COUNT_PED_INJURED,COUNT_BICYCLIST_KILLED,COUNT_BICYCLIST_INJURED,COUNT_MC_KILLED,COUNT_MC_INJURED,PRIMARY_RAMP,SECONDARY_RAMP,LATITUDE,LONGITUDE,COUNTY,CITY,POINT_X,POINT_Y
90721500,2018,2018-05-07,9525,2018-05-07,0905,014971,NA,1,1,1,1934,0,1,1,NA,2,651,I-605 S/B (SAN GABRIEL RIVER FWY),LIVE OAK AVE.,3696,S,N,A,-,Y,NA,NA,605,NA,NA,NA,NA,NA,S,Y,4,0,1,2,A,-,03,22350,NA,N,C,C,A,A,H,-,A,D,0,NA,NA,NA,NA,Y,NA,A,01,0,0,1,0,0,0,0,0,0,-,-,34.09886932373047,-117.98536682128906,LOS ANGELES,IRWINDALE,-117.98541259765624,34.09888458251953
90721510,2018,2018-05-07,9545,2018-04-10,1415,015589,NA,2,2,9,1900,0,3,5,NA,2,003,ANGELES FOREST HWY,UPPER BIG TUJUNGA CANYON CREEK,13728,N,N,A,-,N,NA,NA,NA,NA,NA,NA,NA,NA,NA,Y,1,1,1,2,A,-,03,22350,NA,N,A,C,A,A,H,-,A,D,0,NA,NA,Y,NA,Y,NA,C,02,0,1,0,0,0,0,0,1,0,-,-,34.360069274902344,-118.10971069335938,LOS ANGELES,UNINCORPORATED,-118.10880279541016,34.36095428466797
90721512,2018,2018-05-07,9550,2018-04-28,1430,020969,NA,6,2,9,1900,0,3,5,NA,2,002,MULBERRY DRIVE,CALMADA AVENUE,0,NA,Y,A,-,N,NA,NA,NA,NA,NA,NA,NA,NA,NA,Y,4,0,2,2,A,-,12,21453,A,F,D,C,A,A,H,-,A,A,0,NA,NA,NA,NA,Y,NA,D,22,0,0,2,0,0,0,0,0,0,-,-,33.9958381652832,-117.97073364257813,LOS ANGELES,UNINCORPORATED,-118.03540802001952,33.948219299316406
90721522,2018,2018-05-07,9550,2018-04-28,1335,021986,NA,6,1,3,1964,0,1,1,NA,2,651,I-605 N/B,FLORENCE AVENUE,1700,S,N,A,-,Y,NA,NA,NA,NA,NA,NA,NA,NA,NA,N,3,0,1,2,A,-,03,22350,NA,N,C,C,A,A,H,-,A,D,0,NA,NA,NA,NA,Y,NA,A,01,0,1,0,0,0,0,0,0,0,-,-,33.93342971801758,-118.10053253173828,LOS ANGELES,SANTA FE SPRINGS,-118.10049438476564,33.93355941772461
90721539,2018,2019-02-28,9575,2018-04-08,0625,020119,NA,7,1,9,1900,0,2,4,NA,2,022,LINCOLN AVE.,MOUNTAIN VIEW ST.,0,NA,Y,A,-,N,NA,NA,NA,NA,NA,NA,NA,NA,NA,N,4,0,2,2,A,-,12,22450,A,M,D,C,A,A,H,-,B,A,0,NA,NA,NA,NA,Y,NA,A,01,0,0,2,0,0,0,0,0,0,-,-,34.189720153808594,-118.15908050537108,LOS ANGELES,UNINCORPORATED,-118.15904998779295,34.1897087097168
90721546,2018,2018-05-07,9550,2018-04-29,1240,021410,NA,7,1,3,1964,0,1,1,NA,2,650,I-605 S/B,TELEGRAPH ROAD,75,N,N,A,-,Y,NA,NA,605,NA,NA,NA,NA,NA,S,Y,4,0,1,2,A,-,03,22350,NA,N,C,C,A,A,H,-,A,D,0,NA,NA,NA,NA,Y,NA,A,01,0,0,1,0,0,0,0,0,0,-,-,33.95003890991211,-118.09203338623048,LOS ANGELES,SANTA FE SPRINGS,-118.0919189453125,33.94997787475586
90721550,2018,2018-05-07,9565,2018-05-05,1850,021453,NA,6,2,7,1942,0,1,1,NA,2,083,I-10 E/B (SANTA MONICA FWY),OVERLAND AVE.,1000,W,N,A,-,Y,NA,NA,10,NA,NA,NA,NA,NA,E,Y,3,0,5,2,A,-,01,23152,A,F,C,C,A,A,H,-,A,D,0,NA,NA,NA,NA,Y,Y,A,01,0,2,3,0,0,0,0,0,0,-,-,34.03173828125,-118.4206085205078,LOS ANGELES,LOS ANGELES,-118.4206085205078,34.03165817260742
90721566,2018,2018-05-07,9550,2018-04-29,1545,019954,NA,7,2,9,1900,0,1,1,NA,2,650,INTERSTATE 605 SOUTHBOUND,WASHINGTON BOULEVARD,500,N,N,A,-,Y,NA,NA,605,NA,NA,NA,NA,NA,S,N,4,0,1,2,A,-,03,22350,NA,N,C,C,A,A,H,-,A,D,0,NA,NA,NA,NA,Y,NA,D,22,0,0,1,0,0,0,0,0,0,-,-,33.97404098510742,-118.08011627197266,LOS ANGELES,UNINCORPORATED,-118.08013153076172,33.97404479980469
90721569,2018,2018-05-07,9550,2018-04-30,0630,015040,NA,1,1,6,1949,0,1,1,NA,2,501,I-5 S/B (SANTA ANA FREEWAY),ROSECRANS AVENUE,2000,S,N,B,-,Y,NA,NA,5,NA,NA,NA,NA,NA,S,Y,4,0,1,2,A,-,07,21658,A,N,B,C,A,A,D,-,A,D,0,NA,NA,NA,NA,Y,NA,A,01,0,0,1,0,0,0,0,0,0,-,-,33.89897918701172,-118.05696868896484,LOS ANGELES,NORWALK,-118.056884765625,33.89913558959961
90721590,2018,2018-05-07,9550,2018-04-30,0800,016299,NA,1,1,5,1952,0,1,1,NA,2,151,I-105 W/B (CENTURY FREEWAY),FACADE AVENUE,200,W,N,A,B,Y,NA,NA,105,NA,NA,NA,NA,NA,W,N,4,0,1,2,A,-,03,22350,NA,N,C,C,A,A,H,-,A,D,0,NA,NA,NA,NA,Y,NA,A,01,0,0,1,0,0,0,0,0,0,-,-,33.91154861450195,-118.16677856445313,LOS ANGELES,PARAMOUNT,-118.16676330566406,33.91141128540039
90721595,2018,2018-05-07,9580,2018-04-25,0555,021173,NA,3,3,7,1942,0,1,1,NA,2,405,I-405 S/B (SAN DIEGO FWY),BURBANK BLVD,2640,S,N,A,-,Y,NA,NA,405,NA,NA,NA,NA,NA,S,Y,3,0,1,3,A,-,03,22350,NA,N,B,C,A,A,H,-,A,D,0,NA,NA,NA,NA,Y,NA,D,22,0,1,0,0,0,0,0,0,0,-,-,34.163700103759766,-118.46980285644533,LOS ANGELES,LOS ANGELES,-118.4696807861328,34.16370391845703
90721605,2018,2018-05-07,9580,2018-04-25,1754,021257,NA,3,2,7,1942,0,1,3,NA,2,115,SR-118 W/B (RONALD REAGAN FWY.),CHATSWORTH DR.,475,E,N,A,-,Y,NA,NA,118,NA,NA,NA,NA,NA,W,Y,4,0,2,3,A,-,03,22350,NA,N,C,C,A,A,H,-,A,D,0,NA,NA,NA,NA,Y,NA,A,01,0,0,2,0,0,0,0,0,0,-,-,34.266029357910156,-118.45768737792967,LOS ANGELES,LOS ANGELES,-118.45768737792967,34.266029357910156
9072161,2020,2020-05-15,1942,2020-02-22,0130,NA,0648,6,5,7,1942,0,0,0,F,0,6XL69,SUNSET BL,WESTERN AV,0,NA,Y,B,-,N,NA,NA,NA,NA,NA,NA,NA,NA,NA,N,4,0,1,2,A,-,04,21703,NA,F,C,C,A,A,H,-,C,A,0,NA,NA,NA,NA,Y,NA,-,99,0,0,1,0,0,0,0,0,0,-,-,NA,NA,LOS ANGELES,LOS ANGELES,-118.30921936035156,34.09809875488281
9072162,2020,2020-05-15,1931,2020-02-10,1241,5258,1931,1,5,5,1931,0,0,0,NA,0,001,PACIFIC BL,SLAUSON AV,274,S,N,A,-,N,NA,NA,NA,NA,NA,NA,NA,NA,NA,N,4,0,6,2,A,-,08,22100,B,N,D,C,A,A,H,-,A,D,0,NA,NA,NA,NA,Y,NA,A,07,0,0,6,0,0,0,0,0,0,-,-,NA,NA,LOS ANGELES,HUNTINGTON PARK,-118.22521209716795,33.98844909667969
90721620,2018,2018-05-07,9565,2018-04-27,1318,020209,NA,5,1,9,1900,0,2,4,NA,2,031,LA CIENEGA BLVD N/B,STOCKER ST,910,S,N,A,-,N,NA,NA,NA,NA,NA,NA,NA,NA,NA,Y,4,0,1,2,A,-,03,22350,NA,N,C,C,A,A,H,-,A,D,0,NA,NA,NA,NA,Y,NA,A,01,0,0,1,0,0,0,0,0,0,-,-,33.995479583740234,-118.36891174316406,LOS ANGELES,UNINCORPORATED,-118.36901092529295,33.99560546875
90721626,2018,2018-05-07,9550,2018-04-30,1340,018271,NA,1,1,9,1900,0,1,1,NA,2,650,INTERSTATE 605 NORTHBOUND,SLAUSON AVENUE,400,S,N,B,-,Y,NA,NA,605,NA,NA,NA,NA,NA,N,Y,4,0,1,4,A,-,03,22350,NA,N,C,C,A,A,H,-,A,D,0,NA,NA,NA,NA,Y,NA,A,01,0,0,1,0,0,0,0,0,0,-,-,33.96567916870117,-118.0839385986328,LOS ANGELES,UNINCORPORATED,-118.08387756347656,33.96565628051758
90721629,2018,2018-05-07,9590,2018-04-30,2155,021678,NA,1,2,7,1942,0,1,1,NA,2,041,I-5 S/B (SANTA ANA FREEWAY),LORENA ST,500,N,N,A,-,Y,NA,NA,5,NA,NA,NA,NA,NA,S,Y,3,0,4,2,A,-,03,22350,NA,N,C,C,A,A,H,-,C,D,0,NA,NA,NA,NA,Y,NA,A,01,0,4,0,0,0,0,0,0,0,-,-,34.02410888671875,-118.2041473388672,LOS ANGELES,LOS ANGELES,-118.20393371582033,34.02462387084961
90721630,2018,2018-05-10,9565,2018-04-28,2015,021951,NA,6,2,7,1942,0,1,1,NA,2,062,I-405 N/B (SAN DIEGO FWY),NATIONAL BLVD,1600,S,N,A,-,Y,NA,NA,405,NA,NA,NA,NA,NA,N,Y,4,0,6,4,A,-,08,22107,NA,N,B,C,A,A,H,-,C,D,0,NA,NA,NA,NA,Y,NA,A,01,0,0,6,0,0,0,0,0,0,-,-,34.02309036254883,-118.42690277099608,LOS ANGELES,LOS ANGELES,-118.42692565917967,34.0230712890625
90721640,2018,2018-05-07,9575,2018-05-04,1405,021978,NA,5,2,7,1942,0,1,3,NA,2,044,SR-134 W/B (VENTURA FREEWAY),CAHUENGA BLVD,500,W,N,A,-,Y,NA,NA,134,NA,NA,NA,NA,NA,W,Y,4,0,1,2,A,-,03,22350,NA,N,C,C,A,A,H,-,A,D,0,NA,NA,NA,NA,Y,NA,A,01,0,0,1,0,0,0,0,0,0,-,-,34.1533088684082,-118.36334228515624,LOS ANGELES,LOS ANGELES,-118.36334228515624,34.15337371826172
90721642,2018,2018-05-07,9550,2018-05-01,1330,015040,NA,2,1,6,1949,0,1,1,NA,2,501,I-5 S/B (SANTA ANA FREEWAY),CARMENITA ROAD,100,N,N,B,-,Y,NA,NA,5,NA,NA,NA,NA,NA,S,N,4,0,1,2,A,-,03,22350,NA,N,C,C,A,A,D,-,A,D,0,NA,NA,NA,Y,Y,NA,G,25,0,0,1,0,0,0,0,0,0,-,-,33.89393997192383,-118.04749298095705,LOS ANGELES,NORWALK,-118.04743957519533,33.8940315246582
90721649,2018,2018-05-07,9575,2018-05-03,1100,018762,NA,4,1,7,1942,0,1,1,NA,2,053,I-5 N/B TO TERRA BELLA STREET,TERRA BELLA STREET,250,N,N,A,-,Y,NA,NA,5,NA,NA,NA,R,NA,N,Y,2,0,1,1,A,-,03,22350,NA,N,E,I,A,A,H,-,A,D,0,NA,NA,Y,NA,Y,NA,C,02,1,0,0,0,0,0,0,0,1,-,-,34.25157165527344,-118.4289779663086,LOS ANGELES,LOS ANGELES,-118.4289779663086,34.25157165527344
9072165,2020,2020-05-15,1942,2020-02-28,1650,38251,0632,5,5,7,1942,0,0,0,F,0,6A31,N KINGS RD,FRANKLIN AV,58,S,N,A,-,N,NA,NA,NA,NA,NA,NA,NA,NA,NA,Y,2,0,1,1,A,-,21,22106,NA,N,E,I,A,A,H,-,A,D,0,NA,NA,NA,NA,Y,NA,A,07,1,0,0,0,0,0,0,0,0,-,-,NA,NA,LOS ANGELES,LOS ANGELES,-118.37511444091795,34.10006332397461
90721650,2018,2018-05-07,9565,2018-04-29,0819,021819,NA,7,1,9,1900,0,2,4,NA,2,021,VERMONT AVE. S/B,110TH ST.,0,NA,Y,A,-,N,NA,NA,NA,NA,NA,NA,NA,NA,NA,N,4,0,1,2,A,-,09,21802,A,N,D,C,A,A,H,-,A,A,0,NA,NA,NA,NA,Y,NA,A,07,0,0,1,0,0,0,0,0,0,-,-,33.93524169921875,-118.29202270507813,LOS ANGELES,UNINCORPORATED,-118.29193878173828,33.935489654541016
90721651,2018,2018-05-07,9565,2018-04-25,1540,020653,NA,3,2,5,1928,0,1,1,NA,2,012,I-105 E/B (CENTURY FWY),YUKON AVE,500,W,N,A,-,Y,NA,NA,105,NA,NA,NA,NA,NA,E,N,4,0,1,2,A,-,07,21658,A,N,C,C,A,A,H,-,A,D,0,NA,NA,Y,NA,Y,NA,A,01,0,0,1,0,0,0,0,0,1,-,-,33.92667007446289,-118.33969116210938,LOS ANGELES,HAWTHORNE,-118.33963012695313,33.9267578125
90721658,2018,2018-05-08,9575,2018-05-04,1635,021879,NA,5,2,7,1942,0,1,1,NA,2,053,I-5 N/B (GOLDEN STATE FREEWAY),PAXTON ST.,1250,S,N,A,-,Y,NA,NA,5,NA,NA,NA,NA,NA,N,Y,4,0,3,3,A,-,03,22350,NA,N,C,C,A,A,H,-,A,D,0,NA,NA,NA,NA,Y,NA,D,22,0,0,3,0,0,0,0,0,0,-,-,34.25999069213867,-118.43846893310548,LOS ANGELES,LOS ANGELES,-118.43844604492188,34.26001739501953
90721660,2018,2018-05-08,9565,2018-04-29,1600,021819,NA,7,2,9,1900,0,3,5,NA,2,002,104TH ST.,GRAMERCY PL.,0,NA,Y,A,-,N,NA,NA,NA,NA,NA,NA,NA,NA,NA,Y,4,0,1,2,D,-,00,NA,NA,N,A,C,A,A,H,-,A,D,0,NA,NA,NA,NA,Y,NA,-,-,0,0,1,0,0,0,0,0,0,-,-,33.941898345947266,-118.31340789794922,LOS ANGELES,UNINCORPORATED,-118.31340026855467,33.941829681396484
90721673,2018,2018-05-08,9565,2018-04-05,1950,021303,NA,4,2,7,1942,0,1,1,NA,2,062,I-405 S/B (SAN DIEGO FWY),VENICE BLVD,1000,N,N,A,-,Y,NA,NA,405,NA,NA,NA,NA,NA,S,N,4,0,2,2,A,-,03,22350,NA,F,C,C,A,A,H,-,C,D,0,NA,NA,NA,NA,Y,NA,A,01,0,0,2,0,0,0,0,0,0,-,-,34.014488220214844,-118.42041778564452,LOS ANGELES,LOS ANGELES,-118.42041778564452,34.01449203491211
90721676,2018,2018-05-08,9550,2018-04-30,1740,020014,NA,1,2,9,1900,0,1,1,NA,2,650,I-605 S/B FROM W/B WASHINGTON BLVD,WASHINGTON BOULEVARD,830,S,N,B,-,Y,NA,NA,605,NA,NA,NA,R,NA,S,N,4,0,1,2,A,-,03,22350,NA,F,C,C,A,A,H,-,A,D,0,NA,NA,NA,NA,Y,NA,-,99,0,0,1,0,0,0,0,0,0,-,-,33.97182846069336,-118.08123779296876,LOS ANGELES,UNINCORPORATED,-118.08123779296876,33.97182846069336
90721680,2018,2018-05-08,9550,2018-05-01,1610,020014,NA,2,2,9,1900,0,1,1,NA,2,650,INTERSTATE 605 S/B,BEVERLY BOULEVARD,100,S,N,B,-,Y,NA,NA,605,NA,NA,NA,NA,NA,S,N,4,0,1,2,A,-,03,22350,NA,F,C,C,A,A,H,-,A,D,0,NA,NA,NA,NA,Y,NA,-,99,0,0,1,0,0,0,0,0,0,-,-,34.00416946411133,-118.06410980224608,LOS ANGELES,UNINCORPORATED,-118.0641632080078,34.00423049926758
90721682,2018,2018-05-08,9565,2018-05-03,1448,020239,NA,4,2,4,1918,0,1,1,NA,2,061,I-405 SOUTHBOUND (SAN DIEGO FREEWAY),PORT RD,500,S,N,A,-,Y,NA,NA,405,NA,NA,NA,NA,NA,S,Y,4,0,1,2,A,-,03,22350,NA,N,C,C,A,A,H,-,A,D,0,NA,NA,NA,NA,Y,NA,A,01,0,0,1,0,0,0,0,0,0,-,-,33.99060821533203,-118.40149688720705,LOS ANGELES,CULVER CITY,-118.40149688720705,33.9906120300293
9072169,2020,2020-05-15,1942,2020-02-27,1640,41245,0647,4,5,7,1942,0,0,0,F,0,HWD,SUNSET,GOWER ST,205,E,N,A,-,N,NA,NA,NA,NA,NA,NA,NA,NA,NA,N,4,0,1,3,A,-,08,22107,NA,N,G,B,E,A,H,-,A,D,0,Y,NA,NA,NA,Y,NA,A,01,0,0,1,0,1,0,0,0,0,-,-,NA,NA,LOS ANGELES,LOS ANGELES,-118.32163238525392,34.09801483154297
90721701,2018,2018-05-08,9565,2018-05-07,1840,021706,NA,1,2,7,1942,0,1,1,NA,2,061,I-405 S/B (SAN DIEGO FREEWAY),LA TIJERA BLVD,2200,N,N,A,-,Y,NA,NA,405,NA,NA,NA,NA,NA,S,N,4,0,1,3,A,-,03,22350,NA,N,C,C,A,A,H,-,A,D,0,NA,NA,NA,NA,Y,NA,A,01,0,0,1,0,0,0,0,0,0,-,-,33.975128173828125,-118.38455200195313,LOS ANGELES,LOS ANGELES,-118.38450622558594,33.9752197265625
90721729,2018,2018-05-08,9530,2018-05-02,2105,021623,NA,3,2,9,1900,0,3,5,NA,2,005,MANHATTAN BEACH BLVD.(3600 BLOCK),CRANBROOK AVE.,150,E,N,A,-,N,NA,NA,NA,NA,NA,NA,NA,NA,NA,N,2,0,1,3,A,-,08,22100,B,F,D,G,A,A,H,-,C,D,0,NA,Y,NA,NA,Y,NA,L,04,1,0,0,0,0,0,1,0,0,-,-,33.88740158081055,-118.33541870117188,LOS ANGELES,UNINCORPORATED,-118.33617401123048,33.88758850097656
90721746,2018,2018-05-08,9540,2018-04-29,1105,018759,NA,7,1,9,1900,0,1,3,NA,1,145,SR-14 S/B (ANTELOPE VALLEY FREEWAY),NEWHALL AVE.,50,S,N,A,-,Y,NA,NA,NA,NA,NA,NA,NA,NA,NA,Y,4,0,1,2,A,-,03,22350,NA,N,C,C,A,A,H,-,A,D,0,NA,NA,NA,NA,Y,NA,D,22,0,0,1,0,0,0,0,0,0,-,-,34.36347961425781,-118.50464630126952,LOS ANGELES,UNINCORPORATED,-118.50371551513672,34.36501693725586
90721761,2018,2018-05-08,9550,2018-05-04,0515,020025,NA,5,3,6,1949,0,1,1,NA,2,150,I-105 EB,STUDEBAKER ROAD,380,W,N,A,-,Y,NA,NA,105,NA,NA,NA,NA,NA,E,Y,3,0,1,2,A,-,01,23152,A,N,C,C,A,A,H,-,C,D,0,NA,NA,NA,NA,Y,Y,A,01,0,1,0,0,0,0,0,0,0,-,-,33.914249420166016,-118.10064697265624,LOS ANGELES,NORWALK,-118.10064697265624,33.914268493652344
90721771,2018,2018-05-08,9565,2018-05-06,1130,016074,NA,7,1,7,1942,0,1,1,NA,2,083,I-10 W/B (SANTA MONICA FWY),ROBERTSON BLVD,500,E,N,A,-,Y,NA,NA,10,NA,NA,NA,NA,NA,W,N,4,0,1,2,A,-,03,22350,NA,N,C,C,A,A,H,-,A,D,0,NA,NA,NA,NA,Y,NA,A,07,0,0,1,0,0,0,0,0,0,-,-,34.03068161010742,-118.39158630371094,LOS ANGELES,LOS ANGELES,-118.3915557861328,34.030616760253906
90721775,2018,2018-05-08,9590,2018-04-30,2100,021111,NA,1,2,7,1942,0,1,2,NA,2,072,US-101 N/B (HOLLYWOOD FREEWAY),LANKERSHIM BLVD,1000,S,N,A,-,Y,NA,NA,101,NA,NA,NA,NA,NA,N,N,4,0,1,2,A,-,03,22350,NA,N,C,C,A,A,H,-,C,D,0,NA,NA,NA,NA,Y,NA,-,99,0,0,1,0,0,0,0,0,0,-,-,34.135799407958984,-118.35984802246094,LOS ANGELES,LOS ANGELES,-118.3598861694336,34.13574981689453
90721786,2018,2018-05-08,9530,2018-04-30,1955,022027,NA,1,2,7,1941,0,1,1,NA,2,072,I-710 N/B (LONG BEACH FREEWAY),WILLOW ST.,1056,S,N,A,-,Y,NA,NA,710,NA,NA,NA,NA,NA,N,N,4,0,1,2,A,-,07,21658,A,F,B,C,A,A,H,-,A,D,0,NA,NA,NA,NA,Y,NA,-,99,0,0,1,0,0,0,0,0,0,-,-,33.800479888916016,-118.20664215087892,LOS ANGELES,LONG BEACH,-118.20687866210938,33.800453186035156
90721801,2018,2018-05-08,9530,2018-04-30,2205,022027,NA,1,3,7,1941,0,1,1,NA,2,072,I-710 N/B (LONG BEACH FREEWAY),PACIFIC COAST HWY.,650,N,N,A,-,Y,NA,NA,710,NA,NA,NA,NA,NA,N,N,3,0,1,1,C,-,18,NA,NA,M,H,A,A,A,H,-,D,D,0,NA,NA,NA,NA,Y,NA,-,-,0,1,0,0,0,0,0,0,0,-,-,33.792049407958984,-118.2074966430664,LOS ANGELES,LONG BEACH,-118.20758056640624,33.79206466674805
90721809,2018,2018-05-08,9530,2018-05-01,1825,022027,NA,2,2,7,1942,0,1,1,NA,2,110,I-110 S/B (HARBOR FREEWAY),190TH ST.,1056,S,N,A,-,Y,NA,NA,NA,NA,NA,NA,NA,NA,NA,Y,4,0,1,2,A,-,07,21658,A,N,C,C,A,A,H,-,A,D,0,NA,NA,Y,NA,Y,NA,A,01,0,0,1,0,0,0,0,0,1,-,-,33.92087173461914,-118.24082946777344,LOS ANGELES,LOS ANGELES,NA,NA
90721827,2018,2018-05-08,9530,2018-05-07,0625,016110,NA,1,1,9,1900,0,3,5,NA,2,002,MAIN ST.,132ND ST.,0,NA,Y,A,-,N,NA,NA,NA,NA,NA,NA,NA,NA,NA,Y,4,0,1,2,A,-,09,21801,A,N,D,C,A,A,H,-,A,D,0,NA,NA,NA,NA,Y,NA,A,01,0,0,1,0,0,0,0,0,0,-,-,33.912940979003906,-118.2738800048828,LOS ANGELES,UNINCORPORATED,-118.2739486694336,33.91279983520508
90721829,2018,2018-05-08,9545,2018-04-29,0350,021814,NA,7,3,9,1900,0,1,3,NA,2,031,SR-14 N/B,SIERRA HWY O/C,2640,N,N,A,-,Y,NA,NA,14,NA,NA,NA,NA,NA,N,Y,4,0,1,1,A,-,08,22107,NA,N,E,I,A,A,H,-,C,D,0,NA,NA,NA,NA,Y,NA,A,07,0,0,1,0,0,0,0,0,0,-,-,34.490928649902344,-118.13165283203124,LOS ANGELES,UNINCORPORATED,-118.13167572021484,34.49107360839844
90721840,2018,2018-05-08,9530,2018-05-06,1915,021174,NA,7,2,7,1942,0,1,1,NA,2,110,I-110 S/B (HARBOR FREEWAY),182ND ST.,560,S,N,A,-,Y,NA,NA,110,NA,NA,NA,NA,NA,S,Y,3,0,4,2,A,-,01,23152,A,N,E,I,A,A,H,-,A,D,0,NA,NA,NA,NA,Y,Y,A,07,0,4,0,0,0,0,0,0,0,-,-,33.867698669433594,-118.28530120849608,LOS ANGELES,LOS ANGELES,-118.28506469726564,33.867698669433594
90721942,2018,2018-05-08,9565,2018-05-02,1750,015587,NA,3,2,7,1942,0,1,1,NA,2,064,I-405 N/B (SAN DIEGO FREEWAY),GETTY CENTER DR,528,S,N,B,-,Y,NA,NA,405,NA,NA,NA,NA,NA,N,Y,4,0,1,2,A,-,03,22350,NA,N,C,C,A,A,H,-,A,D,0,NA,NA,NA,NA,Y,NA,A,08,0,0,1,0,0,0,0,0,0,-,-,34.08710861206055,-118.47505950927734,LOS ANGELES,LOS ANGELES,-118.47499084472656,34.087120056152344
90721957,2018,2018-05-08,9565,2018-05-02,1025,020239,NA,3,1,5,1965,0,2,S,NA,2,901,LINCOLN BOULEVARD,PICO BLVD,200,S,N,B,-,N,NA,NA,NA,NA,NA,NA,NA,NA,NA,N,4,0,1,2,A,-,21,22106,NA,N,C,C,A,A,H,-,A,D,0,NA,NA,NA,NA,Y,NA,D,22,0,0,1,0,0,0,0,0,0,-,-,34.011878967285156,-118.4823989868164,LOS ANGELES,SANTA MONICA,-118.48248291015624,34.011924743652344
90721969,2018,2018-05-08,9545,2018-04-30,0738,016549,NA,1,1,9,1900,0,3,5,NA,2,004,70TH ST  E,AVENUE P-8,528,N,N,A,-,N,NA,NA,NA,NA,NA,NA,NA,NA,NA,Y,3,0,1,1,A,-,08,22107,NA,N,E,I,A,A,H,-,A,D,0,NA,NA,NA,NA,Y,NA,A,01,0,1,0,0,0,0,0,0,0,-,-,34.596439361572266,-118.00514221191406,LOS ANGELES,UNINCORPORATED,-118.00505065917967,34.595577239990234
90721970,2018,2018-05-08,9565,2018-05-04,1615,016945,NA,5,2,7,1942,0,1,1,NA,2,062,I-405 N/B (SAN DIEGO FWY),PLAMS BLVD,375,N,N,A,-,Y,NA,NA,405,NA,NA,NA,NA,NA,N,N,4,0,1,2,A,-,03,22350,NA,N,C,C,A,A,H,-,A,D,0,NA,NA,NA,NA,Y,NA,A,01,0,0,1,0,0,0,0,0,0,-,-,34.0211181640625,-118.42555236816406,LOS ANGELES,LOS ANGELES,-118.42544555664064,34.021202087402344
90721986,2018,2018-05-08,9530,2018-05-04,0740,020315,NA,5,1,7,1941,0,1,1,NA,2,420,I-405 N/B TO CHERRY AVENUE,CHERRY AVENUE,300,S,N,A,-,Y,NA,NA,405,NA,NA,NA,R,NA,N,N,4,0,1,2,A,-,03,22350,NA,N,C,C,A,A,H,-,A,D,0,NA,NA,NA,NA,Y,NA,A,07,0,0,1,0,0,0,0,0,0,-,-,33.812950134277344,-118.16487121582033,LOS ANGELES,LONG BEACH,-118.16487121582033,33.812950134277344
90721995,2018,2018-05-08,9565,2018-05-01,1457,015587,NA,2,2,7,1942,0,1,1,NA,2,064,I-405 N/B (SAN DIEGO FREEWAY),SEPULVEDA BLVD,1056,N,N,B,-,Y,NA,NA,405,NA,NA,NA,NA,NA,N,N,4,0,1,2,A,-,07,21658,A,N,B,C,A,A,H,-,A,D,0,NA,NA,NA,NA,Y,NA,A,07,0,0,1,0,0,0,0,0,0,-,-,34.100318908691406,-118.47791290283205,LOS ANGELES,LOS ANGELES,-118.47785186767578,34.10030746459961