CASE_ID,ACCIDENT_YEAR,PROC_DATE,JURIS,COLLISION_DATE,COLLISION_TIME,OFFICER_ID,REPORTING_DISTRICT,DAY_OF_WEEK,CHP_SHIFT,POPULATION,CNTY_CITY_LOC,SPECIAL_COND,BEAT_TYPE,CHP_BEAT_TYPE,CITY_DIVISION_LAPD,CHP_BEAT_CLASS,BEAT_NUMBER,PRIMARY_RD,SECONDARY_RD,DISTANCE,DIRECTION,INTERSECTION,WEATHER_1,WEATHER_2,STATE_HWY_IND,CALTRANS_COUNTY,CALTRANS_DISTRICT,STATE_ROUTE,ROUTE_SUFFIX,POSTMILE_PREFIX,POSTMILE,LOCATION_TYPE,RAMP_INTERSECTION,SIDE_OF_HWY,TOW_AWAY,COLLISION_SEVERITY,NUMBER_KILLED,NUMBER_INJURED,PARTY_COUNT,PRIMARY_COLL_FACTOR,PCF_CODE_OF_VIOL,PCF_VIOL_CATEGORY,PCF_VIOLATION,PCF_VIOL_SUBSECTION,HIT_AND_RUN,TYPE_OF_COLLISION,MVIW,PED_ACTION,ROAD_SURFACE,ROAD_COND_1,ROAD_COND_2,LIGHTING,CONTROL_DEVICE,CHP_ROAD_TYPE,PEDESTRIAN_ACCIDENT,BICYCLE_ACCIDENT,MOTORCYCLE_ACCIDENT,TRUCK_ACCIDENT,NOT_PRIVATE_PROPERTY,ALCOHOL_INVOLVED,STWD_VEHTYPE_AT_FAULT,CHP_VEHTYPE_AT_FAULT,COUNT_SEVERE_INJ,COUNT_VISIBLE_INJ,COUNT_COMPLAINT_PAIN,COUNT_PED_KILLED,COUNT_PED_INJURED,COUNT_BICYCLIST_KILLED,COUNT_BICYCLIST_INJURED,COUNT_MC_KILLED,COUNT_MC_INJURED,PRIMARY_RAMP,SECONDARY_RAMP,LATITUDE,LONGITUDE,COUNTY,CITY,POINT_X,POINT_Y
90724787,2018,2018-05-11,9530,2018-05-05,2200,021458,NA,6,3,7,1941,0,1,1,NA,2,420,I-405 N/B (SAN DIEGO FREEWAY),CHERRY AVE.,528,S,N,A,-,Y,NA,NA,405,NA,NA,NA,NA,NA,N,Y,3,0,1,1,A,-,08,22107,NA,N,E,I,A,A,H,-,C,D,0,NA,NA,Y,NA,Y,NA,C,02,0,1,0,0,0,0,0,0,1,-,-,33.81275939941406,-118.16442108154295,LOS ANGELES,LONG BEACH,-118.16445159912108,33.812652587890625
90724794,2018,2018-05-11,9580,2018-05-02,0750,019451,NA,3,1,7,1942,0,1,1,NA,2,407,I-405 S/B (SAN DIEGO FWY),PLUMMER ST,528,N,N,B,-,Y,NA,NA,405,NA,NA,NA,NA,NA,S,N,4,0,1,2,A,-,03,22350,NA,N,C,C,A,A,H,-,A,D,0,NA,NA,NA,NA,Y,NA,A,01,0,0,1,0,0,0,0,0,0,-,-,34.24496078491211,-118.47321319580078,LOS ANGELES,LOS ANGELES,-118.47308349609376,34.244956970214844
90724811,2018,2018-06-22,9575,2018-03-30,1948,021006,NA,5,2,9,1900,0,1,1,NA,2,065,E/B I-210 TO COLORADO BLVD.,ROSEMEAD BLVD.,806,E,N,A,-,Y,NA,NA,210,NA,NA,NA,R,NA,NA,Y,1,1,0,1,A,-,03,22350,NA,N,E,I,A,A,H,-,C,D,0,NA,NA,Y,NA,Y,NA,C,02,0,0,0,0,0,0,0,1,0,-,-,34.14820861816406,-118.07070922851564,LOS ANGELES,UNINCORPORATED,-118.07070922851564,34.14820861816406
9072484,2020,2020-06-22,1900,2020-03-16,1744,520671,2923,1,5,5,1990,0,0,0,NA,0,292T1,GRAND AV,DIAMOND BAR BL,274,E,N,C,-,N,NA,NA,NA,NA,NA,NA,NA,NA,NA,Y,4,0,1,2,A,-,09,21804,A,N,D,C,A,B,H,-,A,D,0,NA,NA,NA,NA,Y,NA,A,01,0,0,1,0,0,0,0,0,0,-,-,34.00067901611328,-117.81011962890624,LOS ANGELES,DIAMOND BAR,-117.81039428710938,34.00063705444336
90724843,2018,2018-05-11,9535,2018-02-17,0200,021505,NA,6,3,9,1900,0,1,3,NA,2,600,SR-60 TO I-710 SB,3RD STREET,116,S,N,A,-,Y,NA,NA,NA,NA,NA,NA,NA,NA,NA,Y,1,1,0,1,A,-,08,22107,NA,N,E,I,A,A,H,-,C,D,0,NA,NA,NA,NA,Y,NA,D,22,0,0,0,0,0,0,0,0,0,-,-,34.03160095214844,-118.17127990722656,LOS ANGELES,UNINCORPORATED,-118.18150329589844,34.033111572265625
90724846,2018,2018-05-11,9550,2018-05-04,1717,020948,NA,5,2,7,1941,0,1,1,NA,2,653,INTERSTATE 605 N/B,SPRING STREET,125,S,N,A,-,Y,NA,NA,605,NA,NA,NA,NA,NA,N,Y,3,0,1,2,A,-,03,22350,NA,N,C,C,A,A,H,-,A,D,0,NA,NA,NA,NA,Y,NA,A,01,0,1,0,0,0,0,0,0,0,-,-,33.81026840209961,-118.08128356933594,LOS ANGELES,LONG BEACH,-118.08133697509766,33.81026840209961
90724868,2018,2018-05-11,9550,2018-05-09,1220,020824,NA,3,1,6,1949,0,1,1,NA,2,500,INTERSTATE 5 (SANTA ANA FREEWAY) N/B,FLORENCE AVENUE,100,S,N,A,-,Y,NA,NA,NA,NA,NA,NA,NA,NA,NA,N,4,0,1,3,A,-,03,22350,NA,N,C,C,A,A,H,-,A,D,0,NA,NA,NA,NA,Y,NA,A,07,0,0,1,0,0,0,0,0,0,-,-,33.9351806640625,-118.0925064086914,LOS ANGELES,NORWALK,-118.09247589111328,33.935157775878906
90724873,2018,2018-05-11,9535,2018-04-21,0311,021795,NA,6,3,9,1900,0,1,1,NA,2,073,I-710 (LONG BEACH FREEWAY) S/B,WHITTIER BOULEVARD,525,N,N,A,-,Y,NA,NA,710,NA,NA,NA,NA,NA,S,Y,4,0,1,3,A,-,03,22350,NA,N,C,C,A,A,H,-,D,D,0,NA,NA,NA,NA,Y,NA,A,01,0,0,1,0,0,0,0,0,0,-,-,34.02363967895508,-118.17269897460938,LOS ANGELES,UNINCORPORATED,-118.17275238037108,34.02365493774414
90724877,2018,2018-05-11,9575,2018-04-18,0938,017589,NA,3,1,6,1925,0,1,3,NA,2,042,SR-134 W/B (VENTURA FREEWAY),LOUISE STREET,150,W,N,A,-,Y,NA,NA,134,NA,NA,NA,NA,NA,W,Y,3,0,1,2,A,-,07,21658,A,N,F,A,A,A,A,-,A,D,0,NA,NA,Y,NA,Y,NA,A,01,0,1,0,0,0,0,0,0,1,-,-,34.156471252441406,-118.25286102294922,LOS ANGELES,GLENDALE,-118.25286102294922,34.156463623046875
9072488,2020,2020-06-22,1941,2020-03-06,1823,11370,NA,5,5,7,1941,0,0,0,NA,0,NA,LOCUST AV,77TH ST,0,NA,Y,-,-,N,NA,NA,NA,NA,NA,NA,NA,NA,NA,N,3,0,1,2,A,-,10,21950,A,N,H,B,B,A,H,-,C,A,0,Y,NA,NA,NA,Y,NA,B,NA,0,1,0,0,1,0,0,0,0,-,-,NA,NA,LOS ANGELES,LONG BEACH,NA,NA
90724900,2018,2018-05-11,9580,2018-05-01,1805,019715,NA,2,2,7,1942,0,1,3,NA,2,116,SR-118 E/B (RONALD REAGAN FWY.),TAMPA AVE,1584,E,N,B,-,Y,NA,NA,NA,NA,NA,NA,NA,NA,NA,Y,4,0,1,3,A,-,08,22107,NA,N,C,C,A,A,H,-,A,D,0,NA,NA,NA,Y,Y,NA,A,01,0,0,1,0,0,0,0,0,0,-,-,34.193599700927734,-118.47451019287108,LOS ANGELES,LOS ANGELES,-118.55104064941406,34.27284240722656
90724902,2018,2018-05-11,9590,2018-05-08,0820,014234,NA,2,1,7,1942,0,1,1,NA,2,500,I-110 N/B HARBOR FREEWAY,49TH STREET,100,N,N,A,-,Y,NA,NA,NA,NA,NA,NA,NA,NA,NA,Y,4,0,1,2,A,-,03,22350,NA,N,B,C,A,A,H,-,A,D,0,NA,NA,Y,NA,Y,NA,C,02,0,0,1,0,0,0,0,0,1,-,-,34.01100158691406,-118.16560363769533,LOS ANGELES,LOS ANGELES,NA,NA
90724906,2018,2018-05-11,9550,2018-05-10,1652,015045,NA,4,2,5,1919,0,1,3,NA,2,092,SR-91 E/B (ARTESIA FREEWAY),LA/ORANGE COUNTY LINE,25,W,N,A,-,Y,NA,NA,91,NA,NA,NA,NA,NA,E,Y,3,0,2,2,A,-,03,22350,NA,N,C,C,A,A,H,-,A,D,0,NA,NA,NA,NA,Y,NA,A,01,0,1,1,0,0,0,0,0,0,-,-,33.861968994140625,-118.04193878173828,LOS ANGELES,CERRITOS,-118.04189300537108,33.8620491027832
90724915,2018,2018-05-11,9550,2018-05-05,1350,021986,NA,6,1,9,1900,0,1,1,NA,2,650,I-605 S/B,SLAUSON AVENUE,200,N,N,A,-,Y,NA,NA,605,NA,NA,NA,NA,NA,S,N,4,0,1,2,A,-,03,22350,NA,N,C,C,A,A,H,-,A,D,0,NA,NA,NA,NA,Y,NA,A,07,0,0,1,0,0,0,0,0,0,-,-,33.96786880493164,-118.08318328857422,LOS ANGELES,UNINCORPORATED,-118.08314514160156,33.96785354614258
90724916,2018,2018-05-11,9535,2018-05-01,1730,021880,NA,2,2,9,1900,0,3,5,NA,2,002,UNION PACIFIC AVE,ALMA AVE,0,NA,Y,B,-,N,NA,NA,NA,NA,NA,NA,NA,NA,NA,Y,4,0,1,2,A,-,09,21802,A,N,D,C,A,A,H,-,A,A,0,NA,NA,NA,NA,Y,NA,A,07,0,0,1,0,0,0,0,0,0,-,-,34.01655960083008,-118.19122314453124,LOS ANGELES,UNINCORPORATED,-118.19123077392578,34.01652908325195
9072492,2020,2020-06-22,1941,2020-03-06,1100,11524,NA,5,5,7,1941,0,0,0,NA,0,NA,7TH ST,WASHINGTON PL,0,NA,N,A,-,N,NA,NA,NA,NA,NA,NA,NA,NA,NA,Y,4,0,2,3,A,-,04,21703,NA,N,C,C,A,A,H,-,A,D,0,NA,NA,NA,NA,Y,NA,A,NA,0,0,2,0,0,0,0,0,0,-,-,NA,NA,LOS ANGELES,LONG BEACH,-118.18129730224608,33.77534103393555
90724930,2018,2018-05-11,9590,2018-04-29,2000,021998,NA,7,2,7,1942,0,1,1,NA,2,061,I-10 W/B (SMF) COLLECTOR ROAD,NORMANDIE AVE.,800,E,N,A,-,Y,NA,NA,10,NA,NA,NA,NA,NA,W,Y,2,0,1,2,A,-,07,21658,A,N,C,C,A,A,H,-,C,D,0,NA,NA,Y,NA,Y,NA,A,01,1,0,0,0,0,0,0,0,1,-,-,34.037288665771484,-118.29743957519533,LOS ANGELES,LOS ANGELES,-118.29743957519533,34.03712844848633
90724940,2018,2018-05-11,9535,2018-05-06,1000,016277,NA,7,1,9,1900,0,3,5,NA,2,002,HUBBARD STREET,SIMMONS AVENUE,0,NA,Y,A,-,N,NA,NA,NA,NA,NA,NA,NA,NA,NA,N,4,0,1,2,A,-,09,21802,A,N,D,G,A,A,H,-,A,A,0,NA,Y,NA,NA,Y,NA,L,04,0,0,1,0,0,0,1,0,0,-,-,34.020301818847656,-118.14556884765624,LOS ANGELES,UNINCORPORATED,-118.14559936523438,34.020301818847656
90724951,2018,2018-05-11,9590,2018-05-04,0915,021912,NA,5,1,7,1942,0,1,1,NA,2,021,I-10 W/B (SAN BERNARDINO FREEWAY),EVERGREEN PEDESTRIAN O/C,350,W,N,A,-,Y,NA,NA,10,NA,NA,NA,NA,NA,W,N,4,0,2,2,A,-,03,22350,NA,N,C,C,A,A,H,-,A,D,0,NA,NA,NA,NA,Y,NA,A,01,0,0,2,0,0,0,0,0,0,-,-,34.05570983886719,-118.19615936279295,LOS ANGELES,LOS ANGELES,-118.19615936279295,34.05565643310547
9072496,2020,2020-06-19,1900,2020-03-12,0654,600122,1127,4,5,6,1992,0,0,0,NA,0,111T2,50TH ST WEST,AVENUE J4,312,N,N,B,-,N,NA,NA,NA,NA,NA,NA,NA,NA,NA,Y,3,0,3,3,A,-,01,23152,A,N,A,C,A,A,H,-,B,D,0,NA,NA,NA,NA,Y,Y,A,07,0,1,2,0,0,0,0,0,0,-,-,NA,NA,LOS ANGELES,LANCASTER,-118.21913909912108,34.68662643432617
90724976,2018,2018-05-14,9575,2018-05-03,1530,014187,NA,4,2,6,1953,0,1,1,NA,2,064,I-210 W/B TO SR-710 S/B,FAIR OAKS AVE,650,W,N,A,-,Y,NA,NA,210,NA,NA,NA,R,NA,W,Y,4,0,1,1,C,-,18,NA,NA,N,E,I,A,A,H,-,A,D,0,NA,NA,NA,NA,Y,NA,-,-,0,0,1,0,0,0,0,0,0,-,-,34.151641845703125,-118.15265655517578,LOS ANGELES,PASADENA,-118.15265655517578,34.151641845703125
9072500,2020,2020-06-19,1900,2020-03-05,2202,610418,1123,4,5,6,1992,0,0,0,NA,0,11171,SIERRA HWY,AVENUE J 2,0,NA,Y,A,-,N,NA,NA,NA,NA,NA,NA,NA,NA,NA,Y,4,0,2,2,A,-,09,21801,A,N,B,C,A,A,H,-,C,D,0,NA,NA,NA,NA,Y,NA,A,01,0,0,2,0,0,0,0,0,0,-,-,NA,NA,LOS ANGELES,LANCASTER,-118.13482666015624,34.68758010864258
9072502,2020,2020-06-19,1941,2020-03-07,1155,11003,NA,6,5,7,1941,0,0,0,NA,0,NA,JOHNSON AV,ARTESIA BL,146,S,N,A,-,N,NA,NA,NA,NA,NA,NA,NA,NA,NA,N,4,0,1,2,A,-,09,21804,A,N,A,C,A,A,H,-,A,D,0,NA,NA,NA,NA,Y,NA,A,NA,0,0,1,0,0,0,0,0,0,-,-,NA,NA,LOS ANGELES,LONG BEACH,-118.15247344970705,33.8743782043457
90725041,2018,2018-05-14,9550,2018-05-05,0415,021451,NA,6,3,9,1900,0,1,1,NA,2,651,INTERSTATE 605 S/B,FLORENCE AVENUE,600,S,N,A,-,Y,NA,NA,NA,NA,NA,NA,NA,NA,NA,Y,4,0,2,1,A,-,08,22107,NA,N,F,I,A,A,H,-,D,D,0,NA,NA,NA,NA,Y,NA,A,07,0,0,2,0,0,0,0,0,0,-,-,33.9344596862793,-118.10027313232422,LOS ANGELES,UNINCORPORATED,-118.09922790527344,33.93642044067383
90725053,2018,2018-05-14,9550,2018-05-05,1500,021986,NA,6,2,3,1964,0,1,1,NA,2,651,I-605 N/B,FLORENCE AVENUE,1700,S,N,A,-,Y,NA,NA,NA,NA,NA,NA,NA,NA,NA,Y,4,0,1,3,A,-,07,21658,A,N,B,C,A,A,H,-,A,D,0,NA,NA,Y,NA,Y,NA,A,01,0,0,1,0,0,0,0,0,1,-,-,33.933528900146484,-118.10060119628906,LOS ANGELES,SANTA FE SPRINGS,-118.10049438476564,33.93355941772461
9072506,2020,2020-08-20,1941,2020-03-07,0939,11563,NA,6,5,7,1941,0,0,0,NA,0,NA,EAST 7TH ST,ALMOND,0,NA,Y,A,-,N,NA,NA,NA,NA,NA,NA,NA,NA,NA,Y,4,0,2,2,A,-,07,21658,A,N,D,C,A,A,H,-,A,D,0,NA,NA,NA,NA,Y,NA,A,NA,0,0,2,0,0,0,0,0,0,-,-,NA,NA,LOS ANGELES,LONG BEACH,-118.17472839355467,33.77534103393555
90725063,2017,2018-05-14,9535,2017-12-10,1849,021131,NA,7,2,5,1906,0,1,1,NA,2,650,I-605 (SAN GABRIEL RIVER FREEWAY) N/B,VALLEY BOULEVARD,1550,N,N,A,-,Y,NA,NA,605,NA,NA,NA,NA,NA,N,Y,1,1,0,2,A,-,00,21960,NA,N,G,B,E,A,H,-,C,D,0,Y,NA,NA,NA,Y,NA,N,60,0,0,0,1,0,0,0,0,0,-,-,34.05816,-118.00201,LOS ANGELES,BALDWIN PARK,-118.00200192,34.058156
90725068,2018,2018-05-14,9575,2018-05-09,1500,021878,NA,3,2,6,1953,0,1,1,NA,2,063,I-210 E/B (FOOTHILL FREEWAY),ORANGE GROVE BLVD O/C,165,W,N,A,-,Y,NA,NA,210,NA,NA,NA,NA,NA,E,N,4,0,2,2,A,-,03,22350,NA,N,C,C,A,A,H,-,A,D,0,NA,NA,NA,Y,Y,NA,G,25,0,0,2,0,0,0,0,0,0,-,-,34.154300689697266,-118.15765380859376,LOS ANGELES,PASADENA,-118.15736389160156,34.15442657470703
9072510,2020,2020-06-19,1900,2020-03-12,0249,478463,2914,4,5,4,1974,0,0,0,NA,0,291K1,AMAR RD,WILDCAT CANYON RD,402,W,N,B,-,N,NA,NA,NA,NA,NA,NA,NA,NA,NA,Y,4,0,1,1,A,-,08,22107,NA,N,E,I,A,B,H,-,C,D,0,NA,NA,NA,NA,Y,NA,A,01,0,0,1,0,0,0,0,0,0,-,-,NA,NA,LOS ANGELES,WALNUT,-117.862548828125,34.038116455078125
90725106,2018,2018-05-14,9575,2018-05-11,2015,021784,NA,5,2,9,1900,0,2,4,NA,2,026,NEW YORK DR. (2200 E BLOCK),PEPPER DR. (1600 N BLOCK),20,W,N,B,-,N,NA,NA,NA,NA,NA,NA,NA,NA,NA,N,4,0,1,2,A,-,03,22350,NA,M,C,C,A,B,H,-,C,D,0,NA,NA,NA,NA,Y,NA,-,99,0,0,1,0,0,0,0,0,0,-,-,34.17512130737305,-118.106689453125,LOS ANGELES,UNINCORPORATED,-118.10687255859376,34.17509841918945
90725119,2018,2018-05-14,9535,2018-05-02,1025,013584,NA,3,1,5,1959,0,1,1,NA,2,400,I-10 (SAN BERNARDINO FREEWAY) E/B,WALNUT GROVE AVE,645,E,N,A,-,Y,NA,NA,10,NA,NA,NA,NA,NA,E,N,4,0,1,3,A,-,07,21658,A,N,C,C,A,A,H,-,A,D,0,NA,NA,NA,NA,Y,NA,A,01,0,0,1,0,0,0,0,0,0,-,-,34.07196044921875,-118.0796127319336,LOS ANGELES,ROSEMEAD,-118.0796127319336,34.07198715209961
90725126,2018,2018-05-14,9535,2018-04-22,1820,021880,NA,7,2,9,1900,0,3,5,NA,2,002,HUBBARD ST,MCDONNELL AVE,0,NA,Y,A,-,N,NA,NA,NA,NA,NA,NA,NA,NA,NA,Y,3,0,1,2,A,-,09,21802,A,N,H,G,A,A,H,-,A,A,0,NA,Y,NA,NA,Y,NA,L,04,0,1,0,0,0,0,1,0,0,-,-,34.02486038208008,-118.16729736328124,LOS ANGELES,UNINCORPORATED,-118.16732788085938,34.024871826171875
90725144,2018,2018-05-14,9590,2018-05-05,2125,021678,NA,6,2,7,1942,0,1,1,NA,2,060,I-10 E/B (SANTA MONICA FREEWAY),CRENSHAW AVE,500,W,N,A,-,Y,NA,NA,10,NA,NA,NA,NA,NA,E,N,3,0,1,2,A,-,03,22350,NA,N,C,C,A,A,H,-,C,D,0,NA,NA,NA,NA,Y,NA,A,07,0,1,0,0,0,0,0,0,0,-,-,34.034061431884766,-118.35150146484376,LOS ANGELES,LOS ANGELES,-118.35150146484376,34.034141540527344
90725148,2018,2018-05-14,9575,2018-05-02,2118,021283,NA,3,2,7,1942,0,1,3,NA,2,041,SR-134 E/B (VENTURA FREEWAY),SR-2 E/B (GLENDALE FREEWAY),965,E,N,A,-,Y,NA,NA,134,NA,NA,NA,NA,NA,E,Y,3,0,1,2,A,-,01,23152,A,N,C,C,A,A,H,-,D,D,0,NA,NA,NA,NA,Y,Y,A,01,0,1,0,0,0,0,0,0,0,-,-,34.145790100097656,-118.22232055664064,LOS ANGELES,LOS ANGELES,-118.22235870361328,34.14558410644531
90725157,2018,2018-05-14,9575,2018-05-12,1440,020556,NA,6,2,6,1925,0,1,1,NA,2,050,I-5 S/B (GOLDEN STATE FREEWAY),ALLEN AVE,50,S,N,B,-,Y,NA,NA,5,NA,NA,NA,NA,NA,S,Y,4,0,3,3,A,-,03,22350,NA,F,C,C,A,A,H,-,A,D,0,NA,NA,NA,NA,Y,NA,-,99,0,0,3,0,0,0,0,0,0,-,-,34.166568756103516,-118.30021667480467,LOS ANGELES,GLENDALE,-118.29993438720705,34.16695785522461
90725184,2018,2018-06-26,9590,2018-05-05,0244,021179,NA,6,3,7,1942,0,1,1,NA,2,040,I-5 N/B (SANTA ANA FREEWAY),INDIANA STREET,400,N,N,A,-,Y,NA,NA,5,NA,NA,NA,NA,NA,N,Y,3,0,2,3,A,-,03,22350,NA,N,C,C,A,A,H,-,C,D,0,NA,NA,NA,Y,Y,Y,A,01,0,1,1,0,0,0,0,0,0,-,-,34.02054977416992,-118.19371032714844,LOS ANGELES,LOS ANGELES,-118.19371032714844,34.02056121826172
90725213,2018,2018-05-14,9575,2018-05-09,1506,021006,NA,3,2,6,1953,0,1,1,NA,2,065,I-210 E/B (FOOTHILL FREEWAY),MADRE ST.,1500,W,N,A,-,Y,NA,NA,210,NA,NA,NA,NA,NA,E,Y,4,0,1,5,A,-,03,22350,NA,N,C,C,A,A,H,-,A,D,0,NA,NA,NA,NA,Y,NA,A,01,0,0,1,0,0,0,0,0,0,-,-,34.149810791015625,-118.08840942382813,LOS ANGELES,PASADENA,-118.08844757080078,34.149757385253906
90725253,2018,2018-05-14,9530,2018-04-29,0510,021076,NA,7,3,5,1943,0,1,1,NA,2,210,I-105 W/B (GLENN ANDERSON FWY),LONG BEACH BLVD.,560,E,N,A,-,Y,NA,NA,105,NA,NA,NA,NA,NA,W,Y,4,0,1,1,A,-,01,23152,A,N,E,I,A,A,H,-,C,D,0,NA,NA,NA,NA,Y,Y,A,01,0,0,1,0,0,0,0,0,0,-,-,33.92229080200195,-118.20375823974608,LOS ANGELES,LYNWOOD,-118.20372772216795,33.92236328125
90725257,2018,2018-05-14,9530,2018-05-05,0958,021076,NA,6,1,7,1941,0,1,1,NA,2,420,I-405 S/B (SAN DIEGO FREEWAY),PACIFIC PLACE,744,N,N,A,-,Y,NA,NA,405,NA,NA,NA,NA,NA,S,Y,4,0,1,2,A,-,07,21658,NA,N,B,C,A,A,H,-,A,D,0,NA,NA,Y,NA,Y,NA,A,07,0,0,1,0,0,0,0,0,1,-,-,33.825260162353516,-118.2029266357422,LOS ANGELES,LONG BEACH,-118.20294189453124,33.82523727416992
90725258,2018,2018-05-14,9530,2018-05-05,1755,021059,NA,6,2,9,1900,0,3,5,NA,2,002,WILMINGTON AVE.,124TH ST.,0,NA,Y,A,-,N,NA,NA,NA,NA,NA,NA,NA,NA,NA,Y,4,0,3,2,A,-,09,21801,A,N,D,C,A,A,H,-,A,A,0,NA,NA,NA,NA,Y,NA,B,07,0,0,3,0,0,0,0,0,0,-,-,33.91987991333008,-118.23915100097656,LOS ANGELES,UNINCORPORATED,-118.23915100097656,33.91984176635742
90725270,2018,2018-05-14,9530,2018-05-09,0024,021582,NA,3,3,9,1900,0,1,1,NA,2,120,I-110 N/B (HARBOR FREEWAY),223RD ST.,500,S,N,A,-,Y,NA,NA,110,NA,NA,NA,NA,NA,N,Y,3,0,1,1,A,-,08,22107,NA,N,E,J,A,A,H,-,D,D,0,NA,NA,NA,NA,Y,NA,A,01,0,1,0,0,0,0,0,0,0,-,-,33.822940826416016,-118.28733825683594,LOS ANGELES,UNINCORPORATED,-118.28725433349608,33.822940826416016
90725278,2018,2018-05-14,9530,2018-05-11,0825,021089,NA,5,1,5,1943,0,1,1,NA,2,210,I-105 W/B (GLENN ANDERSON FWY),STATE ST.,110,W,N,A,-,Y,NA,NA,NA,NA,NA,NA,NA,NA,NA,Y,4,0,1,2,A,-,03,22350,NA,N,C,C,A,A,H,-,A,D,0,NA,NA,NA,NA,Y,NA,A,07,0,0,1,0,0,0,0,0,0,-,-,33.94015121459961,-118.26978302001952,LOS ANGELES,LYNWOOD,-118.2174835205078,33.92837142944336
90725281,2018,2018-05-14,9530,2018-05-11,1340,021089,NA,5,1,7,1942,0,1,1,NA,2,110,I-110 N/B (HARBOR FREEWAY),IMPERIAL HIGHWAY,100,N,N,B,-,Y,NA,NA,110,NA,NA,NA,NA,NA,N,Y,4,0,1,2,A,-,03,22350,NA,N,C,C,A,A,H,-,A,D,0,NA,NA,NA,NA,Y,NA,A,07,0,0,1,0,0,0,0,0,0,-,-,33.935821533203125,-118.2796630859375,LOS ANGELES,LOS ANGELES,-118.27969360351564,33.935821533203125
90725283,2018,2018-05-14,9530,2018-05-11,1750,020364,NA,5,2,9,1900,0,3,5,NA,2,006,VERMONT AVE. (22000 BLOCK),220TH ST.,275,S,N,A,-,N,NA,NA,NA,NA,NA,NA,NA,NA,NA,Y,4,0,1,4,A,-,03,22350,NA,N,C,C,A,A,H,-,A,D,0,NA,NA,NA,NA,Y,NA,A,01,0,0,1,0,0,0,0,0,0,-,-,33.82728958129883,-118.29031372070313,LOS ANGELES,UNINCORPORATED,-118.29034423828124,33.82732391357422
90725285,2018,2018-05-14,9530,2018-05-12,1540,020364,NA,6,2,7,1941,0,1,1,NA,2,072,I-710 N/B (LONG BEACH FREEWAY),WARDLOW RD.,100,S,N,A,-,Y,NA,NA,710,NA,NA,NA,NA,NA,N,Y,4,0,2,5,A,-,03,22350,NA,N,C,C,A,A,H,-,A,D,0,NA,NA,NA,NA,Y,NA,A,01,0,0,2,0,0,0,0,0,0,-,-,33.821041107177734,-118.20684051513672,LOS ANGELES,LONG BEACH,-118.20687866210938,33.821041107177734
90725301,2018,2018-05-14,9575,2018-04-28,1923,021047,NA,6,2,7,1942,0,1,3,NA,2,044,SR-134 E/B (VENTURA FREEWAY),RIVERSIDE DR.,730,W,N,A,-,Y,NA,NA,134,NA,NA,NA,NA,NA,E,Y,3,0,2,3,A,-,07,21658,A,N,B,C,A,A,H,-,C,D,0,NA,NA,NA,NA,Y,NA,D,22,0,2,0,0,0,0,0,0,0,-,-,34.15562057495117,-118.296630859375,LOS ANGELES,LOS ANGELES,-118.29664611816406,34.15553665161133
90725303,2018,2018-05-14,9575,2018-04-30,0938,021849,NA,1,1,3,1991,0,1,1,NA,2,063,I-210 E/B (FOOTHILL FREEWAY),BERKSHIRE PL,2500,E,N,A,-,Y,NA,NA,NA,NA,NA,NA,NA,NA,NA,Y,4,0,1,3,A,-,03,22350,NA,N,C,C,A,A,H,-,A,D,0,NA,NA,NA,NA,Y,NA,A,08,0,0,1,0,0,0,0,0,0,-,-,34.18574905395508,-118.1781997680664,LOS ANGELES,LA CANADA-FLINTRIDGE,-118.17642974853516,34.18449783325195
90725318,2018,2018-05-14,9525,2018-04-30,1750,021080,NA,1,2,9,1900,0,3,5,NA,2,004,TAMAR DR. (1400 BLOCK),BARRYDALE ST,246,N,N,A,-,N,NA,NA,NA,NA,NA,NA,NA,NA,NA,Y,3,0,1,1,A,-,08,22107,NA,N,E,I,A,A,H,-,A,D,0,NA,NA,NA,NA,Y,NA,A,01,0,1,0,0,0,0,0,0,0,-,-,34.058250427246094,-117.96515655517578,LOS ANGELES,UNINCORPORATED,-117.9650421142578,34.058265686035156
90725324,2018,2018-05-14,9525,2018-04-21,0205,021383,NA,6,3,1,1934,0,1,1,NA,2,204,I-210 E/B TO IRWINDALE AVE,IRWINDALE AVE,70,W,N,A,-,Y,NA,NA,210,NA,NA,NA,R,NA,E,Y,3,0,2,2,A,-,01,23152,A,N,C,C,A,A,H,-,C,A,0,NA,NA,NA,Y,Y,Y,A,01,0,1,1,0,0,0,0,0,0,-,-,34.12928009033203,-117.93408966064452,LOS ANGELES,IRWINDALE,-117.93408966064452,34.12928009033203