CASE_ID,ACCIDENT_YEAR,PROC_DATE,JURIS,COLLISION_DATE,COLLISION_TIME,OFFICER_ID,REPORTING_DISTRICT,DAY_OF_WEEK,CHP_SHIFT,POPULATION,CNTY_CITY_LOC,SPECIAL_COND,BEAT_TYPE,CHP_BEAT_TYPE,CITY_DIVISION_LAPD,CHP_BEAT_CLASS,BEAT_NUMBER,PRIMARY_RD,SECONDARY_RD,DISTANCE,DIRECTION,INTERSECTION,WEATHER_1,WEATHER_2,STATE_HWY_IND,CALTRANS_COUNTY,CALTRANS_DISTRICT,STATE_ROUTE,ROUTE_SUFFIX,POSTMILE_PREFIX,POSTMILE,LOCATION_TYPE,RAMP_INTERSECTION,SIDE_OF_HWY,TOW_AWAY,COLLISION_SEVERITY,NUMBER_KILLED,NUMBER_INJURED,PARTY_COUNT,PRIMARY_COLL_FACTOR,PCF_CODE_OF_VIOL,PCF_VIOL_CATEGORY,PCF_VIOLATION,PCF_VIOL_SUBSECTION,HIT_AND_RUN,TYPE_OF_COLLISION,MVIW,PED_ACTION,ROAD_SURFACE,ROAD_COND_1,ROAD_COND_2,LIGHTING,CONTROL_DEVICE,CHP_ROAD_TYPE,PEDESTRIAN_ACCIDENT,BICYCLE_ACCIDENT,MOTORCYCLE_ACCIDENT,TRUCK_ACCIDENT,NOT_PRIVATE_PROPERTY,ALCOHOL_INVOLVED,STWD_VEHTYPE_AT_FAULT,CHP_VEHTYPE_AT_FAULT,COUNT_SEVERE_INJ,COUNT_VISIBLE_INJ,COUNT_COMPLAINT_PAIN,COUNT_PED_KILLED,COUNT_PED_INJURED,COUNT_BICYCLIST_KILLED,COUNT_BICYCLIST_INJURED,COUNT_MC_KILLED,COUNT_MC_INJURED,PRIMARY_RAMP,SECONDARY_RAMP,LATITUDE,LONGITUDE,COUNTY,CITY,POINT_X,POINT_Y
90726380,2018,2018-07-27,9535,2018-05-04,1153,022017,NA,5,1,3,1914,0,1,1,NA,2,501,I-5 (SANTA ANA FREEWAY) S/B,SLAUSON AVE,1080,N,N,A,-,Y,NA,NA,5,NA,NA,NA,NA,NA,S,Y,4,0,1,2,A,-,03,22350,NA,N,B,C,A,A,H,-,A,D,0,NA,NA,Y,NA,Y,NA,C,02,0,0,1,0,0,0,0,0,1,-,-,33.97766876220703,-118.12686157226564,LOS ANGELES,COMMERCE,-118.12684631347656,33.97768020629883
90726383,2018,2018-05-15,9540,2018-05-11,0115,021434,NA,5,3,9,1900,0,1,3,NA,1,142,SR-14 N/B (ANTELOPE VALLEY FREEWAY),NEWHALL AVENUE,2640,S,N,A,-,Y,NA,NA,NA,NA,NA,NA,NA,NA,NA,Y,3,0,1,2,A,-,03,22350,NA,N,C,C,A,A,H,-,D,D,0,NA,NA,NA,Y,Y,NA,A,01,0,1,0,0,0,0,0,0,0,-,-,34.35791015625,-118.50634002685548,LOS ANGELES,UNINCORPORATED,-118.50636291503906,34.35831832885742
90726385,2018,2018-05-15,9565,2018-05-11,1140,021572,NA,5,1,7,1942,0,1,1,NA,2,010,I-105 W/B (CENTURY FREEWAY),NASH ST,200,W,N,B,-,Y,NA,NA,105,NA,NA,NA,NA,NA,W,N,4,0,1,2,A,-,03,22350,NA,N,C,C,A,A,H,-,A,D,0,NA,NA,NA,NA,Y,NA,A,01,0,0,1,0,0,0,0,0,0,-,-,33.93138122558594,-118.38858795166016,LOS ANGELES,LOS ANGELES,-118.38858795166016,33.931358337402344
90726390,2018,2018-05-15,9590,2018-05-08,0332,021264,NA,2,3,7,1942,0,1,2,NA,2,071,US-101 S/B (HOLLYWOOD FREEWAY),VENDOME STREET,10,S,N,A,-,Y,NA,NA,101,NA,NA,NA,NA,NA,S,Y,4,0,1,2,A,-,03,22350,NA,N,C,C,A,A,H,-,C,D,0,NA,NA,NA,NA,Y,Y,A,01,0,0,1,0,0,0,0,0,0,-,-,34.07645034790039,-118.27916717529295,LOS ANGELES,LOS ANGELES,-118.27915954589844,34.07648849487305
90726398,2018,2018-05-15,9590,2018-05-08,0336,021264,NA,2,3,7,1942,0,1,2,NA,2,071,US-101 S/B (HOLLYWOOD FREEWAY),VENDOME STREET,15,S,N,A,-,Y,NA,NA,101,NA,NA,NA,NA,NA,S,Y,3,0,2,3,A,-,03,22350,NA,N,C,C,A,A,H,-,C,D,0,NA,NA,NA,NA,Y,Y,A,01,0,1,1,0,0,0,0,0,0,-,-,34.07645034790039,-118.27916717529295,LOS ANGELES,LOS ANGELES,-118.27915954589844,34.07648849487305
90726428,2018,2018-08-13,9545,2018-05-06,0410,021814,NA,7,3,6,1950,0,1,3,NA,2,021,SR-14 N/B,PALMDALE BLVD,400,N,N,A,-,Y,NA,NA,14,NA,NA,NA,NA,NA,N,Y,4,0,1,2,A,-,03,22350,NA,N,C,C,A,A,H,-,C,D,0,NA,NA,NA,NA,Y,Y,A,01,0,0,1,0,0,0,0,0,0,-,-,34.58250045776367,-118.13365173339844,LOS ANGELES,PALMDALE,-118.13368988037108,34.58250045776367
90726436,2018,2018-05-15,9575,2018-05-14,0705,017354,NA,1,1,6,1912,0,1,3,NA,2,044,SR-134 W/B (VENTURA FREEWAY),OLIVE AVE. O/C,140,W,N,A,-,Y,NA,NA,134,NA,NA,NA,NA,NA,W,Y,4,0,1,2,A,-,03,22350,NA,N,B,C,A,A,H,-,A,D,0,NA,NA,NA,NA,Y,NA,A,07,0,0,1,0,0,0,0,0,0,-,-,34.15351104736328,-118.3383331298828,LOS ANGELES,BURBANK,-118.33834075927734,34.153465270996094
90726517,2018,2018-05-15,9545,2018-05-07,0515,018097,NA,1,3,9,1900,0,3,5,NA,2,003,SIERRA HWY,ANGELES FOREST HWY,300,S,N,A,-,N,NA,NA,14,NA,NA,NA,NA,NA,NA,Y,4,0,2,3,A,-,03,22350,NA,N,C,C,A,A,H,-,A,D,0,NA,NA,NA,NA,Y,NA,A,07,0,0,2,0,0,0,0,0,0,-,-,34.50857162475586,-118.11163330078124,LOS ANGELES,UNINCORPORATED,-118.11225128173828,34.50896072387695
90726551,2018,2018-05-15,9590,2018-05-05,0440,021917,NA,6,3,7,1942,0,1,1,NA,2,085,I-5 SB (GOLDEN STATE FREEWAY),GILROY ST,90,S,N,A,-,Y,NA,NA,5,NA,NA,NA,NA,NA,S,Y,4,0,2,2,A,-,08,22107,NA,N,B,C,A,A,H,-,D,D,0,NA,NA,NA,NA,Y,NA,A,01,0,0,2,0,0,0,0,0,0,-,-,34.10456848144531,-118.25286102294922,LOS ANGELES,LOS ANGELES,-118.25287628173828,34.10454559326172
90726597,2018,2018-05-15,9565,2018-05-07,1825,021786,NA,1,2,9,1900,0,2,4,NA,2,022,NORMANDIE AVENUE,IMPERIAL HWY,100,N,N,A,-,N,NA,NA,NA,NA,NA,NA,NA,NA,NA,N,4,0,1,2,A,-,09,21804,A,N,D,C,A,A,H,-,A,D,0,NA,NA,NA,NA,Y,NA,A,01,0,0,1,0,0,0,0,0,0,-,-,33.931358337402344,-118.30030059814452,LOS ANGELES,UNINCORPORATED,-118.30032348632813,33.93129348754883
90726601,2018,2018-05-15,9565,2018-05-05,1850,021808,NA,6,2,9,1900,0,1,1,NA,2,060,I-405 N/B (SAN DIEGO FWY.),135TH ST.,100,N,N,A,-,Y,NA,NA,405,NA,NA,NA,NA,NA,N,Y,4,0,1,3,A,-,08,22107,NA,N,B,C,A,A,H,-,B,D,0,NA,NA,NA,NA,Y,NA,A,01,0,0,1,0,0,0,0,0,0,-,-,33.92427062988281,-118.368408203125,LOS ANGELES,UNINCORPORATED,-118.36837768554688,33.92426300048828
90726605,2018,2018-05-15,9565,2018-05-05,2215,021640,NA,6,3,9,1900,0,3,5,NA,2,002,CENTURY BLVD.,BUDLONG AVE.,0,NA,Y,A,-,N,NA,NA,NA,NA,NA,NA,NA,NA,NA,Y,3,0,2,2,A,-,09,21801,A,N,D,C,A,A,H,-,C,A,0,NA,NA,NA,NA,Y,NA,A,01,0,1,1,0,0,0,0,0,0,-,-,33.94552993774414,-118.29618072509766,LOS ANGELES,UNINCORPORATED,-118.29615020751952,33.945491790771484
90726634,2018,2018-05-15,9530,2018-05-14,1155,016110,NA,1,1,9,1900,0,3,5,NA,2,002,BROADWAY,COMPTON BLVD.,0,NA,Y,A,-,N,NA,NA,NA,NA,NA,NA,NA,NA,NA,Y,4,0,1,2,A,-,12,21453,A,N,D,C,A,A,H,-,A,A,0,NA,NA,NA,Y,Y,NA,A,01,0,0,1,0,0,0,0,0,0,-,-,33.89495086669922,-118.27852630615234,LOS ANGELES,UNINCORPORATED,-118.27864837646484,33.89482116699219
90726639,2018,2018-05-15,9590,2018-05-06,1005,021912,NA,7,1,7,1942,0,1,1,NA,2,061,I-10 W/B (SANTA MONICA FREEWAY),WASHINGTON BLVD,900,E,N,A,-,Y,NA,NA,10,NA,NA,NA,NA,NA,W,N,3,0,1,2,A,-,07,21658,A,N,C,C,A,A,H,-,A,D,0,NA,NA,NA,NA,Y,NA,A,01,0,1,0,0,0,0,0,0,0,-,-,34.03450012207031,-118.3655014038086,LOS ANGELES,LOS ANGELES,-118.3655014038086,34.034507751464844
90726661,2018,2018-05-15,9550,2018-05-09,1830,021196,NA,3,2,9,1900,0,1,3,NA,2,600,SR-60 W/B,CROSSROADS PARKWAY,1300,W,N,A,-,Y,NA,NA,60,NA,NA,NA,NA,NA,W,Y,4,0,1,3,A,-,03,22350,NA,N,C,C,A,A,H,-,A,D,0,NA,NA,NA,NA,Y,Y,A,07,0,0,1,0,0,0,0,0,0,-,-,34.029659271240234,-118.01698303222656,LOS ANGELES,UNINCORPORATED,-118.01700592041016,34.02956771850586
90726664,2018,2018-06-19,9550,2018-05-07,1755,022023,NA,1,2,6,1949,0,1,1,NA,2,651,I-605 (S/B),INTERSTATE 5 (SANTA ANA FREEWAY),100,S,N,A,-,Y,NA,NA,NA,NA,NA,NA,NA,NA,NA,Y,4,0,1,2,A,-,08,22107,NA,N,D,C,A,A,H,-,A,D,0,NA,NA,NA,Y,Y,NA,A,07,0,0,1,0,0,0,0,0,0,-,-,33.56275939941406,-118.54868316650392,LOS ANGELES,NORWALK,-118.09684753417967,33.94093704223633
90726684,2018,2018-05-15,9530,2018-05-09,1346,022060,NA,3,1,7,1941,0,1,1,NA,2,072,I-710 S/B (LONG BEACH FREEWAY),I-405,400,N,N,A,-,Y,NA,NA,710,NA,NA,NA,NA,NA,S,N,4,0,1,2,A,-,03,22350,NA,M,C,C,A,A,H,-,A,D,0,NA,NA,NA,NA,Y,NA,-,99,0,0,1,0,0,0,0,0,0,-,-,33.829071044921875,-118.2082290649414,LOS ANGELES,LONG BEACH,-118.20832824707033,33.82905197143555
90726686,2018,2018-05-15,9530,2018-05-11,0735,021842,NA,5,1,7,1941,0,1,1,NA,2,420,I-405 S/B (SAN DIEGO FREEWAY),CHERRY AVE.,250,N,N,A,-,Y,NA,NA,405,NA,NA,NA,NA,NA,S,N,4,0,1,2,A,-,03,22350,NA,F,C,C,A,A,H,-,A,D,0,NA,NA,NA,NA,Y,NA,-,99,0,0,1,0,0,0,0,0,0,-,-,33.813880920410156,-118.1710205078125,LOS ANGELES,LONG BEACH,-118.17101287841795,33.81416702270508
90726707,2018,2018-05-15,9530,2018-05-11,1230,021089,NA,5,1,7,1942,0,1,1,NA,2,110,I-110 N/B (HARBOR FREEWAY),I-105 E/B (GLENN ANDERSON FWY),100,N,N,B,-,Y,NA,NA,NA,NA,NA,NA,NA,NA,NA,N,4,0,1,2,A,-,03,22350,NA,N,C,C,A,A,H,-,A,D,0,NA,NA,NA,NA,Y,NA,A,01,0,0,1,0,0,0,0,0,0,-,-,33.96089172363281,-118.28166961669922,LOS ANGELES,LOS ANGELES,NA,NA
90726718,2018,2018-05-15,9530,2018-05-12,1315,020938,NA,6,1,6,1972,0,1,1,NA,2,400,I-405 S/B (SAN DIEGO FREEWAY),NORMANDIE AVE.,345,N,N,A,-,Y,NA,NA,NA,NA,NA,NA,NA,NA,NA,N,4,0,4,2,A,-,03,22350,NA,N,C,C,A,A,H,-,A,D,0,NA,NA,NA,NA,Y,NA,A,01,0,0,4,0,0,0,0,0,0,-,-,33.8598518371582,-118.30042266845705,LOS ANGELES,TORRANCE,-118.29924011230467,33.8597297668457
90726750,2018,2018-05-15,9535,2018-05-08,0905,021441,NA,2,1,5,1959,0,1,1,NA,2,401,I-10 (SAN BERNARDINO FREEWAY) W/B,DEL MAR AVE,150,E,N,A,-,Y,NA,NA,10,NA,NA,NA,NA,NA,W,Y,4,0,1,2,A,-,03,22350,NA,N,C,C,A,A,H,-,A,D,0,NA,NA,NA,NA,Y,NA,A,01,0,0,1,0,0,0,0,0,0,-,-,34.07217025756836,-118.09883880615234,LOS ANGELES,ROSEMEAD,-118.09883880615234,34.072113037109375
90726753,2018,2018-05-15,9565,2018-05-08,1410,017060,NA,2,2,9,1900,0,1,1,NA,2,060,I-405 S/B (SAN DIEGO FREEWAY),120TH ST.,100,S,N,A,-,Y,NA,NA,405,NA,NA,NA,NA,NA,S,N,4,0,1,2,A,-,03,22350,NA,F,C,C,A,A,H,-,A,D,0,NA,NA,NA,NA,Y,NA,A,01,0,0,1,0,0,0,0,0,0,-,-,33.92155838012695,-118.36920928955078,LOS ANGELES,UNINCORPORATED,-118.36919403076172,33.92155456542969
90726781,2018,2018-05-15,9530,2018-05-09,1550,021252,NA,3,2,9,1900,0,1,1,NA,2,120,I-110 S/B (HARBOR FREEWAY),I-405,620,N,N,A,-,Y,NA,NA,110,NA,NA,NA,NA,NA,S,N,4,0,1,3,A,-,03,22350,NA,N,C,C,A,A,H,-,A,D,0,NA,NA,NA,NA,Y,NA,D,22,0,0,1,0,0,0,0,0,0,-,-,33.85900115966797,-118.28469848632813,LOS ANGELES,UNINCORPORATED,-118.28482818603516,33.858978271484375
90726782,2018,2018-05-15,9590,2018-05-14,0640,016689,NA,1,1,7,1942,0,1,1,NA,2,061,I-10 W/B,10TH AVENUE,100,W,N,B,-,Y,NA,NA,10,NA,NA,NA,NA,NA,W,N,4,0,1,2,A,-,03,22350,NA,N,C,C,A,A,H,-,A,D,0,NA,NA,NA,NA,Y,NA,A,07,0,0,1,0,0,0,0,0,0,-,-,34.03533172607422,-118.32935333251952,LOS ANGELES,LOS ANGELES,-118.32935333251952,34.03538513183594
90726813,2018,2018-05-15,9545,2018-05-07,1235,018097,NA,1,1,9,1900,0,3,5,NA,2,002,SIERRA HWY,VINCENT SUMMIT,900,N,N,A,-,N,NA,NA,NA,NA,NA,NA,NA,NA,NA,Y,4,0,1,2,A,-,08,22107,NA,N,D,C,A,A,H,-,A,D,0,NA,NA,NA,NA,Y,NA,J,41,0,0,1,0,0,0,0,0,0,-,-,34.513519287109375,-118.1078872680664,LOS ANGELES,UNINCORPORATED,NA,NA
90726839,2018,2018-05-15,9565,2018-05-12,0615,015275,NA,6,1,7,1942,0,1,1,NA,2,062,I-405 S/B (SAN DIEGO FREEWAY),NATIONAL BOULEVARD,528,N,N,C,-,Y,NA,NA,405,NA,NA,NA,NA,NA,S,Y,4,0,1,3,A,-,08,22107,NA,N,E,I,A,B,H,-,A,D,0,NA,NA,NA,NA,Y,NA,D,22,0,0,1,0,0,0,0,0,0,-,-,34.0281982421875,-118.431396484375,LOS ANGELES,LOS ANGELES,-118.43131256103516,34.02826690673828
90726841,2018,2018-05-15,9535,2018-05-06,2005,021976,NA,7,2,9,1900,0,2,4,NA,2,014,CESAR E CHAVEZ AVE,GAGE AVE,0,NA,Y,A,-,N,NA,NA,NA,NA,NA,NA,NA,NA,NA,Y,4,0,1,3,A,-,09,21801,A,M,C,C,A,A,H,-,C,A,0,NA,NA,NA,NA,Y,NA,A,07,0,0,1,0,0,0,0,0,0,-,-,34.04056930541992,-118.18470001220705,LOS ANGELES,UNINCORPORATED,-118.18464660644533,34.04051971435547
90726849,2018,2018-05-15,9530,2018-05-12,1100,021089,NA,6,1,9,1900,0,1,1,NA,2,120,I-110 S/B (HARBOR FREEWAY),I-405 N/B (SAN DIEGO FREEWAY),100,S,N,A,-,Y,NA,NA,NA,NA,NA,NA,NA,NA,NA,Y,3,0,1,1,A,-,03,22350,NA,N,F,A,A,A,H,-,A,D,0,NA,NA,Y,NA,Y,NA,C,02,0,1,0,0,0,0,0,0,1,-,-,33.82944107055664,-118.29244995117188,LOS ANGELES,UNINCORPORATED,-118.28479766845705,33.8567008972168
90726862,2018,2018-05-15,9530,2018-05-12,1500,020938,NA,6,2,9,1900,0,3,5,NA,2,005,PRAIRE AVE (4000 BLOCK),165TH ST,116,N,N,A,-,N,NA,NA,NA,NA,NA,NA,NA,NA,NA,Y,3,0,3,4,A,-,03,22350,NA,N,C,C,A,A,H,-,A,D,0,NA,NA,NA,NA,Y,NA,A,07,0,2,1,0,0,0,0,0,0,-,-,33.881370544433594,-118.34384155273438,LOS ANGELES,UNINCORPORATED,-118.34382629394533,33.88132858276367
90726868,2018,2018-05-15,9565,2018-05-11,2325,021058,NA,5,3,5,1928,0,1,1,NA,2,012,I-105 E/B (CENTURY FREEWAY),PRAIRIE AVE.,20,E,N,B,-,Y,NA,NA,105,NA,NA,NA,NA,NA,E,Y,4,0,1,2,A,-,03,22350,NA,N,C,C,A,A,H,-,D,D,0,NA,NA,NA,NA,Y,NA,A,01,0,0,1,0,0,0,0,0,0,-,-,33.93003845214844,-118.34426879882813,LOS ANGELES,HAWTHORNE,-118.34426879882813,33.93004608154297
90726880,2018,2018-05-15,9535,2018-05-07,1010,013584,NA,1,1,9,1900,0,1,1,NA,2,420,I-10 E/B TO I-710 S/B,EASTERN AVE,300,E,N,A,-,Y,NA,NA,10,NA,NA,NA,R,NA,E,Y,4,0,1,2,A,-,03,22350,NA,N,C,C,A,A,H,-,A,D,0,NA,NA,NA,NA,Y,NA,A,01,0,0,1,0,0,0,0,0,0,-,-,34.06074905395508,-118.1723175048828,LOS ANGELES,UNINCORPORATED,-118.1723175048828,34.06074905395508
90726910,2018,2018-05-15,9545,2018-05-08,1900,014790,NA,2,2,9,1900,0,3,5,NA,2,004,90TH ST  E,AVENUE R-4,528,S,N,A,-,N,NA,NA,NA,NA,NA,NA,NA,NA,NA,Y,4,0,1,2,A,-,09,21801,A,N,A,C,A,A,H,-,A,D,0,NA,NA,NA,NA,Y,NA,A,08,0,0,1,0,0,0,0,0,0,-,-,34.5672607421875,-117.96962738037108,LOS ANGELES,UNINCORPORATED,-117.9696807861328,34.56721115112305
90726962,2018,2018-05-15,9530,2018-04-29,1705,020583,NA,7,2,4,1939,0,1,1,NA,2,400,I-405 S/B (SAN DIEGO FREEWAY),HAWTHORNE BLVD.,10,S,N,A,-,Y,NA,NA,405,NA,NA,NA,NA,NA,S,Y,3,0,3,3,A,-,03,22350,NA,N,C,C,A,A,H,-,A,D,0,NA,NA,NA,NA,Y,NA,A,01,0,1,2,0,0,0,0,0,0,-,-,33.88457107543945,-118.35281372070313,LOS ANGELES,LAWNDALE,-118.3527603149414,33.8846435546875
90727019,2018,2018-05-15,9525,2018-05-10,1018,016679,NA,4,1,5,1926,0,1,1,NA,2,205,I-210 W/B (FOOTHILL FWY),BARRANCA AVE,528,E,N,A,-,Y,NA,NA,210,NA,NA,NA,NA,NA,W,Y,4,0,1,3,A,-,03,22350,NA,N,C,C,A,A,H,-,A,D,0,NA,NA,NA,NA,Y,NA,A,01,0,0,1,0,0,0,0,0,0,-,-,34.12105178833008,-117.8811264038086,LOS ANGELES,GLENDORA,-117.8811264038086,34.121063232421875
90727027,2018,2018-05-15,9525,2018-05-09,0430,018505,NA,3,3,5,1926,0,1,1,NA,2,207,I-210 W/B (FOOTHILL FWY),LONE HILL AVE,1584,E,N,A,-,Y,NA,NA,210,NA,NA,NA,NA,NA,W,Y,4,0,1,3,A,-,03,22350,NA,N,C,C,A,A,H,-,D,D,0,NA,NA,NA,NA,Y,NA,A,01,0,0,1,0,0,0,0,0,0,-,-,34.12065124511719,-117.82315826416016,LOS ANGELES,GLENDORA,-117.82316589355467,34.12055969238281
90727030,2018,2018-05-17,9535,2018-05-05,0016,020818,NA,6,3,3,1914,0,1,1,NA,2,501,I-5 (SANTA ANA FREEWAY) S/B,SLAUSON AVE,775,N,N,A,-,Y,NA,NA,5,NA,NA,NA,NA,NA,S,Y,4,0,1,2,A,-,01,23152,A,M,C,C,A,A,H,-,C,D,0,NA,NA,NA,NA,Y,Y,A,01,0,0,1,0,0,0,0,0,0,-,-,33.97706985473633,-118.12635040283205,LOS ANGELES,COMMERCE,-118.12635803222656,33.97706604003906
9072704,2020,2020-06-09,1941,2020-03-03,2000,11348,NA,2,5,7,1941,0,0,0,NA,0,901T,OCEAN BL,PINE AV,0,NA,Y,A,-,N,NA,NA,NA,NA,NA,NA,NA,NA,NA,N,3,0,1,2,A,-,10,21950,A,N,C,B,B,A,H,-,C,A,0,Y,NA,NA,NA,Y,NA,A,NA,0,1,0,0,1,0,0,0,0,-,-,NA,NA,LOS ANGELES,LONG BEACH,-118.19239807128906,33.7671012878418
90727133,2018,2018-05-15,9580,2018-05-03,1400,019511,NA,4,2,7,1942,0,1,2,NA,2,102,US-101 N/B (VENTURA FREEWAY),VAN NUYS BLVD,2640,S,N,A,-,Y,NA,NA,101,NA,NA,NA,NA,NA,N,Y,4,0,2,2,A,-,08,22107,NA,N,B,C,A,A,H,-,A,D,0,NA,NA,NA,Y,Y,NA,-,-,0,0,2,0,0,0,0,0,0,-,-,34.15510177612305,-118.44080352783205,LOS ANGELES,LOS ANGELES,-118.4408721923828,34.1555290222168
90727136,2018,2018-05-15,9580,2018-05-03,1800,021963,NA,4,2,7,1942,0,1,2,NA,2,102,US-101 N/B (VENTURA FREEWAY),WHITE OAK AVE,2640,S,N,A,-,Y,NA,NA,101,NA,NA,NA,NA,NA,N,N,4,0,1,2,A,-,03,22350,NA,N,C,C,A,A,H,-,A,D,0,NA,NA,NA,NA,Y,NA,D,22,0,0,1,0,0,0,0,0,0,-,-,34.17129135131836,-118.50961303710938,LOS ANGELES,LOS ANGELES,-118.50961303710938,34.17127990722656
90727142,2018,2018-05-15,9580,2018-05-03,1020,020828,NA,4,1,7,1942,0,1,3,NA,2,171,SR-170 S/B (HOLLYWOOD FWY.),RIVERSIDE DR,45,S,N,A,-,Y,NA,NA,170,NA,NA,NA,NA,NA,S,N,4,0,2,2,A,-,03,22350,NA,F,C,C,A,A,H,-,A,D,0,NA,NA,NA,NA,Y,NA,A,01,0,0,2,0,0,0,0,0,0,-,-,34.15814971923828,-118.37982940673828,LOS ANGELES,LOS ANGELES,-118.3798599243164,34.158138275146484
90727143,2018,2018-05-15,9580,2018-05-03,0810,017228,NA,4,1,7,1942,0,1,3,NA,2,116,SR-118 E/B (RONALD REAGAN FWY.),I-405 (SAN DIEGO FREEWAY),675,W,N,A,-,Y,NA,NA,118,NA,NA,NA,NA,NA,E,Y,4,0,3,6,A,-,03,22350,NA,N,C,C,A,A,H,-,A,D,0,NA,NA,NA,NA,Y,NA,A,01,0,0,3,0,0,0,0,0,0,-,-,34.265830993652344,-118.47408294677734,LOS ANGELES,LOS ANGELES,-118.47408294677734,34.265892028808594
90727144,2018,2018-05-15,9580,2018-05-03,1318,021963,NA,4,1,7,1942,0,1,1,NA,2,405,I-405 S/B (SAN DIEGO FWY),SEPULVEDA BLVD,1056,S,N,A,-,Y,NA,NA,405,NA,NA,NA,NA,NA,S,Y,4,0,1,2,A,-,03,22350,NA,N,C,C,A,A,H,-,A,D,0,NA,NA,NA,NA,Y,NA,A,01,0,0,1,0,0,0,0,0,0,-,-,34.139488220214844,-118.47133636474608,LOS ANGELES,LOS ANGELES,-118.47138214111328,34.139488220214844
90727145,2018,2018-05-15,9590,2018-05-04,1715,021848,NA,5,2,7,1942,0,1,1,NA,2,062,I-10 E/B (SANTA MONICA FREEWAY),NORMANDIE AVENUE,500,E,N,A,-,Y,NA,NA,10,NA,NA,NA,NA,NA,E,N,3,0,2,3,A,-,03,22350,NA,N,C,C,A,A,H,-,A,D,0,NA,NA,Y,NA,Y,NA,C,02,0,2,0,0,0,0,0,0,0,-,-,34.03689956665039,-118.29828643798828,LOS ANGELES,LOS ANGELES,-118.29828643798828,34.03694152832031
90727150,2018,2018-05-15,9590,2018-05-09,1545,021789,NA,3,2,7,1942,0,1,2,NA,2,071,US-101 S/B (HOLLYWOOD FREEWAY),NORTH BONNIE BRAE STREET,200,S,N,A,-,Y,NA,NA,101,NA,NA,NA,NA,NA,S,N,4,0,1,2,A,-,03,22350,NA,F,C,C,A,A,H,-,A,D,0,NA,NA,NA,NA,Y,NA,-,99,0,0,1,0,0,0,0,0,0,-,-,34.07054901123047,-118.26383209228516,LOS ANGELES,LOS ANGELES,-118.26382446289064,34.07057189941406
90727153,2018,2018-05-15,9590,2018-05-11,0655,021762,NA,5,1,7,1942,0,1,1,NA,2,082,I-5 N/B (GOLDEN STATE FREEWAY),PASADENA AVENUE,400,N,N,A,-,Y,NA,NA,5,NA,NA,NA,NA,NA,N,N,4,0,1,2,A,-,03,22350,NA,F,C,C,A,A,H,-,A,D,0,NA,NA,NA,NA,Y,NA,-,99,0,0,1,0,0,0,0,0,0,-,-,34.07606887817383,-118.21914672851564,LOS ANGELES,LOS ANGELES,-118.21915435791016,34.07606887817383
90727154,2018,2018-05-16,9590,2018-05-13,1045,021762,NA,7,1,7,1942,0,1,1,NA,2,013,SR-110 S/B (ARROYO SECO PARKWAY),PASADENA AVENUE,720,S,N,A,-,Y,NA,NA,110,NA,NA,NA,NA,NA,S,N,4,0,2,2,A,-,07,21658,A,N,B,C,A,B,H,-,A,D,0,NA,NA,NA,NA,Y,NA,A,07,0,0,2,0,0,0,0,0,0,-,-,34.08604049682617,-118.2156982421875,LOS ANGELES,LOS ANGELES,-118.2156982421875,34.086021423339844
90727161,2018,2018-05-16,9590,2018-05-11,1530,021190,NA,5,2,7,1942,0,1,1,NA,2,052,I-110 N/B (HAF),WILSHIRE BOULEVARD,150,N,N,A,-,Y,NA,NA,110,NA,NA,NA,NA,NA,N,N,3,0,1,2,A,-,07,21658,A,N,B,C,A,A,H,-,A,D,0,NA,NA,Y,NA,Y,NA,C,02,0,1,0,0,0,0,0,0,1,-,-,34.051368713378906,-118.26083374023438,LOS ANGELES,LOS ANGELES,-118.26081085205078,34.05134201049805
90727201,2018,2018-05-16,9565,2018-05-11,1425,015587,NA,5,2,7,1942,0,1,1,NA,2,064,I-405 S/B (SAN DIEGO FREEWAY),SUNSET BLVD.,370,N,N,B,-,Y,NA,NA,405,NA,NA,NA,NA,NA,S,Y,3,0,2,3,A,-,03,22350,NA,N,C,C,A,A,H,-,A,D,0,NA,NA,NA,NA,Y,NA,A,01,0,1,1,0,0,0,0,0,0,-,-,34.0737190246582,-118.46746826171876,LOS ANGELES,LOS ANGELES,-118.46747589111328,34.0737190246582
90727221,2018,2018-05-16,9590,2018-05-15,1120,021789,NA,2,1,7,1942,0,1,2,NA,2,071,US-101 S/B (HOLLYWOOD FREEWAY),EDGEWARE ROAD,200,N,N,A,-,Y,NA,NA,101,NA,NA,NA,NA,NA,S,N,4,0,1,2,A,-,03,22350,NA,N,C,C,A,A,H,-,A,D,0,NA,NA,NA,NA,Y,NA,A,01,0,0,1,0,0,0,0,0,0,-,-,34.06731033325195,-118.2551727294922,LOS ANGELES,LOS ANGELES,-118.25514221191406,34.067359924316406
90727226,2018,2019-02-27,9530,2018-05-09,1630,022083,NA,3,2,9,1900,0,3,5,NA,2,001,83TH STREET,COMPTON AVE.,0,NA,Y,A,-,N,NA,NA,NA,NA,NA,NA,NA,NA,NA,Y,4,0,1,3,A,-,09,21801,A,N,D,C,A,A,H,-,A,A,0,NA,NA,NA,NA,Y,NA,A,01,0,0,1,0,0,0,0,0,0,-,-,33.96332931518555,-118.24777221679688,LOS ANGELES,UNINCORPORATED,-118.24769,33.96329