CASE_ID,ACCIDENT_YEAR,PROC_DATE,JURIS,COLLISION_DATE,COLLISION_TIME,OFFICER_ID,REPORTING_DISTRICT,DAY_OF_WEEK,CHP_SHIFT,POPULATION,CNTY_CITY_LOC,SPECIAL_COND,BEAT_TYPE,CHP_BEAT_TYPE,CITY_DIVISION_LAPD,CHP_BEAT_CLASS,BEAT_NUMBER,PRIMARY_RD,SECONDARY_RD,DISTANCE,DIRECTION,INTERSECTION,WEATHER_1,WEATHER_2,STATE_HWY_IND,CALTRANS_COUNTY,CALTRANS_DISTRICT,STATE_ROUTE,ROUTE_SUFFIX,POSTMILE_PREFIX,POSTMILE,LOCATION_TYPE,RAMP_INTERSECTION,SIDE_OF_HWY,TOW_AWAY,COLLISION_SEVERITY,NUMBER_KILLED,NUMBER_INJURED,PARTY_COUNT,PRIMARY_COLL_FACTOR,PCF_CODE_OF_VIOL,PCF_VIOL_CATEGORY,PCF_VIOLATION,PCF_VIOL_SUBSECTION,HIT_AND_RUN,TYPE_OF_COLLISION,MVIW,PED_ACTION,ROAD_SURFACE,ROAD_COND_1,ROAD_COND_2,LIGHTING,CONTROL_DEVICE,CHP_ROAD_TYPE,PEDESTRIAN_ACCIDENT,BICYCLE_ACCIDENT,MOTORCYCLE_ACCIDENT,TRUCK_ACCIDENT,NOT_PRIVATE_PROPERTY,ALCOHOL_INVOLVED,STWD_VEHTYPE_AT_FAULT,CHP_VEHTYPE_AT_FAULT,COUNT_SEVERE_INJ,COUNT_VISIBLE_INJ,COUNT_COMPLAINT_PAIN,COUNT_PED_KILLED,COUNT_PED_INJURED,COUNT_BICYCLIST_KILLED,COUNT_BICYCLIST_INJURED,COUNT_MC_KILLED,COUNT_MC_INJURED,PRIMARY_RAMP,SECONDARY_RAMP,LATITUDE,LONGITUDE,COUNTY,CITY,POINT_X,POINT_Y
90735377,2018,2018-05-28,9590,2018-05-18,2039,021831,NA,5,2,7,1942,0,1,1,NA,2,081,I-5 SB (GOLDEN STATE FREEWAY),WHITTIER BLVD,200,N,N,A,-,Y,NA,NA,5,NA,NA,NA,NA,NA,S,Y,4,0,1,2,A,-,03,22350,NA,N,C,C,A,A,H,-,C,D,0,NA,NA,NA,NA,Y,NA,A,07,0,0,1,0,0,0,0,0,0,-,-,34.03683853149414,-118.22045135498048,LOS ANGELES,LOS ANGELES,-118.22047424316406,34.03684997558594
90735381,2018,2018-05-28,9575,2018-05-20,2308,021732,NA,7,3,9,1900,0,1,1,NA,2,062,I-210 W/B (FOOTHILL FREEWAY),OCEAN VIEW BLVD,1584,E,N,A,-,Y,NA,NA,210,NA,NA,NA,NA,NA,W,N,4,0,5,2,A,-,03,22350,NA,M,B,C,A,A,H,-,C,D,0,NA,NA,NA,NA,Y,Y,-,99,0,0,5,0,0,0,0,0,0,-,-,34.210201263427734,-118.22383880615234,LOS ANGELES,UNINCORPORATED,-118.22382354736328,34.210227966308594
90735386,2018,2018-05-28,9590,2018-05-25,0738,021443,NA,5,1,7,1942,0,1,1,NA,2,051,I-110 S/B (HAF),MARTIN LUTHER KING BLVD,50,S,N,A,-,Y,NA,NA,110,NA,NA,NA,NA,NA,S,N,4,0,1,2,A,-,07,21658,A,N,B,C,A,A,H,-,A,D,0,NA,NA,NA,NA,Y,NA,A,01,0,0,1,0,0,0,0,0,0,-,-,34.00941848754883,-118.28150177001952,LOS ANGELES,LOS ANGELES,-118.28114318847656,34.00941467285156
9073539,2020,2020-08-10,1976,2020-05-02,1208,482,NA,6,5,3,1964,0,0,0,NA,0,003,ALONDRA BL,MARQUARDT AV,146,E,N,A,-,N,NA,NA,NA,NA,NA,NA,NA,NA,NA,N,4,0,1,2,A,-,04,21703,NA,N,C,C,A,A,H,-,A,D,0,NA,NA,NA,NA,Y,NA,A,01,0,0,1,0,0,0,0,0,0,-,-,NA,NA,LOS ANGELES,SANTA FE SPRINGS,-118.037353515625,33.88792419433594
90735398,2018,2018-05-28,9590,2018-05-19,2140,021542,NA,6,2,7,1942,0,1,1,NA,2,064,I-10 W/B FROM GRAND AVENUE,FLOWER STREET,100,E,N,A,-,Y,NA,NA,10,NA,NA,NA,R,NA,W,Y,3,0,1,1,A,-,01,23152,NA,N,E,J,A,A,H,-,C,D,0,NA,NA,NA,NA,Y,Y,A,01,0,1,0,0,0,0,0,0,0,-,-,34.03609848022461,-118.26912689208984,LOS ANGELES,LOS ANGELES,-118.26912689208984,34.03609848022461
9073540,2020,2020-08-10,1976,2020-05-04,1023,524,1976,1,5,5,1976,0,0,0,NA,0,002,SANTA FE SPRINGS RD,HOMEPARK DR,0,NA,Y,A,-,N,NA,NA,NA,NA,NA,NA,NA,NA,NA,Y,3,0,4,2,A,-,09,21804,A,N,D,C,A,A,H,-,A,D,0,NA,NA,NA,NA,Y,NA,A,07,0,1,3,0,0,0,0,0,0,-,-,NA,NA,LOS ANGELES,WHITTIER,-118.04425048828124,33.96540832519531
90735400,2018,2018-05-28,9590,2018-02-03,0204,021443,NA,6,3,7,1942,0,1,1,NA,2,051,I-110 SOUTHBOUND (HARBOR FREEWAY),MARTIN LUTHER KING BOULEVARD,1227,N,N,A,-,Y,NA,NA,110,NA,NA,NA,NA,NA,S,Y,1,1,0,1,A,-,08,22107,NA,N,E,I,A,A,H,-,C,D,0,NA,NA,Y,NA,Y,NA,C,02,0,0,0,0,0,0,0,1,0,-,-,34.01462936401367,-118.28140258789064,LOS ANGELES,LOS ANGELES,-118.28106689453124,34.014610290527344
90735413,2018,2018-05-28,9590,2018-05-19,1035,021078,NA,6,1,7,1942,0,1,2,NA,2,070,U.S. 101 N/B (SANTA ANA FWY.),LOS ANGELES ST.,100,S,N,A,-,Y,NA,NA,NA,NA,NA,NA,NA,NA,NA,Y,4,0,3,3,A,-,01,23152,A,N,C,C,A,A,H,-,A,D,0,NA,NA,NA,NA,Y,Y,D,22,0,0,3,0,0,0,0,0,0,-,-,34.05482864379883,-118.23892211914064,LOS ANGELES,LOS ANGELES,-118.23905181884766,34.05497360229492
90735415,2018,2018-05-28,9535,2018-05-15,0655,021441,NA,2,1,3,1914,0,1,1,NA,2,500,I-5 (SANTA ANA FREEWAY) N/B,WASHINGTON BLVD,0,NA,Y,A,-,Y,NA,NA,5,NA,NA,NA,NA,NA,N,Y,3,0,1,2,A,-,03,22350,NA,N,C,C,A,A,H,-,A,D,0,NA,NA,Y,NA,Y,NA,C,02,0,1,0,0,0,0,0,0,1,-,-,33.99589920043945,-118.14523315429688,LOS ANGELES,COMMERCE,-118.14533996582033,33.99580001831055
90735418,2018,2018-05-28,9535,2018-05-13,0315,021795,NA,7,3,9,1900,0,1,1,NA,2,651,I-605 S/B TO SR-60 W/B,I-605 S/B,860,W,N,A,-,Y,NA,NA,605,NA,NA,NA,R,NA,S,Y,3,0,2,1,A,-,08,22107,NA,N,F,A,A,A,H,-,C,D,0,NA,NA,NA,NA,Y,Y,A,01,0,1,1,0,0,0,0,0,0,-,-,34.03533935546875,-118.02969360351564,LOS ANGELES,UNINCORPORATED,-118.02969360351564,34.03533935546875
90735425,2018,2018-05-28,9550,2018-05-17,1930,021950,NA,4,2,9,1900,0,2,4,NA,1,022,LEFFINGWELL ROAD,LOMA DRIVE,0,NA,Y,A,-,N,NA,NA,NA,NA,NA,NA,NA,NA,NA,Y,4,0,2,2,A,-,12,21453,A,N,D,C,A,A,H,-,B,A,0,NA,NA,NA,NA,Y,NA,A,01,0,0,2,0,0,0,0,0,0,-,-,33.92171859741211,-118.03357696533205,LOS ANGELES,UNINCORPORATED,-118.0335693359375,33.92176055908203
90735429,2018,2018-05-28,9590,2018-05-20,0808,021762,NA,7,1,7,1942,0,1,1,NA,2,084,I-5 N/B (GOLDEN STATE FREEWAY),GLENDALE BOULEVARD,1500,S,N,B,-,Y,NA,NA,5,NA,NA,NA,NA,NA,N,Y,3,0,2,1,A,-,08,22107,NA,N,E,I,A,A,H,-,A,D,0,NA,NA,NA,NA,Y,NA,A,07,0,2,0,0,0,0,0,0,0,-,-,34.10932159423828,-118.2607421875,LOS ANGELES,LOS ANGELES,-118.26074981689452,34.10930252075195
90735436,2018,2018-05-28,9575,2018-05-23,1720,021878,NA,3,2,6,1912,0,1,3,NA,2,044,SR-134 E/B (VENTURA FREEWAY),RIVERSIDE DRIVE U/C,49,E,N,A,-,Y,NA,NA,134,NA,NA,NA,NA,NA,E,Y,4,0,2,4,A,-,03,22350,NA,N,C,C,A,A,H,-,A,D,0,NA,NA,NA,NA,Y,NA,A,01,0,0,2,0,0,0,0,0,0,-,-,34.153560638427734,-118.32626342773438,LOS ANGELES,BURBANK,-118.32626342773438,34.153560638427734
90735441,2018,2018-05-28,9550,2018-05-18,1640,021950,NA,5,2,5,1976,0,1,1,NA,2,650,INTERSTATE 605 SOUTHBOUND,WHITTIER BOULEVARD,1000,N,N,A,-,Y,NA,NA,605,NA,NA,NA,NA,NA,S,N,4,0,4,3,A,-,03,22350,NA,N,C,C,A,A,H,-,A,D,0,NA,NA,NA,NA,Y,NA,A,07,0,0,4,0,0,0,0,0,0,-,-,33.99961853027344,-118.06787109375,LOS ANGELES,WHITTIER,-118.06781768798828,33.99960708618164
90735450,2018,2018-05-28,9575,2018-05-21,1500,021849,NA,1,2,6,1953,0,1,1,NA,2,063,I-210 E/B (FOOTHILL FREEWAY),MOUNTAIN ST,3000,E,N,B,-,Y,NA,NA,210,NA,NA,NA,NA,NA,E,N,4,0,1,2,A,-,03,22350,NA,N,C,C,A,A,H,-,A,D,0,NA,NA,NA,NA,Y,NA,A,01,0,0,1,0,0,0,0,0,0,-,-,34.15747833251953,-118.15860748291016,LOS ANGELES,PASADENA,-118.15859222412108,34.15748596191406
90735452,2018,2018-05-28,9575,2018-05-14,1520,021878,NA,1,2,9,1900,0,3,5,NA,2,002,ALTADENA DRIVE (1800 BLOCK),ALLEN AVENUE,139,W,N,A,-,N,NA,NA,NA,NA,NA,NA,NA,NA,NA,Y,4,0,2,2,A,-,08,22107,NA,N,B,C,A,A,H,-,A,D,0,NA,NA,NA,NA,Y,NA,A,01,0,0,2,0,0,0,0,0,0,-,-,34.19068908691406,-118.11293029785156,LOS ANGELES,UNINCORPORATED,-118.11288452148438,34.190673828125
90735504,2018,2018-05-28,9530,2018-05-11,1510,022051,NA,5,2,7,1942,0,1,1,NA,2,400,I-405 S/B (SAN DIEGO FREEWAY),VERMONT AVE.,200,N,N,B,-,Y,NA,NA,405,NA,NA,NA,NA,NA,S,N,4,0,1,3,A,-,03,22350,NA,M,C,C,A,A,H,-,A,D,0,NA,NA,NA,Y,Y,NA,-,99,0,0,1,0,0,0,0,0,0,-,-,33.85953903198242,-118.29129791259766,LOS ANGELES,LOS ANGELES,-118.2913055419922,33.85950469970703
90735507,2018,2018-06-05,9530,2018-05-14,0620,021965,NA,1,1,9,1900,0,3,5,NA,2,002,ROSECRANS AVE.,STANFORD AVE.,0,NA,Y,A,-,N,NA,NA,NA,NA,NA,NA,NA,NA,NA,Y,4,0,2,3,A,-,08,22107,NA,N,D,C,E,A,H,-,A,A,0,Y,NA,NA,NA,Y,NA,A,01,0,0,2,0,1,0,0,0,0,-,-,33.90251159667969,-118.26209259033205,LOS ANGELES,UNINCORPORATED,-118.26209259033205,33.90242004394531
90735509,2018,2018-06-06,9530,2018-05-15,0945,021965,NA,2,1,9,1900,0,3,5,NA,2,005,MARINE AVE. (BLOCK# 3300),LEMOLI AVE.,320,W,N,A,-,N,NA,NA,NA,NA,NA,NA,NA,NA,NA,Y,4,0,2,2,A,-,08,22107,NA,N,D,C,A,A,H,-,A,D,0,NA,NA,NA,NA,Y,NA,A,01,0,0,2,0,0,0,0,0,0,-,-,33.894649505615234,-118.33197021484376,LOS ANGELES,UNINCORPORATED,-118.33192443847656,33.894676208496094
90735517,2018,2018-05-28,9550,2018-05-20,0035,021150,NA,7,3,9,1900,0,3,5,NA,2,004,HALLIBURTON ROAD,OPLYMPUS AVENUE,0,NA,Y,B,-,N,NA,NA,NA,NA,NA,NA,NA,NA,NA,Y,4,0,1,2,A,-,09,21804,A,N,A,C,A,A,H,-,C,D,0,NA,NA,NA,NA,Y,NA,A,01,0,0,1,0,0,0,0,0,0,-,-,33.99692916870117,-117.96630859375,LOS ANGELES,UNINCORPORATED,-117.966278,33.996942
90735524,2018,2018-05-28,9530,2018-05-24,1210,020375,NA,4,1,9,1900,0,3,5,NA,2,002,WILLOWBROOK AVE (12000 BLOCK),120TH ST.,176,S,N,A,-,Y,NA,NA,NA,NA,NA,NA,NA,NA,NA,N,2,0,1,2,A,-,11,21954,A,N,G,B,E,A,H,-,A,D,0,Y,NA,NA,NA,Y,NA,N,60,1,0,0,0,1,0,0,0,0,-,-,33.92266845703125,-118.23506927490234,LOS ANGELES,UNINCORPORATED,-118.23542785644533,33.9233283996582
90735525,2018,2018-08-13,9550,2018-05-19,0225,022012,NA,6,3,5,1919,0,1,1,NA,2,652,I-605 N/B,SOUTH STREET,3000,N,N,A,-,Y,NA,NA,NA,NA,NA,NA,NA,NA,NA,Y,3,0,1,2,A,-,08,22107,NA,F,B,C,A,A,H,-,C,D,0,NA,NA,NA,NA,Y,NA,A,01,0,1,0,0,0,0,0,0,0,-,-,33.52354049682617,-118.55729675292967,LOS ANGELES,CERRITOS,-118.09872436523438,33.86634063720703
90735543,2018,2018-05-28,9550,2018-04-16,1040,018412,NA,1,1,9,1900,0,1,1,NA,2,650,I-605 S/B,WASHINGTON BOULEVARD,500,N,N,A,-,Y,NA,NA,605,NA,NA,NA,NA,NA,S,N,4,0,1,3,A,-,03,22350,NA,F,C,C,A,A,H,-,A,D,0,NA,NA,NA,NA,Y,NA,-,99,0,0,1,0,0,0,0,0,0,-,-,33.976318359375,-118.07936096191406,LOS ANGELES,UNINCORPORATED,-118.0793685913086,33.976322174072266
90735548,2018,2018-05-28,9550,2018-02-24,1115,021934,NA,6,1,6,1949,0,1,1,NA,2,500,INTERSTATE 5 NB,TROJAN WAY,400,S,N,A,-,Y,NA,NA,NA,NA,NA,NA,NA,NA,NA,Y,4,0,1,2,A,-,03,22350,NA,F,C,C,A,A,H,-,A,D,0,NA,NA,NA,NA,Y,NA,A,01,0,0,1,0,0,0,0,0,0,-,-,33.8773193359375,-118.01602935791016,LOS ANGELES,NORWALK,NA,NA
90735551,2018,2018-05-28,9550,2018-05-19,1455,020928,NA,6,2,9,1900,0,3,5,NA,2,003,CLARK AVENUE,TURNBULL CANYON ROAD,31,W,N,B,-,N,NA,NA,NA,NA,NA,NA,NA,NA,NA,Y,3,0,2,2,A,-,08,22107,NA,N,A,C,A,A,H,-,A,A,0,NA,NA,NA,NA,Y,NA,A,07,0,2,0,0,0,0,0,0,0,-,-,34.01839065551758,-117.97386169433594,LOS ANGELES,UNINCORPORATED,-117.97377014160156,34.01835632324219
90735557,2018,2018-05-28,9525,2018-05-11,0207,021229,NA,5,3,9,1900,0,3,5,NA,2,004,FRANCISQUITO AVE (1100 BLOCK),CALIFORNIA AVE,528,W,N,B,-,N,NA,NA,NA,NA,NA,NA,NA,NA,NA,Y,4,0,1,1,A,-,01,23152,A,N,E,I,A,A,H,-,C,D,0,NA,NA,NA,NA,Y,Y,A,08,0,0,1,0,0,0,0,0,0,-,-,34.05131912231445,-117.95082092285156,LOS ANGELES,UNINCORPORATED,-117.95069122314452,34.05131912231445
90735562,2018,2018-05-28,9540,2018-05-14,1836,021389,NA,1,2,9,1900,0,2,4,NA,2,010,THE OLD ROAD,MARKET DRIVE SOUTH,153,S,N,A,-,N,NA,NA,NA,NA,NA,NA,NA,NA,NA,Y,4,0,1,2,A,-,01,23152,A,N,C,C,A,A,H,-,A,D,0,NA,NA,NA,NA,Y,Y,A,01,0,0,1,0,0,0,0,0,0,-,-,34.38227081298828,-118.57096862792967,LOS ANGELES,UNINCORPORATED,NA,NA
90735580,2018,2018-06-11,9540,2018-05-21,1650,021389,NA,1,2,9,1900,0,2,4,NA,2,081,THE OLD ROAD,HENRY MAYO DRIVE,0,NA,Y,A,-,N,NA,NA,NA,NA,NA,NA,NA,NA,NA,Y,3,0,3,2,A,-,17,21451,A,N,A,C,A,A,H,-,A,A,0,NA,NA,NA,NA,Y,NA,A,01,0,1,2,0,0,0,0,0,0,-,-,34.440738677978516,-118.6061782836914,LOS ANGELES,UNINCORPORATED,-118.60611724853516,34.44078063964844
9073559,2020,2020-08-07,1955,2020-05-04,1528,40620,100,1,5,6,1955,0,0,0,NA,0,003,MONTEREY AV,TOBY WY,150,W,N,A,-,N,NA,NA,NA,NA,NA,NA,NA,NA,NA,Y,4,0,1,3,A,-,08,22107,NA,N,B,E,A,A,H,-,A,D,0,NA,NA,NA,NA,Y,NA,A,01,0,0,1,0,0,0,0,0,0,-,-,NA,NA,LOS ANGELES,POMONA,-117.74262237548828,34.06072235107422
90735611,2018,2018-05-28,9580,2018-05-17,1625,019319,NA,4,2,7,1942,0,1,1,NA,2,406,I-405 N/B (SAN DIEGO FWY),NORDHOFF ST,2,S,N,A,-,Y,NA,NA,405,NA,NA,NA,NA,NA,N,N,4,0,1,2,A,-,03,22350,NA,N,C,C,A,A,H,-,A,D,0,NA,NA,NA,NA,Y,NA,A,01,0,0,1,0,0,0,0,0,0,-,-,34.235530853271484,-118.47293853759766,LOS ANGELES,LOS ANGELES,-118.4729461669922,34.235530853271484
90735612,2018,2018-05-28,9580,2018-05-17,1700,020811,NA,4,2,7,1942,0,1,1,NA,2,405,I-405 S/B (SAN DIEGO FWY),BURBANK BLVD,1000,N,N,A,-,Y,NA,NA,405,NA,NA,NA,NA,NA,S,Y,3,0,3,4,A,-,03,22350,NA,N,C,C,A,A,H,-,A,D,0,NA,NA,NA,NA,Y,NA,A,01,0,1,2,0,0,0,0,0,0,-,-,34.179420471191406,-118.4700164794922,LOS ANGELES,LOS ANGELES,-118.469970703125,34.17945861816406
90735613,2018,2018-05-28,9580,2018-05-17,1530,021592,NA,4,2,7,1942,0,1,2,NA,2,100,US-101 N/B (VENTURA FREEWAY),WOODMAN AVE,300,S,N,A,-,Y,NA,NA,101,NA,NA,NA,NA,NA,N,Y,4,0,1,2,A,-,03,22350,NA,N,C,C,A,A,H,-,A,D,0,NA,NA,NA,NA,Y,NA,A,01,0,0,1,0,0,0,0,0,0,-,-,34.1557502746582,-118.43599700927734,LOS ANGELES,LOS ANGELES,-118.43599700927734,34.15574645996094
90735619,2018,2018-05-28,9580,2018-05-13,0310,021461,NA,7,3,7,1942,0,1,2,NA,2,101,US-101 S/B (VENTURA FREEWAY),LAUREL CANYON BLVD,1500,N,N,A,-,Y,NA,NA,101,NA,NA,NA,NA,NA,S,Y,3,0,1,1,A,-,08,22107,NA,F,E,I,A,A,H,-,C,D,0,NA,NA,NA,NA,Y,NA,A,07,0,1,0,0,0,0,0,0,0,-,-,34.15658950805664,-118.40464782714844,LOS ANGELES,LOS ANGELES,-118.40464782714844,34.156593322753906
90735631,2018,2018-05-28,9525,2018-05-17,0940,015445,NA,4,1,6,1975,0,1,1,NA,2,105,I-10 W/B (SAN BERNARDINO FWY),GRAND AVE.,400,W,N,B,-,Y,NA,NA,10,NA,NA,NA,NA,NA,W,N,4,0,1,6,A,-,03,22350,NA,N,C,C,A,A,D,E,A,D,0,NA,NA,NA,Y,Y,NA,A,01,0,0,1,0,0,0,0,0,0,-,-,34.0719108581543,-117.87371063232422,LOS ANGELES,WEST COVINA,-117.87371063232422,34.071903228759766
90735635,2018,2018-05-28,9540,2018-05-18,0205,021361,NA,5,3,9,1900,0,2,4,NA,2,010,THE OLD RD,CALGROVE BLVD,7920,S,N,A,-,N,NA,NA,NA,NA,NA,NA,NA,NA,NA,Y,3,0,1,1,A,-,08,22107,NA,N,E,I,A,A,H,-,C,D,0,NA,NA,NA,Y,Y,NA,G,25,0,1,0,0,0,0,0,0,0,-,-,34.35013961791992,-118.54013061523438,LOS ANGELES,UNINCORPORATED,-118.53847503662108,34.34977722167969
90735637,2018,2018-06-21,9540,2018-05-19,1731,021308,NA,6,2,6,1985,0,1,3,NA,1,144,SR-14 N/B (ANTELOPE VALLEY FREEWAY),GOLDEN VALLEY RD,200,S,N,A,-,Y,NA,NA,14,NA,NA,NA,NA,NA,N,Y,4,0,2,3,A,-,07,21658,A,N,B,C,A,A,H,-,A,D,0,NA,NA,NA,NA,Y,NA,B,07,0,0,2,0,0,0,0,0,0,-,-,34.39210891723633,-118.47300720214844,LOS ANGELES,SANTA CLARITA,-118.4730224609375,34.392127990722656
90735651,2018,2018-05-28,9540,2018-05-19,1540,021308,NA,6,2,9,1900,0,3,5,NA,2,200,SAND CANYON RD. (25700 BLOCK),PLACERITA CANYON RD,1056,S,N,A,-,Y,NA,NA,NA,NA,NA,NA,NA,NA,NA,Y,2,0,2,2,A,-,08,22107,NA,N,D,C,A,A,H,-,A,D,0,NA,NA,Y,NA,Y,Y,C,02,1,0,1,0,0,0,0,0,1,-,-,34.37910842895508,-118.40234375,LOS ANGELES,UNINCORPORATED,-118.41156768798828,34.37924575805664
90735663,2018,2018-05-28,9535,2018-05-16,0600,016277,NA,3,1,9,1900,0,2,4,NA,2,022,OLYMPIC BOULEVARD,HENDRICKS AVENUE,0,NA,Y,A,-,N,NA,NA,NA,NA,NA,NA,NA,NA,NA,N,4,0,1,1,A,-,08,22107,NA,N,F,A,A,A,H,-,A,A,0,NA,NA,Y,NA,Y,NA,C,02,0,0,1,0,0,0,0,0,1,-,-,34.01300811767578,-118.14105987548828,LOS ANGELES,UNINCORPORATED,-118.14105987548828,34.01301956176758
90735667,2018,2018-07-23,9535,2018-05-16,0600,015636,NA,3,1,5,1943,0,1,1,NA,2,074,I-710 (LONG BEACH FREEWAY) N/B,I-105,1000,N,N,B,-,Y,NA,NA,710,NA,NA,NA,NA,NA,N,N,4,0,1,3,A,-,03,22350,NA,M,C,C,A,A,H,-,A,D,0,NA,NA,NA,NA,Y,NA,A,01,0,0,1,0,0,0,0,0,0,-,-,33.91604995727539,-118.17903900146484,LOS ANGELES,LYNWOOD,-118.17925262451172,33.916099548339844
90735671,2018,2018-05-28,9540,2018-05-25,1452,021389,NA,5,2,7,1942,0,1,1,NA,2,406,I-405 N/B (SAN DIEGO FREEWAY),RINALDI ST,528,N,N,A,-,Y,NA,NA,405,NA,NA,NA,NA,NA,N,Y,3,0,1,2,A,-,07,21658,A,N,B,C,A,A,H,-,A,D,0,NA,NA,Y,NA,Y,NA,A,01,0,1,0,0,0,0,0,0,1,-,-,34.282020568847656,-118.46887969970705,LOS ANGELES,LOS ANGELES,-118.46885681152344,34.28201675415039
90735678,2018,2018-06-01,9535,2018-05-17,1415,019121,NA,4,2,4,1962,0,1,1,NA,2,400,I-10 (SAN BERNARDINO FREEWAY) EB,NEW AVENUE,1000,E,N,A,-,Y,NA,NA,10,NA,NA,NA,NA,NA,E,N,4,0,2,4,A,-,03,22350,NA,N,C,C,A,A,H,-,A,D,0,NA,NA,NA,NA,Y,NA,A,01,0,0,2,0,0,0,0,0,0,-,-,34.07175827026367,-118.10372161865234,LOS ANGELES,SAN GABRIEL,-118.10372161865234,34.071678161621094
90735734,2018,2018-05-29,9575,2018-05-19,1010,016741,NA,6,1,9,1900,0,2,4,NA,2,320,ANGELES FOREST HWY,BIG TUJUNGA CANYON RD,15840,N,N,A,-,Y,NA,NA,NA,NA,NA,NA,NA,NA,NA,Y,3,0,1,1,A,-,03,22350,NA,N,F,A,A,A,H,-,A,D,0,NA,NA,Y,NA,Y,NA,C,02,0,1,0,0,0,0,0,0,1,-,-,34.31243133544922,-118.13648223876952,LOS ANGELES,UNINCORPORATED,-118.13581085205078,34.31385803222656
9073577,2020,2020-08-07,1942,2020-05-02,0310,44251,1515,6,5,7,1942,0,0,0,O,0,026,RADFORD AV,VANOWEN ST,200,N,N,A,-,N,NA,NA,NA,NA,NA,NA,NA,NA,NA,Y,4,0,1,3,A,-,01,23152,A,N,B,E,A,A,H,-,C,D,0,NA,NA,NA,NA,Y,Y,A,01,0,0,1,0,0,0,0,0,0,-,-,NA,NA,LOS ANGELES,LOS ANGELES,-118.39215850830078,34.194488525390625
90735794,2018,2018-05-29,9530,2018-05-16,1630,021771,NA,3,2,7,1942,0,1,1,NA,2,110,I-110 S/B (HARBOR FREEWAY),IMPERIAL HWY.,2640,N,N,A,-,Y,NA,NA,110,NA,NA,NA,NA,NA,S,N,4,0,1,2,A,-,07,21658,A,N,B,C,A,A,H,-,A,D,0,NA,NA,Y,NA,Y,NA,A,01,0,0,1,0,0,0,0,0,1,-,-,33.94192123413086,-118.28021240234376,LOS ANGELES,LOS ANGELES,-118.28009033203124,33.94192123413086
90735805,2018,2018-05-29,9545,2018-05-18,1045,021695,NA,5,1,9,1900,0,3,5,NA,2,003,SIERRA HWY,CROWN VALLEY RD,338,S,N,A,-,N,NA,NA,NA,NA,NA,NA,NA,NA,NA,N,3,0,1,2,A,-,09,21804,A,N,D,C,A,A,H,-,A,D,0,NA,NA,Y,NA,Y,NA,A,08,0,1,0,0,0,0,0,0,1,-,-,34.4928092956543,-118.1995086669922,LOS ANGELES,UNINCORPORATED,-118.19940185546876,34.49283981323242
90735810,2018,2018-05-29,9590,2018-05-19,1925,021831,NA,6,2,7,1942,0,1,1,NA,2,050,I-110 NB (HARBOR FREEWAY),39TH ST,100,N,N,A,-,Y,NA,NA,110,NA,NA,NA,NA,NA,N,Y,4,0,2,2,C,-,18,NA,NA,N,C,C,A,A,H,-,A,D,0,NA,NA,NA,NA,Y,NA,-,-,0,0,2,0,0,0,0,0,0,-,-,34.01388931274414,-118.2807388305664,LOS ANGELES,LOS ANGELES,-118.2808837890625,34.013893127441406
90735823,2018,2018-05-29,9575,2018-05-22,1900,021283,NA,2,2,7,1942,0,1,3,NA,2,044,SR-134 E/B (VENTURA FREEWAY),RIVERSIDE DR.,1000,W,N,A,-,Y,NA,NA,134,NA,NA,NA,NA,NA,E,Y,4,0,1,2,A,-,03,22350,NA,N,C,C,A,A,H,-,A,D,0,NA,NA,NA,NA,Y,NA,A,01,0,0,1,0,0,0,0,0,0,-,-,34.15578079223633,-118.29810333251952,LOS ANGELES,LOS ANGELES,-118.29810333251952,34.1557731628418
90735851,2018,2018-05-29,9525,2018-05-12,2035,021280,NA,6,2,4,1905,0,1,1,NA,2,204,I-210 E/B (FOOTHILL FWY),AZUSA AVE,1056,E,N,A,-,Y,NA,NA,210,NA,NA,NA,NA,NA,E,N,3,0,1,2,A,-,11,21954,A,N,G,B,E,A,H,-,C,D,0,Y,NA,NA,NA,Y,NA,N,60,0,1,0,0,1,0,0,0,0,-,-,34.121028900146484,-117.90062713623048,LOS ANGELES,AZUSA,-117.90062713623048,34.120994567871094
90735858,2018,2018-05-29,9575,2018-05-23,1400,021925,NA,3,2,7,1942,0,1,1,NA,2,052,I-5 S/B TO PENROSE STREET,PENROSE STREET,180,S,N,A,-,Y,NA,NA,5,NA,NA,NA,R,NA,S,Y,3,0,1,1,A,-,08,22107,NA,N,F,A,A,A,H,-,A,D,0,NA,NA,Y,NA,Y,NA,C,02,0,1,0,0,0,0,0,0,1,-,-,34.22557067871094,-118.3751983642578,LOS ANGELES,LOS ANGELES,-118.3751983642578,34.22557067871094