CASE_ID,ACCIDENT_YEAR,PROC_DATE,JURIS,COLLISION_DATE,COLLISION_TIME,OFFICER_ID,REPORTING_DISTRICT,DAY_OF_WEEK,CHP_SHIFT,POPULATION,CNTY_CITY_LOC,SPECIAL_COND,BEAT_TYPE,CHP_BEAT_TYPE,CITY_DIVISION_LAPD,CHP_BEAT_CLASS,BEAT_NUMBER,PRIMARY_RD,SECONDARY_RD,DISTANCE,DIRECTION,INTERSECTION,WEATHER_1,WEATHER_2,STATE_HWY_IND,CALTRANS_COUNTY,CALTRANS_DISTRICT,STATE_ROUTE,ROUTE_SUFFIX,POSTMILE_PREFIX,POSTMILE,LOCATION_TYPE,RAMP_INTERSECTION,SIDE_OF_HWY,TOW_AWAY,COLLISION_SEVERITY,NUMBER_KILLED,NUMBER_INJURED,PARTY_COUNT,PRIMARY_COLL_FACTOR,PCF_CODE_OF_VIOL,PCF_VIOL_CATEGORY,PCF_VIOLATION,PCF_VIOL_SUBSECTION,HIT_AND_RUN,TYPE_OF_COLLISION,MVIW,PED_ACTION,ROAD_SURFACE,ROAD_COND_1,ROAD_COND_2,LIGHTING,CONTROL_DEVICE,CHP_ROAD_TYPE,PEDESTRIAN_ACCIDENT,BICYCLE_ACCIDENT,MOTORCYCLE_ACCIDENT,TRUCK_ACCIDENT,NOT_PRIVATE_PROPERTY,ALCOHOL_INVOLVED,STWD_VEHTYPE_AT_FAULT,CHP_VEHTYPE_AT_FAULT,COUNT_SEVERE_INJ,COUNT_VISIBLE_INJ,COUNT_COMPLAINT_PAIN,COUNT_PED_KILLED,COUNT_PED_INJURED,COUNT_BICYCLIST_KILLED,COUNT_BICYCLIST_INJURED,COUNT_MC_KILLED,COUNT_MC_INJURED,PRIMARY_RAMP,SECONDARY_RAMP,LATITUDE,LONGITUDE,COUNTY,CITY,POINT_X,POINT_Y
90737868,2018,2018-05-31,9535,2018-03-11,1920,021119,NA,7,2,5,1969,0,1,1,NA,2,075,I-710 (LONG BEACH FREEWAY) S/B,SOUTHGATE RAILROAD UNDERPASS,355,S,N,A,-,Y,NA,NA,710,NA,NA,NA,NA,NA,S,N,1,1,0,2,A,-,11,21954,A,N,G,B,E,A,H,-,C,D,0,Y,NA,NA,NA,Y,NA,N,60,0,0,0,1,0,0,0,0,0,-,-,33.94977951049805,-118.17051696777344,LOS ANGELES,SOUTH GATE,-118.17050170898438,33.94977951049805
90737874,2018,2019-10-31,9565,2018-05-22,0930,017574,NA,2,1,9,1900,0,3,5,NA,2,002,BUDLONG AVE.,97TH STREET,0,NA,Y,A,-,N,NA,NA,NA,NA,NA,NA,NA,NA,NA,Y,4,0,1,2,A,-,09,21802,A,N,D,C,A,A,H,-,A,D,0,NA,NA,NA,NA,Y,NA,A,01,0,0,1,0,0,0,0,0,0,-,-,33.94779968261719,-118.29595184326172,LOS ANGELES,UNINCORPORATED,-118.2959213256836,33.947750091552734
90737884,2018,2018-05-31,9565,2018-05-22,1205,017574,NA,2,1,7,1942,0,1,1,NA,2,060,INTERSTATE 405 NORTHBOUND,LA TIJERA BLVD.,400,S,N,B,-,Y,NA,NA,405,NA,NA,NA,NA,NA,N,N,4,0,1,2,A,-,03,22350,NA,N,C,C,A,A,H,-,A,D,0,NA,NA,NA,NA,Y,NA,A,01,0,0,1,0,0,0,0,0,0,-,-,33.97100067138672,-118.3759994506836,LOS ANGELES,LOS ANGELES,-118.37602996826172,33.970947265625
90737890,2018,2018-05-31,9545,2018-05-24,1050,013963,NA,4,1,9,1900,0,3,5,NA,2,002,AVENUE O,15TH ST  W,0,NA,Y,A,-,N,NA,NA,NA,NA,NA,NA,NA,NA,NA,Y,4,0,1,2,A,-,09,21802,A,N,D,C,A,A,H,-,A,A,0,NA,NA,NA,NA,Y,NA,A,01,0,0,1,0,0,0,0,0,0,-,-,34.61661148071289,-118.15657806396484,LOS ANGELES,UNINCORPORATED,-118.15663146972656,34.616519927978516
90737892,2018,2018-05-31,9535,2018-05-18,1145,013584,NA,5,1,9,1900,0,2,4,NA,2,016,1ST ST,EASTMAN AVENUE,0,NA,Y,A,-,N,NA,NA,NA,NA,NA,NA,NA,NA,NA,N,4,0,1,2,A,-,21,22106,NA,N,G,B,B,A,H,-,A,A,0,Y,NA,NA,NA,Y,NA,A,07,0,0,1,0,1,0,0,0,0,-,-,34.036048889160156,-118.1858367919922,LOS ANGELES,UNINCORPORATED,-118.18582153320313,34.03601837158203
90737905,2018,2018-05-31,9565,2018-05-23,0054,021372,NA,3,3,9,1900,0,1,1,NA,2,012,I-105 WESTBOUND (CENTURY FWY),BUDLONG AVENUE,800,W,N,A,-,Y,NA,NA,105,NA,NA,NA,NA,NA,W,Y,4,0,1,2,A,-,08,22107,NA,N,C,C,A,A,H,-,C,D,0,NA,NA,NA,NA,Y,Y,A,01,0,0,1,0,0,0,0,0,0,-,-,33.92879867553711,-118.29428100585938,LOS ANGELES,UNINCORPORATED,-118.29428100585938,33.92885208129883
90737909,2018,2018-06-12,9540,2018-05-12,2200,021370,NA,6,3,9,1900,0,3,5,NA,2,001,WILDE AVE (25000 BLOCK),HEMINGWAY AVE,335,E,N,A,-,N,NA,NA,NA,NA,NA,NA,NA,NA,NA,N,3,0,1,3,A,-,21,22106,NA,F,H,C,E,A,H,-,D,D,0,Y,NA,NA,NA,Y,Y,A,01,0,1,0,0,1,0,0,0,0,-,-,34.38507080078125,-118.59059143066406,LOS ANGELES,UNINCORPORATED,-118.5905990600586,34.3851203918457
90737932,2018,2018-05-31,9525,2018-05-23,0820,021980,NA,3,1,9,1900,0,3,5,NA,2,002,BADILLO ST. (1400 BLOCK),NORA AVE.,0,NA,Y,B,-,N,NA,NA,NA,NA,NA,NA,NA,NA,NA,Y,4,0,1,2,A,-,09,21802,A,N,D,C,A,A,H,-,A,D,0,NA,NA,NA,NA,Y,NA,A,01,0,0,1,0,0,0,0,0,0,-,-,34.98699951171875,-117.93858337402344,LOS ANGELES,UNINCORPORATED,-117.9385223388672,34.086910247802734
90737937,2018,2018-05-31,9545,2018-05-29,1250,015351,NA,2,1,6,1950,0,1,3,NA,2,021,SR-14 S/B,AVENUE Q,500,S,N,A,-,Y,NA,NA,14,NA,NA,NA,NA,NA,S,Y,4,0,1,3,A,-,03,22350,NA,N,C,C,A,A,H,-,A,D,0,NA,NA,NA,NA,Y,NA,A,01,0,0,1,0,0,0,0,0,0,-,-,34.58570098876953,-118.13401794433594,LOS ANGELES,PALMDALE,-118.13400268554688,34.58570098876953
90737965,2018,2018-05-31,9530,2018-05-23,0700,022060,NA,3,1,7,1942,0,1,1,NA,2,110,I-110 N/B (HARBOR FREEWAY),104TH ST U/C,600,S,N,B,-,Y,NA,NA,110,NA,NA,NA,NA,NA,N,Y,4,0,1,2,A,-,08,22107,NA,N,E,I,A,A,H,-,A,D,0,NA,NA,NA,NA,Y,NA,A,01,0,0,1,0,0,0,0,0,0,-,-,33.94055938720703,-118.27963256835938,LOS ANGELES,LOS ANGELES,-118.27979278564452,33.9405632019043
90737998,2018,2018-05-31,9530,2018-05-23,2245,021016,NA,3,3,9,1900,0,3,5,NA,2,006,TORRANCE BLVD. (1010 BLOCK),CATALINA ST.,165,E,N,A,-,N,NA,NA,NA,NA,NA,NA,NA,NA,NA,N,3,0,1,2,A,-,11,21954,A,N,G,B,D,A,H,-,C,D,0,Y,NA,NA,NA,Y,NA,N,60,0,1,0,0,1,0,0,0,0,-,-,33.84199905395508,-118.2935028076172,LOS ANGELES,UNINCORPORATED,-118.29335784912108,33.84199523925781
90738006,2018,2018-05-31,9530,2018-05-23,1545,020923,NA,3,2,7,1942,0,1,1,NA,2,110,I-110 S/B (HARBOR FREEWAY),EL SEGUNDO BLVD.,2000,N,N,A,-,Y,NA,NA,110,NA,NA,NA,NA,NA,S,N,4,0,1,2,A,-,03,22350,NA,F,C,C,A,A,H,-,A,D,0,NA,NA,NA,NA,Y,NA,-,99,0,0,1,0,0,0,0,0,0,-,-,33.91981887817383,-118.28372192382813,LOS ANGELES,LOS ANGELES,-118.28359222412108,33.919700622558594
90738023,2018,2018-05-31,9535,2018-05-22,1130,014987,NA,2,1,9,1900,0,1,1,NA,2,501,I-5 (SANTA ANA FREEWAY) S/B,DITMAN AVE.,1000,S,N,A,-,Y,NA,NA,NA,NA,NA,NA,NA,NA,NA,N,4,0,1,3,A,-,07,21658,A,M,C,C,A,A,H,-,A,D,0,NA,NA,NA,NA,Y,NA,A,01,0,0,1,0,0,0,0,0,0,-,-,34.0177116394043,-118.17941284179688,LOS ANGELES,UNINCORPORATED,-118.1893310546875,34.03025817871094
90738069,2018,2018-05-31,9535,2018-05-19,2050,022100,NA,6,2,3,1914,0,1,1,NA,2,500,I-5 (SANTA ANA FREEWAY) N/B,GARFIELD AVE.,275,N,N,A,-,Y,NA,NA,5,NA,NA,NA,NA,NA,N,Y,4,0,1,4,A,-,03,22350,NA,N,C,C,A,A,H,-,B,D,0,NA,NA,NA,NA,Y,NA,A,07,0,0,1,0,0,0,0,0,0,-,-,33.9880485534668,-118.13794708251952,LOS ANGELES,COMMERCE,-118.1379165649414,33.98808288574219
90738076,2018,2018-05-31,9525,2018-05-23,1652,018366,NA,3,2,5,1990,0,1,3,NA,2,574,SR-57 N/B (ORANGE FWY),DIAMOND BAR BLVD.,20,S,N,A,-,Y,NA,NA,57,NA,NA,NA,NA,NA,N,N,4,0,1,2,A,-,03,22350,NA,N,C,C,A,A,H,-,A,D,0,NA,NA,NA,NA,Y,NA,A,01,0,0,1,0,0,0,0,0,0,-,-,33.96828842163086,-117.8490982055664,LOS ANGELES,DIAMOND BAR,-117.84896850585938,33.96820068359375
90738086,2018,2018-05-31,9530,2018-05-23,1120,021994,NA,3,1,9,1900,0,3,5,NA,2,001,SLAUSON AVE (1100 BLOCK),CENTRAL AVE.,220,E,N,B,-,N,NA,NA,NA,NA,NA,NA,NA,NA,NA,N,4,0,1,2,A,-,09,21804,A,N,H,G,A,A,H,-,A,D,0,NA,Y,NA,NA,Y,NA,A,01,0,0,1,0,0,0,1,0,0,-,-,33.98923873901367,-118.25562286376952,LOS ANGELES,UNINCORPORATED,-118.2557373046875,33.989341735839844
90738120,2018,2019-04-02,9540,2018-04-01,0034,021360,NA,7,3,7,1942,0,1,3,NA,1,144,SR-14 (N/B)(ANTELOPE VALLEY FREEWAY),VIA PRINCESSA,529,S,N,A,-,Y,NA,NA,NA,NA,NA,NA,NA,NA,NA,Y,1,2,0,1,A,-,01,23152,A,N,E,I,A,A,H,-,D,D,0,NA,NA,NA,NA,Y,Y,A,07,0,0,0,0,0,0,0,0,0,-,-,34.402061462402344,-118.45475769042967,LOS ANGELES,LOS ANGELES,-118.4563217163086,34.40166091918945
90738123,2018,2018-05-31,9535,2018-05-22,1640,017943,NA,2,2,5,1901,0,1,1,NA,2,420,I-10 (SAN BERNARDINO FREEWAY) E/B,GARFIELD AVE,550,W,N,A,-,Y,NA,NA,10,NA,NA,NA,NA,NA,E,N,4,0,1,3,A,-,03,22350,NA,N,C,C,A,A,H,-,A,D,0,NA,NA,NA,NA,Y,NA,D,22,0,0,1,0,0,0,0,0,0,-,-,34.0714111328125,-118.1246337890625,LOS ANGELES,ALHAMBRA,-118.1246337890625,34.071434020996094
90738124,2018,2018-05-31,9530,2018-05-23,0735,020923,NA,3,1,7,1942,0,1,1,NA,2,110,I-110 N/B TO IMPERIAL HWY,117TH ST.,200,N,N,B,-,Y,NA,NA,110,NA,NA,NA,R,NA,N,Y,4,0,1,2,A,-,03,22350,NA,N,C,C,A,A,H,-,A,D,0,NA,NA,NA,NA,Y,NA,A,01,0,0,1,0,0,0,0,0,0,-,-,33.92761993408203,-118.28041076660156,LOS ANGELES,LOS ANGELES,-118.28041076660156,33.92761993408203
90738154,2018,2018-05-31,9565,2018-05-22,1220,022093,NA,2,1,7,1942,0,1,1,NA,2,063,I-405 S/B (SAN DIEGO FWY),OLYMPIC BLVD,1056,N,N,A,-,Y,NA,NA,405,NA,NA,NA,NA,NA,S,N,4,0,1,5,A,-,03,22350,NA,N,C,C,A,A,H,-,A,D,0,NA,NA,NA,NA,Y,NA,D,22,0,0,1,0,0,0,0,0,0,-,-,34.04035186767578,-118.44132232666016,LOS ANGELES,LOS ANGELES,-118.44120025634766,34.04045104980469
90738157,2018,2018-05-31,9535,2018-05-23,0505,021778,NA,3,3,6,1922,0,1,1,NA,2,400,I-10 (SAN BERNARDINO FREEWAY) E/B,PECK RD,40,E,N,A,-,Y,NA,NA,NA,NA,NA,NA,NA,NA,NA,Y,4,0,1,2,A,-,03,22350,NA,N,C,C,A,A,H,-,B,D,0,NA,NA,NA,NA,Y,NA,A,01,0,0,1,0,0,0,0,0,0,-,-,34.067501068115234,-118.01856231689452,LOS ANGELES,EL MONTE,-118.02899169921876,34.067901611328125
90738170,2018,2018-05-31,9535,2018-05-23,1205,015636,NA,3,1,5,1943,0,1,1,NA,2,074,I-710 (LONG BEACH FREEWAY) N/B,I-105,2500,N,N,B,-,Y,NA,NA,710,NA,NA,NA,NA,NA,N,Y,4,0,1,3,A,-,03,22350,NA,N,C,C,A,A,H,-,A,D,0,NA,NA,NA,NA,Y,NA,A,01,0,0,1,0,0,0,0,0,0,-,-,33.92089080810547,-118.17823028564452,LOS ANGELES,LYNWOOD,-118.1782455444336,33.920894622802734
90738183,2018,2018-05-31,9535,2018-05-23,1534,019121,NA,3,2,5,1901,0,1,1,NA,2,420,I-10 (SAN BERNARDINO FREEWAY) EB,ATLANTIC BOULEVARD,1200,W,N,A,-,Y,NA,NA,10,NA,NA,NA,NA,NA,E,Y,4,0,3,4,A,-,03,22350,NA,M,C,C,A,A,H,-,A,D,0,NA,NA,NA,NA,Y,NA,A,01,0,0,3,0,0,0,0,0,0,-,-,34.07126998901367,-118.14308166503906,LOS ANGELES,ALHAMBRA,-118.14308166503906,34.07123947143555
90738187,2018,2018-05-31,9530,2018-05-24,0938,021875,NA,4,1,7,1942,0,1,1,NA,2,400,I-405 N/B (SAN DIEGO FREEWAY),190TH ST.,2640,N,N,B,-,Y,NA,NA,405,NA,NA,NA,NA,NA,N,N,4,0,1,2,A,-,03,22350,NA,N,C,C,A,A,H,-,A,D,0,NA,NA,NA,NA,Y,NA,A,01,0,0,1,0,0,0,0,0,0,-,-,33.85993957519531,-118.29756927490234,LOS ANGELES,LOS ANGELES,-118.29756927490234,33.859920501708984
90738238,2018,2018-05-31,9530,2018-05-24,1035,021792,NA,4,1,9,1900,0,3,5,NA,2,002,WATTS AVE.,115TH ST.,0,NA,Y,B,-,N,NA,NA,NA,NA,NA,NA,NA,NA,NA,N,3,0,2,2,A,-,09,21802,A,N,D,C,A,A,H,-,A,A,0,NA,NA,NA,NA,Y,NA,A,07,0,1,1,0,0,0,0,0,0,-,-,33.93056106567383,-118.22808837890624,LOS ANGELES,UNINCORPORATED,-118.22814178466795,33.93069076538086
90738247,2018,2018-05-31,9530,2018-05-25,1540,021965,NA,5,2,9,1900,0,1,1,NA,2,120,I-110 S/B (HARBOR FREEWAY),223RD ST.,580,N,N,A,-,Y,NA,NA,110,NA,NA,NA,NA,NA,S,Y,4,0,1,3,A,-,03,22350,NA,N,C,C,A,A,H,-,A,D,0,NA,NA,NA,NA,Y,NA,A,07,0,0,1,0,0,0,0,0,0,-,-,33.82606887817383,-118.28769683837892,LOS ANGELES,UNINCORPORATED,-118.28749847412108,33.826072692871094
90738255,2018,2018-05-31,9565,2018-05-26,1235,015275,NA,6,1,6,1933,0,1,1,NA,2,060,I-405 N/B (SAN DIEGO FREEWAY),MANCHESTER BOULEVARD,528,S,N,B,-,Y,NA,NA,405,NA,NA,NA,NA,NA,N,Y,4,0,2,2,A,-,03,22350,NA,N,C,C,A,A,H,-,A,D,0,NA,NA,NA,NA,Y,NA,A,01,0,0,2,0,0,0,0,0,0,-,-,33.9592399597168,-118.36921691894533,LOS ANGELES,INGLEWOOD,-118.36920928955078,33.9592399597168
90738266,2018,2018-05-31,9565,2018-05-22,0700,019420,NA,2,1,9,1900,0,3,5,NA,2,003,KENISTON AVE,W 57TH STREET,0,NA,Y,B,-,N,NA,NA,NA,NA,NA,NA,NA,NA,NA,N,4,0,1,2,A,-,12,22450,A,F,D,C,A,A,H,-,A,A,0,NA,NA,NA,NA,Y,NA,-,99,0,0,1,0,0,0,0,0,0,-,-,33.99079132080078,-118.34198760986328,LOS ANGELES,UNINCORPORATED,-118.3420181274414,33.990779876708984
90738269,2018,2018-05-31,9590,2018-05-25,0727,022089,NA,5,1,7,1942,0,1,1,NA,2,052,I-110 N/B (HAF) COLLECTOR,7TH STREET,500,S,N,A,-,Y,NA,NA,110,NA,NA,NA,NA,NA,N,N,3,0,1,3,A,-,03,22350,NA,N,C,C,A,A,H,-,A,D,0,NA,NA,NA,NA,Y,NA,A,07,0,1,0,0,0,0,0,0,0,-,-,34.049251556396484,-118.26380920410156,LOS ANGELES,LOS ANGELES,-118.26393127441406,34.04945373535156
90738284,2018,2018-05-31,9525,2018-05-24,1015,019941,NA,4,1,4,1946,0,1,1,NA,2,211,I-210 W/B (FOOTHILL FWY),HUNTINGTON DR.,1584,E,N,B,-,Y,NA,NA,210,NA,NA,NA,NA,NA,W,Y,4,0,1,2,A,-,03,22350,NA,N,C,C,A,A,H,-,A,D,0,NA,NA,Y,NA,Y,NA,C,02,0,0,1,0,0,0,0,0,1,-,-,34.13589096069336,-118.00807189941406,LOS ANGELES,MONROVIA,-118.008056640625,34.13593673706055
90738302,2018,2018-05-31,9530,2018-05-25,1345,020364,NA,5,1,7,1942,0,1,1,NA,2,110,I-110 S/B (HARBOR FREEWAY),REDONDO BEACH BLVD.,1000,N,N,A,-,Y,NA,NA,110,NA,NA,NA,NA,NA,S,Y,4,0,1,3,A,-,03,22350,NA,N,C,C,A,A,H,-,A,D,0,NA,NA,NA,NA,Y,NA,A,07,0,0,1,0,0,0,0,0,0,-,-,33.89569091796875,-118.28614044189452,LOS ANGELES,LOS ANGELES,-118.28619384765624,33.89567947387695
90738324,2018,2018-05-31,9580,2018-05-21,1440,016550,NA,1,2,9,1900,0,1,2,NA,2,106,US-101 N/B (VENTURA FREEWAY),MUREAU RD,3696,N,N,A,-,Y,NA,NA,101,NA,NA,NA,NA,NA,N,Y,3,0,1,1,A,-,08,22107,NA,N,F,A,A,A,B,-,A,D,0,NA,NA,NA,NA,Y,NA,A,01,0,1,0,0,0,0,0,0,0,-,-,34.150291442871094,-118.67610931396484,LOS ANGELES,UNINCORPORATED,-118.67613983154295,34.150203704833984
90738326,2018,2018-05-31,9550,2018-05-24,1700,020928,NA,4,2,9,1900,0,3,5,NA,2,001,GREYFORD ST,BLACKFORD AVE,50,E,N,A,-,N,NA,NA,NA,NA,NA,NA,NA,NA,NA,N,4,0,1,2,A,-,11,21950,B,N,B,B,E,A,H,-,A,A,0,Y,NA,NA,NA,Y,NA,N,60,0,0,1,0,1,0,0,0,0,-,-,33.96963119506836,-118.05802917480467,LOS ANGELES,UNINCORPORATED,-118.05854034423828,33.97031021118164
90738329,2018,2018-05-31,9525,2018-05-24,2300,020572,NA,4,3,9,1900,0,1,3,NA,1,024,SR-39 (SAN GABRIEL CANYON RD.),EAST FORK RD.,5280,S,N,A,-,Y,NA,NA,39,NA,NA,NA,NA,NA,NA,Y,2,0,1,1,A,-,03,22350,NA,N,E,I,A,A,H,-,D,D,0,NA,NA,NA,NA,Y,NA,A,01,1,0,0,0,0,0,0,0,0,-,-,34.21540069580078,-117.86408996582033,LOS ANGELES,UNINCORPORATED,-117.8640594482422,34.21531677246094
90738337,2018,2018-05-31,9525,2018-05-24,2320,019970,NA,4,3,6,1955,0,1,1,NA,2,108,I-10 E/B (SAN BERNARDINO FWY),FAIRPLEX DR.,500,W,N,B,-,Y,NA,NA,10,NA,NA,NA,NA,NA,E,Y,4,0,1,1,A,-,08,22107,NA,N,E,I,A,A,H,-,D,D,0,NA,NA,NA,NA,Y,NA,A,01,0,0,1,0,0,0,0,0,0,-,-,34.072410583496094,-117.78919982910156,LOS ANGELES,POMONA,-117.78921508789064,34.072486877441406
90738384,2018,2018-05-31,9590,2018-05-26,2350,021480,NA,6,3,7,1942,0,1,2,NA,2,072,US-101 N/B (HOLLYWOOD FREEWAY),SUNSET BOULEVARD,500,S,N,A,-,Y,NA,NA,101,NA,NA,NA,NA,NA,N,N,4,0,1,2,A,-,03,22350,NA,N,C,C,A,A,H,-,C,D,0,NA,NA,NA,NA,Y,NA,A,01,0,0,1,0,0,0,0,0,0,-,-,34.095741271972656,-118.31217193603516,LOS ANGELES,LOS ANGELES,-118.31218719482422,34.0957145690918
90738411,2018,2018-05-31,9590,2018-05-26,0326,021317,NA,6,3,7,1942,0,1,3,NA,2,030,SR-60 E/B (POMONA FREEWAY),WHITTIER BLVD,200,W,N,A,-,Y,NA,NA,60,NA,NA,NA,NA,NA,E,Y,4,0,1,1,A,-,08,22107,NA,N,E,I,A,A,H,-,D,D,0,NA,NA,NA,NA,Y,NA,A,01,0,0,1,0,0,0,0,0,0,-,-,34.02872085571289,-118.20375061035156,LOS ANGELES,LOS ANGELES,-118.20374298095705,34.02866744995117
90738417,2018,2018-05-31,9540,2018-05-23,1820,020079,NA,3,2,9,1900,0,3,5,NA,2,200,LITTLE TUJUNGA CANYON ROAD,SANTA CLARA TRUCK TRAIL,1056,S,N,A,-,N,NA,NA,NA,NA,NA,NA,NA,NA,NA,Y,4,0,1,1,A,-,03,22350,NA,N,E,I,A,A,H,-,A,D,0,NA,NA,NA,NA,Y,NA,A,01,0,0,1,0,0,0,0,0,0,-,-,34.358131408691406,-118.39070129394533,LOS ANGELES,UNINCORPORATED,-118.39183807373048,34.357913970947266
90738460,2018,2018-05-31,9550,2018-05-21,0650,019857,NA,1,1,3,1964,0,1,1,NA,2,500,INTERSTATE 5 N/B,I-605,480,S,N,A,-,Y,NA,NA,NA,NA,NA,NA,NA,NA,NA,Y,4,0,2,3,A,-,03,22350,NA,N,C,C,A,A,H,-,A,D,0,NA,NA,NA,NA,Y,NA,A,01,0,0,2,0,0,0,0,0,0,-,-,33.937870025634766,-118.0979232788086,LOS ANGELES,SANTA FE SPRINGS,-118.09586334228516,33.940208435058594
90738481,2018,2018-05-31,9580,2018-05-21,1455,021963,NA,1,2,7,1942,0,1,1,NA,2,404,I-405 N/B TO US-101,US-101,500,S,N,A,-,Y,NA,NA,405,NA,NA,NA,R,NA,N,N,4,0,1,3,A,-,03,22350,NA,N,C,C,A,A,H,-,A,D,0,NA,NA,NA,NA,Y,NA,A,01,0,0,1,0,0,0,0,0,0,-,-,34.158050537109375,-118.46846771240234,LOS ANGELES,LOS ANGELES,-118.46846771240234,34.158050537109375
90738523,2018,2018-05-31,9565,2018-05-22,1434,022038,NA,2,2,7,1942,0,1,1,NA,2,083,I-10 E/B TO NATIONAL BLVD,OVERLAND AVE,156,W,N,A,-,Y,NA,NA,10,NA,NA,NA,R,NA,E,Y,4,0,3,3,A,-,03,22350,NA,N,C,C,A,A,H,-,A,D,0,NA,NA,NA,NA,Y,NA,A,01,0,0,3,0,0,0,0,0,0,-,-,34.03158950805664,-118.41805267333984,LOS ANGELES,LOS ANGELES,-118.41805267333984,34.03158950805664
90738535,2018,2018-05-31,9525,2018-05-25,1715,020989,NA,5,2,4,1905,0,1,1,NA,2,204,I-210 E/B (FOOTHILL FWY),AZUSA AVE,365,E,N,B,-,Y,NA,NA,210,NA,NA,NA,NA,NA,E,Y,3,0,1,2,A,-,07,21658,A,N,B,C,A,A,H,-,A,D,0,NA,NA,Y,NA,Y,NA,A,01,0,1,0,0,0,0,0,0,1,-,-,34.12104034423828,-117.8980712890625,LOS ANGELES,AZUSA,-117.8980712890625,34.120994567871094
90738542,2018,2018-05-31,9525,2018-05-25,1750,019495,NA,5,2,5,1906,0,1,1,NA,2,104,I-10 E/B (SAN BERNARDINO FWY),I-605,100,E,N,A,-,Y,NA,NA,10,NA,NA,NA,NA,NA,E,N,4,0,4,4,A,-,03,22350,NA,N,C,C,A,A,H,-,A,D,0,NA,NA,NA,NA,Y,NA,A,01,0,0,4,0,0,0,0,0,0,-,-,34.06529998779297,-117.99829864501952,LOS ANGELES,BALDWIN PARK,-117.998291015625,34.06521987915039
90738557,2018,2018-05-31,9525,2018-05-25,1809,021080,NA,5,2,5,1906,0,1,1,NA,2,104,I-10 E/B (SAN BERNARDINO FWY),PUENTE AVE,1056,W,N,A,-,Y,NA,NA,10,NA,NA,NA,NA,NA,E,Y,3,0,1,2,A,-,07,21658,A,N,B,C,A,A,H,-,A,D,0,NA,NA,Y,NA,Y,NA,D,22,0,1,0,0,0,0,0,0,1,-,-,34.06978988647461,-117.9645767211914,LOS ANGELES,BALDWIN PARK,-117.96456909179688,34.06972122192383
90738558,2018,2018-05-31,9550,2018-05-24,1825,021196,NA,4,2,3,1964,0,1,1,NA,2,501,I-5 N/B,ALONDRA BOULEVARD,300,S,N,B,-,Y,NA,NA,5,NA,NA,NA,NA,NA,N,Y,4,0,3,2,A,-,03,22350,NA,N,C,C,A,A,H,-,A,D,0,NA,NA,NA,NA,Y,NA,A,07,0,0,3,0,0,0,0,0,0,-,-,33.887489318847656,-118.03462982177734,LOS ANGELES,SANTA FE SPRINGS,-118.03472137451172,33.8873176574707
90738562,2018,2018-05-31,9580,2018-05-19,0800,020451,NA,6,1,7,1942,0,1,2,NA,2,108,US-101 N/B (VENTURA FREEWAY),LINDERO CANYON RD,425,S,N,A,-,Y,NA,NA,NA,NA,NA,NA,NA,NA,NA,Y,4,0,1,1,A,-,08,22107,NA,M,E,I,A,A,H,-,A,D,0,NA,NA,NA,NA,Y,NA,A,01,0,0,1,0,0,0,0,0,0,-,-,34.14781188964844,-118.79995727539064,LOS ANGELES,LOS ANGELES,-118.80281066894533,34.14878845214844
90738566,2018,2019-06-28,9525,2018-05-25,1820,020907,NA,5,2,9,1900,0,3,5,NA,2,003,TEMPLE AVE. (17000 BLOCK),AZUSA AVE,200,E,N,A,-,N,NA,NA,NA,NA,NA,NA,NA,NA,NA,Y,4,0,1,2,A,-,09,21804,A,N,D,C,A,A,H,-,B,D,0,NA,NA,NA,NA,Y,NA,A,07,0,0,1,0,0,0,0,0,0,-,-,34.02471923828125,-117.91686248779295,LOS ANGELES,UNINCORPORATED,-117.91704559326172,34.024600982666016
90738611,2018,2018-05-31,9550,2018-05-25,1235,020025,NA,5,1,9,1900,0,1,1,NA,2,650,I-605 SB,SARAGOSA ST,700,N,N,A,-,Y,NA,NA,605,NA,NA,NA,NA,NA,S,Y,4,0,1,3,A,-,08,22107,NA,N,C,C,A,A,H,-,A,D,0,NA,NA,NA,NA,Y,NA,A,01,0,0,1,0,0,0,0,0,0,-,-,33.98101043701172,-118.07554626464844,LOS ANGELES,UNINCORPORATED,-118.07562255859376,33.981082916259766
90738635,2018,2018-05-31,9590,2018-05-21,1625,021122,NA,1,2,7,1942,0,1,1,NA,2,081,I-5 S/B (GOLDEN STATE FREEWAY),STATE STREET O/C,525,N,N,B,-,Y,NA,NA,5,NA,NA,NA,NA,NA,S,Y,3,0,1,3,A,-,07,21658,A,N,B,C,A,A,H,-,A,A,0,NA,NA,NA,NA,Y,NA,A,01,0,1,0,0,0,0,0,0,0,-,-,34.0538215637207,-118.21418762207033,LOS ANGELES,LOS ANGELES,-118.21421051025392,34.05381774902344