CASE_ID,ACCIDENT_YEAR,PROC_DATE,JURIS,COLLISION_DATE,COLLISION_TIME,OFFICER_ID,REPORTING_DISTRICT,DAY_OF_WEEK,CHP_SHIFT,POPULATION,CNTY_CITY_LOC,SPECIAL_COND,BEAT_TYPE,CHP_BEAT_TYPE,CITY_DIVISION_LAPD,CHP_BEAT_CLASS,BEAT_NUMBER,PRIMARY_RD,SECONDARY_RD,DISTANCE,DIRECTION,INTERSECTION,WEATHER_1,WEATHER_2,STATE_HWY_IND,CALTRANS_COUNTY,CALTRANS_DISTRICT,STATE_ROUTE,ROUTE_SUFFIX,POSTMILE_PREFIX,POSTMILE,LOCATION_TYPE,RAMP_INTERSECTION,SIDE_OF_HWY,TOW_AWAY,COLLISION_SEVERITY,NUMBER_KILLED,NUMBER_INJURED,PARTY_COUNT,PRIMARY_COLL_FACTOR,PCF_CODE_OF_VIOL,PCF_VIOL_CATEGORY,PCF_VIOLATION,PCF_VIOL_SUBSECTION,HIT_AND_RUN,TYPE_OF_COLLISION,MVIW,PED_ACTION,ROAD_SURFACE,ROAD_COND_1,ROAD_COND_2,LIGHTING,CONTROL_DEVICE,CHP_ROAD_TYPE,PEDESTRIAN_ACCIDENT,BICYCLE_ACCIDENT,MOTORCYCLE_ACCIDENT,TRUCK_ACCIDENT,NOT_PRIVATE_PROPERTY,ALCOHOL_INVOLVED,STWD_VEHTYPE_AT_FAULT,CHP_VEHTYPE_AT_FAULT,COUNT_SEVERE_INJ,COUNT_VISIBLE_INJ,COUNT_COMPLAINT_PAIN,COUNT_PED_KILLED,COUNT_PED_INJURED,COUNT_BICYCLIST_KILLED,COUNT_BICYCLIST_INJURED,COUNT_MC_KILLED,COUNT_MC_INJURED,PRIMARY_RAMP,SECONDARY_RAMP,LATITUDE,LONGITUDE,COUNTY,CITY,POINT_X,POINT_Y
90740470,2018,2018-06-04,9580,2018-05-17,0055,022019,NA,4,3,7,1942,0,1,1,NA,2,404,I-405 N/B (SAN DIEGO FWY),SHERMAN WAY,900,S,N,A,-,Y,NA,NA,405,NA,NA,NA,NA,NA,N,Y,4,0,2,2,A,-,01,23152,NA,N,C,C,A,A,H,-,C,D,0,NA,NA,NA,NA,Y,Y,A,01,0,0,2,0,0,0,0,0,0,-,-,34.1973991394043,-118.4740982055664,LOS ANGELES,LOS ANGELES,-118.47412109375,34.19740295410156
90740476,2018,2018-06-04,9550,2018-05-21,1522,018412,NA,1,2,5,1919,0,1,3,NA,2,091,SR-91 W/B,I-605 FREEWAY,480,W,N,A,-,Y,NA,NA,91,NA,NA,NA,NA,NA,W,N,4,0,1,3,A,-,08,22107,NA,F,E,I,A,A,H,-,A,D,0,NA,NA,Y,NA,Y,NA,-,99,0,0,1,0,0,0,0,0,0,-,-,33.876251220703125,-118.10462951660156,LOS ANGELES,CERRITOS,-118.10462951660156,33.876365661621094
90740482,2018,2018-06-04,9530,2018-05-25,1745,021493,NA,5,2,7,1942,0,1,1,NA,2,110,I-110 S/B (HARBOR FREEWAY),108TH ST.,300,N,N,A,-,Y,NA,NA,110,NA,NA,NA,NA,NA,S,Y,4,0,2,4,A,-,03,22350,NA,N,C,C,A,A,H,-,A,D,0,NA,NA,NA,NA,Y,NA,A,01,0,0,2,0,0,0,0,0,0,-,-,33.939178466796875,-118.28008270263672,LOS ANGELES,LOS ANGELES,-118.2800521850586,33.93918228149414
90740483,2018,2018-06-04,9530,2018-05-27,2000,021059,NA,7,2,7,1941,0,1,1,NA,2,072,I-710 S/B (LONG BEACH FREEWAY),WARDLOW RD.,2323,S,N,B,-,Y,NA,NA,710,NA,NA,NA,NA,NA,S,Y,3,0,5,1,A,-,08,22107,NA,N,F,A,A,A,H,-,D,D,0,NA,NA,NA,NA,Y,NA,A,01,0,5,0,0,0,0,0,0,0,-,-,33.81521987915039,-118.20722198486328,LOS ANGELES,LONG BEACH,-118.2070541381836,33.81521987915039
90740502,2018,2018-06-04,9590,2018-05-29,2035,018529,NA,2,2,7,1942,0,1,1,NA,2,060,I-10 E/B,WESTERN AVE.,1300,E,N,B,-,Y,NA,NA,10,NA,NA,NA,NA,NA,E,Y,4,0,1,3,A,-,03,22350,NA,F,C,C,A,A,H,-,C,D,0,NA,NA,NA,NA,Y,NA,A,07,0,0,1,0,0,0,0,0,0,-,-,34.03705978393555,-118.3039779663086,LOS ANGELES,LOS ANGELES,-118.3039779663086,34.03697204589844
90740527,2018,2018-12-03,9540,2018-05-26,2045,021447,NA,6,2,7,1942,0,1,1,NA,2,210,I-210 W/B (FOOTHILL FWY.),MACLAY ST,1000,W,N,A,-,Y,NA,NA,210,NA,NA,NA,NA,NA,W,Y,4,0,1,3,A,-,03,22350,NA,N,C,C,A,A,H,-,C,D,0,NA,NA,NA,Y,Y,NA,A,07,0,0,1,0,0,0,0,0,0,-,-,34.30276107788086,-118.42292022705078,LOS ANGELES,LOS ANGELES,-118.42295074462892,34.3027229309082
90740573,2018,2018-06-04,9530,2018-05-25,0845,021902,NA,5,1,9,1900,0,3,5,NA,2,001,58TH PL.,HOOPER AVE.,0,NA,Y,B,-,N,NA,NA,NA,NA,NA,NA,NA,NA,NA,N,2,0,1,2,A,-,09,21802,A,N,D,G,A,A,H,-,A,A,0,NA,Y,NA,NA,Y,NA,L,04,1,0,0,0,0,0,1,0,0,-,-,33.98863983154297,-118.25212860107422,LOS ANGELES,UNINCORPORATED,-118.25212097167967,33.98860168457031
90740581,2018,2018-06-04,9590,2018-05-29,0900,021789,NA,2,1,7,1942,0,1,1,NA,2,083,I-5 S/B (GSF) TO SR-110 S/B (ASP),SR-110 S/B (ASP),4000,S,N,A,-,Y,NA,NA,5,NA,NA,NA,R,NA,S,Y,4,0,1,2,A,-,03,22350,NA,N,C,C,A,A,H,-,A,D,0,NA,NA,NA,NA,Y,NA,A,07,0,0,1,0,0,0,0,0,0,-,-,34.087371826171875,-118.23503875732422,LOS ANGELES,LOS ANGELES,-118.23503875732422,34.087371826171875
90740604,2018,2018-06-04,9565,2018-05-23,1750,022093,NA,3,2,4,1918,0,1,1,NA,2,061,I-405 S/B (SAN DIEGO FREEWAY),WASHINGTON PLACE,170,S,N,A,-,Y,NA,NA,NA,NA,NA,NA,NA,NA,NA,Y,4,0,1,2,A,-,08,22107,NA,N,C,C,A,A,H,-,A,D,0,NA,NA,Y,NA,Y,NA,A,01,0,0,1,0,0,0,0,0,1,-,-,33.00775909423828,-118.41504669189452,LOS ANGELES,CULVER CITY,-118.4149932861328,34.00761032104492
90740629,2018,2018-06-04,9580,2018-05-31,0402,020573,NA,4,3,7,1942,0,1,2,NA,2,103,US-101 S/B (VENTURA FREEWAY),HASKELL AVE,2000,W,N,A,-,Y,NA,NA,101,NA,NA,NA,NA,NA,S,Y,3,0,1,2,A,-,01,23152,A,N,B,C,A,A,H,-,C,D,0,NA,NA,NA,Y,Y,Y,A,01,0,1,0,0,0,0,0,0,0,-,-,34.16522979736328,-118.48365783691406,LOS ANGELES,LOS ANGELES,-118.48365783691406,34.16518783569336
90740634,2018,2018-06-04,9580,2018-05-31,0405,020573,NA,4,3,7,1942,0,1,2,NA,2,103,US-101 S/B (VENTURA FREEWAY),HASKELL AVE,1800,W,N,A,-,Y,NA,NA,101,NA,NA,NA,NA,NA,S,N,3,0,1,3,A,-,08,22107,NA,N,B,C,A,A,H,-,C,D,0,NA,NA,NA,NA,Y,Y,A,01,0,1,0,0,0,0,0,0,0,-,-,34.165218353271484,-118.48294067382813,LOS ANGELES,LOS ANGELES,-118.48294067382813,34.16519546508789
90740650,2018,2018-06-04,9535,2018-05-12,0840,022085,NA,6,1,6,1922,0,1,1,NA,2,400,I-10 EASTBOUND FROM BALDWIN AVE. ONRAMP,BALDWIN AVE,650,E,N,B,-,Y,NA,NA,10,NA,NA,NA,R,NA,E,N,4,0,1,1,A,-,03,22350,NA,N,E,I,A,B,H,-,A,D,0,NA,NA,NA,NA,Y,NA,A,01,0,0,1,0,0,0,0,0,0,-,-,34.07157897949219,-118.05117034912108,LOS ANGELES,EL MONTE,-118.05117034912108,34.07157897949219
90740671,2018,2018-06-04,9550,2018-05-26,0630,019954,NA,6,1,9,1900,0,1,3,NA,2,601,STATE ROUTE 60 (POMONA FREEWAY),AZUSA AVENUE,100,W,N,B,-,Y,NA,NA,60,NA,NA,NA,NA,NA,NA,Y,3,0,1,3,A,-,08,22107,NA,N,C,C,A,A,H,-,A,D,0,NA,NA,NA,Y,Y,NA,A,01,0,1,0,0,0,0,0,0,0,-,-,33.99729919433594,-117.9323501586914,LOS ANGELES,UNINCORPORATED,-117.9323501586914,33.99728775024414
90740675,2018,2018-06-04,9580,2018-06-01,0640,021236,NA,5,1,7,1942,0,1,1,NA,2,405,I-405 S/B (SAN DIEGO FWY),BURBANK BLVD,500,S,N,A,-,Y,NA,NA,NA,NA,NA,NA,NA,NA,NA,Y,4,0,1,2,A,-,07,21658,A,N,B,C,A,A,H,-,A,D,0,NA,NA,NA,Y,Y,NA,A,01,0,0,1,0,0,0,0,0,0,-,-,34.16815948486328,-118.46990966796876,LOS ANGELES,LOS ANGELES,-118.46775817871094,34.17070770263672
90740677,2018,2018-07-13,9550,2018-05-25,0935,019688,NA,5,1,9,1900,0,3,5,NA,2,003,COLIMA ROAD,AVALO DRIVE,630,E,N,A,-,N,NA,NA,NA,NA,NA,NA,NA,NA,NA,Y,3,0,2,2,A,-,09,21453,C,N,D,C,A,A,H,-,A,A,0,NA,NA,NA,NA,Y,NA,A,01,0,1,1,0,0,0,0,0,0,-,-,33.9805793762207,-117.97503662109376,LOS ANGELES,UNINCORPORATED,-117.97502899169922,33.98102569580078
90740679,2018,2018-09-11,9565,2018-05-08,0835,017060,NA,2,1,9,1900,0,3,5,NA,2,004,EL SEGUNDO BLVD. W/B,LACIENEGA BLVD.,150,W,N,A,-,N,NA,NA,NA,NA,NA,NA,NA,NA,NA,Y,3,0,1,2,A,-,08,22107,NA,N,E,I,A,A,H,-,A,D,0,NA,NA,Y,NA,Y,NA,C,02,0,1,0,0,0,0,0,0,1,-,-,33.91645812988281,-118.37287902832033,LOS ANGELES,UNINCORPORATED,-118.37199401855467,33.91646957397461
90740695,2018,2018-06-04,9535,2018-05-25,0835,012767,NA,5,1,5,1906,0,1,1,NA,2,650,I-605 (SAN GABRIEL RIVER FWY) N/B,VALLEY BOULEVARD,34,N,N,B,-,Y,NA,NA,605,NA,NA,NA,NA,NA,N,Y,4,0,3,3,A,-,04,21703,NA,N,C,C,A,A,H,-,A,D,0,NA,NA,NA,NA,Y,NA,A,01,0,0,3,0,0,0,0,0,0,-,-,34.054561614990234,-118.0039520263672,LOS ANGELES,BALDWIN PARK,-118.00397491455078,34.0545768737793
90740701,2018,2018-06-04,9580,2018-05-23,2102,019876,NA,3,2,7,1942,0,1,3,NA,2,114,SR-118 E/B TO I-5 S/B,SHARP AVE,700,E,N,B,-,Y,NA,NA,118,NA,NA,NA,R,NA,E,Y,3,0,2,1,A,-,08,22107,NA,N,E,I,A,A,H,-,C,D,0,NA,NA,NA,NA,Y,Y,A,07,0,1,1,0,0,0,0,0,0,-,-,34.26498031616211,-118.44338989257813,LOS ANGELES,LOS ANGELES,-118.44338989257813,34.26498031616211
90740705,2018,2018-10-19,9580,2018-05-23,0830,022046,NA,3,1,7,1942,0,1,1,NA,2,407,I-405 S/B (SAN DIEGO FWY),SHERMAN WAY,1000,N,N,B,-,Y,NA,NA,405,NA,NA,NA,NA,NA,S,N,4,0,3,2,A,-,07,21658,A,N,C,C,A,A,H,-,A,D,0,NA,NA,NA,NA,Y,NA,A,01,0,0,3,0,0,0,0,0,0,-,-,34.20404815673828,-118.47347259521484,LOS ANGELES,LOS ANGELES,-118.47348785400392,34.20405197143555
90740706,2018,2018-06-04,9550,2018-05-25,1420,020861,NA,5,2,6,1949,0,1,1,NA,2,150,I-105 E/B,WOODRUFF AVENUE,450,E,N,A,-,Y,NA,NA,105,NA,NA,NA,NA,NA,E,Y,4,0,1,2,A,-,03,22350,NA,N,C,C,A,A,H,-,A,D,0,NA,NA,NA,NA,Y,NA,A,01,0,0,1,0,0,0,0,0,0,-,-,33.91358947753906,-118.11209106445313,LOS ANGELES,NORWALK,-118.11209106445313,33.91377639770508
90740713,2018,2018-06-04,9580,2018-06-01,0805,021603,NA,5,1,7,1942,0,1,2,NA,2,104,US-101 N/B (VENTURA FREEWAY),CANOGA AVE,780,N,N,A,-,Y,NA,NA,101,NA,NA,NA,NA,NA,N,N,3,0,2,3,A,-,03,22350,NA,N,C,C,A,A,H,-,A,D,0,NA,NA,NA,NA,Y,NA,A,01,0,1,1,0,0,0,0,0,0,-,-,34.1699104309082,-118.60016632080078,LOS ANGELES,LOS ANGELES,-118.60015869140624,34.16996765136719
90740755,2018,2018-06-11,9580,2018-05-27,2135,021498,NA,7,2,7,1942,0,1,2,NA,2,102,US-101 N/B (VENTURA FREEWAY),HAYVENHURST AVE,1056,N,N,A,-,Y,NA,NA,101,NA,NA,NA,NA,NA,N,N,4,0,1,2,A,-,01,23152,A,N,B,C,A,A,H,-,C,D,0,NA,NA,NA,NA,Y,Y,A,01,0,0,1,0,0,0,0,0,0,-,-,34.167049407958984,-118.49556732177734,LOS ANGELES,LOS ANGELES,-118.49551391601564,34.16712951660156
90740756,2018,2018-06-04,9565,2018-05-08,1317,017060,NA,2,1,6,1933,0,1,1,NA,2,060,I-405 S/B (SAN DIEGO FREEWAY),LENNOX BLVD.,500,N,N,A,-,Y,NA,NA,405,NA,NA,NA,NA,NA,S,N,4,0,1,4,A,-,03,22350,NA,N,C,C,A,A,H,-,A,D,0,NA,NA,NA,NA,Y,NA,A,01,0,0,1,0,0,0,0,0,0,-,-,33.941650390625,-118.36856842041016,LOS ANGELES,INGLEWOOD,-118.36856842041016,33.941650390625
90740758,2018,2018-06-04,9580,2018-05-23,1230,022036,NA,3,1,7,1942,0,1,3,NA,2,116,SR-118 E/B (RONALD REAGAN FWY.),HASKELL AVE,500,W,N,B,-,Y,NA,NA,118,NA,NA,NA,NA,NA,E,Y,3,0,2,2,A,-,08,22107,NA,N,E,I,A,A,H,-,A,D,0,NA,NA,NA,NA,Y,NA,A,01,0,1,1,0,0,0,0,0,0,-,-,34.26580047607422,-118.47810363769533,LOS ANGELES,LOS ANGELES,-118.47809600830078,34.26591873168945
90740759,2018,2018-06-04,9535,2018-05-25,1920,020769,NA,5,2,5,1901,0,1,1,NA,2,421,I-10 (SAN BERNARDINO FREEWAY) W/B,GARFIELD AVE,1500,E,N,A,-,Y,NA,NA,10,NA,NA,NA,NA,NA,W,N,4,0,1,2,A,-,03,22350,NA,N,C,C,A,A,H,-,A,D,0,NA,NA,NA,NA,Y,NA,A,07,0,0,1,0,0,0,0,0,0,-,-,34.07188034057617,-118.1179428100586,LOS ANGELES,ALHAMBRA,-118.1179428100586,34.071868896484375
90740773,2018,2018-06-04,9550,2018-05-26,1610,021950,NA,6,2,5,1919,0,1,3,NA,2,091,STATE ROUTE 91 EASTBOUND,STUDEBAKER ROAD,1000,E,N,B,-,Y,NA,NA,91,NA,NA,NA,NA,NA,E,N,4,0,1,4,A,-,03,22350,NA,N,C,C,A,A,H,-,A,D,0,NA,NA,NA,NA,Y,NA,A,07,0,0,1,0,0,0,0,0,0,-,-,33.87630081176758,-118.09317779541016,LOS ANGELES,CERRITOS,-118.09317779541016,33.87641143798828
90740782,2018,2018-06-04,9525,2018-05-31,1125,014593,NA,4,1,1,1932,0,1,3,NA,2,601,SR-60 W/B (POMONA FWY),FAIRWAY DR.,1584,E,N,B,-,Y,NA,NA,60,NA,NA,NA,NA,NA,W,N,4,0,1,2,A,-,03,22350,NA,N,C,C,A,A,H,-,A,D,0,NA,NA,NA,Y,Y,NA,F,25,0,0,1,0,0,0,0,0,0,-,-,33.997779846191406,-117.86209106445313,LOS ANGELES,INDUSTRY,-117.8620834350586,33.99775314331055
90740793,2018,2018-06-04,9525,2018-06-04,0910,014593,NA,1,1,9,1900,0,3,5,NA,2,003,TEMPLE AVE,VALINDA AVE,75,E,N,A,-,N,NA,NA,NA,NA,NA,NA,NA,NA,NA,N,4,0,1,2,A,-,03,22350,NA,N,C,C,A,A,H,-,A,A,0,NA,NA,NA,NA,Y,NA,D,22,0,0,1,0,0,0,0,0,0,-,-,34.02640914916992,-117.92691040039064,LOS ANGELES,UNINCORPORATED,-117.92714691162108,34.026405334472656
90740797,2018,2018-06-04,9590,2018-05-30,0620,021789,NA,3,1,7,1942,0,1,1,NA,2,081,I-5 S/B (GOLDEN STATE FREEWAY),STATE STREET,200,S,N,B,C,Y,NA,NA,5,NA,NA,NA,NA,NA,S,N,4,0,1,2,A,-,08,22107,NA,N,B,C,A,B,H,-,A,D,0,NA,NA,NA,Y,Y,NA,A,01,0,0,1,0,0,0,0,0,0,-,-,34.05158996582031,-118.21417999267578,LOS ANGELES,LOS ANGELES,-118.21411895751952,34.05159378051758
90740804,2018,2018-06-04,9565,2018-05-30,1118,015587,NA,3,1,7,1942,0,1,1,NA,2,063,I-405 N/B (SAN DIEGO FREEWAY),WILSHIRE BLVD,1584,S,N,B,-,Y,NA,NA,405,NA,NA,NA,NA,NA,N,Y,4,0,2,2,A,-,03,22350,NA,N,C,C,A,A,H,-,A,D,0,NA,NA,NA,NA,Y,NA,A,01,0,0,2,0,0,0,0,0,0,-,-,34.051368713378906,-118.44901275634766,LOS ANGELES,LOS ANGELES,-118.44915008544922,34.051326751708984
90740805,2018,2018-06-04,9550,2018-05-25,1450,020861,NA,5,2,5,1952,0,1,1,NA,2,151,I-105 E/B,GARFIELD AVENUE,100,E,N,A,-,Y,NA,NA,105,NA,NA,NA,NA,NA,E,N,4,0,1,2,A,-,03,22350,NA,N,C,C,A,A,H,-,A,D,0,NA,NA,NA,NA,Y,NA,A,01,0,0,1,0,0,0,0,0,0,-,-,33.91099166870117,-118.16841888427734,LOS ANGELES,PARAMOUNT,-118.16841888427734,33.91098403930664
90740815,2018,2018-06-04,9565,2018-05-11,1755,021658,NA,5,2,7,1942,0,1,1,NA,2,082,I-10 E/B (SANTA MONICA FWY.),BUNDY DR.,0,NA,N,A,-,Y,NA,NA,10,NA,NA,NA,NA,NA,E,Y,2,0,1,2,A,-,08,22107,NA,F,B,C,A,A,H,-,A,D,0,NA,NA,Y,NA,Y,NA,A,01,1,0,0,0,0,0,0,0,1,-,-,34.02790832519531,-118.45010375976564,LOS ANGELES,LOS ANGELES,-118.45011138916016,34.027950286865234
90740822,2018,2018-06-04,9550,2018-05-26,0255,020959,NA,6,3,9,1900,0,1,3,NA,2,602,STATE ROUTE 60 (POMONA FREEWAY),FAIRWAY DR.,55,W,N,A,-,Y,NA,NA,60,NA,NA,NA,NA,NA,NA,Y,4,0,1,3,A,-,03,22350,NA,N,C,C,A,A,H,-,C,D,0,NA,NA,NA,NA,Y,NA,A,08,0,0,1,0,0,0,0,0,0,-,-,33.99618148803711,-117.8704833984375,LOS ANGELES,UNINCORPORATED,-117.87047576904295,33.99617004394531
90740834,2018,2018-06-04,9525,2018-05-24,0830,014593,NA,4,1,5,1990,0,1,3,NA,2,574,SR-57 S/B TO SR-60 WB,PATHFINDER RD,5280,N,N,B,-,Y,NA,NA,NA,NA,NA,NA,NA,NA,NA,Y,4,0,1,1,A,-,03,22350,NA,N,E,I,A,B,H,-,A,D,0,NA,NA,NA,NA,Y,NA,A,01,0,0,1,0,0,0,0,0,0,-,-,34.001731872558594,-117.83917236328124,LOS ANGELES,DIAMOND BAR,-117.83882904052734,33.997867584228516
90740850,2018,2018-06-04,9535,2018-05-27,0340,020943,NA,7,3,3,1914,0,1,1,NA,2,500,I-5 (SANTA ANA FREEWAY) N/B,WASHINGTON BLVD.,1500,N,N,B,-,Y,NA,NA,5,NA,NA,NA,NA,NA,N,Y,3,0,1,2,A,-,03,22350,NA,N,C,C,A,A,H,-,C,D,0,NA,NA,NA,NA,Y,NA,A,07,0,1,0,0,0,0,0,0,0,-,-,33.999759674072266,-118.14832305908205,LOS ANGELES,COMMERCE,-118.14830780029295,33.99977493286133
90740856,2018,2018-06-04,9565,2018-05-17,1730,019138,NA,4,2,7,1942,0,1,1,NA,2,082,I-10 EB (SANTA MONICA FREEWAY),BUNDY DR.,350,W,N,A,-,Y,NA,NA,10,NA,NA,NA,NA,NA,E,N,4,0,1,2,A,-,08,22107,NA,F,B,C,A,A,H,-,A,D,0,NA,NA,Y,NA,Y,NA,C,02,0,0,1,0,0,0,0,0,1,-,-,34.02775955200195,-118.45050811767578,LOS ANGELES,LOS ANGELES,-118.45053100585938,34.02783966064453
90740858,2018,2018-06-04,9525,2018-05-27,1700,019491,NA,7,2,9,1900,0,1,3,NA,1,024,SR-39 (SAN GABRIEL CANYON RD.),20 MPH CURVE,500,N,N,A,-,Y,NA,NA,39,NA,NA,NA,NA,NA,NA,Y,4,0,1,1,A,-,01,23152,A,N,E,J,A,A,H,-,A,D,0,NA,NA,NA,NA,Y,Y,A,01,0,0,1,0,0,0,0,0,0,-,-,34.2618293762207,-117.8522720336914,LOS ANGELES,UNINCORPORATED,-117.85223388671876,34.26181411743164
90740859,2018,2018-06-04,9525,2018-05-29,1630,018651,NA,2,2,6,1955,0,1,1,NA,2,109,I-10 W/B (SAN BERNARDINO FWY),WHITE AVE.,300,W,N,B,-,Y,NA,NA,10,NA,NA,NA,NA,NA,W,Y,3,0,1,2,A,-,07,21658,A,N,B,C,A,A,H,-,A,D,0,NA,NA,NA,Y,Y,NA,A,01,0,1,0,0,0,0,0,0,0,-,-,34.07122039794922,-117.76138305664064,LOS ANGELES,POMONA,-117.76136016845705,34.070960998535156
90740862,2018,2018-06-05,9550,2018-05-27,1410,021532,NA,7,2,9,1900,0,1,1,NA,2,650,INTERSTATE 605 S/B,SLAUSON AVENUE,300,S,N,A,-,Y,NA,NA,605,NA,NA,NA,NA,NA,S,N,4,0,1,2,A,-,03,22350,NA,N,C,C,A,A,H,-,A,D,0,NA,NA,NA,NA,Y,NA,A,01,0,0,1,0,0,0,0,0,0,-,-,33.96611022949219,-118.08399200439452,LOS ANGELES,UNINCORPORATED,-118.08394622802734,33.96609115600586
90740864,2018,2018-06-05,9565,2018-05-20,2245,021576,NA,7,3,9,1900,0,3,5,NA,2,003,FAIRFAX AVE.,STOCKER ST.,300,S,N,A,-,N,NA,NA,NA,NA,NA,NA,NA,NA,NA,Y,4,0,2,2,A,-,08,22107,NA,F,D,C,A,A,H,-,C,D,0,NA,NA,NA,NA,Y,NA,-,99,0,0,2,0,0,0,0,0,0,-,-,33.99748992919922,-118.36585235595705,LOS ANGELES,UNINCORPORATED,-118.36564636230467,33.997535705566406
90740866,2018,2018-06-05,9525,2018-06-04,0723,021224,NA,1,1,9,1900,0,1,1,NA,2,105,I-10 W/B (SAN BERNARDINO FWY),HOLT AVE,1584,E,N,A,-,Y,NA,NA,10,NA,NA,NA,NA,NA,W,N,4,0,1,4,A,-,03,22350,NA,N,C,C,A,A,D,E,A,D,0,NA,NA,NA,NA,Y,NA,A,01,0,0,1,0,0,0,0,0,0,-,-,34.06814956665039,-117.8589324951172,LOS ANGELES,UNINCORPORATED,-117.85892486572266,34.06818389892578
90740867,2018,2018-06-05,9565,2018-06-02,2040,021855,NA,6,2,9,1900,0,2,4,NA,2,022,NORMANDIE AVE,110TH PL,20,S,N,A,-,N,NA,NA,NA,NA,NA,NA,NA,NA,NA,Y,2,0,2,2,A,-,01,23152,A,N,C,C,A,A,H,-,C,D,0,NA,NA,NA,NA,Y,Y,A,01,1,0,1,0,0,0,0,0,0,-,-,33.93320083618164,-118.30030059814452,LOS ANGELES,UNINCORPORATED,-118.30032348632813,33.93467330932617
90740868,2018,2018-12-10,9565,2018-05-20,1500,021761,NA,7,2,9,1900,0,2,4,NA,2,021,BUDLONG AVE.,106TH ST.,0,NA,Y,A,-,N,NA,NA,NA,NA,NA,NA,NA,NA,NA,N,3,0,1,2,A,-,12,22450,A,F,D,G,A,A,H,-,A,A,0,NA,Y,NA,NA,Y,NA,A,01,0,1,0,0,0,0,1,0,0,-,-,33.940040588378906,-118.29640197753906,LOS ANGELES,UNINCORPORATED,-118.29624938964844,33.94002914428711
90740873,2018,2018-06-05,9565,2018-05-19,1651,022056,NA,6,2,4,1918,0,1,1,NA,2,061,I-405 S/B (SAN DIEGO FREEWAY),CULVER BLVD,53.3,N,N,A,-,Y,NA,NA,405,NA,NA,NA,NA,NA,S,N,3,0,4,2,A,-,03,22350,NA,N,C,C,A,A,H,-,A,D,0,NA,NA,NA,NA,Y,NA,A,07,0,1,3,0,0,0,0,0,0,-,-,34.003170013427734,-118.4114990234375,LOS ANGELES,CULVER CITY,-118.41146087646484,34.00320053100586
90740909,2018,2018-06-05,9540,2018-05-28,0950,014339,NA,1,1,9,1900,0,1,1,NA,2,509,I-5 S/B (GOLDEN STATE FREEWAY),UPPER CROSS OVER,1350,N,N,A,-,Y,NA,NA,5,NA,NA,NA,NA,NA,S,Y,3,0,2,2,A,-,03,22350,NA,N,C,C,A,A,H,-,A,D,0,NA,NA,NA,NA,Y,NA,A,07,0,1,1,0,0,0,0,0,0,-,-,34.556060791015625,-118.67411041259766,LOS ANGELES,UNINCORPORATED,-118.67414093017578,34.556026458740234
90740914,2018,2018-06-05,9545,2018-05-16,0710,013963,NA,3,1,6,1992,1,4,S,NA,2,901,AVENUE J-8,50TH ST  W,0,NA,Y,A,-,N,NA,NA,NA,NA,NA,NA,NA,NA,NA,Y,4,0,1,2,A,-,09,21802,A,N,D,C,A,A,H,-,A,D,0,NA,NA,NA,NA,Y,NA,A,01,0,0,1,0,0,0,0,0,0,-,-,34.68220138549805,-118.2190170288086,LOS ANGELES,LANCASTER,-118.21903228759766,34.68210983276367
90740916,2018,2018-06-05,9540,2018-06-03,0010,021434,NA,7,3,7,1942,0,1,1,NA,2,213,I-210 E/B (FOOTHILL FREEWAY),MACLAY STREET,131,E,N,A,-,Y,NA,NA,210,NA,NA,NA,NA,NA,E,Y,3,0,3,1,A,-,01,23152,A,N,E,I,A,A,H,-,C,D,0,NA,NA,NA,NA,Y,Y,A,07,0,3,0,0,0,0,0,0,0,-,-,34.29890823364258,-118.41915893554688,LOS ANGELES,LOS ANGELES,-118.41917419433594,34.298892974853516
90740917,2018,2018-06-05,9530,2018-05-23,1130,021771,NA,3,1,9,1900,0,3,5,NA,2,002,ALAMEDA ST.(13000 BLOCK),130TH ST.,0,NA,Y,B,-,N,NA,NA,NA,NA,NA,NA,NA,NA,NA,Y,4,0,1,2,A,-,09,21802,A,N,D,C,A,A,H,-,A,D,0,NA,NA,NA,NA,Y,NA,A,01,0,0,1,0,0,0,0,0,0,-,-,33.914398193359375,-118.22319793701172,LOS ANGELES,UNINCORPORATED,-118.22328186035156,33.91437911987305
90740919,2018,2018-06-05,9545,2018-05-25,1825,017305,NA,5,2,9,1900,0,1,3,NA,2,021,SR-14 S/B,AVENUE P,1320,S,N,A,-,Y,NA,NA,NA,NA,NA,NA,NA,NA,NA,Y,3,0,6,2,A,-,08,22107,NA,N,E,I,A,A,H,-,A,D,0,NA,NA,NA,NA,Y,NA,A,07,0,1,5,0,0,0,0,0,0,-,-,34.5989990234375,-118.13929748535156,LOS ANGELES,UNINCORPORATED,-118.13965606689452,34.59928512573242