CASE_ID,ACCIDENT_YEAR,PROC_DATE,JURIS,COLLISION_DATE,COLLISION_TIME,OFFICER_ID,REPORTING_DISTRICT,DAY_OF_WEEK,CHP_SHIFT,POPULATION,CNTY_CITY_LOC,SPECIAL_COND,BEAT_TYPE,CHP_BEAT_TYPE,CITY_DIVISION_LAPD,CHP_BEAT_CLASS,BEAT_NUMBER,PRIMARY_RD,SECONDARY_RD,DISTANCE,DIRECTION,INTERSECTION,WEATHER_1,WEATHER_2,STATE_HWY_IND,CALTRANS_COUNTY,CALTRANS_DISTRICT,STATE_ROUTE,ROUTE_SUFFIX,POSTMILE_PREFIX,POSTMILE,LOCATION_TYPE,RAMP_INTERSECTION,SIDE_OF_HWY,TOW_AWAY,COLLISION_SEVERITY,NUMBER_KILLED,NUMBER_INJURED,PARTY_COUNT,PRIMARY_COLL_FACTOR,PCF_CODE_OF_VIOL,PCF_VIOL_CATEGORY,PCF_VIOLATION,PCF_VIOL_SUBSECTION,HIT_AND_RUN,TYPE_OF_COLLISION,MVIW,PED_ACTION,ROAD_SURFACE,ROAD_COND_1,ROAD_COND_2,LIGHTING,CONTROL_DEVICE,CHP_ROAD_TYPE,PEDESTRIAN_ACCIDENT,BICYCLE_ACCIDENT,MOTORCYCLE_ACCIDENT,TRUCK_ACCIDENT,NOT_PRIVATE_PROPERTY,ALCOHOL_INVOLVED,STWD_VEHTYPE_AT_FAULT,CHP_VEHTYPE_AT_FAULT,COUNT_SEVERE_INJ,COUNT_VISIBLE_INJ,COUNT_COMPLAINT_PAIN,COUNT_PED_KILLED,COUNT_PED_INJURED,COUNT_BICYCLIST_KILLED,COUNT_BICYCLIST_INJURED,COUNT_MC_KILLED,COUNT_MC_INJURED,PRIMARY_RAMP,SECONDARY_RAMP,LATITUDE,LONGITUDE,COUNTY,CITY,POINT_X,POINT_Y
90743555,2018,2018-06-07,9550,2018-05-26,0256,020959,NA,6,3,9,1900,0,1,3,NA,2,602,STATE ROUTE 60 (POMONA FREEWAY),FAIRWAY DR.,80,W,N,A,-,Y,NA,NA,60,NA,NA,NA,NA,NA,NA,Y,3,0,1,2,A,-,03,22350,NA,F,C,C,A,A,H,-,C,D,0,NA,NA,NA,NA,Y,NA,A,01,0,1,0,0,0,0,0,0,0,-,-,33.99605941772461,-117.87126159667967,LOS ANGELES,UNINCORPORATED,-117.87126159667967,33.99605941772461
90743560,2018,2018-06-07,9550,2018-05-26,1225,021950,NA,6,1,5,1919,0,1,3,NA,2,091,STATE ROUTE 91 EASTBOUND,NORWALK BOULEVARD,1300,W,N,B,-,Y,NA,NA,91,NA,NA,NA,NA,NA,E,Y,2,0,5,2,A,-,03,22350,NA,N,C,C,A,A,H,-,A,D,0,NA,NA,NA,NA,Y,NA,A,01,1,0,4,0,0,0,0,0,0,-,-,33.876380920410156,-118.07714080810548,LOS ANGELES,CERRITOS,-118.07714080810548,33.8764762878418
90743574,2018,2018-06-07,9590,2018-06-02,1425,021926,NA,6,2,7,1942,0,1,1,NA,2,061,I-10 W/B (SANTA MONICA FREEWAY),CRENSHAW BLVD,300,E,N,A,-,Y,NA,NA,10,NA,NA,NA,NA,NA,W,N,4,0,1,4,A,-,03,22350,NA,N,C,C,A,A,H,-,A,D,0,NA,NA,NA,NA,Y,NA,A,07,0,0,1,0,0,0,0,0,0,-,-,34.035369873046875,-118.3297119140625,LOS ANGELES,LOS ANGELES,-118.3297119140625,34.03536605834961
9074359,2020,2020-07-15,1976,2020-03-11,1301,466,NA,3,5,5,1976,0,0,0,NA,0,002,GREENLEAF AV,WALNUT ST,478,S,N,A,-,N,NA,NA,NA,NA,NA,NA,NA,NA,NA,Y,3,0,1,3,A,-,06,21750,A,N,B,C,A,A,H,-,A,D,0,NA,NA,NA,NA,Y,NA,A,01,0,1,0,0,0,0,0,0,0,-,-,NA,NA,LOS ANGELES,WHITTIER,-118.03739166259766,33.97050094604492
90743600,2018,2018-07-06,9590,2018-06-04,1536,022041,NA,1,2,7,1942,0,1,2,NA,2,071,US-101 S/B (HOLLYWOOD FREEWAY),BENTON WAY O/C,674,N,N,A,-,Y,NA,NA,101,NA,NA,NA,NA,NA,S,Y,2,0,1,1,A,-,08,22107,NA,N,F,I,A,A,H,-,A,D,0,NA,NA,Y,NA,Y,NA,C,02,1,0,0,0,0,0,0,0,1,-,-,34.075748443603516,-118.27645874023438,LOS ANGELES,LOS ANGELES,-118.27646636962892,34.07571792602539
9074362,2020,2020-07-08,1928,2020-03-11,1343,50384,507,3,5,5,1928,0,0,0,NA,0,502,CRENSHAW BL,120TH ST,0,NA,Y,A,-,N,NA,NA,NA,NA,NA,NA,NA,NA,NA,NA,4,0,1,2,A,-,03,22350,NA,M,C,C,A,A,H,-,A,A,0,NA,NA,NA,NA,Y,NA,A,07,0,0,1,0,0,0,0,0,0,-,-,33.923709869384766,-118.32646942138672,LOS ANGELES,HAWTHORNE,-118.32650756835938,33.923728942871094
90743667,2018,2018-06-07,9545,2018-06-03,1500,017305,NA,7,2,9,1900,0,1,3,NA,1,012,90TH STREET WEST,SR-138 W/B,0,NA,Y,A,-,N,NA,NA,NA,NA,NA,NA,NA,NA,NA,Y,4,0,1,3,A,-,09,21802,A,N,D,C,A,A,H,-,A,A,0,NA,NA,NA,NA,Y,NA,A,07,0,0,1,0,0,0,0,0,0,-,-,34.776458740234375,-118.29017639160156,LOS ANGELES,UNINCORPORATED,-118.29022,34.77643
90743669,2018,2018-06-07,9565,2018-05-29,1655,021951,NA,2,2,9,1900,0,2,4,NA,2,022,NORMANDIE AVE,120TH ST,5,S,N,A,-,N,NA,NA,NA,NA,NA,NA,NA,NA,NA,Y,2,0,5,3,A,-,08,22107,NA,N,B,C,A,A,H,-,A,A,0,NA,NA,NA,NA,Y,NA,A,01,1,1,3,0,0,0,0,0,0,-,-,33.9238395690918,-118.30039215087892,LOS ANGELES,UNINCORPORATED,-118.30036163330078,33.923946380615234
9074367,2020,2020-07-07,1975,2020-03-03,0941,377,NA,2,5,6,1975,0,0,0,NA,0,002,CAMERON AV,BARRANCA ST,450,W,N,A,-,N,NA,NA,NA,NA,NA,NA,NA,NA,NA,Y,4,0,2,2,A,-,03,22350,NA,N,C,C,A,A,H,-,A,D,0,NA,NA,NA,NA,Y,NA,A,01,0,0,2,0,0,0,0,0,0,-,-,34.06081008911133,-117.8813934326172,LOS ANGELES,WEST COVINA,-117.8829345703125,34.06085205078125
90743673,2018,2018-06-07,9535,2018-05-30,0735,022059,NA,3,1,9,1900,0,2,4,NA,2,022,OLYMPIC BLVD.,WESTSIDE DR,0,NA,Y,C,-,N,NA,NA,NA,NA,NA,NA,NA,NA,NA,Y,4,0,1,2,A,-,09,21801,A,N,D,C,A,B,H,-,A,D,0,NA,NA,NA,NA,Y,NA,A,01,0,0,1,0,0,0,0,0,0,-,-,34.012508392333984,-118.137451171875,LOS ANGELES,UNINCORPORATED,-118.1374969482422,34.012481689453125
9074368,2020,2020-07-07,1946,2020-03-20,1054,P38,1946,5,5,4,1946,0,0,0,NA,0,002,HUNTINGTON,PRIMROSE,0,NA,Y,A,-,N,NA,NA,NA,NA,NA,NA,NA,NA,NA,Y,4,0,2,2,A,-,09,21801,A,N,D,C,A,A,H,-,A,A,0,NA,NA,NA,NA,Y,NA,A,01,0,0,2,0,0,0,0,0,0,-,-,NA,NA,LOS ANGELES,MONROVIA,-118.00302886962892,34.140480041503906
9074369,2020,2020-07-07,1946,2020-03-29,0913,P2,1946,7,5,4,1946,0,0,0,NA,0,001,FOOTHILL,5TH,0,NA,Y,A,-,N,NA,NA,NA,NA,NA,NA,NA,NA,NA,Y,4,0,1,2,A,-,12,21453,A,N,D,C,A,A,H,-,A,A,0,NA,NA,NA,NA,Y,NA,A,07,0,0,1,0,0,0,0,0,0,-,-,NA,NA,LOS ANGELES,MONROVIA,-118.02071380615234,34.1511116027832
9074370,2020,2020-07-07,1946,2020-03-31,0937,P20,NA,2,5,4,1946,0,0,0,NA,0,003,HUNTINGTON,CALIFORNIA,0,NA,Y,A,-,N,NA,NA,NA,NA,NA,NA,NA,NA,NA,Y,4,0,1,2,A,-,12,21453,A,N,D,C,A,A,H,-,A,A,0,NA,NA,NA,NA,Y,NA,A,07,0,0,1,0,0,0,0,0,0,-,-,NA,NA,LOS ANGELES,MONROVIA,-117.99501037597656,34.14044952392578
90743707,2018,2018-06-07,9550,2018-05-29,1920,020617,NA,2,2,9,1900,0,2,4,NA,1,021,CARMENITA ROAD,SUNSHINE AVENUE,0,NA,Y,A,-,N,NA,NA,NA,NA,NA,NA,NA,NA,NA,Y,4,0,2,3,A,-,09,21802,A,N,D,C,A,A,H,-,A,A,0,NA,NA,NA,NA,Y,NA,A,01,0,0,2,0,0,0,0,0,0,-,-,33.92197036743164,-118.04647827148438,LOS ANGELES,UNINCORPORATED,-118.04659271240234,33.92190933227539
90743708,2018,2018-06-07,9550,2018-05-30,1440,018187,NA,3,2,9,1900,0,1,1,NA,2,650,I-605 (SOUTHBOUND),SARAGOSA ST.,599,N,N,A,-,Y,NA,NA,605,NA,NA,NA,NA,NA,NA,Y,4,0,1,3,A,-,03,22350,NA,N,C,C,A,A,H,-,A,D,0,NA,NA,NA,NA,Y,NA,A,01,0,0,1,0,0,0,0,0,0,-,-,33.98006057739258,-118.07659912109376,LOS ANGELES,UNINCORPORATED,-118.07662963867188,33.9800910949707
9074371,2020,2020-07-07,1946,2020-03-04,1050,P41,1946,3,5,4,1946,0,0,0,NA,0,002,HUNTINGTON,MONTEREY,223,W,N,A,-,N,NA,NA,NA,NA,NA,NA,NA,NA,NA,NA,4,0,1,2,A,-,06,21755,NA,N,D,C,A,A,H,-,A,D,0,NA,NA,NA,NA,Y,NA,A,01,0,0,1,0,0,0,0,0,0,-,-,NA,NA,LOS ANGELES,MONROVIA,-118.0149383544922,34.14031219482422
90743717,2018,2018-06-07,9525,2018-06-06,0825,019264,NA,3,1,1,1934,0,1,1,NA,2,652,I-605 N/B (SAN GABRIEL RIVER FWY),SANTA FE FLOOD BASIN,410,S,N,B,-,Y,NA,NA,605,NA,NA,NA,NA,NA,N,Y,4,0,1,2,A,-,03,22350,NA,N,C,C,A,A,H,-,A,D,0,NA,NA,NA,NA,Y,NA,D,22,0,0,1,0,0,0,0,0,0,-,-,34.12580108642578,-117.96459197998048,LOS ANGELES,IRWINDALE,-117.96458435058594,34.125797271728516
9074372,2020,2020-07-07,1946,2020-03-04,1155,P41,1946,3,5,4,1946,0,0,0,NA,0,002,DUARTE,ALFAVISTA,14,E,N,A,-,N,NA,NA,NA,NA,NA,NA,NA,NA,NA,Y,4,0,2,2,A,-,01,23152,A,F,A,C,A,A,-,-,A,D,0,NA,NA,NA,NA,Y,Y,A,01,0,0,2,0,0,0,0,0,0,-,-,NA,NA,LOS ANGELES,MONROVIA,-118.00784301757813,34.132198333740234
90743725,2018,2018-06-07,9525,2018-05-25,1430,019491,NA,5,2,9,1900,0,3,5,NA,2,002,COVINA BOULEVARD (21000 E. BLOCK),SUNFLOWER AVENUE (4800 N. BLOCK),0,NA,Y,A,-,N,NA,NA,NA,NA,NA,NA,NA,NA,NA,N,4,0,1,2,A,-,12,22450,A,N,D,C,A,A,H,-,A,A,0,NA,NA,NA,NA,Y,NA,A,08,0,0,1,0,0,0,0,0,0,-,-,34.09941864013672,-117.84635925292967,LOS ANGELES,UNINCORPORATED,-117.8463897705078,34.09944152832031
90743729,2018,2018-06-07,9525,2018-05-31,1823,020216,NA,4,2,9,1900,0,3,5,NA,2,002,BARRANCA AVE. (5300 BLOCK),ARROW HWY.,1086,N,N,A,-,N,NA,NA,NA,NA,NA,NA,NA,NA,NA,N,3,0,1,2,A,-,11,21954,A,F,G,B,D,A,H,-,A,D,0,Y,NA,NA,NA,Y,NA,N,60,0,1,0,0,1,0,0,0,0,-,-,34.108558654785156,-117.8814697265625,LOS ANGELES,UNINCORPORATED,-117.88147735595705,34.10964584350586
9074373,2020,2020-07-07,1946,2020-03-07,1835,56,1946,6,5,4,1946,0,0,0,NA,0,002,MAGNOLIA,MONTANA,0,NA,Y,A,-,N,NA,NA,NA,NA,NA,NA,NA,NA,NA,N,3,0,1,2,B,-,22,NA,NA,N,G,B,D,A,H,-,C,D,0,Y,NA,NA,NA,Y,NA,-,NA,0,1,0,0,1,0,0,0,0,-,-,NA,NA,LOS ANGELES,MONROVIA,-118.00515747070313,34.1368293762207
9074374,2020,2020-07-07,1946,2020-03-11,1011,P41,1946,3,5,4,1946,0,0,0,NA,0,002,MYRTLE,EVERGREEN,63,S,N,A,-,N,NA,NA,NA,NA,NA,NA,NA,NA,NA,Y,3,0,2,2,A,-,08,22107,NA,N,C,C,A,A,H,-,A,A,0,NA,NA,NA,NA,Y,NA,A,01,0,1,1,0,0,0,0,0,0,-,-,NA,NA,LOS ANGELES,MONROVIA,-118.00080108642578,34.1348991394043
9074375,2020,2020-07-07,1946,2020-03-13,1737,P51,1946,5,5,4,1946,0,0,0,NA,0,003,IVY,CHESTNUT,160,S,N,B,-,N,NA,NA,NA,NA,NA,NA,NA,NA,NA,Y,4,0,2,2,A,-,09,21804,A,N,D,C,A,B,H,-,A,D,0,NA,NA,NA,NA,Y,NA,A,01,0,0,2,0,0,0,0,0,0,-,-,NA,NA,LOS ANGELES,MONROVIA,-117.99868011474608,34.1422119140625
90743770,2018,2018-06-07,9575,2018-05-26,1455,020119,NA,6,2,6,1953,0,1,1,NA,2,064,I-210 W/B (FOOTHILL FREEWAY),WILSON AVE.,100,E,N,B,-,Y,NA,NA,NA,NA,NA,NA,NA,NA,NA,N,4,0,2,4,A,-,03,22350,NA,M,C,C,A,A,H,-,A,D,0,NA,NA,NA,NA,Y,NA,A,07,0,0,2,0,0,0,0,0,0,-,-,34.154300689697266,-118.12712097167967,LOS ANGELES,PASADENA,-118.12783050537108,34.15203094482422
90743772,2018,2018-06-07,9535,2018-05-26,1405,020769,NA,6,2,9,1900,0,3,5,NA,2,002,ALLEY WAY S/OF WHITTIER BL,RECORD AVE.,50,E,N,A,-,N,NA,NA,NA,NA,NA,NA,NA,NA,NA,N,4,0,3,2,A,-,09,21804,A,N,D,C,A,A,H,-,A,D,0,NA,NA,NA,NA,Y,NA,A,01,0,0,3,0,0,0,0,0,0,-,-,34.003379821777344,-118.18244934082033,LOS ANGELES,UNINCORPORATED,-118.1824951171875,34.02336120605469
90743780,2018,2018-06-07,9525,2018-05-29,1635,018402,NA,2,2,5,1926,0,1,1,NA,2,206,I-210 E/B (FOOTHILL FWY),BARRANCA AVE,500,E,N,A,-,Y,NA,NA,NA,NA,NA,NA,NA,NA,NA,Y,4,0,3,8,C,-,18,NA,NA,N,B,C,A,A,H,-,A,D,0,NA,NA,NA,NA,Y,NA,-,-,0,0,3,0,0,0,0,0,0,-,-,34.1208610534668,-117.88709259033205,LOS ANGELES,GLENDORA,-117.87973022460938,34.1208610534668
90743782,2018,2018-06-07,9550,2018-05-31,0720,019954,NA,4,1,9,1900,0,1,1,NA,2,650,INTERSTATE 605 (SAN GABRIEL RIVER FREEW,WASHINGTON BOULEVARD,500,N,N,B,-,Y,NA,NA,605,NA,NA,NA,NA,NA,NA,N,4,0,1,2,A,-,03,22350,NA,N,C,C,A,A,H,-,A,D,0,NA,NA,NA,NA,Y,NA,A,01,0,0,1,0,0,0,0,0,0,-,-,33.975379943847656,-118.07968139648438,LOS ANGELES,UNINCORPORATED,-118.07968902587892,33.975379943847656
90743787,2018,2018-06-07,9525,2018-05-13,0340,021748,NA,7,3,4,1913,0,1,1,NA,2,110,I-10 E/B (SAN BERNARDINO FWY),INDIAN HILL BLVD,735,W,N,A,-,Y,NA,NA,10,NA,NA,NA,NA,NA,E,Y,4,0,4,6,A,-,03,22350,NA,N,D,C,E,A,H,-,C,D,0,Y,NA,NA,NA,Y,NA,A,01,0,0,4,0,4,0,0,0,0,-,-,34.08155822753906,-117.72181701660156,LOS ANGELES,CLAREMONT,-117.72181701660156,34.081600189208984
90743790,2018,2018-06-07,9575,2018-06-02,1235,022110,NA,6,1,6,1953,0,1,1,NA,2,063,I-210 E/B (FOOTHILL FREEWAY),MOUNTAIN STREET,1320,E,N,A,-,Y,NA,NA,210,NA,NA,NA,NA,NA,E,N,4,0,1,2,A,-,08,22107,NA,N,C,C,A,A,H,-,A,D,0,NA,NA,NA,Y,Y,NA,A,01,0,0,1,0,0,0,0,0,0,-,-,34.159088134765625,-118.15899658203124,LOS ANGELES,PASADENA,-118.15879058837892,34.159088134765625
90743792,2018,2018-06-07,9550,2018-05-31,1135,021986,NA,4,1,3,1964,0,1,1,NA,2,501,I-5 N/B,ALONDRA BOULEVARD,230,S,N,A,-,Y,NA,NA,5,NA,NA,NA,NA,NA,N,Y,4,0,1,2,A,-,03,22350,NA,N,C,C,A,A,H,-,A,D,0,NA,NA,NA,Y,Y,NA,F,26,0,0,1,0,0,0,0,0,0,-,-,33.88750076293945,-118.0346908569336,LOS ANGELES,SANTA FE SPRINGS,-118.03477478027344,33.88734436035156
90743793,2018,2018-06-07,9550,2018-06-04,2300,018150,NA,1,3,9,1900,0,3,5,NA,2,005,COLIMA ROAD (W/B),BATSON AVENUE,80,W,N,A,-,N,NA,NA,NA,NA,NA,NA,NA,NA,NA,N,4,0,1,2,A,-,03,22350,NA,N,C,C,A,A,H,-,C,D,0,NA,NA,NA,NA,Y,NA,A,01,0,0,1,0,0,0,0,0,0,-,-,33.988441467285156,-117.90425872802734,LOS ANGELES,UNINCORPORATED,-117.90418243408205,33.988277435302734
9074383,2020,2020-07-06,1907,2020-03-23,2020,193,1,1,5,4,1907,0,0,0,NA,0,NA,SALT LAKE AV,BELL AV,104,N,N,A,-,N,NA,NA,NA,NA,NA,NA,NA,NA,NA,Y,3,0,2,2,A,-,08,22107,NA,N,D,E,A,A,H,-,C,D,0,NA,NA,NA,NA,Y,NA,A,01,0,2,0,0,0,0,0,0,0,-,-,33.97623062133789,-118.20419311523438,LOS ANGELES,BELL,-118.20423889160156,33.976524353027344
9074384,2020,2020-07-06,1907,2020-03-20,2040,244,2,5,5,4,1907,0,0,0,NA,0,NA,ATLANTIC AV,BELL PL,13,N,N,A,-,N,NA,NA,NA,NA,NA,NA,NA,NA,NA,N,4,0,1,2,A,-,12,21453,A,F,D,C,A,A,H,-,C,A,0,NA,NA,NA,NA,Y,NA,A,01,0,0,1,0,0,0,0,0,0,-,-,33.98134994506836,-118.18653106689452,LOS ANGELES,BELL,-118.1874542236328,33.97525405883789
90743850,2018,2018-06-08,9530,2018-05-31,0855,021965,NA,4,1,7,1941,0,1,1,NA,2,072,I-710 S/B (LONG BEACH FREEWAY),PACIFIC COAST HWY.,1584,N,N,A,-,Y,NA,NA,710,NA,NA,NA,NA,NA,S,N,4,0,1,2,A,-,07,21658,A,N,B,C,A,A,H,-,A,D,0,NA,NA,NA,Y,Y,NA,G,27,0,0,1,0,0,0,0,0,0,-,-,33.79441833496094,-118.20719146728516,LOS ANGELES,LONG BEACH,-118.20716857910156,33.79441452026367
90743851,2018,2018-06-08,9590,2018-06-05,1450,016230,NA,2,2,7,1942,0,1,1,NA,2,065,I-10 W/B SANTA MONICA FREEWAY,SAN PEDRO STREET,300,E,N,A,-,Y,NA,NA,10,NA,NA,NA,NA,NA,W,Y,4,0,1,2,A,-,03,22350,NA,N,C,C,A,A,H,-,A,D,0,NA,NA,NA,Y,Y,NA,A,01,0,0,1,0,0,0,0,0,0,-,-,34.029380798339844,-118.2553482055664,LOS ANGELES,LOS ANGELES,-118.25537109375,34.02933883666992
90743854,2018,2018-06-08,9575,2018-05-29,0645,017589,NA,2,1,7,1942,0,1,1,NA,2,052,I-5 S/B (GOLDEN STATE FREEWAY),HOLLYWOOD WAY,100,S,N,A,-,Y,NA,NA,5,NA,NA,NA,NA,NA,S,N,4,0,2,2,A,-,03,22350,NA,N,C,C,A,A,H,-,A,D,0,NA,NA,NA,NA,Y,NA,A,07,0,0,2,0,0,0,0,0,0,-,-,34.20975875854492,-118.34615325927734,LOS ANGELES,LOS ANGELES,-118.34602355957033,34.20989227294922
9074386,2020,2020-07-06,1900,2020-03-30,1230,612439,0629,1,5,6,1985,0,0,0,NA,0,62T1,LYONS AV,NEWHALL AV,250,W,N,A,-,N,NA,NA,NA,NA,NA,NA,NA,NA,NA,N,4,0,4,2,A,-,08,22107,NA,N,C,E,A,A,H,-,A,D,0,NA,NA,NA,NA,Y,NA,A,07,0,0,4,0,0,0,0,0,0,-,-,34.38029861450195,-118.53379821777344,LOS ANGELES,SANTA CLARITA,-118.53389739990234,34.380245208740234
90743865,2018,2018-06-08,9590,2018-06-06,1425,019146,NA,3,2,7,1942,0,1,1,NA,2,051,I-110 S/B (HARBOR FREEWAY),51ST STREET,50,N,N,A,-,Y,NA,NA,110,NA,NA,NA,NA,NA,S,N,4,0,1,2,A,-,03,22350,NA,N,C,C,A,A,H,-,A,D,0,NA,NA,NA,NA,Y,NA,A,01,0,0,1,0,0,0,0,0,0,-,-,33.996639251708984,-118.28076934814452,LOS ANGELES,LOS ANGELES,-118.28072357177734,33.99664306640625
90743874,2018,2018-06-08,9590,2018-06-06,1200,016689,NA,3,1,7,1942,0,1,1,NA,2,061,I-10 W/B,10TH AVENUE,500,E,N,A,-,Y,NA,NA,10,NA,NA,NA,NA,NA,W,N,4,0,1,2,A,-,03,22350,NA,N,C,C,A,A,H,-,A,D,0,NA,NA,NA,NA,Y,NA,A,01,0,0,1,0,0,0,0,0,0,-,-,34.03554153442383,-118.32688903808594,LOS ANGELES,LOS ANGELES,-118.32688903808594,34.03553009033203
90743888,2018,2018-06-08,9530,2018-05-27,1647,021792,NA,7,2,9,1900,0,3,5,NA,2,002,BROADWAY 15200 BLOCK,REDONDO BEACH BLVD.,402,N,N,A,-,N,NA,NA,NA,NA,NA,NA,NA,NA,NA,N,2,0,1,2,A,-,03,22350,NA,N,B,C,A,A,H,-,A,D,0,NA,NA,Y,NA,Y,NA,C,03,1,0,0,0,0,0,0,0,1,-,-,33.8956298828125,-118.2786102294922,LOS ANGELES,UNINCORPORATED,-118.27865600585938,33.89396286010742
90743894,2018,2018-06-08,9530,2018-06-01,0915,022030,NA,5,1,9,1900,0,3,5,NA,2,001,CUDAHY ST.(2800 BLOCK),PACIFIC BLVD.,6,E,N,A,-,N,NA,NA,NA,NA,NA,NA,NA,NA,NA,N,4,0,1,2,A,-,10,21950,A,N,G,B,B,A,H,-,A,D,0,Y,NA,NA,NA,Y,NA,D,22,0,0,1,0,1,0,0,0,0,-,-,33.96580123901367,-118.22509765625,LOS ANGELES,UNINCORPORATED,-118.22519683837892,33.96583938598633
90743896,2018,2018-06-08,9530,2018-05-31,1510,022022,NA,4,2,6,1972,0,1,1,NA,2,400,I-405 S/B (SAN DIEGO FREEWAY),WESTERN AVE.,1584,N,N,A,-,Y,NA,NA,405,NA,NA,NA,NA,NA,S,N,4,0,1,3,A,-,03,22350,NA,N,C,C,A,A,H,-,A,D,0,NA,NA,NA,NA,Y,NA,A,07,0,0,1,0,0,0,0,0,0,-,-,33.86079025268555,-118.3143310546875,LOS ANGELES,TORRANCE,-118.31432342529295,33.86082077026367
90743898,2018,2018-06-08,9545,2018-06-02,1140,021730,NA,6,1,9,1900,0,3,5,NA,2,004,50TH ST  E,AVENUE M,0,NA,Y,A,-,N,NA,NA,NA,NA,NA,NA,NA,NA,NA,Y,3,0,2,2,A,-,12,22450,A,N,D,C,A,A,H,-,A,A,0,NA,NA,NA,NA,Y,NA,A,07,0,2,0,0,0,0,0,0,0,-,-,34.64601135253906,-118.04091644287108,LOS ANGELES,UNINCORPORATED,-118.0408935546875,34.646018981933594
90743899,2018,2018-08-07,9575,2018-06-02,0903,020918,NA,6,1,6,1925,0,1,3,NA,2,042,SR-134 W/B (VENTURA FREEWAY),PACIFIC AVE.,200,E,N,A,-,Y,NA,NA,134,NA,NA,NA,NA,NA,W,Y,4,0,1,2,A,-,03,22350,NA,N,C,C,A,A,H,-,A,D,0,NA,NA,NA,NA,Y,NA,A,08,0,0,1,0,0,0,0,0,0,-,-,34.1563606262207,-118.26364135742188,LOS ANGELES,GLENDALE,-118.26364135742188,34.1563720703125
90743904,2018,2018-06-08,9575,2018-06-02,2155,021569,NA,6,2,9,1900,0,3,5,NA,2,008,VISTA STREET (6500 BLOCK),LEROY STREET,206,S,N,A,-,N,NA,NA,NA,NA,NA,NA,NA,NA,NA,N,3,0,1,1,A,-,03,22350,NA,N,F,C,A,A,H,-,C,D,0,NA,NA,Y,NA,Y,NA,C,02,0,1,0,0,0,0,0,0,1,-,-,34.11880874633789,-118.08403778076172,LOS ANGELES,UNINCORPORATED,-118.08404541015624,34.118953704833984
90743907,2018,2018-06-08,9535,2018-05-28,0025,021505,NA,1,3,4,1907,0,1,1,NA,2,073,I-710 (LONG BEACH FREEWAY) S/B,CLARA ST,300,S,N,A,-,Y,NA,NA,NA,NA,NA,NA,NA,NA,NA,Y,4,0,1,3,A,-,03,22350,NA,N,B,C,A,A,H,-,D,D,0,NA,NA,NA,NA,Y,NA,A,01,0,0,1,0,0,0,0,0,0,-,-,34.28181076049805,-118.1696319580078,LOS ANGELES,BELL,-118.16979217529295,33.96281433105469
90743914,2018,2018-06-08,9565,2018-05-26,1050,018804,NA,6,1,7,1942,0,1,1,NA,2,061,I-405 N/B (SAN DIEGO FWY.),HOWARD HUGHES PKWY.,400,S,N,A,-,Y,NA,NA,405,NA,NA,NA,NA,NA,N,Y,4,0,2,4,A,-,03,22350,NA,N,C,C,A,A,H,-,A,D,0,NA,NA,NA,NA,Y,NA,A,01,0,0,2,0,0,0,0,0,0,-,-,33.97433853149414,-118.38239288330078,LOS ANGELES,LOS ANGELES,-118.38235473632813,33.974403381347656
9074392,2020,2020-07-06,1900,2020-03-10,1545,623673,2832,2,5,5,1915,0,0,0,NA,0,283T3,156TH ST,TAJAUTA AV,260,W,N,A,-,N,NA,NA,NA,NA,NA,NA,NA,NA,NA,N,4,0,2,2,A,-,03,22350,NA,F,C,C,A,A,H,-,A,D,0,NA,NA,NA,NA,Y,NA,A,01,0,0,2,0,0,0,0,0,0,-,-,NA,NA,LOS ANGELES,COMPTON,-118.24686431884766,33.891197204589844
90743923,2018,2018-06-08,9530,2018-06-01,1021,022051,NA,5,1,5,1977,0,1,1,NA,2,410,I-405 N/B (SAN DIEGO FREEWAY),WILMINGTON AVE.,200,N,N,A,-,Y,NA,NA,405,NA,NA,NA,NA,NA,N,Y,4,0,5,3,A,-,03,22350,NA,N,C,C,A,A,H,-,A,D,0,NA,NA,NA,NA,Y,NA,A,01,0,0,5,0,0,0,0,0,0,-,-,33.82590103149414,-118.24342346191406,LOS ANGELES,CARSON,-118.24342346191406,33.8259162902832
9074393,2020,2020-07-06,1900,2020-03-22,2000,621508,0331,7,5,4,1939,0,0,0,NA,0,35T1,MARINE AV,HAWTHORNE BL,0,NA,Y,C,-,N,NA,NA,NA,NA,NA,NA,NA,NA,NA,N,2,0,1,2,A,-,12,21453,A,F,G,B,B,B,H,-,C,A,0,Y,NA,NA,NA,Y,NA,-,99,1,0,0,0,1,0,0,0,0,-,-,33.894691467285156,-118.35227966308594,LOS ANGELES,LAWNDALE,-118.3527374267578,33.8946418762207
90743938,2018,2018-06-08,9530,2018-06-02,0700,022022,NA,6,1,7,1942,0,1,1,NA,2,120,I-110 S/B (HARBOR FREEWAY),I-405,100,S,N,A,-,Y,NA,NA,110,NA,NA,NA,NA,NA,S,Y,4,0,2,3,A,-,07,21658,A,N,B,C,A,A,H,-,A,D,0,NA,NA,NA,NA,Y,NA,A,07,0,0,2,0,0,0,0,0,0,-,-,33.856689453125,-118.28475189208984,LOS ANGELES,LOS ANGELES,-118.2847900390625,33.856693267822266