CASE_ID,ACCIDENT_YEAR,PROC_DATE,JURIS,COLLISION_DATE,COLLISION_TIME,OFFICER_ID,REPORTING_DISTRICT,DAY_OF_WEEK,CHP_SHIFT,POPULATION,CNTY_CITY_LOC,SPECIAL_COND,BEAT_TYPE,CHP_BEAT_TYPE,CITY_DIVISION_LAPD,CHP_BEAT_CLASS,BEAT_NUMBER,PRIMARY_RD,SECONDARY_RD,DISTANCE,DIRECTION,INTERSECTION,WEATHER_1,WEATHER_2,STATE_HWY_IND,CALTRANS_COUNTY,CALTRANS_DISTRICT,STATE_ROUTE,ROUTE_SUFFIX,POSTMILE_PREFIX,POSTMILE,LOCATION_TYPE,RAMP_INTERSECTION,SIDE_OF_HWY,TOW_AWAY,COLLISION_SEVERITY,NUMBER_KILLED,NUMBER_INJURED,PARTY_COUNT,PRIMARY_COLL_FACTOR,PCF_CODE_OF_VIOL,PCF_VIOL_CATEGORY,PCF_VIOLATION,PCF_VIOL_SUBSECTION,HIT_AND_RUN,TYPE_OF_COLLISION,MVIW,PED_ACTION,ROAD_SURFACE,ROAD_COND_1,ROAD_COND_2,LIGHTING,CONTROL_DEVICE,CHP_ROAD_TYPE,PEDESTRIAN_ACCIDENT,BICYCLE_ACCIDENT,MOTORCYCLE_ACCIDENT,TRUCK_ACCIDENT,NOT_PRIVATE_PROPERTY,ALCOHOL_INVOLVED,STWD_VEHTYPE_AT_FAULT,CHP_VEHTYPE_AT_FAULT,COUNT_SEVERE_INJ,COUNT_VISIBLE_INJ,COUNT_COMPLAINT_PAIN,COUNT_PED_KILLED,COUNT_PED_INJURED,COUNT_BICYCLIST_KILLED,COUNT_BICYCLIST_INJURED,COUNT_MC_KILLED,COUNT_MC_INJURED,PRIMARY_RAMP,SECONDARY_RAMP,LATITUDE,LONGITUDE,COUNTY,CITY,POINT_X,POINT_Y
9075401,2020,2020-06-25,1942,2020-01-09,1530,NA,0239,4,5,7,1942,0,0,0,B,0,2A39,BEAUDRY AV,1ST ST,20,N,N,A,-,N,NA,NA,NA,NA,NA,NA,NA,NA,NA,N,4,0,1,2,A,-,09,21801,A,N,B,C,A,A,H,-,A,A,0,NA,NA,NA,NA,Y,NA,A,01,0,0,1,0,0,0,0,0,0,-,-,NA,NA,LOS ANGELES,LOS ANGELES,-118.25421905517578,34.059139251708984
9075403,2020,2020-06-22,1942,2020-03-11,2040,38090,2027,3,5,7,1942,0,0,0,NA,0,20A45,S VERMONT AV,WILSHIRE BL,15,N,N,A,-,N,NA,NA,NA,NA,NA,NA,NA,NA,NA,N,4,0,1,2,A,-,10,21950,A,N,G,B,B,A,H,-,C,A,0,Y,NA,NA,NA,Y,NA,A,01,0,0,1,0,1,0,0,0,0,-,-,NA,NA,LOS ANGELES,LOS ANGELES,-118.29167938232422,34.06184005737305
9075404,2020,2020-06-23,1942,2020-03-04,2240,41516,2015,3,5,7,1942,0,0,0,NA,0,20A39,N VERMONT AV,BEVERLY BL,0,NA,Y,A,-,N,NA,NA,NA,NA,NA,NA,NA,NA,NA,Y,4,0,1,2,A,-,12,21453,A,N,D,C,A,A,H,-,C,A,0,NA,NA,NA,NA,Y,NA,A,01,0,0,1,0,0,0,0,0,0,-,-,NA,NA,LOS ANGELES,LOS ANGELES,-118.29168701171876,34.07632064819336
90754042,2018,2018-06-22,9565,2018-06-13,2105,022056,NA,3,2,7,1942,0,1,1,NA,2,064,I-405 N/B (SAN DIEGO FWY.),GETTY CENTER DR.,1840,N,N,A,-,Y,NA,NA,405,NA,NA,NA,NA,NA,N,Y,3,0,1,3,A,-,03,22350,NA,M,C,C,A,A,H,-,C,D,0,NA,NA,NA,NA,Y,NA,A,07,0,1,0,0,0,0,0,0,0,-,-,34.076480865478516,-118.46933746337892,LOS ANGELES,LOS ANGELES,-118.46932220458984,34.07649230957031
90754045,2018,2018-06-22,9550,2018-06-16,1700,020824,NA,6,2,9,1900,0,2,4,NA,1,051,FULLERTON ROAD N/B,CROSSHAVEN DRIVE,325,N,N,B,-,N,NA,NA,NA,NA,NA,NA,NA,NA,NA,Y,3,0,1,2,A,-,01,23152,A,N,C,E,A,A,H,-,A,D,0,NA,NA,NA,NA,Y,Y,A,01,0,1,0,0,0,0,0,0,0,-,-,33.984771728515625,-117.90737152099608,LOS ANGELES,UNINCORPORATED,-117.9074935913086,33.98476028442383
9075405,2020,2020-05-21,1942,2020-01-08,1750,44054,RAMPA,3,5,7,1942,0,0,0,NA,0,2A76,W 6TH ST,BEAUDRY,0,NA,Y,A,-,N,NA,NA,NA,NA,NA,NA,NA,NA,NA,N,4,0,2,2,A,-,09,21801,A,N,D,C,A,A,H,-,C,A,0,NA,NA,NA,NA,Y,NA,A,01,0,0,2,0,0,0,0,0,0,-,-,NA,NA,LOS ANGELES,LOS ANGELES,-118.25982666015624,34.053070068359375
90754060,2018,2018-06-22,9575,2018-06-12,1609,021006,NA,2,2,7,1942,0,1,1,NA,2,050,I-5 S/B TO SR-134 E/B,SONORA AVE.,1300,S,N,A,-,Y,NA,NA,5,NA,NA,NA,R,NA,S,N,4,0,1,2,A,-,03,22350,NA,N,C,C,A,A,H,-,A,D,0,NA,NA,NA,NA,Y,NA,A,07,0,0,1,0,0,0,0,0,0,-,-,34.15391159057617,-118.28761291503906,LOS ANGELES,LOS ANGELES,-118.28761291503906,34.15391159057617
9075407,2020,2020-06-22,1942,2020-03-05,1005,42314,2069,4,5,7,1942,0,0,0,NA,0,20A69,S HOOVER ST,W PICO BL,0,NA,Y,A,-,N,NA,NA,NA,NA,NA,NA,NA,NA,NA,Y,3,0,5,2,A,-,09,21801,A,N,D,C,A,A,H,-,A,A,0,NA,NA,NA,NA,Y,NA,A,01,0,2,3,0,0,0,0,0,0,-,-,NA,NA,LOS ANGELES,LOS ANGELES,-118.28421020507813,34.047279357910156
90754071,2018,2018-06-22,9550,2018-06-16,1640,021578,NA,6,2,5,1908,0,1,3,NA,2,091,SR-91 W/B,BIXBY AVE.,50,E,N,A,-,Y,NA,NA,91,NA,NA,NA,NA,NA,W,N,4,0,2,2,A,-,03,22350,NA,N,C,C,A,A,H,-,A,D,0,NA,NA,NA,NA,Y,NA,A,07,0,0,2,0,0,0,0,0,0,-,-,33.87628936767578,-118.12066650390624,LOS ANGELES,BELLFLOWER,-118.12066650390624,33.87631607055664
9075408,2020,2021-07-02,1942,2020-03-04,1600,40330,2019,3,5,7,1942,0,0,0,NA,0,20A1,3RD ST,COMMONWEALTH AV,0,NA,Y,A,-,N,NA,NA,NA,NA,NA,NA,NA,NA,NA,N,4,0,2,2,A,-,12,21453,A,N,-,C,A,A,H,-,A,A,0,NA,NA,NA,NA,Y,NA,-,-,0,0,2,0,0,0,0,0,0,-,-,NA,NA,LOS ANGELES,LOS ANGELES,-118.28572082519533,34.0689582824707
90754085,2018,2018-06-22,9550,2018-06-18,1205,015040,NA,1,1,3,1964,0,1,1,NA,2,501,I-5 N/B (SANTA ANA FREEWAY),CARMENITA ROAD,300,S,N,B,-,Y,NA,NA,5,NA,NA,NA,NA,NA,N,Y,4,0,2,3,A,-,03,22350,NA,N,C,C,A,A,D,H,A,D,0,NA,NA,NA,NA,Y,NA,A,01,0,0,2,0,0,0,0,0,0,-,-,33.89324188232422,-118.04586029052734,LOS ANGELES,SANTA FE SPRINGS,-118.04582214355467,33.893314361572266
90754089,2018,2018-06-22,9550,2018-06-18,0740,015382,NA,1,1,9,1900,0,2,4,NA,1,015,PIONEER BOULEVARD,WASHINGTON BOULEVARD,500,N,N,B,-,N,NA,NA,NA,NA,NA,NA,NA,NA,NA,N,4,0,1,2,A,-,03,22350,NA,N,C,C,A,A,H,-,A,D,0,NA,NA,NA,NA,Y,NA,A,01,0,0,1,0,0,0,0,0,0,-,-,33.97446823120117,-118.07879638671876,LOS ANGELES,UNINCORPORATED,-118.0785675048828,33.9749755859375
90754093,2018,2018-06-22,9535,2018-06-12,0835,013584,NA,2,1,5,1901,0,1,1,NA,2,111,I-10 (SAN BERNARDINO FREEWAY) W/B HOT,FREMONT AVENUE,155,W,N,A,-,Y,NA,NA,10,NA,NA,NA,NA,NA,W,N,4,0,1,2,A,-,03,22350,NA,N,C,C,A,A,H,-,A,D,0,NA,NA,NA,NA,Y,NA,A,01,0,0,1,0,0,0,0,0,0,-,-,34.068260192871094,-118.1517333984375,LOS ANGELES,ALHAMBRA,-118.15174102783205,34.06828689575195
9075410,2020,2020-06-26,1942,2020-03-15,0225,43359,0646,7,5,7,1942,0,0,0,F,0,6FB24,SUNSET BL,CAHUENGA AV,0,NA,Y,B,-,N,NA,NA,NA,NA,NA,NA,NA,NA,NA,Y,4,0,3,2,A,-,01,23152,A,N,A,C,A,A,H,-,C,A,0,NA,NA,NA,NA,Y,Y,A,01,0,0,3,0,0,0,0,0,0,-,-,NA,NA,LOS ANGELES,LOS ANGELES,-118.32949066162108,34.0980110168457
90754103,2018,2018-06-22,9535,2018-06-14,1605,022059,NA,4,2,5,1943,0,1,1,NA,2,074,I-710 (LONG BEACH FREEWAY) N/B,IMPERIAL HWY,1800,S,N,A,-,Y,NA,NA,710,NA,NA,NA,NA,NA,N,N,4,0,1,2,A,-,04,21703,NA,N,C,C,A,A,H,-,A,D,0,NA,NA,NA,NA,Y,NA,A,07,0,0,1,0,0,0,0,0,0,-,-,33.92593002319336,-118.17767333984376,LOS ANGELES,LYNWOOD,-118.17772674560548,33.92591857910156
9075411,2020,2020-10-08,1942,2020-03-09,2130,43719,2091,1,5,7,1942,0,0,0,NA,0,20A53,S WESTERN AV,RT 10,0,NA,Y,A,-,Y,LA,7,10,-,R,12.651,R,4,W,N,4,0,2,2,A,-,04,21703,NA,N,C,C,A,A,H,-,C,D,0,NA,NA,NA,NA,Y,NA,A,07,0,0,2,0,0,0,0,0,0,-,WO,NA,NA,LOS ANGELES,LOS ANGELES,-118.31195068359376,34.03725814819336
90754110,2018,2018-06-22,9535,2018-06-15,1610,017586,NA,5,2,3,1914,0,1,1,NA,2,073,I-710 S/B (LONG BEACH FREEWAY),WASHINGTON BLVD,500,N,N,A,-,Y,NA,NA,710,NA,NA,NA,NA,NA,S,N,4,0,1,2,A,-,03,22350,NA,N,C,C,A,A,H,-,A,D,0,NA,NA,NA,NA,Y,NA,A,07,0,0,1,0,0,0,0,0,0,-,-,34.00823974609375,-118.17254638671876,LOS ANGELES,COMMERCE,-118.17246246337892,34.008235931396484
9075412,2020,2020-06-23,1942,2020-03-09,1815,43719,2011,1,5,7,1942,0,0,0,NA,0,20A53,N VAN NESS AV,W 1ST ST,0,NA,Y,A,-,N,NA,NA,NA,NA,NA,NA,NA,NA,NA,Y,4,0,1,2,A,-,12,22450,A,N,D,C,A,A,H,-,A,A,0,NA,NA,NA,NA,Y,NA,A,01,0,0,1,0,0,0,0,0,0,-,-,NA,NA,LOS ANGELES,LOS ANGELES,-118.31568145751952,34.073028564453125
90754120,2018,2018-06-22,9575,2018-06-13,1240,021878,NA,3,1,7,1942,0,1,1,NA,2,052,I-5 S/B (GOLDEN STATE FREEWAY),SUNLAND BOULEVARD,107,S,N,A,-,Y,NA,NA,5,NA,NA,NA,NA,NA,S,Y,4,0,1,2,A,-,03,22350,NA,N,C,C,A,A,H,-,A,D,0,NA,NA,NA,NA,Y,NA,A,01,0,0,1,0,0,0,0,0,0,-,-,34.22190856933594,-118.36624145507813,LOS ANGELES,LOS ANGELES,-118.36624145507813,34.2219123840332
90754129,2018,2018-06-22,9575,2018-06-13,1610,021878,NA,3,2,7,1942,0,1,1,NA,2,053,I-5 N/B (GOLDEN STATE FREEWAY),BRANFORD STREET,1584,S,N,A,-,Y,NA,NA,5,NA,NA,NA,NA,NA,N,N,4,0,1,2,A,-,03,22350,NA,N,C,C,A,A,H,-,A,D,0,NA,NA,NA,NA,Y,NA,D,22,0,0,1,0,0,0,0,0,0,-,-,34.23530960083008,-118.41194915771484,LOS ANGELES,LOS ANGELES,-118.41200256347656,34.23524856567383
9075413,2020,2020-05-21,1900,2020-01-17,1700,540599,0455,5,5,6,1949,0,0,0,NA,0,437,STUDEBAKER RD,ROSCRANS AV,114,S,N,A,-,N,NA,NA,NA,NA,NA,NA,NA,NA,NA,N,4,0,1,2,A,-,21,22106,NA,N,C,C,A,A,H,-,A,A,0,NA,NA,NA,NA,Y,NA,A,01,0,0,1,0,0,0,0,0,0,-,-,NA,NA,LOS ANGELES,NORWALK,-118.10011291503906,33.90172576904297
90754132,2018,2018-06-22,9535,2018-06-17,1920,021131,NA,7,2,5,1959,0,1,1,NA,2,400,I-10 (SAN BERNARDINO FREEWAY) E/B,SAN GABRIEL BLVD.,1300,W,N,A,-,Y,NA,NA,10,NA,NA,NA,NA,NA,E,Y,4,0,3,1,A,-,08,22107,NA,N,E,I,A,A,H,-,A,D,0,NA,NA,NA,NA,Y,NA,A,01,0,0,3,0,0,0,0,0,0,-,-,34.07194900512695,-118.09513092041016,LOS ANGELES,ROSEMEAD,-118.09513092041016,34.07181167602539
90754134,2018,2018-06-22,9590,2018-06-22,0115,022102,NA,5,3,7,1942,0,1,1,NA,2,085,I-5 S/B (GOLDEN STATE FREEWAY),HYPERION AVE.,250,N,N,A,-,Y,NA,NA,5,NA,NA,NA,NA,NA,S,Y,2,0,1,1,A,-,08,22107,NA,N,F,I,A,A,H,-,C,D,0,NA,NA,NA,NA,Y,NA,A,01,1,0,0,0,0,0,0,0,0,-,-,34.11296844482422,-118.26727294921876,LOS ANGELES,LOS ANGELES,-118.26708984375,34.1131591796875
9075414,2020,2020-06-26,1942,2020-03-08,0330,41671,2024,7,5,7,1942,0,0,0,NA,0,20A33,S ARDMORE AV,W 6TH ST,205,N,N,B,-,N,NA,NA,NA,NA,NA,NA,NA,NA,NA,N,2,0,1,3,A,-,10,21952,NA,F,G,B,F,A,H,-,C,D,0,Y,NA,NA,NA,Y,NA,-,99,1,0,0,0,1,0,0,0,0,-,-,NA,NA,LOS ANGELES,LOS ANGELES,-118.30158996582033,34.064144134521484
90754140,2018,2018-06-22,9535,2018-06-18,0700,016915,NA,1,1,9,1900,0,1,3,NA,2,621,SR-60 W/B TO SAN GABRIEL BLVD,SAN GABRIEL BLVD,10,E,N,A,-,Y,NA,NA,60,NA,NA,NA,R,NA,W,N,4,0,1,2,A,-,03,22350,NA,N,C,A,A,A,H,-,A,A,0,NA,NA,NA,NA,Y,NA,A,01,0,0,1,0,0,0,0,0,0,-,-,34.04056930541992,-118.08136749267578,LOS ANGELES,UNINCORPORATED,-118.08136749267578,34.04056930541992
9075415,2020,2020-06-22,1942,2020-03-09,2035,43441,2033,1,5,7,1942,0,0,0,NA,0,20A33,JAMES M WOOD BL,OXFORD AV,0,NA,Y,B,-,N,NA,NA,NA,NA,NA,NA,NA,NA,NA,N,4,0,1,2,A,-,12,22450,A,N,D,C,A,A,H,-,C,D,0,NA,NA,NA,NA,Y,NA,A,01,0,0,1,0,0,0,0,0,0,-,-,NA,NA,LOS ANGELES,LOS ANGELES,-118.3078,34.05586
90754151,2018,2018-06-25,9590,2018-06-14,0200,022087,NA,4,3,7,1942,0,1,1,NA,2,013,SR-110 S/B (ARROYO SECO PARKWAY),STONEY DR.,510,S,N,A,-,Y,NA,NA,110,NA,NA,NA,NA,NA,S,Y,3,0,1,1,A,-,01,23152,A,N,E,I,A,A,H,-,C,D,0,NA,NA,NA,NA,Y,Y,A,01,0,1,0,0,0,0,0,0,0,-,-,34.1168212890625,-118.17044067382813,LOS ANGELES,LOS ANGELES,-118.17044830322266,34.11683654785156
90754159,2018,2018-06-25,9575,2018-06-14,2300,021732,NA,4,3,9,1900,0,3,5,NA,2,003,LITTLE TUJUNGA CANYON ROAD N/B,GOLD CREEK ROAD,1584,N,N,A,-,N,NA,NA,NA,NA,NA,NA,NA,NA,NA,Y,4,0,2,1,A,-,03,22350,NA,N,E,I,A,A,H,-,D,D,0,NA,NA,NA,NA,Y,NA,A,01,0,0,2,0,0,0,0,0,0,-,-,34.32136917114258,-118.33872985839844,LOS ANGELES,UNINCORPORATED,-118.33937072753906,34.320716857910156
90754161,2018,2018-06-25,9575,2018-06-10,0202,020711,NA,7,3,9,1900,0,1,1,NA,2,065,I-210 E/B (FOOTHILL FREEWAY),SIERRA MADRE VILLA AVENUE,35,E,N,A,-,Y,NA,NA,210,NA,NA,NA,NA,NA,E,Y,4,0,1,2,A,-,01,23152,A,N,E,C,A,A,D,-,C,D,0,NA,NA,NA,NA,Y,Y,A,01,0,0,1,0,0,0,0,0,0,-,-,34.147621154785156,-118.08162689208984,LOS ANGELES,UNINCORPORATED,-118.08162689208984,34.147560119628906
90754162,2018,2018-06-25,9575,2018-06-10,0210,021978,NA,7,3,6,1925,0,1,3,NA,2,090,SR-2 W/B (GLENDALE FREEWAY),GLENOAKS BLVD,105,E,N,A,-,Y,NA,NA,2,NA,NA,NA,NA,NA,W,Y,4,0,1,1,A,-,01,23152,A,N,E,I,A,A,H,-,C,D,0,NA,NA,NA,NA,Y,Y,A,01,0,0,1,0,0,0,0,0,0,-,-,34.152870178222656,-118.22457122802734,LOS ANGELES,GLENDALE,-118.224609375,34.15288162231445
90754163,2018,2018-06-25,9575,2018-06-09,0035,019931,NA,6,3,5,1902,0,1,1,NA,2,065,I-210 E/B (FOOTHILL FREEWAY),MICHILLINDA AVE.,3,E,N,A,-,Y,NA,NA,210,NA,NA,NA,NA,NA,E,Y,3,0,1,2,A,-,01,23152,A,N,C,C,A,A,D,-,C,A,0,NA,NA,Y,NA,Y,Y,C,02,0,1,0,0,0,0,0,0,1,-,-,34.14854049682617,-118.06768035888672,LOS ANGELES,ARCADIA,-118.06768035888672,34.14857864379883
90754165,2018,2018-06-25,9575,2018-06-09,0750,021640,NA,6,1,7,1942,0,1,1,NA,2,052,I-5 S/B (GOLDEN STATE FWY),PEROIA ST.,100,N,N,A,-,Y,NA,NA,5,NA,NA,NA,NA,NA,S,Y,3,0,2,4,A,-,03,22350,NA,F,C,C,A,A,H,-,A,D,0,NA,NA,NA,Y,Y,NA,-,99,0,1,1,0,0,0,0,0,0,-,-,34.22597885131836,-118.38581848144533,LOS ANGELES,LOS ANGELES,-118.38583374023438,34.226348876953125
9075417,2020,2020-05-21,1900,2020-01-29,1412,6109720,0463,3,5,4,1936,0,0,0,NA,0,46T1,IMPERIAL HWY,LA MIRADA BL,0,NA,Y,A,-,N,NA,NA,NA,NA,NA,NA,NA,NA,NA,N,3,0,1,2,A,-,10,21952,NA,N,G,B,F,A,H,-,A,D,0,Y,NA,NA,NA,Y,NA,A,08,0,1,0,0,1,0,0,0,0,-,-,NA,NA,LOS ANGELES,LA MIRADA,-118.01199340820313,33.91725158691406
90754170,2018,2018-06-25,9575,2018-06-08,0130,021569,NA,5,3,7,1942,0,1,1,NA,2,053,I-5 N/B (GOLDEN STATE FREEWAY),VAN NUYS BOULEVARD,50,S,N,A,-,Y,NA,NA,5,NA,NA,NA,NA,NA,N,Y,4,0,2,3,A,-,03,22350,NA,N,C,C,A,A,H,-,D,D,0,NA,NA,NA,NA,Y,NA,A,07,0,0,2,0,0,0,0,0,0,-,-,34.255149841308594,-118.4331512451172,LOS ANGELES,LOS ANGELES,-118.43321990966795,34.25507736206055
90754171,2018,2018-06-25,9575,2018-06-10,0200,020711,NA,7,3,9,1900,0,1,1,NA,2,065,I-210 E/B (FOOTHILL FREEWAY),SIERRA MADRE VILLA AVENUE,20,E,N,A,-,Y,NA,NA,210,NA,NA,NA,NA,NA,E,Y,4,0,2,4,A,-,07,21658,A,M,B,C,A,A,D,-,C,D,0,NA,NA,NA,NA,Y,NA,-,99,0,0,2,0,0,0,0,0,0,-,-,34.14759826660156,-118.08177185058594,LOS ANGELES,UNINCORPORATED,-118.0817642211914,34.147552490234375
9075418,2020,2020-06-26,1942,2020-03-11,1500,41133,0667,3,5,7,1942,0,0,0,F,0,6A67,SANTA MONICA BL,WILTON PL,0,NA,Y,A,-,N,NA,NA,NA,NA,NA,NA,NA,NA,NA,N,3,0,1,2,A,-,11,21456,C,N,G,B,B,A,H,-,A,A,0,Y,NA,NA,NA,Y,NA,N,60,0,1,0,0,1,0,0,0,0,-,-,NA,NA,LOS ANGELES,LOS ANGELES,-118.31356811523438,34.09075164794922
9075419,2020,2020-06-22,1942,2020-03-09,0450,43425,2019,1,5,7,1942,0,0,0,NA,0,20A1,VERMONT AV,2ND ST,0,NA,Y,A,-,N,NA,NA,NA,NA,NA,NA,NA,NA,NA,Y,4,0,1,2,A,-,08,22101,NA,N,D,C,A,A,H,-,C,A,0,NA,NA,NA,NA,Y,NA,A,01,0,0,1,0,0,0,0,0,0,-,-,NA,NA,LOS ANGELES,LOS ANGELES,-118.29167175292967,34.07038116455078
90754197,2018,2018-06-25,9575,2018-06-13,0937,016603,NA,3,1,6,1925,0,1,3,NA,2,042,SR-134 E/B (VENTURA FREEWAY),SAN FERNANDO ROAD,100,W,N,A,-,Y,NA,NA,134,NA,NA,NA,NA,NA,E,Y,4,0,1,1,A,-,07,21658,A,N,E,I,A,A,H,-,A,D,0,NA,NA,NA,NA,Y,NA,A,01,0,0,1,0,0,0,0,0,0,-,-,34.153560638427734,-118.27631378173828,LOS ANGELES,GLENDALE,-118.27630615234376,34.153533935546875
90754199,2018,2018-06-25,9575,2018-06-13,0620,017354,NA,3,1,7,1942,0,1,3,NA,2,044,SR-134 W/B (VENTURA FREEWAY),FORMAN AVE. U/C,500,E,N,A,-,Y,NA,NA,134,NA,NA,NA,NA,NA,W,Y,4,0,1,2,A,-,03,22350,NA,N,C,C,A,A,H,-,A,D,0,NA,NA,NA,NA,Y,NA,A,01,0,0,1,0,0,0,0,0,0,-,-,34.15346145629883,-118.35089874267578,LOS ANGELES,LOS ANGELES,-118.35089874267578,34.15343475341797
90754200,2018,2018-06-25,9575,2018-06-13,1135,017354,NA,3,1,7,1942,0,1,3,NA,2,044,SR-134 W/B (VENTURA FREEWAY),FORMAN AVE. U/C,150,W,N,A,-,Y,NA,NA,134,NA,NA,NA,NA,NA,W,Y,4,0,1,2,A,-,07,21658,A,N,C,C,A,A,H,-,A,D,0,NA,NA,NA,NA,Y,NA,A,08,0,0,1,0,0,0,0,0,0,-,-,34.1532096862793,-118.35279083251952,LOS ANGELES,LOS ANGELES,-118.35279083251952,34.153194427490234
90754205,2018,2018-06-25,9575,2018-06-13,0855,017589,NA,3,1,6,1912,0,1,1,NA,2,051,I-5 N/B FROM SAN FERNANDO BLVD.,BUENA VISTA STREET,2112,S,N,A,-,Y,NA,NA,5,NA,NA,NA,R,NA,N,N,4,0,1,2,A,-,03,22350,NA,N,C,C,A,A,H,-,A,D,0,NA,NA,NA,NA,Y,NA,A,01,0,0,1,0,0,0,0,0,0,-,-,34.19511032104492,-118.33186340332033,LOS ANGELES,BURBANK,-118.33186340332033,34.19511032104492
9075421,2020,2020-06-04,1900,2020-01-27,1523,610437,0454,1,5,6,1949,0,0,0,NA,0,NA,FIRESTONE BL,SILVERBOW AV,317,E,N,A,-,N,NA,NA,NA,NA,NA,NA,NA,NA,NA,Y,4,0,2,2,A,-,09,21804,A,N,A,C,A,A,H,-,A,A,0,NA,NA,NA,NA,Y,NA,A,01,0,0,2,0,0,0,0,0,0,-,-,NA,NA,LOS ANGELES,NORWALK,-118.06797790527344,33.90546417236328
90754219,2018,2018-06-25,9575,2018-06-14,1100,017354,NA,4,1,6,1925,0,1,3,NA,2,042,SR-134 E/B TO SR-2 (GLENDALE FREEWAY),SINCLAIR AVE. U/C,240,W,N,A,-,Y,NA,NA,134,NA,NA,NA,R,NA,E,Y,3,0,1,2,A,-,08,22107,NA,N,B,C,A,A,H,-,A,D,0,NA,NA,NA,NA,Y,NA,A,07,0,1,0,0,0,0,0,0,0,-,-,34.150001525878906,-118.2336883544922,LOS ANGELES,GLENDALE,-118.2336883544922,34.150001525878906
9075422,2020,2020-09-02,1942,2020-03-10,1915,44081,0645,2,5,7,1942,0,0,0,F,0,6AJ,LA BREA,SUNSET BL,25,N,N,A,-,N,NA,NA,NA,NA,NA,NA,NA,NA,NA,N,4,0,1,2,A,-,17,21235,G,F,D,C,A,A,H,-,C,D,0,NA,NA,NA,NA,Y,NA,M,94,0,0,1,0,0,0,0,0,0,-,-,NA,NA,LOS ANGELES,LOS ANGELES,-118.34416198730467,34.098045349121094
9075423,2020,2020-06-22,1942,2020-03-09,0850,34959,2056,1,5,7,1942,0,0,0,NA,0,20A69,OLYMPIC BL,BERENDO ST,109,E,N,B,-,N,NA,NA,NA,NA,NA,NA,NA,NA,NA,Y,4,0,1,2,A,-,09,21801,A,N,D,C,A,A,H,-,A,D,0,NA,NA,NA,NA,Y,NA,A,07,0,0,1,0,0,0,0,0,0,-,-,NA,NA,LOS ANGELES,LOS ANGELES,-118.29332733154295,34.052669525146484
90754236,2018,2018-06-25,9575,2018-06-14,1700,014187,NA,4,2,6,1953,0,1,1,NA,2,064,I-210 W/B (FOOTHILL FREEWAY),CRAIG AVENUE,200,E,N,A,-,Y,NA,NA,210,NA,NA,NA,NA,NA,W,Y,4,0,1,2,A,-,03,22350,NA,N,C,C,A,A,H,-,A,D,0,NA,NA,NA,NA,Y,NA,A,01,0,0,1,0,0,0,0,0,0,-,-,34.152679443359375,-118.10395050048828,LOS ANGELES,PASADENA,-118.10395050048828,34.152687072753906
90754243,2018,2018-06-25,9575,2018-06-15,1433,020702,NA,5,2,7,1942,0,1,1,NA,2,053,I-5 S/B (GOLDEN STATE FREEWAY),TERRA BELLA ST.,100,S,N,A,-,Y,NA,NA,5,NA,NA,NA,NA,NA,S,Y,4,0,2,2,A,-,03,22350,NA,N,C,C,A,A,H,-,A,D,0,NA,NA,NA,NA,Y,NA,D,22,0,0,2,0,0,0,0,0,0,-,-,34.25046157836914,-118.42862701416016,LOS ANGELES,LOS ANGELES,-118.42863464355467,34.25045394897461
9075425,2020,2020-06-24,1942,2020-01-30,1855,43459,0266,4,5,7,1942,0,0,0,B,0,2A76W5,JAMES M WOOD BL,BEACON AV,0,NA,Y,A,-,N,NA,NA,NA,NA,NA,NA,NA,NA,NA,NA,4,0,3,2,D,-,00,NA,NA,N,D,C,A,A,H,-,A,D,0,NA,NA,NA,NA,Y,NA,-,-,0,0,3,0,0,0,0,0,0,-,-,NA,NA,LOS ANGELES,LOS ANGELES,-118.27434,34.05135
9075426,2020,2020-06-22,1942,2020-03-06,2020,39127,2015,5,5,7,1942,0,0,0,NA,0,2A1,N KENMORE AV,BEVERLY BL,0,NA,Y,B,-,N,NA,NA,NA,NA,NA,NA,NA,NA,NA,N,4,0,1,2,A,-,10,21950,A,F,G,B,B,A,H,-,C,A,0,Y,NA,NA,NA,Y,NA,-,99,0,0,1,0,1,0,0,0,0,-,-,NA,NA,LOS ANGELES,LOS ANGELES,-118.29695129394533,34.07630157470703
90754263,2018,2018-06-25,9575,2018-06-13,0203,020950,NA,3,3,7,1942,0,1,1,NA,2,060,I-210 E/B TO SR-118 W/B,DRONFIELD AVE.,335,E,N,A,-,Y,NA,NA,210,NA,NA,NA,R,NA,E,Y,3,0,1,1,A,-,01,23152,A,N,E,I,A,A,H,-,C,D,0,NA,NA,NA,NA,Y,Y,D,22,0,1,0,0,0,0,0,0,0,-,-,34.28688049316406,-118.41017150878906,LOS ANGELES,LOS ANGELES,-118.41017150878906,34.28688049316406
90754266,2018,2018-06-25,9575,2018-06-14,0755,018762,NA,4,1,7,1942,0,1,1,NA,2,053,I-5 S/B (GOLDEN STATE FREEWAY),PAXTON STREET,112,N,N,A,-,Y,NA,NA,5,NA,NA,NA,NA,NA,S,Y,3,0,1,3,A,-,03,22350,NA,N,C,C,A,A,H,-,A,D,0,NA,NA,NA,Y,Y,NA,F,26,0,1,0,0,0,0,0,0,0,-,-,34.26308059692383,-118.44122314453124,LOS ANGELES,LOS ANGELES,-118.44119262695313,34.263099670410156