CASE_ID,ACCIDENT_YEAR,PROC_DATE,JURIS,COLLISION_DATE,COLLISION_TIME,OFFICER_ID,REPORTING_DISTRICT,DAY_OF_WEEK,CHP_SHIFT,POPULATION,CNTY_CITY_LOC,SPECIAL_COND,BEAT_TYPE,CHP_BEAT_TYPE,CITY_DIVISION_LAPD,CHP_BEAT_CLASS,BEAT_NUMBER,PRIMARY_RD,SECONDARY_RD,DISTANCE,DIRECTION,INTERSECTION,WEATHER_1,WEATHER_2,STATE_HWY_IND,CALTRANS_COUNTY,CALTRANS_DISTRICT,STATE_ROUTE,ROUTE_SUFFIX,POSTMILE_PREFIX,POSTMILE,LOCATION_TYPE,RAMP_INTERSECTION,SIDE_OF_HWY,TOW_AWAY,COLLISION_SEVERITY,NUMBER_KILLED,NUMBER_INJURED,PARTY_COUNT,PRIMARY_COLL_FACTOR,PCF_CODE_OF_VIOL,PCF_VIOL_CATEGORY,PCF_VIOLATION,PCF_VIOL_SUBSECTION,HIT_AND_RUN,TYPE_OF_COLLISION,MVIW,PED_ACTION,ROAD_SURFACE,ROAD_COND_1,ROAD_COND_2,LIGHTING,CONTROL_DEVICE,CHP_ROAD_TYPE,PEDESTRIAN_ACCIDENT,BICYCLE_ACCIDENT,MOTORCYCLE_ACCIDENT,TRUCK_ACCIDENT,NOT_PRIVATE_PROPERTY,ALCOHOL_INVOLVED,STWD_VEHTYPE_AT_FAULT,CHP_VEHTYPE_AT_FAULT,COUNT_SEVERE_INJ,COUNT_VISIBLE_INJ,COUNT_COMPLAINT_PAIN,COUNT_PED_KILLED,COUNT_PED_INJURED,COUNT_BICYCLIST_KILLED,COUNT_BICYCLIST_INJURED,COUNT_MC_KILLED,COUNT_MC_INJURED,PRIMARY_RAMP,SECONDARY_RAMP,LATITUDE,LONGITUDE,COUNTY,CITY,POINT_X,POINT_Y
9075976,2020,2020-05-16,1942,2020-02-27,1657,43919,1469,4,5,7,1942,0,0,0,N,0,14A26,CENTINELLA AV,SHERBOUNE AV,0,NA,Y,A,-,N,NA,NA,NA,NA,NA,NA,NA,NA,NA,N,4,0,2,3,A,-,03,22350,NA,N,A,C,A,A,H,-,A,A,0,NA,NA,NA,NA,Y,NA,-,NA,0,0,2,0,0,0,0,0,0,-,-,NA,NA,LOS ANGELES,LOS ANGELES,-118.38166809082033,33.9764289855957
90759775,2018,2018-06-29,9525,2018-06-27,1040,021931,NA,3,1,3,1921,0,1,1,NA,2,201,I-210 W/B (FOOTHILL FWY),BUENA VISTA ST.,300,W,N,A,-,Y,NA,NA,210,NA,NA,NA,NA,NA,W,N,4,0,1,2,A,-,03,22350,NA,N,C,C,A,A,H,-,A,D,0,NA,NA,NA,NA,Y,NA,A,01,0,0,1,0,0,0,0,0,0,-,-,34.13542175292969,-117.9787826538086,LOS ANGELES,DUARTE,-117.9787826538086,34.13547134399414
9075979,2020,2020-06-11,1942,2020-02-01,2030,43511,0166,6,5,7,1942,0,0,0,A,0,1A35,TEMPLE ST,FIGUEROA ST,0,NA,Y,A,-,N,NA,NA,NA,NA,NA,NA,NA,NA,NA,N,4,0,1,2,A,-,12,21453,A,F,D,G,A,A,H,-,C,A,0,NA,Y,NA,NA,Y,NA,L,04,0,0,1,0,0,0,0,0,0,-,-,NA,NA,LOS ANGELES,LOS ANGELES,-118.24845123291016,34.05984115600586
9075980,2020,2020-05-16,1942,2020-02-17,1015,03566,1494,1,5,7,1942,0,0,0,N,0,5M22,WORLD WAY UPPER,WEST WY,0,NA,Y,A,-,N,NA,NA,NA,NA,NA,NA,NA,NA,NA,Y,4,0,1,3,A,-,03,22350,NA,N,B,B,E,A,H,-,A,D,0,Y,NA,NA,NA,Y,NA,A,01,0,0,1,0,1,0,0,0,0,-,-,NA,NA,LOS ANGELES,LOS ANGELES,-118.40606,33.94484
90759812,2018,2018-06-29,9590,2018-06-23,2110,021583,NA,6,2,7,1942,0,1,2,NA,2,073,US-101 S/B (HOLLYWOOD FREEWAY),SUNSET BOULEVARD,400,S,N,A,-,Y,NA,NA,101,NA,NA,NA,NA,NA,S,Y,4,0,1,3,A,-,03,22350,NA,N,C,C,A,A,H,-,C,D,0,NA,NA,NA,NA,Y,NA,A,01,0,0,1,0,0,0,0,0,0,-,-,34.0955696105957,-118.31243133544922,LOS ANGELES,LOS ANGELES,-118.3123779296875,34.09563446044922
9075984,2020,2020-05-16,1942,2020-02-17,1120,0806,1494,1,5,7,1942,0,0,0,N,0,5M37,SEPULVEDA BL,CENTURY BL,236,S,N,A,-,N,NA,NA,NA,NA,NA,NA,NA,NA,NA,Y,4,0,2,3,A,-,07,21658,A,N,C,C,A,A,H,-,A,A,0,NA,NA,NA,NA,Y,NA,A,01,0,0,2,0,0,0,0,0,0,-,-,NA,NA,LOS ANGELES,LOS ANGELES,-118.39633178710938,33.94538116455078
90759847,2018,2018-06-29,9580,2018-06-20,1930,020153,NA,3,2,7,1942,0,1,2,NA,2,105,US-101 S/B (VENTURA FREEWAY),LINDLEY AVE,45,N,N,A,-,Y,NA,NA,101,NA,NA,NA,NA,NA,S,Y,4,0,1,2,A,-,08,22107,NA,N,E,I,A,A,H,-,B,D,0,NA,NA,NA,NA,Y,NA,A,01,0,0,1,0,0,0,0,0,0,-,-,34.17123031616211,-118.52796173095705,LOS ANGELES,LOS ANGELES,-118.52796173095705,34.17110061645508
90759850,2018,2018-06-29,9590,2018-06-24,2330,022088,NA,7,3,7,1942,0,1,1,NA,2,041,SR-60 E/B (POF) TO I-5 S/B (SAF),MARIETTA STREET,455,W,N,A,-,Y,NA,NA,60,NA,NA,NA,R,NA,E,N,4,0,1,2,A,-,03,22350,NA,N,C,C,A,A,H,-,C,D,0,NA,NA,NA,NA,Y,NA,A,01,0,0,1,0,0,0,0,0,0,-,-,34.02870178222656,-118.21446228027344,LOS ANGELES,LOS ANGELES,-118.21446228027344,34.02870178222656
9075986,2020,2020-05-19,1942,2020-02-28,1755,41232,0195,5,5,7,1942,0,0,0,A,0,13X94,MAPLE AV,WASHINGTON BL,100,N,N,A,-,N,NA,NA,NA,NA,NA,NA,NA,NA,NA,N,4,0,2,2,A,-,06,21755,NA,N,B,C,A,A,H,-,B,A,0,NA,NA,NA,NA,Y,NA,-,-,0,0,2,0,0,0,0,0,0,-,-,NA,NA,LOS ANGELES,LOS ANGELES,-118.26126098632813,34.029693603515625
9075987,2020,2020-05-19,1942,2020-02-07,1630,37908,0157,5,5,7,1942,0,0,0,A,0,4A78,3RD ST,MAIN ST,100,E,N,A,-,N,NA,NA,NA,NA,NA,NA,NA,NA,NA,N,4,0,1,2,A,-,03,22350,NA,F,C,C,A,A,H,-,A,D,0,NA,NA,NA,NA,Y,NA,-,99,0,0,1,0,0,0,0,0,0,-,-,NA,NA,LOS ANGELES,LOS ANGELES,-118.24571990966795,34.04928207397461
9075988,2020,2020-05-16,1942,2020-02-12,2003,43607,14A15,3,5,7,1942,0,0,0,N,0,14A11,ROSE AV,WALGROVE AV,0,NA,Y,A,-,N,NA,NA,NA,NA,NA,NA,NA,NA,NA,N,4,0,1,3,A,-,03,22350,NA,N,C,C,A,A,H,-,C,A,0,NA,NA,NA,NA,Y,NA,-,NA,0,0,1,0,0,0,0,0,0,-,-,NA,NA,LOS ANGELES,LOS ANGELES,-118.45478057861328,34.00825119018555
90759896,2018,2018-06-29,9580,2018-06-23,0930,021015,NA,6,1,7,1942,0,1,2,NA,2,104,US-101 N/B (VENTURA FREEWAY),FALLBROOK AVE,250,N,N,B,-,Y,NA,NA,101,NA,NA,NA,NA,NA,N,Y,3,0,3,2,A,-,03,22350,NA,N,C,C,A,A,H,-,A,D,0,NA,NA,NA,NA,Y,NA,A,07,0,1,2,0,0,0,0,0,0,-,-,34.164329528808594,-118.62420654296876,LOS ANGELES,LOS ANGELES,-118.62421417236328,34.164344787597656
9075990,2020,2020-06-10,1942,2020-02-18,1745,43015,0152,2,5,7,1942,0,0,0,A,0,1A12,7TH ST,FLOWER ST,40,E,N,A,-,N,NA,NA,NA,NA,NA,NA,NA,NA,NA,N,4,0,1,2,A,-,17,22517,NA,N,B,B,A,A,H,-,A,A,0,NA,NA,NA,NA,Y,NA,M,94,0,0,1,0,0,0,0,0,0,-,-,NA,NA,LOS ANGELES,LOS ANGELES,-118.25867462158205,34.04862594604492
90759903,2018,2019-02-18,9540,2018-06-22,1231,021214,NA,5,1,9,1900,0,2,4,NA,2,010,THE OLD ROAD,VALENCIA BOULEVARD,0,NA,Y,A,-,N,NA,NA,NA,NA,NA,NA,NA,NA,NA,Y,4,0,1,2,A,-,12,21453,A,N,D,C,A,A,H,-,A,A,0,NA,NA,NA,NA,Y,NA,A,01,0,0,1,0,0,0,0,0,0,-,-,34.407588958740234,-118.57962799072266,LOS ANGELES,UNINCORPORATED,-118.57984924316406,34.40755081176758
90759904,2018,2018-06-29,9580,2018-06-26,1720,022046,NA,2,2,7,1942,0,1,1,NA,2,405,I-405 S/B (SAN DIEGO FWY),VICTORY BLVD,1000,N,N,A,-,Y,NA,NA,405,NA,NA,NA,NA,NA,S,Y,4,0,1,2,A,-,03,22350,NA,N,C,C,A,A,H,-,A,D,0,NA,NA,NA,NA,Y,NA,A,01,0,0,1,0,0,0,0,0,0,-,-,34.190311431884766,-118.4744110107422,LOS ANGELES,LOS ANGELES,-118.47435760498048,34.190311431884766
9075991,2020,2020-05-19,1942,2020-02-09,2245,43483,0166,7,5,7,1942,0,0,0,A,0,1X35,7TH ST,WALL ST,100,E,N,A,-,N,NA,NA,NA,NA,NA,NA,NA,NA,NA,N,4,0,1,2,A,-,08,22107,NA,N,C,G,A,A,H,-,C,D,0,NA,Y,NA,NA,Y,NA,L,04,0,0,1,0,0,0,1,0,0,-,-,NA,NA,LOS ANGELES,LOS ANGELES,-118.24827575683594,34.04178237915039
9075992,2020,2020-05-16,1942,2020-02-09,1540,43990,1425,7,5,7,1942,0,0,0,N,0,14A27,NATIONAL BL,BUTLER AV,0,E,N,B,-,N,NA,NA,NA,NA,NA,NA,NA,NA,NA,Y,4,0,1,3,A,-,05,21651,A,N,D,C,A,A,H,-,B,D,0,NA,NA,NA,NA,Y,NA,-,NA,0,0,1,0,0,0,0,0,0,-,-,NA,NA,LOS ANGELES,LOS ANGELES,-118.43411254882813,34.02492141723633
90759923,2018,2018-06-29,9580,2018-06-19,2045,021544,NA,2,2,7,1942,0,1,1,NA,2,404,I-405 N/B (SAN DIEGO FWY),VENTURA BLVD,1700,S,N,A,-,Y,NA,NA,405,NA,NA,NA,NA,NA,N,N,4,0,2,2,A,-,03,22350,NA,N,C,C,A,A,H,-,C,D,0,NA,NA,NA,NA,Y,NA,A,07,0,0,2,0,0,0,0,0,0,-,-,34.14950942993164,-118.46865844726564,LOS ANGELES,LOS ANGELES,-118.46867370605467,34.14951705932617
90759924,2018,2018-06-29,9535,2018-06-20,0700,016869,NA,3,1,3,1914,0,1,1,NA,2,500,I-5 (SANTA ANA FREEWAY) N/B,ARIZONA AVE POC,400,S,N,B,-,Y,NA,NA,5,NA,NA,NA,NA,NA,N,N,4,0,1,2,A,-,21,22106,NA,N,C,C,A,A,H,-,A,D,0,NA,NA,NA,NA,Y,NA,A,07,0,0,1,0,0,0,0,0,0,-,-,34.01459884643555,-118.1682586669922,LOS ANGELES,COMMERCE,-118.1682586669922,34.01460647583008
90759926,2018,2018-06-29,9590,2018-06-17,2238,021346,NA,7,3,7,1942,0,1,1,NA,2,020,I-10 E/B (SAN BERNARDINO FREEWAY),SOTO STREET,10,W,N,A,-,Y,NA,NA,10,NA,NA,NA,NA,NA,E,Y,4,0,2,2,A,-,08,22107,NA,N,D,C,A,A,H,-,C,D,0,NA,NA,NA,NA,Y,NA,A,01,0,0,2,0,0,0,0,0,0,-,-,34.05411911010742,-118.20342254638672,LOS ANGELES,LOS ANGELES,-118.20342254638672,34.05413818359375
90759930,2018,2018-06-29,9540,2018-06-20,0820,021078,NA,3,1,9,1900,0,2,4,NA,1,201,SIERRA HWY.,JUNIPER VALLEY RD.,328,W,N,A,-,Y,NA,NA,NA,NA,NA,NA,NA,NA,NA,Y,4,0,1,1,A,-,08,22107,NA,N,F,A,A,A,H,-,A,A,0,NA,NA,NA,NA,Y,NA,A,01,0,0,1,0,0,0,0,0,0,-,-,34.51729965209961,-118.2403564453125,LOS ANGELES,UNINCORPORATED,-118.24021911621094,34.5172119140625
9075994,2020,2020-06-10,1942,2020-02-09,1720,43769,0195,7,5,7,1942,0,0,0,A,0,1A84,17TH HELENA DR,MAIN ST,15,E,N,A,-,N,NA,NA,NA,NA,NA,NA,NA,NA,NA,N,4,0,2,2,A,-,12,21453,A,N,D,C,A,A,H,-,C,A,0,NA,NA,NA,NA,Y,NA,A,01,0,0,2,0,0,0,0,0,0,-,-,NA,NA,LOS ANGELES,LOS ANGELES,-118.2632064819336,34.03288650512695
90759947,2018,2018-06-29,9530,2018-06-23,0815,022030,NA,6,1,7,1942,0,1,1,NA,2,110,S/B I-110 (HARBOR FREEWAY),108TH ST.,100,S,N,A,-,Y,NA,NA,110,NA,NA,NA,NA,NA,NA,N,4,0,2,2,A,-,07,21658,A,N,B,C,A,A,H,-,A,D,0,NA,NA,NA,NA,Y,NA,A,07,0,0,2,0,0,0,0,0,0,-,-,33.93790054321289,-118.2802963256836,LOS ANGELES,LOS ANGELES,-118.28004455566406,33.937889099121094
9075995,2020,2020-05-19,1942,2020-02-01,2020,42500,0186,6,5,7,1942,0,0,0,A,0,1A85-W,OLYMPIC BL,LOS ANGELES ST,0,NA,Y,A,-,N,NA,NA,NA,NA,NA,NA,NA,NA,NA,Y,4,0,1,2,A,-,09,21801,A,N,A,C,A,A,H,-,C,A,0,NA,NA,NA,NA,Y,Y,A,01,0,0,1,0,0,0,0,0,0,-,-,NA,NA,LOS ANGELES,LOS ANGELES,-118.25582122802734,34.03955841064453
9075996,2020,2020-05-16,1942,2020-02-26,0900,43262,1454,3,5,7,1942,0,0,0,N,0,14A11,MINDANAO WY,GLENCOE AV,0,E,N,A,-,N,NA,NA,NA,NA,NA,NA,NA,NA,NA,N,4,0,2,2,A,-,09,21801,A,N,A,C,A,A,H,-,A,D,0,NA,NA,NA,NA,Y,NA,A,01,0,0,2,0,0,0,0,0,0,-,-,NA,NA,LOS ANGELES,LOS ANGELES,-118.43727111816406,33.985538482666016
9075998,2020,2020-05-19,1942,2020-02-08,1830,43506,0155,6,5,7,1942,0,0,0,A,0,1A2W5,6TH ST,WALL ST,0,NA,Y,A,-,N,NA,NA,NA,NA,NA,NA,NA,NA,NA,N,4,0,1,2,A,-,21,22106,NA,M,B,G,A,A,H,-,C,B,0,NA,Y,NA,NA,Y,NA,-,99,0,0,1,0,0,0,1,0,0,-,-,NA,NA,LOS ANGELES,LOS ANGELES,-118.24713897705078,34.043460845947266
9075999,2020,2020-05-19,1942,2020-02-04,0750,36356,0195,2,5,7,1942,0,0,0,A,0,1827,LOS ANGELES,16TH ST,0,NA,Y,A,-,N,NA,NA,NA,NA,NA,NA,NA,NA,NA,N,4,0,1,2,A,-,03,22350,NA,F,D,G,A,A,H,-,A,A,0,NA,Y,NA,NA,Y,NA,-,99,0,0,1,0,0,0,1,0,0,-,-,NA,NA,LOS ANGELES,LOS ANGELES,-118.26155090332033,34.03303909301758
90759997,2018,2018-06-29,9575,2018-06-17,1140,021669,NA,7,1,6,1953,0,1,1,NA,2,064,I-210 W/B (FOOTHILL FREEWAY),LAKE AVENUE,500,E,N,A,-,Y,NA,NA,210,NA,NA,NA,NA,NA,W,Y,4,0,5,2,A,-,03,22350,NA,N,C,C,A,A,H,-,A,D,0,NA,NA,NA,NA,Y,NA,D,22,0,0,5,0,0,0,0,0,0,-,-,34.152000427246094,-118.13114166259766,LOS ANGELES,PASADENA,-118.13114166259766,34.15199279785156
9076000,2020,2020-05-16,1942,2020-02-26,1645,42048,0724,3,5,7,1942,0,0,0,G,0,NA,3RD ST,THE GROVE DR,0,NA,Y,A,-,N,NA,NA,NA,NA,NA,NA,NA,NA,NA,Y,3,0,1,2,A,-,08,22101,D,N,D,C,A,A,H,-,A,A,0,NA,NA,Y,NA,Y,NA,C,02,0,1,0,0,0,0,0,0,1,-,-,NA,NA,LOS ANGELES,LOS ANGELES,-118.3563232421875,34.07080078125
90760010,2018,2018-06-29,9575,2018-06-13,0325,021213,NA,3,3,7,1942,0,1,1,NA,2,061,I-210 E/B (FOOTHILL FREEWAY),LOWELL AVE.,4265,W,N,A,-,Y,NA,NA,210,NA,NA,NA,NA,NA,E,Y,3,0,1,1,A,-,01,23152,A,N,E,I,A,A,H,-,D,D,0,NA,NA,NA,NA,Y,Y,A,01,0,1,0,0,0,0,0,0,0,-,-,34.2341194152832,-118.28363037109376,LOS ANGELES,LOS ANGELES,-118.28363800048828,34.23424530029297
9076005,2020,2020-08-14,1953,2020-03-05,0556,3301,1953,4,5,6,1953,0,0,0,NA,0,002,LOS ROBLES AV,HOWARD ST,120,N,N,A,-,N,NA,NA,NA,NA,NA,NA,NA,NA,NA,Y,4,0,1,1,A,-,08,22107,NA,N,B,I,A,A,H,-,B,D,0,NA,NA,NA,NA,Y,NA,A,07,0,0,1,0,0,0,0,0,0,-,-,NA,NA,LOS ANGELES,PASADENA,-118.14165496826172,34.172908782958984
90760076,2018,2018-06-29,9535,2018-06-19,1510,019135,NA,2,2,9,1900,0,3,5,NA,2,006,ROOKS RD,PECK RD,0,NA,Y,A,-,N,NA,NA,NA,NA,NA,NA,NA,NA,NA,Y,3,0,1,2,A,-,12,21453,A,N,D,C,A,A,H,-,A,A,0,NA,NA,NA,NA,Y,NA,A,01,0,1,0,0,0,0,0,0,0,-,-,34.02986145019531,-118.03713989257813,LOS ANGELES,UNINCORPORATED,-118.03726196289064,34.0301399230957
90760096,2018,2018-06-29,9590,2018-06-28,1720,021883,NA,4,2,7,1942,0,1,1,NA,2,062,I-10 E/B (SANTA MONICA FREEWAY),VENICE BLVD.,200,E,N,A,-,Y,NA,NA,10,NA,NA,NA,NA,NA,E,N,4,0,1,2,A,-,03,22350,NA,N,C,C,A,A,H,-,A,D,0,NA,NA,NA,NA,Y,NA,A,01,0,0,1,0,0,0,0,0,0,-,-,34.036190032958984,-118.37444305419922,LOS ANGELES,LOS ANGELES,-118.37443542480467,34.03622055053711
90760097,2018,2018-06-29,9575,2018-06-19,1350,017589,NA,2,1,7,1942,0,1,1,NA,2,050,I-5 N/B (GOLDEN STATE FREEWAY),HAZEL STREET PED U/C,100,S,N,A,-,Y,NA,NA,NA,NA,NA,NA,NA,NA,NA,Y,4,0,1,2,A,-,08,22107,NA,N,B,C,A,A,H,-,A,D,0,NA,NA,NA,Y,Y,NA,A,01,0,0,1,0,0,0,0,0,0,-,-,34.160118103027344,-118.29238128662108,LOS ANGELES,LOS ANGELES,NA,NA
90760109,2018,2018-06-29,9575,2018-06-11,0124,019538,NA,1,3,6,1912,0,1,3,NA,2,044,SR-134 E/B (VENTURA FWY),BOB HOPE DR,906,W,N,A,-,Y,NA,NA,134,NA,NA,NA,NA,NA,E,Y,4,0,1,1,A,-,01,23152,F,N,E,I,A,A,H,-,C,D,0,NA,NA,NA,NA,Y,NA,A,01,0,0,1,0,0,0,0,0,0,-,-,34.152400970458984,-118.33364105224608,LOS ANGELES,BURBANK,-118.33364868164064,34.15230178833008
90760111,2018,2018-06-29,9550,2018-06-23,1710,021950,NA,6,2,6,1949,0,1,1,NA,2,651,INTERSTATE 605 S/B TRANS TO I-105 W/B,IMPERIAL HIGHWAY,1000,N,N,A,-,Y,NA,NA,605,NA,NA,NA,R,NA,S,N,4,0,1,2,A,-,03,22350,NA,N,C,C,A,A,H,-,A,D,0,NA,NA,NA,NA,Y,NA,A,01,0,0,1,0,0,0,0,0,0,-,-,33.922271728515625,-118.104736328125,LOS ANGELES,NORWALK,-118.104736328125,33.922271728515625
90760112,2018,2018-06-29,9535,2018-06-19,1610,020347,NA,2,2,9,1900,0,2,4,NA,2,018,BEVERLY BLVD (5400 BLOCK),MARGARET AVE,10,W,N,A,-,N,NA,NA,NA,NA,NA,NA,NA,NA,NA,N,4,0,1,2,A,-,03,22350,NA,M,C,C,A,A,H,-,A,A,0,NA,NA,NA,NA,Y,NA,A,01,0,0,1,0,0,0,0,0,0,-,-,34.02981185913086,-118.14981842041016,LOS ANGELES,UNINCORPORATED,-118.1495361328125,34.02963638305664
90760113,2018,2018-06-29,9575,2018-06-21,1810,019976,NA,4,2,6,1953,0,1,1,NA,2,064,I-210 E/B TO ALTADENA DR.,ALTADENA DR.,2000,W,N,A,-,Y,NA,NA,210,NA,NA,NA,R,NA,E,Y,4,0,1,4,A,-,03,22350,NA,N,C,C,A,A,H,-,A,D,0,NA,NA,NA,NA,Y,NA,A,01,0,0,1,0,0,0,0,0,0,-,-,34.15230178833008,-118.10479736328124,LOS ANGELES,PASADENA,-118.10479736328124,34.15230178833008
90760133,2018,2018-07-02,9575,2018-06-24,1605,021879,NA,7,2,6,1925,0,1,1,NA,2,051,I-5 S/B FROM WESTERN AVE W/B,WESTERN AVE.,275,N,N,A,-,Y,NA,NA,5,NA,NA,NA,R,NA,S,N,4,0,1,2,A,-,03,22350,NA,N,C,C,A,A,H,-,A,A,0,NA,NA,NA,NA,Y,NA,A,07,0,0,1,0,0,0,0,0,0,-,-,34.165008544921875,-118.29759216308594,LOS ANGELES,GLENDALE,-118.29759216308594,34.165008544921875
90760151,2018,2018-07-02,9550,2018-06-19,1415,022012,NA,2,2,9,1900,0,1,3,NA,2,600,SR-60 W/B,I-605,600,E,N,A,-,Y,NA,NA,NA,NA,NA,NA,NA,NA,NA,Y,4,0,1,2,A,-,03,22350,NA,N,C,C,A,A,H,-,A,D,0,NA,NA,NA,NA,Y,NA,A,01,0,0,1,0,0,0,0,0,0,-,-,34.15953063964844,-118.13143157958984,LOS ANGELES,UNINCORPORATED,-118.02548217773438,34.03329849243164
90760167,2018,2018-07-02,9525,2018-06-20,1308,019632,NA,3,1,4,1913,0,1,1,NA,2,110,I-10 E/B (SAN BERNARDINO FWY),INDIAN HILL BLVD,1400,W,N,A,-,Y,NA,NA,10,NA,NA,NA,NA,NA,E,Y,3,0,2,6,A,-,17,21658,B,F,B,C,A,A,H,-,A,B,0,NA,NA,NA,NA,Y,NA,-,99,0,2,0,0,0,0,0,0,0,-,-,34.08150863647461,-117.72402191162108,LOS ANGELES,CLAREMONT,-117.72402191162108,34.081581115722656
90760177,2018,2018-07-02,9525,2018-06-21,2305,021229,NA,4,3,9,1900,0,2,4,NA,2,045,VALLEY BLVD. (13000 BLOCK),COLLWOOD AVE,200,W,N,B,-,N,NA,NA,NA,NA,NA,NA,NA,NA,NA,Y,3,0,1,3,A,-,08,22107,NA,N,C,C,A,A,H,-,C,D,0,NA,NA,NA,NA,Y,Y,A,01,0,1,0,0,0,0,0,0,0,-,-,34.04875946044922,-117.99503326416016,LOS ANGELES,UNINCORPORATED,-117.99629974365234,34.04938888549805
9076021,2019,2020-06-30,1965,2019-10-07,0840,3693,0B2A,1,5,5,1965,0,0,0,NA,0,B002,GOLDSMITH ST,MARINE CT NORTH,0,NA,Y,A,-,N,NA,NA,NA,NA,NA,NA,NA,NA,NA,N,3,0,1,2,A,-,09,21804,A,N,D,C,A,A,H,-,A,A,0,NA,NA,Y,NA,Y,NA,A,01,0,1,0,0,0,0,0,0,1,-,-,NA,NA,LOS ANGELES,SANTA MONICA,-118.47447204589844,34.0019416809082
9076022,2019,2020-05-09,1965,2019-10-28,0647,3693,0B3D,1,5,5,1965,0,0,0,NA,0,B003,PICO BL,20TH ST,55,W,N,A,-,N,NA,NA,NA,NA,NA,NA,NA,NA,NA,N,4,0,1,2,A,-,10,21952,NA,F,G,B,F,A,H,-,B,D,0,Y,NA,NA,NA,Y,NA,A,01,0,0,1,0,1,0,0,0,0,-,-,NA,NA,LOS ANGELES,SANTA MONICA,-118.46961212158205,34.0193977355957
9076023,2019,2020-05-09,1965,2019-10-30,1725,3158,0B3C,3,5,5,1965,0,0,0,NA,0,B003,14TH ST,COLORADO AV,0,NA,Y,A,-,N,NA,NA,NA,NA,NA,NA,NA,NA,NA,N,4,0,1,2,A,-,08,22100,A,N,H,G,A,A,H,-,A,A,0,NA,Y,NA,NA,Y,NA,A,07,0,0,1,0,0,0,1,0,0,-,-,NA,NA,LOS ANGELES,SANTA MONICA,-118.4826431274414,34.02143859863281
90760237,2018,2018-07-02,9535,2018-06-21,0702,022017,NA,4,1,5,1943,0,1,1,NA,2,075,I-710 (LONG BEACH FREEWAY) S/B,I-105,150,N,N,B,-,Y,NA,NA,710,NA,NA,NA,NA,NA,S,N,4,0,1,2,A,-,03,22350,NA,N,C,C,A,A,H,-,A,D,0,NA,NA,NA,NA,Y,NA,A,01,0,0,1,0,0,0,0,0,0,-,-,33.91497039794922,-118.179443359375,LOS ANGELES,LYNWOOD,-118.17972564697266,33.91502380371094
90760238,2018,2018-07-02,9575,2018-06-24,1630,021878,NA,7,2,6,1925,0,1,3,NA,2,042,SR-134 W/B (VENTURA FREEWAY),GLENDALE AVENUE,800,E,N,A,-,Y,NA,NA,134,NA,NA,NA,NA,NA,W,Y,4,0,2,1,A,-,08,22107,NA,N,E,I,A,A,H,-,A,D,0,NA,NA,NA,NA,Y,NA,A,01,0,0,2,0,0,0,0,0,0,-,-,34.15496063232422,-118.23976135253906,LOS ANGELES,GLENDALE,-118.23981475830078,34.15485763549805
9076024,2019,2020-05-09,1965,2019-10-26,1855,4034,0B3B,6,5,5,1965,0,0,0,NA,0,003,BROADWAY,17TH ST,0,NA,Y,A,-,N,NA,NA,NA,NA,NA,NA,NA,NA,NA,Y,4,0,1,3,A,-,12,21453,A,N,D,C,F,A,H,-,B,A,0,Y,NA,NA,NA,Y,NA,A,01,0,0,1,0,1,0,0,0,0,-,-,NA,NA,LOS ANGELES,SANTA MONICA,-118.48133087158205,34.02507019042969
90760242,2018,2018-07-02,9575,2018-06-24,1645,021925,NA,7,2,9,1900,0,2,4,NA,2,320,ANGELES FOREST HIGHWAY,BIG TUJUNGA CANYON ROAD,0,NA,Y,A,-,N,NA,NA,NA,NA,NA,NA,NA,NA,NA,Y,4,0,1,2,A,-,03,22350,NA,N,C,C,A,A,H,-,A,D,0,NA,NA,NA,NA,Y,NA,A,07,0,0,1,0,0,0,0,0,0,-,-,34.296871185302734,-118.16129302978516,LOS ANGELES,UNINCORPORATED,-118.16130828857422,34.29689025878906
9076025,2019,2020-05-09,1965,2019-10-05,1724,3985,0B3F,6,5,5,1965,0,0,0,NA,0,B003,COLORADO AV,26TH ST,0,NA,Y,A,-,N,NA,NA,NA,NA,NA,NA,NA,NA,NA,N,3,0,2,2,A,-,12,21453,A,N,D,C,A,A,H,-,A,A,0,NA,NA,NA,NA,Y,NA,A,07,0,1,1,0,0,0,0,0,0,-,-,NA,NA,LOS ANGELES,SANTA MONICA,-118.47122192382813,34.0306282043457
9076026,2019,2020-05-09,1965,2019-10-26,1731,3985,0B1F,6,5,5,1965,0,0,0,NA,0,B001,MAIN ST,HOLLISTER AV,0,NA,Y,A,-,N,NA,NA,NA,NA,NA,NA,NA,NA,NA,N,4,0,1,2,A,-,08,22107,NA,N,H,C,A,A,H,-,A,A,0,NA,NA,NA,NA,Y,NA,A,01,0,0,1,0,0,0,0,0,0,-,-,NA,NA,LOS ANGELES,SANTA MONICA,-118.48605346679688,34.004329681396484
90760260,2018,2018-07-02,9575,2018-06-25,0830,017354,NA,1,1,7,1942,0,1,3,NA,2,043,SR-134 W/B (VENTURA FREEWAY),I-5 (GOLDEN STATE FWY) O/C,65,W,N,A,-,Y,NA,NA,134,NA,NA,NA,NA,NA,W,Y,4,0,1,2,A,-,03,22350,NA,N,F,A,A,A,H,-,A,D,0,NA,NA,Y,NA,Y,NA,C,02,0,0,1,0,0,0,0,0,1,-,-,34.155338287353516,-118.28900909423828,LOS ANGELES,LOS ANGELES,-118.28900909423828,34.155426025390625