CASE_ID,ACCIDENT_YEAR,PROC_DATE,JURIS,COLLISION_DATE,COLLISION_TIME,OFFICER_ID,REPORTING_DISTRICT,DAY_OF_WEEK,CHP_SHIFT,POPULATION,CNTY_CITY_LOC,SPECIAL_COND,BEAT_TYPE,CHP_BEAT_TYPE,CITY_DIVISION_LAPD,CHP_BEAT_CLASS,BEAT_NUMBER,PRIMARY_RD,SECONDARY_RD,DISTANCE,DIRECTION,INTERSECTION,WEATHER_1,WEATHER_2,STATE_HWY_IND,CALTRANS_COUNTY,CALTRANS_DISTRICT,STATE_ROUTE,ROUTE_SUFFIX,POSTMILE_PREFIX,POSTMILE,LOCATION_TYPE,RAMP_INTERSECTION,SIDE_OF_HWY,TOW_AWAY,COLLISION_SEVERITY,NUMBER_KILLED,NUMBER_INJURED,PARTY_COUNT,PRIMARY_COLL_FACTOR,PCF_CODE_OF_VIOL,PCF_VIOL_CATEGORY,PCF_VIOLATION,PCF_VIOL_SUBSECTION,HIT_AND_RUN,TYPE_OF_COLLISION,MVIW,PED_ACTION,ROAD_SURFACE,ROAD_COND_1,ROAD_COND_2,LIGHTING,CONTROL_DEVICE,CHP_ROAD_TYPE,PEDESTRIAN_ACCIDENT,BICYCLE_ACCIDENT,MOTORCYCLE_ACCIDENT,TRUCK_ACCIDENT,NOT_PRIVATE_PROPERTY,ALCOHOL_INVOLVED,STWD_VEHTYPE_AT_FAULT,CHP_VEHTYPE_AT_FAULT,COUNT_SEVERE_INJ,COUNT_VISIBLE_INJ,COUNT_COMPLAINT_PAIN,COUNT_PED_KILLED,COUNT_PED_INJURED,COUNT_BICYCLIST_KILLED,COUNT_BICYCLIST_INJURED,COUNT_MC_KILLED,COUNT_MC_INJURED,PRIMARY_RAMP,SECONDARY_RAMP,LATITUDE,LONGITUDE,COUNTY,CITY,POINT_X,POINT_Y
9076210,2019,2020-05-20,1942,2019-07-14,1835,37768,1383,7,5,7,1942,0,0,0,M,0,65D237,SLAUSON AV,BROADWAY,111,W,N,A,-,N,NA,NA,NA,NA,NA,NA,NA,NA,NA,N,2,0,4,2,A,-,03,22350,NA,N,E,I,A,A,H,-,A,D,0,NA,NA,NA,NA,Y,NA,A,01,1,2,1,0,0,0,0,0,0,-,-,NA,NA,LOS ANGELES,LOS ANGELES,-118.27866363525392,33.989173889160156
9076211,2019,2020-04-24,1900,2019-07-17,1830,532783,1332,3,5,5,1908,0,0,0,NA,0,133T1,SOMERSET BL,BELLFLOWER BL,0,NA,Y,A,-,N,NA,NA,NA,NA,NA,NA,NA,NA,NA,N,2,0,1,2,A,-,12,21453,A,N,G,B,B,A,H,-,A,A,0,Y,NA,NA,NA,Y,NA,A,01,1,0,0,0,1,0,0,0,0,-,-,NA,NA,LOS ANGELES,BELLFLOWER,-118.12532806396484,33.89659118652344
90762114,2018,2018-07-03,9530,2018-06-24,0001,021059,NA,7,3,7,1941,0,1,1,NA,2,420,I-405 S/B (SAN DIEGO FREEWAY),WALNUT AVE.,100,W,N,A,-,Y,NA,NA,405,NA,NA,NA,NA,NA,S,Y,4,0,1,1,A,-,08,22107,NA,N,E,I,A,A,H,-,C,D,0,NA,NA,NA,NA,Y,NA,A,01,0,0,1,0,0,0,0,0,0,-,-,33.81407165527344,-118.1723403930664,LOS ANGELES,LONG BEACH,-118.1723403930664,33.81420135498047
90762125,2018,2018-07-03,9530,2018-06-24,0355,021465,NA,7,3,5,1943,0,1,1,NA,2,210,I-105 W/B (GLENN ANDERSON FWY),FIR ST.,312,W,N,A,-,Y,NA,NA,105,NA,NA,NA,NA,NA,W,Y,4,0,3,3,A,-,03,22350,NA,N,C,C,A,A,H,-,C,D,0,NA,NA,NA,NA,Y,NA,A,01,0,0,3,0,0,0,0,0,0,-,-,33.92306137084961,-118.20540618896484,LOS ANGELES,LYNWOOD,-118.20539855957033,33.92308807373047
9076214,2019,2020-04-16,1942,2019-09-13,2100,43631,1862,5,5,7,1942,0,0,0,R,0,18A63,BROADWAY,117TH ST,120,N,N,A,-,N,NA,NA,NA,NA,NA,NA,NA,NA,NA,N,4,0,1,2,A,-,03,22350,NA,F,C,C,A,A,H,-,C,D,0,NA,NA,NA,NA,Y,NA,-,99,0,0,1,0,0,0,0,0,0,-,-,NA,NA,LOS ANGELES,LOS ANGELES,-118.27822875976564,33.92770767211914
90762142,2018,2018-07-03,9580,2018-06-21,0800,022090,NA,4,1,7,1942,0,1,2,NA,2,101,US-101 S/B (VENTURA FREEWAY),LAUREL CANYON BLVD,1320,N,N,A,-,Y,NA,NA,101,NA,NA,NA,NA,NA,S,Y,4,0,1,2,A,-,03,22350,NA,N,C,C,A,A,H,-,A,D,0,NA,NA,NA,NA,Y,NA,A,01,0,0,1,0,0,0,0,0,0,-,-,34.154300689697266,-118.39746856689452,LOS ANGELES,LOS ANGELES,-118.3974609375,34.15436553955078
90762148,2018,2018-07-03,9590,2018-06-30,0050,021678,NA,6,3,7,1942,0,1,2,NA,2,073,US-101 S/B (HOLLYWOOD FREEWAY),SANTA MONICA BLVD.,500,S,N,A,-,Y,NA,NA,101,NA,NA,NA,NA,NA,S,Y,4,0,1,2,A,-,03,22350,NA,F,C,C,A,A,H,-,C,D,0,NA,NA,NA,NA,Y,NA,-,99,0,0,1,0,0,0,0,0,0,-,-,34.08921813964844,-118.30580139160156,LOS ANGELES,LOS ANGELES,-118.30567932128906,34.089290618896484
90762161,2018,2018-07-03,9565,2018-06-22,1500,019320,NA,5,2,4,1918,0,1,1,NA,2,061,I-405 N/B,CULVER BLVD,200,S,N,A,-,Y,NA,NA,405,NA,NA,NA,NA,NA,N,Y,4,0,1,2,A,-,07,21658,A,N,B,C,A,A,H,-,A,D,0,NA,NA,Y,NA,Y,NA,A,01,0,0,1,0,0,0,0,0,1,-,-,33.99913024902344,-118.4079818725586,LOS ANGELES,CULVER CITY,-118.40798950195313,33.99912643432617
90762167,2018,2018-07-03,9580,2018-06-22,1112,022103,NA,5,1,7,1942,0,1,2,NA,2,105,US-101 S/B (VENTURA FREEWAY),WINNETKA AVE,1584,N,N,A,-,Y,NA,NA,101,NA,NA,NA,NA,NA,S,N,4,0,5,4,A,-,03,22350,NA,N,C,C,A,A,H,-,A,D,0,NA,NA,NA,NA,Y,NA,A,08,0,0,5,0,0,0,0,0,0,-,-,34.17129898071289,-118.5730209350586,LOS ANGELES,LOS ANGELES,-118.5730438232422,34.17135238647461
90762180,2018,2018-07-03,9530,2018-06-24,1852,021212,NA,7,2,9,1900,0,3,5,NA,2,001,ELM ST (BLOCK 700),88TH ST.,0,NA,Y,A,-,N,NA,NA,NA,NA,NA,NA,NA,NA,NA,N,3,0,1,2,A,-,09,21802,A,N,D,C,A,A,H,-,C,D,0,NA,NA,Y,NA,Y,NA,A,01,0,1,0,0,0,0,0,0,1,-,-,33.95695877075195,-118.2385482788086,LOS ANGELES,UNINCORPORATED,-118.23854064941406,33.95692825317383
90762181,2018,2018-07-03,9530,2018-06-24,0330,021842,NA,7,3,9,1900,0,3,5,NA,2,004,WILMINGTON AVE. (20100 BLOCK),VIA ARADO,25,N,N,A,-,N,NA,NA,NA,NA,NA,NA,NA,NA,NA,Y,3,0,1,1,A,-,01,23152,A,N,E,I,A,A,H,-,C,D,0,NA,NA,NA,NA,Y,Y,A,01,0,1,0,0,0,0,0,0,0,-,-,33.84833908081055,-118.23397064208984,LOS ANGELES,UNINCORPORATED,-118.23413848876952,33.848289489746094
90762198,2018,2018-08-14,9530,2018-06-20,1340,021965,NA,3,1,9,1900,0,3,5,NA,2,005,CRENSHAW BLVD.,MANHATTAN BEACH BLVD.,0,NA,Y,A,-,N,NA,NA,NA,NA,NA,NA,NA,NA,NA,Y,4,0,1,5,A,-,09,21801,A,F,D,C,A,A,H,-,A,A,0,NA,NA,NA,NA,Y,NA,A,01,0,0,1,0,0,0,0,0,0,-,-,33.88745880126953,-118.32666778564452,LOS ANGELES,UNINCORPORATED,-118.3265380859375,33.88739013671875
90762201,2018,2018-11-09,9580,2018-06-23,0849,020791,NA,6,1,7,1942,0,1,3,NA,2,116,SR-118 E/B (RONALD REAGAN FWY.),WILBUR AVE,1700,W,N,A,B,Y,NA,NA,118,NA,NA,NA,NA,NA,E,Y,4,0,3,2,A,-,07,21658,A,N,B,C,A,A,H,-,A,D,0,NA,NA,NA,NA,Y,NA,A,01,0,0,3,0,0,0,0,0,0,-,-,34.27265167236328,-118.55140686035156,LOS ANGELES,LOS ANGELES,-118.55142974853516,34.27272415161133
9076221,2019,2020-06-22,1965,2019-11-04,2000,3924,0B1G,1,5,5,1965,0,0,0,NA,0,B001,MAIN ST,COLORADO AV,62,S,N,B,-,N,NA,NA,NA,NA,NA,NA,NA,NA,NA,N,4,0,1,1,A,-,-,NA,NA,N,F,J,A,B,H,-,B,-,0,NA,Y,NA,NA,Y,NA,L,04,0,0,1,0,0,0,1,0,0,-,-,NA,NA,LOS ANGELES,SANTA MONICA,-118.49372863769533,34.012203216552734
90762213,2018,2018-07-03,9525,2018-06-24,1540,021074,NA,7,2,1,1934,0,1,1,NA,2,204,I-210 E/B (FOOTHILL FWY),I-605,500,E,N,A,-,Y,NA,NA,210,NA,NA,NA,NA,NA,E,N,4,0,1,2,A,-,03,22350,NA,N,C,C,A,A,H,-,A,D,0,NA,NA,NA,NA,Y,NA,A,01,0,0,1,0,0,0,0,0,0,-,-,34.133880615234375,-117.95590972900392,LOS ANGELES,IRWINDALE,-117.9559326171875,34.13379669189453
90762218,2018,2018-07-03,9580,2018-06-23,1055,021079,NA,6,1,7,1942,0,1,2,NA,2,103,US-101 S/B (VENTURA FREEWAY),HAYVENHURST AVE,1500,S,N,A,-,Y,NA,NA,101,NA,NA,NA,NA,NA,S,Y,4,0,3,4,A,-,03,22350,NA,N,C,C,A,A,H,-,A,D,0,NA,NA,NA,NA,Y,NA,A,07,0,0,3,0,0,0,0,0,0,-,-,34.165199279785156,-118.48467254638672,LOS ANGELES,LOS ANGELES,-118.48467254638672,34.1651725769043
9076222,2019,2020-05-16,1965,2019-10-10,1302,3984,0B2D,4,5,5,1965,0,0,0,NA,0,B002,OCEAN PARK BL,28TH ST,274,E,N,A,-,N,NA,NA,NA,NA,NA,NA,NA,NA,NA,Y,4,0,1,4,A,-,03,22350,NA,N,C,C,C,A,H,-,A,A,0,Y,NA,NA,NA,Y,NA,A,07,0,0,1,0,0,0,0,0,0,-,-,NA,NA,LOS ANGELES,SANTA MONICA,-118.4552001953125,34.019283294677734
9076223,2019,2020-05-16,1965,2019-10-10,1550,3158,0B3B,4,5,5,1965,0,0,0,NA,0,B003,BROADWAY,EUCLID ST,120,E,N,A,-,N,NA,NA,NA,NA,NA,NA,NA,NA,NA,Y,4,0,2,5,C,-,18,NA,NA,N,B,C,A,A,H,-,A,D,0,NA,NA,NA,NA,Y,NA,-,-,0,0,2,0,0,0,0,0,0,-,-,NA,NA,LOS ANGELES,SANTA MONICA,-118.4848403930664,34.022220611572266
90762233,2018,2018-07-03,9580,2018-06-23,1635,021963,NA,6,2,7,1942,0,1,2,NA,2,102,US-101 N/B (VENTURA FREEWAY),WOODMAN AVE,100,N,N,A,-,Y,NA,NA,101,NA,NA,NA,NA,NA,N,Y,4,0,1,2,A,-,03,22350,NA,N,C,C,A,A,H,-,A,D,0,NA,NA,NA,NA,Y,NA,A,01,0,0,1,0,0,0,0,0,0,-,-,34.155731201171875,-118.43241119384766,LOS ANGELES,LOS ANGELES,-118.43241119384766,34.155731201171875
9076224,2019,2020-05-16,1965,2019-10-24,1706,3553,0B2A,4,5,5,1965,0,0,0,NA,0,B002,LINCOLN BL,PIER AV W,0,NA,Y,A,-,N,NA,NA,NA,NA,NA,NA,NA,NA,NA,Y,4,0,1,2,A,-,00,21655,1,N,D,C,A,A,H,-,A,A,0,NA,NA,Y,NA,Y,NA,C,02,0,0,1,0,0,0,0,0,1,-,-,NA,NA,LOS ANGELES,SANTA MONICA,-118.4726104736328,34.004180908203125
9076225,2019,2020-05-13,1965,2019-11-08,1022,3641,NA,5,5,5,1965,0,0,0,NA,0,NA,18TH ST,ALTA AV,0,NA,Y,A,-,N,NA,NA,NA,NA,NA,NA,NA,NA,NA,N,3,0,1,2,A,-,09,21802,A,N,D,C,A,A,H,-,A,D,0,NA,NA,NA,NA,Y,NA,M,94,0,1,0,0,0,0,0,0,0,-,-,NA,NA,LOS ANGELES,SANTA MONICA,-118.49288940429688,34.03641128540039
90762251,2018,2018-07-03,9580,2018-06-22,2220,021498,NA,5,3,7,1942,0,1,3,NA,2,171,SR-170 S/B (HOLLYWOOD FWY.),VANOWEN ST,500,N,N,A,-,Y,NA,NA,170,NA,NA,NA,NA,NA,S,Y,4,0,3,2,D,-,00,NA,NA,N,B,C,A,A,H,-,D,D,0,NA,NA,NA,NA,Y,NA,-,-,0,0,3,0,0,0,0,0,0,-,-,34.195068359375,-118.40274047851564,LOS ANGELES,LOS ANGELES,-118.40272521972656,34.195072174072266
9076226,2019,2020-05-16,1965,2019-10-13,0255,4005,0B3A,7,5,5,1965,0,0,0,NA,0,B003,BERKELEY ST,BROADWAY,200,N,N,A,-,N,NA,NA,NA,NA,NA,NA,NA,NA,NA,Y,3,0,1,3,A,-,08,22107,NA,N,A,E,A,A,H,-,C,D,0,NA,NA,NA,NA,Y,Y,A,01,0,1,0,0,0,0,0,0,0,-,-,34.036251068115234,-118.4686279296875,LOS ANGELES,SANTA MONICA,-118.4685287475586,34.036155700683594
9076227,2019,2020-05-16,1965,2019-10-21,1159,3808,0B4D,1,5,5,1965,0,0,0,NA,0,B004,2ND ST,IDAHO AV,0,NA,Y,A,-,N,NA,NA,NA,NA,NA,NA,NA,NA,NA,N,3,0,1,2,A,-,09,21800,A,N,D,C,A,A,H,-,A,A,0,NA,NA,NA,Y,Y,NA,F,26,0,1,0,0,0,0,0,0,0,-,-,NA,NA,LOS ANGELES,SANTA MONICA,-118.50501251220705,34.02167892456055
9076228,2019,2020-07-21,1965,2019-10-24,0902,3984,NA,4,5,5,1965,0,0,0,NA,0,NA,COLORADO AV,20TH ST,444,E,N,A,-,N,NA,NA,NA,NA,NA,NA,NA,NA,NA,N,2,0,1,2,-,-,-,NA,NA,F,G,B,F,A,H,-,A,A,0,Y,NA,NA,NA,Y,NA,A,01,1,0,0,0,1,0,0,0,0,-,-,NA,NA,LOS ANGELES,SANTA MONICA,-118.4758529663086,34.02685546875
9076229,2019,2020-05-13,1965,2019-11-04,1024,3693,0B3F,1,5,5,1965,0,0,0,NA,0,B003,CENTINELA AV,EXPOSITION BL,118,N,N,A,-,N,NA,NA,NA,NA,NA,NA,NA,NA,NA,N,4,0,1,2,A,-,11,21950,B,N,G,B,D,A,H,-,A,A,0,Y,NA,NA,NA,Y,NA,N,60,0,0,1,0,1,0,0,0,0,-,-,NA,NA,LOS ANGELES,SANTA MONICA,-118.45717620849608,34.030094146728516
9076230,2019,2020-05-16,1965,2019-10-12,0652,3984,0B3A,6,5,5,1965,0,0,0,NA,0,B003,SANTA MONICA BL,PRINCETON ST,42,W,N,A,-,N,NA,NA,NA,NA,NA,NA,NA,NA,NA,N,4,0,1,2,A,-,10,21950,A,N,G,B,B,A,H,-,A,A,0,Y,NA,NA,NA,Y,NA,A,01,0,0,1,0,1,0,0,0,0,-,-,NA,NA,LOS ANGELES,SANTA MONICA,-118.47353363037108,34.033958435058594
9076231,2019,2020-05-16,1965,2019-10-21,0539,3693,0B1H,1,5,5,1965,0,0,0,NA,0,B001,OLYMPIC DR,4TH ST,0,NA,Y,A,-,N,NA,NA,NA,NA,NA,NA,NA,NA,NA,N,4,0,1,2,A,-,12,21453,A,N,D,C,A,A,H,-,C,A,0,NA,NA,NA,NA,Y,NA,A,01,0,0,1,0,0,0,0,0,0,-,-,NA,NA,LOS ANGELES,SANTA MONICA,-118.49002838134766,34.01205062866211
9076232,2019,2020-05-16,1965,2019-10-16,1500,3158,0B2E,3,5,5,1965,0,0,0,NA,0,B002,PICO BL,CLOVERFIELD BL,16,W,N,A,-,N,NA,NA,NA,NA,NA,NA,NA,NA,NA,Y,4,0,1,2,A,-,10,21950,A,N,G,B,B,A,H,-,A,A,0,Y,NA,NA,NA,Y,NA,A,01,0,0,1,0,1,0,0,0,0,-,-,NA,NA,LOS ANGELES,SANTA MONICA,-118.46570587158205,34.0214958190918
90762328,2018,2018-07-03,9590,2018-06-30,2145,021179,NA,6,2,7,1942,0,1,1,NA,2,050,I-110 N/B (HARBOR FREEWAY),FLORENCE AVENUE,300,S,N,A,-,Y,NA,NA,110,NA,NA,NA,NA,NA,N,N,4,0,1,3,A,-,03,22350,NA,M,C,C,A,A,H,-,C,D,0,NA,NA,NA,NA,Y,NA,-,99,0,0,1,0,0,0,0,0,0,-,-,33.97373962402344,-118.2806396484375,LOS ANGELES,LOS ANGELES,-118.28072357177734,33.97373962402344
90762329,2018,2018-07-03,9580,2018-06-23,0830,019511,NA,6,1,3,1994,0,1,2,NA,2,109,US-101 S/B (VENTURA FREEWAY),PALO COMADO CANYON RD,1320,N,N,B,-,Y,NA,NA,101,NA,NA,NA,NA,NA,S,Y,3,0,1,1,A,-,08,22107,NA,N,E,I,A,A,H,-,A,D,0,NA,NA,NA,NA,Y,NA,A,01,0,1,0,0,0,0,0,0,0,-,-,34.142799377441406,-118.7406005859375,LOS ANGELES,AGOURA HILLS,-118.7406005859375,34.143070220947266
9076233,2019,2020-05-13,1965,2019-11-04,1640,3158,0B2A,1,5,5,1965,0,0,0,NA,0,B002,LINCOLN BL,PIER AV W,0,NA,Y,A,-,N,NA,NA,NA,NA,NA,NA,NA,NA,NA,N,3,0,1,2,A,-,09,21801,B,N,D,C,A,A,H,-,A,D,0,NA,NA,Y,NA,Y,NA,C,02,0,1,0,0,0,0,0,0,1,-,-,NA,NA,LOS ANGELES,SANTA MONICA,-118.4726104736328,34.004180908203125
90762330,2018,2018-07-03,9590,2018-07-01,1240,021040,NA,7,1,7,1942,0,1,1,NA,2,083,I-5 S/B (GOLDEN STATE FREEWAY),MISSION ROAD,400,N,N,A,-,Y,NA,NA,5,NA,NA,NA,NA,NA,S,N,4,0,1,2,A,-,03,22350,NA,N,C,C,A,A,H,-,A,D,0,NA,NA,NA,NA,Y,NA,A,01,0,0,1,0,0,0,0,0,0,-,-,34.06129837036133,-118.21531677246094,LOS ANGELES,LOS ANGELES,-118.21543121337892,34.06126022338867
9076234,2019,2020-05-16,1965,2019-10-10,2100,3869,0B3E,4,5,5,1965,0,0,0,NA,0,003,PICO BL,23RD ST,0,NA,Y,A,-,N,NA,NA,NA,NA,NA,NA,NA,NA,NA,N,3,0,3,2,A,-,08,22107,NA,N,A,C,A,A,H,-,C,A,0,NA,NA,NA,NA,Y,Y,A,01,0,1,2,0,0,0,0,0,0,-,-,NA,NA,LOS ANGELES,SANTA MONICA,-118.46656036376952,34.02104187011719
90762340,2018,2018-07-03,9580,2018-06-23,0001,021475,NA,6,3,7,1942,0,1,2,NA,2,104,US-101 N/B (VENTURA FREEWAY),RESEDA BLVD,1056,N,N,A,-,Y,NA,NA,101,NA,NA,NA,NA,NA,N,Y,3,0,4,1,A,-,08,22107,NA,N,E,I,A,A,H,-,D,D,0,NA,NA,NA,NA,Y,NA,A,01,0,2,2,0,0,0,0,0,0,-,-,34.17353057861328,-118.54010772705078,LOS ANGELES,LOS ANGELES,-118.54010772705078,34.17345428466797
90762343,2018,2018-07-03,9550,2018-06-28,1605,019857,NA,4,2,7,1941,0,1,3,NA,2,090,STATE ROUTE 91 E/B,WALNUT AVE.,90,W,N,A,-,Y,NA,NA,91,NA,NA,NA,NA,NA,E,N,4,0,1,2,A,-,03,22350,NA,N,C,C,A,A,H,-,A,D,0,NA,NA,NA,NA,Y,NA,A,01,0,0,1,0,0,0,0,0,0,-,-,33.87675094604492,-118.17327880859376,LOS ANGELES,LONG BEACH,-118.17327117919922,33.876853942871094
9076236,2019,2020-05-16,1965,2019-10-16,1630,3418,0B2E,3,5,5,1965,0,0,0,NA,0,B002,OCEAN PARK BL,30TH ST,65,E,N,A,-,N,NA,NA,NA,NA,NA,NA,NA,NA,NA,N,4,0,1,2,A,-,02,22400,A,M,C,G,A,A,H,-,A,D,0,NA,Y,NA,NA,Y,NA,A,01,0,0,1,0,0,0,1,0,0,-,-,NA,NA,LOS ANGELES,SANTA MONICA,-118.45382690429688,34.02007293701172
9076237,2019,2020-05-13,1965,2019-11-04,1620,4005,0B1F,1,5,5,1965,0,0,0,NA,0,B001,MAIN ST,BAY ST,135,S,N,A,-,N,NA,NA,NA,NA,NA,NA,NA,NA,NA,N,3,0,1,2,A,-,08,22107,NA,N,B,G,A,A,H,-,A,D,0,NA,Y,NA,NA,Y,NA,A,01,0,1,0,0,0,0,1,0,0,-,-,34.00680160522461,-118.48867797851564,LOS ANGELES,SANTA MONICA,-118.48870086669922,34.006893157958984
9076238,2019,2020-05-16,1965,2019-10-12,1548,3979,0B3A,6,5,5,1965,0,0,0,NA,0,003,WILSHIRE BL,CHELSEA AV,94,E,N,A,-,N,NA,NA,NA,NA,NA,NA,NA,NA,NA,Y,3,0,1,3,A,-,03,22350,NA,F,C,C,A,A,H,-,A,D,0,NA,NA,Y,NA,Y,NA,-,99,0,1,0,0,0,0,0,0,1,-,-,NA,NA,LOS ANGELES,SANTA MONICA,-118.47885131835938,34.034881591796875
90762385,2018,2018-07-03,9550,2018-06-30,1340,021532,NA,6,1,5,1976,0,1,1,NA,2,650,INTERSTATE 605 S/B,BEVERLY BOULEVARD,300,N,N,A,-,Y,NA,NA,605,NA,NA,NA,NA,NA,S,Y,4,0,2,2,A,-,03,22350,NA,N,C,C,A,A,H,-,A,D,0,NA,NA,NA,NA,Y,NA,A,07,0,0,2,0,0,0,0,0,0,-,-,34.00699996948242,-118.06069946289064,LOS ANGELES,WHITTIER,-118.06072235107422,34.00703048706055
9076239,2019,2020-05-16,1965,2019-10-21,0916,3178,0B1J,1,5,5,1965,0,0,0,NA,0,B001,ARIZONA AV,5TH ST,0,NA,Y,A,-,N,NA,NA,NA,NA,NA,NA,NA,NA,NA,Y,4,0,2,2,D,-,00,NA,NA,N,D,C,A,A,H,-,A,A,0,NA,NA,NA,NA,Y,NA,-,-,0,0,2,0,0,0,0,0,0,-,-,NA,NA,LOS ANGELES,SANTA MONICA,-118.49581909179688,34.01853942871094
90762392,2018,2018-07-03,9525,2018-07-03,1510,019379,NA,2,2,5,1990,0,1,3,NA,2,574,SR-57 N/B (ORANGE FWY),COLD SPRING LN.,400,S,N,A,-,Y,NA,NA,57,NA,NA,NA,NA,NA,N,N,4,0,1,2,A,-,03,22350,NA,N,C,C,A,A,H,-,A,D,0,NA,NA,NA,NA,Y,NA,A,01,0,0,1,0,0,0,0,0,0,-,-,33.97452163696289,-117.84384155273438,LOS ANGELES,DIAMOND BAR,-117.84387969970705,33.974552154541016
90762396,2018,2018-07-04,9580,2018-06-21,0855,022103,NA,4,1,7,1942,0,1,1,NA,2,405,I-405 S/B (SAN DIEGO FWY),SHERMAN WAY,1056,N,N,A,-,Y,NA,NA,405,NA,NA,NA,NA,NA,S,Y,4,0,1,3,A,-,03,22350,NA,N,C,C,A,A,H,-,A,D,0,NA,NA,NA,NA,Y,NA,A,01,0,0,1,0,0,0,0,0,0,-,-,34.20840835571289,-118.47342681884766,LOS ANGELES,LOS ANGELES,-118.47344970703124,34.20840835571289
90762399,2018,2018-07-04,9550,2018-06-26,1045,019346,NA,2,1,6,1949,0,1,1,NA,2,500,INTERSTATE 5 (SANTA ANA FREEWAY),IMPERIAL HIGHWAY,300,N,N,A,-,Y,NA,NA,5,NA,NA,NA,NA,NA,NA,Y,4,0,1,2,A,-,03,22350,NA,N,C,C,A,A,H,-,A,D,0,NA,NA,Y,NA,Y,NA,C,02,0,0,1,0,0,0,0,0,1,-,-,33.92795944213867,-118.087646484375,LOS ANGELES,NORWALK,-118.0876235961914,33.927982330322266
9076240,2019,2020-07-21,1965,2019-10-22,2304,3882,0B3F,2,5,5,1965,0,0,0,NA,0,003,NEBRASKA AV,STANFORD ST,20,W,N,A,-,N,NA,NA,NA,NA,NA,NA,NA,NA,NA,N,3,0,1,1,C,-,18,NA,NA,N,F,A,A,A,H,-,C,A,0,NA,NA,NA,NA,Y,NA,-,-,0,1,0,0,0,0,0,0,0,-,-,NA,NA,LOS ANGELES,SANTA MONICA,-118.46402740478516,34.031219482421875
90762415,2018,2018-07-04,9575,2018-06-26,1840,020521,NA,2,2,9,1900,0,3,5,NA,2,002,WOODBURY ROAD,EL SERENO AVENUE,0,NA,Y,A,-,N,NA,NA,NA,NA,NA,NA,NA,NA,NA,Y,3,0,2,2,A,-,12,22450,A,N,D,C,A,A,H,-,A,A,0,NA,NA,NA,NA,Y,NA,A,07,0,1,1,0,0,0,0,0,0,-,-,34.183021545410156,-118.15219116210938,LOS ANGELES,UNINCORPORATED,-118.15222930908205,34.183170318603516
90762416,2018,2018-07-04,9575,2018-06-26,1730,020182,NA,2,2,6,1925,0,1,1,NA,2,050,I-5 S/B (GOLDEN STATE FREEWAY),SONORA AVE.,200,S,N,A,-,Y,NA,NA,5,NA,NA,NA,NA,NA,S,N,4,0,2,2,A,-,03,22350,NA,M,C,C,A,A,H,-,A,D,0,NA,NA,NA,NA,Y,NA,-,99,0,0,2,0,0,0,0,0,0,-,-,34.16027069091797,-118.29279327392578,LOS ANGELES,GLENDALE,-118.29280090332033,34.16026306152344
90762421,2018,2018-07-04,9575,2018-06-27,1713,021006,NA,3,2,7,1942,0,1,1,NA,2,060,I-210 W/B (FOOTHILL FREEWAY),PAXTON ST.,750,W,N,A,-,Y,NA,NA,210,NA,NA,NA,NA,NA,W,Y,4,0,1,3,A,-,03,22350,NA,N,C,C,A,A,H,-,A,D,0,NA,NA,NA,NA,Y,NA,D,22,0,0,1,0,0,0,0,0,0,-,-,34.288909912109375,-118.40821075439452,LOS ANGELES,LOS ANGELES,-118.40824127197266,34.28887176513672
90762428,2018,2018-07-04,9575,2018-06-27,1818,021283,NA,3,2,9,1900,0,1,3,NA,2,304,SR-2 (ANGELES CREST HIGHWAY),MT. WATERMAN SKI LIFT,53,E,N,A,-,Y,NA,NA,2,NA,NA,NA,NA,NA,NA,Y,3,0,1,1,A,-,03,22350,NA,N,E,I,A,A,H,-,A,D,0,NA,NA,NA,NA,Y,NA,A,01,0,1,0,0,0,0,0,0,0,-,-,34.34954071044922,-117.9285888671875,LOS ANGELES,UNINCORPORATED,-117.9285888671875,34.34959030151367
9076243,2019,2020-08-03,1965,2019-10-29,0734,3809,0B2A,2,5,5,1965,0,0,0,NA,0,B002,LINCOLN BL,MARINE ST,0,NA,Y,A,-,N,NA,NA,NA,NA,NA,NA,NA,NA,NA,Y,4,0,2,2,A,-,09,21801,A,N,D,C,A,A,H,-,A,A,0,NA,NA,NA,NA,Y,NA,A,01,0,0,2,0,0,0,0,0,0,-,-,NA,NA,LOS ANGELES,SANTA MONICA,-118.47173309326172,34.0035400390625
90762436,2018,2018-07-30,9525,2018-07-02,2200,021362,NA,1,3,6,1975,0,1,1,NA,2,105,I-10 W/B (SAN BERNARDINO FWY),VINCENT AVE,1000,E,N,A,-,Y,NA,NA,10,NA,NA,NA,NA,NA,W,Y,3,0,3,4,A,-,01,23152,A,N,B,C,A,A,D,E,C,D,0,NA,NA,NA,NA,Y,Y,A,07,0,3,0,0,0,0,0,0,0,-,-,34.07236862182617,-117.9222412109375,LOS ANGELES,WEST COVINA,-117.9222412109375,34.07237243652344
9076246,2020,2020-10-13,1956,2020-01-31,1118,1292,24,5,5,5,1956,0,0,0,NA,0,002,RT 10,AGAJANIAN DR,0,NA,Y,A,-,Y,LA,7,1,-,-,20.381,I,5,N,Y,4,0,2,2,A,-,09,21802,A,N,D,C,A,A,H,-,A,D,0,NA,NA,NA,NA,Y,NA,A,01,0,0,2,0,0,0,0,0,0,-,-,NA,NA,LOS ANGELES,REDONDO BEACH,-118.38917541503906,33.85114669799805