CASE_ID,ACCIDENT_YEAR,PROC_DATE,JURIS,COLLISION_DATE,COLLISION_TIME,OFFICER_ID,REPORTING_DISTRICT,DAY_OF_WEEK,CHP_SHIFT,POPULATION,CNTY_CITY_LOC,SPECIAL_COND,BEAT_TYPE,CHP_BEAT_TYPE,CITY_DIVISION_LAPD,CHP_BEAT_CLASS,BEAT_NUMBER,PRIMARY_RD,SECONDARY_RD,DISTANCE,DIRECTION,INTERSECTION,WEATHER_1,WEATHER_2,STATE_HWY_IND,CALTRANS_COUNTY,CALTRANS_DISTRICT,STATE_ROUTE,ROUTE_SUFFIX,POSTMILE_PREFIX,POSTMILE,LOCATION_TYPE,RAMP_INTERSECTION,SIDE_OF_HWY,TOW_AWAY,COLLISION_SEVERITY,NUMBER_KILLED,NUMBER_INJURED,PARTY_COUNT,PRIMARY_COLL_FACTOR,PCF_CODE_OF_VIOL,PCF_VIOL_CATEGORY,PCF_VIOLATION,PCF_VIOL_SUBSECTION,HIT_AND_RUN,TYPE_OF_COLLISION,MVIW,PED_ACTION,ROAD_SURFACE,ROAD_COND_1,ROAD_COND_2,LIGHTING,CONTROL_DEVICE,CHP_ROAD_TYPE,PEDESTRIAN_ACCIDENT,BICYCLE_ACCIDENT,MOTORCYCLE_ACCIDENT,TRUCK_ACCIDENT,NOT_PRIVATE_PROPERTY,ALCOHOL_INVOLVED,STWD_VEHTYPE_AT_FAULT,CHP_VEHTYPE_AT_FAULT,COUNT_SEVERE_INJ,COUNT_VISIBLE_INJ,COUNT_COMPLAINT_PAIN,COUNT_PED_KILLED,COUNT_PED_INJURED,COUNT_BICYCLIST_KILLED,COUNT_BICYCLIST_INJURED,COUNT_MC_KILLED,COUNT_MC_INJURED,PRIMARY_RAMP,SECONDARY_RAMP,LATITUDE,LONGITUDE,COUNTY,CITY,POINT_X,POINT_Y
90763148,2018,2018-07-05,9530,2018-06-25,0520,020923,NA,1,3,9,1900,0,3,5,NA,2,001,ALAMEDA ST. (8400 BLOCK),85TH ST.,176,N,N,B,-,N,NA,NA,NA,NA,NA,NA,NA,NA,NA,N,2,0,1,2,A,-,07,21658,A,N,C,G,A,A,H,-,B,D,0,NA,Y,NA,NA,Y,NA,L,04,1,0,0,0,0,0,1,0,0,-,-,33.961509704589844,-118.23191833496094,LOS ANGELES,UNINCORPORATED,-118.23190307617188,33.96155548095703
90763151,2018,2018-07-05,9530,2018-06-25,2245,021623,NA,1,3,7,1942,0,1,1,NA,2,110,I-110 S/B TO E/B SR-91,SR-91,550,S,N,A,-,Y,NA,NA,110,NA,NA,NA,R,NA,S,Y,4,0,1,1,A,-,01,23152,A,N,E,I,A,A,H,-,C,D,0,NA,NA,NA,NA,Y,Y,A,01,0,0,1,0,0,0,0,0,0,-,-,33.87128829956055,-118.28578948974608,LOS ANGELES,LOS ANGELES,-118.28578948974608,33.87128829956055
9076316,2019,2020-05-12,1942,2019-12-31,1545,34426,1353,2,5,7,1942,0,0,0,M,0,13A43,VERNON AV,MCKINLEY AV,540,W,N,A,-,N,NA,NA,NA,NA,NA,NA,NA,NA,NA,N,4,0,2,4,A,-,03,22350,NA,N,C,C,A,A,H,-,A,D,0,NA,NA,NA,NA,Y,NA,A,01,0,0,2,0,0,0,0,0,0,-,-,NA,NA,LOS ANGELES,LOS ANGELES,-118.26268005371094,34.0038948059082
9076318,2019,2020-05-12,1942,2019-12-23,1800,40865,1363,1,5,7,1942,0,0,0,M,0,13A61,S CENTRAL AV,E 51ST ST,0,NA,Y,A,-,N,NA,NA,NA,NA,NA,NA,NA,NA,NA,N,4,0,1,2,A,-,11,21954,A,N,A,B,D,B,H,-,C,D,0,Y,NA,NA,NA,Y,Y,N,60,0,0,1,0,1,0,0,0,0,-,-,NA,NA,LOS ANGELES,LOS ANGELES,-118.2564697265625,33.997108459472656
90763180,2018,2018-07-05,9550,2018-06-26,0230,020709,NA,2,3,6,1949,0,1,1,NA,2,500,INTERSTATE-5 N/B,NORWALK BOULEVARD,300,S,N,A,-,Y,NA,NA,5,NA,NA,NA,NA,NA,N,Y,3,0,1,1,A,-,08,22107,NA,N,E,I,A,A,H,-,C,D,0,NA,NA,NA,NA,Y,NA,A,01,0,1,0,0,0,0,0,0,0,-,-,33.90876007080078,-118.06902313232422,LOS ANGELES,NORWALK,-118.06887817382813,33.90890121459961
90763191,2018,2018-08-29,9545,2018-06-24,0100,021518,NA,7,3,9,1900,0,3,5,NA,2,002,COOLCREST DRIVE,BLUFFTON DRIVE,17,S,N,A,-,N,NA,NA,NA,NA,NA,NA,NA,NA,NA,N,2,0,1,2,A,-,01,23152,A,N,A,E,A,A,H,-,C,D,0,NA,NA,Y,NA,Y,Y,C,02,1,0,0,0,0,0,0,0,1,-,-,34.6613883972168,-118.40006256103516,LOS ANGELES,UNINCORPORATED,-118.39999389648438,34.66132354736328
9076320,2019,2020-05-12,1942,2019-12-16,2115,35487,1309,1,5,7,1942,0,0,0,M,0,13A9,WASHINGTON BL,ALAMEDA ST,0,NA,Y,A,-,N,NA,NA,NA,NA,NA,NA,NA,NA,NA,Y,4,0,2,2,A,-,09,21801,NA,N,D,C,A,A,H,-,C,A,0,NA,NA,NA,NA,Y,NA,A,01,0,0,2,0,0,0,0,0,0,-,-,NA,NA,LOS ANGELES,LOS ANGELES,-118.23954010009766,34.01996994018555
90763210,2018,2018-07-05,9550,2018-06-27,1500,019346,NA,3,2,9,1900,0,1,1,NA,2,650,INTERSTATE 605 (SAN GABRIEL RIVER FREEW,WASHINGTON BOULEVARD,200,S,N,A,-,Y,NA,NA,605,NA,NA,NA,NA,NA,NA,N,3,0,1,2,A,-,03,22350,NA,N,C,C,A,A,H,-,A,D,0,NA,NA,NA,NA,Y,NA,A,01,0,1,0,0,0,0,0,0,0,-,-,33.97080993652344,-118.08145141601564,LOS ANGELES,UNINCORPORATED,-118.08152770996094,33.970848083496094
90763219,2018,2018-07-05,9530,2018-06-26,1520,015995,NA,2,2,9,1900,0,3,5,NA,2,002,COMPTON BLVD.,AVALON BLVD.,0,NA,Y,A,-,N,NA,NA,NA,NA,NA,NA,NA,NA,NA,Y,2,0,1,2,A,-,12,21453,A,N,D,C,A,A,H,-,A,A,0,NA,NA,NA,NA,Y,NA,-,-,1,0,0,0,0,0,0,0,0,-,-,33.89516830444336,-118.26532745361328,LOS ANGELES,UNINCORPORATED,-118.265380859375,33.895198822021484
90763265,2018,2018-07-05,9550,2018-06-25,0650,021410,NA,1,1,9,1900,0,3,5,NA,2,001,3931 WORKMAN MILL RD.,MISSION MILL RD.,250,N,N,A,-,N,NA,NA,NA,NA,NA,NA,NA,NA,NA,N,4,0,1,1,B,-,22,NA,NA,N,G,B,A,A,H,-,A,D,0,NA,NA,NA,NA,Y,NA,A,01,0,0,1,0,0,0,0,0,0,-,-,34.0166015625,-118.0447006225586,LOS ANGELES,UNINCORPORATED,-118.04329681396484,34.01565933227539
90763288,2018,2018-07-05,9550,2018-06-28,1620,021950,NA,4,2,6,1949,0,1,1,NA,2,501,INTERSTATE 5 SOUTHBOUND,IMPERIAL HIGHWAY,2000,S,N,A,-,Y,NA,NA,5,NA,NA,NA,NA,NA,S,N,4,0,1,2,A,-,03,22350,NA,N,C,C,A,A,H,-,A,D,0,NA,NA,NA,NA,Y,NA,A,01,0,0,1,0,0,0,0,0,0,-,-,33.91579055786133,-118.0789794921875,LOS ANGELES,NORWALK,-118.07896423339844,33.915802001953125
90763290,2018,2018-07-05,9550,2018-06-28,1750,021449,NA,4,2,5,1935,0,1,1,NA,2,652,INTERSTATE 605 NORTHBOUND,CENTRALIA STREET,30,N,N,A,-,Y,NA,NA,605,NA,NA,NA,NA,NA,N,Y,4,0,1,4,A,-,03,22350,NA,N,C,C,A,A,H,-,A,D,0,NA,NA,NA,NA,Y,NA,A,01,0,0,1,0,0,0,0,0,0,-,-,33.838871002197266,-118.08815002441406,LOS ANGELES,LAKEWOOD,-118.08818817138672,33.83884811401367
90763303,2018,2018-07-05,9525,2018-06-28,1430,019632,NA,4,2,4,1938,0,1,1,NA,2,208,SR-210 E/B (FOOTHILL FWY),EMERALD AVE,1050,W,N,A,-,Y,NA,NA,210,NA,NA,NA,NA,NA,E,Y,3,0,1,2,A,-,03,22350,NA,N,F,A,A,A,H,-,A,D,0,NA,NA,Y,NA,Y,NA,C,02,0,1,0,0,0,0,0,0,1,-,-,34.11940002441406,-117.7716827392578,LOS ANGELES,LA VERNE,-117.77167510986328,34.11936569213867
90763308,2018,2018-07-05,9525,2018-07-01,1100,020499,NA,7,1,5,1990,0,1,3,NA,2,601,SR-60 W/B (POMONA FWY),GRAND AVE,190,W,N,A,-,Y,NA,NA,60,NA,NA,NA,NA,NA,W,N,4,0,1,2,A,-,03,22350,NA,N,C,C,A,A,H,-,A,D,0,NA,NA,NA,NA,Y,NA,A,01,0,0,1,0,0,0,0,0,0,-,-,34.00983810424805,-117.82396697998048,LOS ANGELES,DIAMOND BAR,-117.82390594482422,34.0097770690918
90763316,2018,2018-07-05,9550,2018-06-30,0920,020969,NA,6,1,9,1900,0,3,5,NA,2,003,GALE AVENUE,GATLIN AVENUE,300,W,N,B,-,N,NA,NA,NA,NA,NA,NA,NA,NA,NA,Y,4,0,1,2,A,-,09,21804,A,N,B,C,A,A,H,-,A,D,0,NA,NA,NA,NA,Y,NA,A,01,0,0,1,0,0,0,0,0,0,-,-,34.014400482177734,-117.97411346435548,LOS ANGELES,UNINCORPORATED,-117.97426605224608,34.01434326171875
90763321,2018,2018-07-05,9535,2018-07-01,1643,018138,NA,7,2,9,1900,0,1,3,NA,2,601,SR-60 (POMONA FREEWAY) W/B,3RD ST,24,E,N,A,-,Y,NA,NA,60,NA,NA,NA,NA,NA,W,Y,4,0,4,2,A,-,07,21658,A,N,B,C,A,A,H,-,A,A,0,NA,NA,NA,NA,Y,NA,-,-,0,0,4,0,0,0,0,0,0,-,-,34.03329086303711,-118.18116760253906,LOS ANGELES,UNINCORPORATED,-118.18116760253906,34.03328323364258
90763341,2018,2018-07-05,9530,2018-06-26,2132,022051,NA,2,2,9,1900,0,3,5,NA,2,006,220TH STREET (1000 BLOCK),MEYLER ST.,250,E,N,A,-,N,NA,NA,NA,NA,NA,NA,NA,NA,NA,N,4,0,1,2,A,-,21,22106,NA,N,H,E,A,A,H,-,C,D,0,NA,NA,NA,NA,Y,NA,A,01,0,0,1,0,0,0,0,0,0,-,-,33.82809829711914,-118.29360198974608,LOS ANGELES,UNINCORPORATED,-118.29396057128906,33.828102111816406
90763366,2018,2018-07-05,9580,2018-07-03,1131,022046,NA,2,1,7,1942,0,1,3,NA,2,117,SR-118 W/B (RONALD REAGAN FWY.),SEPULVEDA BLVD,600,E,N,A,-,Y,NA,NA,118,NA,NA,NA,NA,NA,W,N,4,0,2,2,A,-,03,22350,NA,N,C,C,A,A,H,-,A,D,0,NA,NA,NA,NA,Y,NA,A,01,0,0,2,0,0,0,0,0,0,-,-,34.26585006713867,-118.47019958496094,LOS ANGELES,LOS ANGELES,-118.47019958496094,34.26607894897461
90763393,2018,2018-10-04,9550,2018-06-16,1450,021950,NA,6,2,6,1949,0,1,1,NA,2,150,I-105 E/B TO I-605 S/B,ROSECRANS AVENUE,3000,N,N,B,-,Y,NA,NA,NA,NA,NA,NA,NA,NA,NA,Y,2,0,1,2,A,-,08,22107,NA,N,B,C,A,A,H,-,A,D,0,NA,NA,Y,NA,Y,NA,A,01,1,0,0,0,0,0,0,0,1,-,-,33.9098014831543,-118.10543060302734,LOS ANGELES,NORWALK,NA,NA
9076341,2019,2020-07-21,1965,2019-12-14,2333,4029,1965,6,5,5,1965,0,0,0,NA,0,9B1L,OCEAN AV,COLROADO AV,0,NA,Y,A,-,N,NA,NA,NA,NA,NA,NA,NA,NA,NA,N,4,0,2,2,A,-,03,22350,NA,N,C,C,A,A,H,-,C,A,0,NA,NA,NA,NA,Y,NA,A,01,0,0,2,0,0,0,0,0,0,-,-,NA,NA,LOS ANGELES,SANTA MONICA,-118.49491119384766,34.01139831542969
90763410,2018,2018-07-05,9550,2018-06-29,0950,021943,NA,5,1,5,1919,0,1,3,NA,2,092,STATE ROUTE 91 W/B,PIONEER BOULEVARD,100,E,N,B,-,Y,NA,NA,91,NA,NA,NA,NA,NA,W,N,4,0,1,2,A,-,03,22350,NA,N,C,C,A,A,H,-,A,D,0,NA,NA,NA,NA,Y,NA,A,01,0,0,1,0,0,0,0,0,0,-,-,33.87649917602539,-118.0789031982422,LOS ANGELES,CERRITOS,-118.0789031982422,33.876468658447266
90763413,2018,2018-07-05,9535,2018-06-25,1515,020851,NA,1,2,9,1900,0,1,3,NA,2,600,SR-60 (POMONA FREEWAY) E/B,I-710,1000,E,N,A,-,Y,NA,NA,60,NA,NA,NA,NA,NA,E,Y,4,0,1,3,A,-,00,22530,NA,N,C,C,A,A,H,-,A,D,0,NA,NA,NA,NA,Y,NA,A,01,0,0,1,0,0,0,0,0,0,-,-,34.03596878051758,-118.166748046875,LOS ANGELES,UNINCORPORATED,-118.16676330566406,34.036048889160156
9076342,2019,2020-06-22,1942,2019-12-20,2122,44042,1129,5,5,7,1942,0,0,0,K,0,11A25,N SAN PASCUAL AV,YORK BL,5,E,N,A,-,N,NA,NA,NA,NA,NA,NA,NA,NA,NA,N,4,0,1,2,A,-,10,21950,A,F,G,B,B,A,H,-,C,A,0,Y,NA,NA,NA,Y,NA,-,99,0,0,1,0,1,0,0,0,0,-,-,NA,NA,LOS ANGELES,LOS ANGELES,-118.17908477783205,34.113590240478516
9076343,2019,2020-05-13,1965,2019-12-07,1936,3985,0B4E,6,5,5,1965,0,0,0,NA,0,B002,WASHINGTON AV,19TH ST,10,W,N,A,-,N,NA,NA,NA,NA,NA,NA,NA,NA,NA,NA,3,0,1,2,A,-,10,21950,A,N,G,B,B,A,H,-,C,A,0,Y,NA,NA,NA,Y,NA,A,01,0,1,0,0,1,0,0,0,0,-,-,NA,NA,LOS ANGELES,SANTA MONICA,-118.48737335205078,34.03334045410156
90763436,2018,2018-07-05,9565,2018-06-27,1306,020653,NA,3,1,9,1900,0,1,1,NA,2,012,I-105 W/B (GLENN ANDERSON FWY),WESTERN AVE,200,E,N,A,-,Y,NA,NA,105,NA,NA,NA,NA,NA,W,Y,4,0,2,3,A,-,03,22350,NA,N,C,C,A,A,H,-,A,D,0,NA,NA,NA,NA,Y,NA,A,07,0,0,2,0,0,0,0,0,0,-,-,33.92599105834961,-118.30867767333984,LOS ANGELES,UNINCORPORATED,-118.30866241455078,33.92588424682617
9076345,2019,2020-07-08,1965,2019-12-16,0639,3693,0B1J,1,5,5,1965,0,0,0,NA,0,B001,WILSHIRE BL,5TH ST,0,NA,Y,A,-,N,NA,NA,NA,NA,NA,NA,NA,NA,NA,N,3,0,2,2,D,-,00,NA,NA,N,D,C,A,A,H,-,A,A,0,NA,NA,NA,NA,Y,NA,-,-,0,1,1,0,0,0,0,0,0,-,-,NA,NA,LOS ANGELES,SANTA MONICA,-118.49738311767578,34.019859313964844
9076346,2019,2020-05-13,1942,2019-12-23,1530,43776,LOS A,1,5,7,1942,0,0,0,NA,0,011,SAN FERNANDO RD,THORPE AV,20,N,N,B,C,N,NA,NA,NA,NA,NA,NA,NA,NA,NA,N,4,0,5,3,D,-,00,NA,NA,N,C,C,A,B,H,-,A,D,0,NA,NA,NA,NA,Y,NA,-,-,0,0,5,0,0,0,0,0,0,-,-,NA,NA,LOS ANGELES,LOS ANGELES,-118.22771453857422,34.091026306152344
90763461,2018,2018-07-05,9550,2018-06-26,1055,017637,NA,2,1,5,1919,0,1,3,NA,2,092,SR-91 E/B (ARTESIA FREEWAY),STUDEBAKER RD,80,E,N,A,-,Y,NA,NA,91,NA,NA,NA,NA,NA,E,N,4,0,1,2,A,-,21,22106,NA,N,G,B,E,A,H,-,A,D,0,Y,NA,NA,Y,Y,NA,G,26,0,0,1,0,1,0,0,0,0,-,-,33.86915969848633,-118.05500030517578,LOS ANGELES,CERRITOS,-118.05476379394533,33.8695068359375
9076347,2019,2020-05-13,1942,2019-12-20,1815,30629,R1171,5,5,7,1942,0,0,0,NA,0,11X62,MICHELTORENA ST,SUNSET BL,324,N,N,A,-,N,NA,NA,NA,NA,NA,NA,NA,NA,NA,Y,3,0,1,2,A,-,16,24002,A,N,B,E,A,A,H,-,D,D,0,NA,NA,NA,NA,Y,NA,A,08,0,1,0,0,0,0,0,0,0,-,-,NA,NA,LOS ANGELES,LOS ANGELES,-118.27535247802734,34.088340759277344
90763474,2018,2018-07-05,9580,2018-06-28,1601,20100,NA,4,2,9,1900,0,2,4,NA,1,131,MULHOLLAND HIGHWAY,KANAN ROAD,6864,E,N,A,-,N,NA,NA,NA,NA,NA,NA,NA,NA,NA,Y,2,0,1,1,A,-,03,22350,NA,N,F,A,A,A,B,-,A,D,0,NA,NA,Y,NA,Y,NA,C,02,1,0,0,0,0,0,0,0,1,-,-,34.09954071044922,-118.79953002929688,LOS ANGELES,UNINCORPORATED,-118.79900360107422,34.098934173583984
9076348,2019,2020-05-13,1965,2019-12-11,0956,3693,0B10,3,5,5,1965,0,0,0,NA,0,B001,COLORADO AV,11TH ST,0,NA,Y,A,-,N,NA,NA,NA,NA,NA,NA,NA,NA,NA,N,4,0,1,2,A,-,09,21801,A,N,D,F,A,A,H,-,A,A,0,NA,NA,NA,NA,Y,NA,A,07,0,0,1,0,0,0,0,0,0,-,-,NA,NA,LOS ANGELES,SANTA MONICA,-118.4854736328125,34.01914978027344
90763480,2018,2018-07-05,9540,2018-06-24,1835,021118,NA,7,2,9,1900,0,1,1,NA,2,507,I-5 S/B (GOLDEN STATE FWY),RYE CANYON RD,3696,N,N,A,-,Y,NA,NA,5,NA,NA,NA,NA,NA,S,N,4,0,2,2,A,-,03,22350,NA,N,C,C,A,A,H,-,A,D,0,NA,NA,NA,NA,Y,NA,A,01,0,0,2,0,0,0,0,0,0,-,-,34.43838119506836,-118.59664916992188,LOS ANGELES,UNINCORPORATED,-118.59676361083984,34.4382438659668
90763484,2018,2018-07-05,9540,2018-06-29,1930,021349,NA,5,2,9,1900,0,2,4,NA,2,010,THE OLD ROAD,PICO CANYON RD,0,NA,Y,A,-,N,NA,NA,NA,NA,NA,NA,NA,NA,NA,Y,3,0,2,2,A,-,12,21453,A,N,D,C,A,A,H,-,A,D,0,NA,NA,NA,NA,Y,NA,A,01,0,1,1,0,0,0,0,0,0,-,-,34.381019592285156,-118.57089996337892,LOS ANGELES,UNINCORPORATED,-118.57086944580078,34.38106918334961
9076349,2019,2020-05-28,1965,2019-12-04,1051,3693,0B3C,3,5,5,1965,0,0,0,NA,0,B003,BROADWAY,14TH ST,155,E,N,B,C,N,NA,NA,NA,NA,NA,NA,NA,NA,NA,N,3,0,2,2,A,-,21,22106,NA,N,D,C,A,B,H,-,A,A,0,NA,NA,NA,NA,Y,NA,A,07,0,1,1,0,0,0,0,0,0,-,-,NA,NA,LOS ANGELES,SANTA MONICA,-118.48380279541016,34.0230598449707
9076350,2019,2020-07-08,1965,2019-12-13,1055,2972,0B1F,5,5,5,1965,0,0,0,NA,0,B001,2ND ST,HILL ST,0,NA,Y,A,-,N,NA,NA,NA,NA,NA,NA,NA,NA,NA,NA,4,0,2,2,A,-,09,21804,A,N,D,A,A,A,H,-,A,A,0,NA,NA,NA,NA,Y,NA,A,01,0,0,2,0,0,0,0,0,0,-,-,NA,NA,LOS ANGELES,SANTA MONICA,-118.48194885253906,34.001441955566406
90763501,2018,2018-07-05,9590,2018-07-04,1420,021179,NA,3,2,7,1942,0,1,2,NA,2,071,US-101 S/B (HOLLYWOOD FREEWAY),SILVER LAKE BOULEVARD,200,N,N,A,-,Y,NA,NA,NA,NA,NA,NA,NA,NA,NA,Y,3,0,1,2,A,-,01,23152,A,N,C,C,A,A,H,-,A,D,0,NA,NA,NA,Y,Y,Y,A,01,0,1,0,0,0,0,0,0,0,-,-,34.07735824584961,-118.18295288085938,LOS ANGELES,LOS ANGELES,-118.28262329101564,34.077335357666016
90763504,2018,2018-07-05,9590,2018-07-02,1324,021762,NA,1,1,7,1942,0,1,1,NA,2,062,I-10 E/B (SANTA MONICA FREEWAY),NORMANDIE AVENUE,880,E,N,A,-,Y,NA,NA,10,NA,NA,NA,NA,NA,E,Y,3,0,2,1,A,-,08,22107,NA,N,F,A,A,A,H,-,A,D,0,NA,NA,NA,NA,Y,NA,A,07,0,2,0,0,0,0,0,0,0,-,-,34.03691864013672,-118.29734802246094,LOS ANGELES,LOS ANGELES,-118.29734802246094,34.036922454833984
90763511,2018,2018-07-05,9580,2018-07-02,1710,021963,NA,1,2,7,1942,0,1,2,NA,2,102,US-101 N/B (VENTURA FREEWAY),I-405,1056,N,N,A,-,Y,NA,NA,101,NA,NA,NA,NA,NA,N,N,4,0,3,2,A,-,03,22350,NA,N,C,C,A,A,H,-,A,D,0,NA,NA,NA,NA,Y,NA,A,07,0,0,3,0,0,0,0,0,0,-,-,34.1617317199707,-118.47046661376952,LOS ANGELES,LOS ANGELES,-118.470458984375,34.161739349365234
9076352,2019,2020-05-13,1965,2019-12-12,1540,3158,083D,4,5,5,1965,0,0,0,NA,0,B003,11TH ST,OLYMPIC BL S,230,S,N,A,-,N,NA,NA,NA,NA,NA,NA,NA,NA,NA,N,3,0,1,3,A,-,08,22107,NA,N,H,G,A,A,H,-,A,D,0,NA,Y,NA,NA,Y,NA,L,04,0,1,0,0,0,0,1,0,0,-,-,NA,NA,LOS ANGELES,SANTA MONICA,-118.48297882080078,34.01698684692383
9076353,2019,2020-05-28,1965,2019-12-05,0916,3178,0B3A,4,5,5,1965,0,0,0,NA,0,B003,SANTA MONICA BL,15TH ST,22,E,N,A,-,N,NA,NA,NA,NA,NA,NA,NA,NA,NA,NA,4,0,1,3,A,-,08,22107,NA,N,C,E,A,A,H,-,A,A,0,NA,NA,NA,NA,Y,NA,A,01,0,0,1,0,0,0,0,0,0,-,-,NA,NA,LOS ANGELES,SANTA MONICA,-118.48471069335938,34.0248908996582
90763538,2018,2018-07-05,9580,2018-06-21,2234,022036,NA,4,3,7,1942,0,1,2,NA,2,101,US-101 S/B TO SR-134 E/B,TUJUNGA AVE,500,E,N,A,-,Y,NA,NA,101,NA,NA,NA,R,NA,S,Y,3,0,2,2,A,-,01,23152,A,N,C,C,A,A,H,-,C,D,0,NA,NA,NA,NA,Y,Y,A,01,0,1,1,0,0,0,0,0,0,-,-,34.15449905395508,-118.3821029663086,LOS ANGELES,LOS ANGELES,-118.3821029663086,34.15449905395508
9076354,2019,2020-07-08,1965,2019-12-12,0326,4046,0B1J,4,5,5,1965,0,0,0,NA,0,001,5TH ST,SAMTA MONICA BL,0,NA,N,A,-,N,NA,NA,NA,NA,NA,NA,NA,NA,NA,NA,4,0,1,2,D,-,00,NA,NA,N,C,C,A,A,H,-,C,D,0,NA,NA,NA,NA,Y,NA,-,-,0,0,1,0,0,0,0,0,0,-,-,NA,NA,LOS ANGELES,SANTA MONICA,-118.49421691894533,34.017189025878906
90763544,2018,2018-07-05,9525,2018-06-27,0530,018729,NA,3,3,5,1926,0,1,3,NA,2,572,SR-57 N/B TO I-210 W/B,LONE HILL AVE.,528,E,N,A,-,Y,NA,NA,57,NA,NA,NA,R,NA,N,Y,4,0,1,4,A,-,03,22350,NA,N,C,C,A,A,H,-,A,D,0,NA,NA,NA,NA,Y,NA,D,22,0,0,1,0,0,0,0,0,0,-,-,34.1220703125,-117.83036041259766,LOS ANGELES,GLENDORA,-117.83036041259766,34.1220703125
9076355,2019,2020-05-13,1965,2019-12-10,1356,3693,0BJA,2,5,5,1965,0,0,0,NA,0,B003,SANTA MONICA BL,26TH ST,305,W,N,A,-,N,NA,NA,NA,NA,NA,NA,NA,NA,NA,NA,3,0,1,2,A,-,09,21804,A,F,D,G,A,A,H,-,A,D,0,NA,Y,NA,NA,Y,NA,A,07,0,1,0,0,0,0,1,0,0,-,-,NA,NA,LOS ANGELES,SANTA MONICA,-118.47502899169922,34.03272247314453
90763550,2018,2018-07-05,9565,2018-06-28,1135,020752,NA,4,1,6,1933,0,1,1,NA,2,060,I-405 N/B (SAN DIEGO FWY),FLORENCE AVE.,450,S,N,A,-,Y,NA,NA,405,NA,NA,NA,NA,NA,N,N,4,0,1,2,A,-,03,22350,NA,N,C,C,A,A,H,-,A,D,0,NA,NA,NA,NA,Y,NA,A,07,0,0,1,0,0,0,0,0,0,-,-,33.96255874633789,-118.36949157714844,LOS ANGELES,INGLEWOOD,-118.36947631835938,33.962562561035156
90763552,2018,2018-07-05,9580,2018-07-01,0749,022103,NA,7,1,7,1942,0,1,3,NA,2,171,SR-170 S/B (HOLLYWOOD FWY.),ROSCOE BLVD,1584,S,N,A,-,Y,NA,NA,170,NA,NA,NA,NA,NA,S,Y,4,0,1,1,A,-,08,22107,NA,N,E,I,A,A,H,-,A,D,0,NA,NA,NA,NA,Y,NA,A,07,0,0,1,0,0,0,0,0,0,-,-,34.21649169921875,-118.40897369384766,LOS ANGELES,LOS ANGELES,-118.40888214111328,34.216514587402344
90763557,2018,2018-07-05,9550,2018-06-29,1530,021950,NA,5,2,6,1920,0,1,1,NA,2,150,INTERSTATE 105 EASTBOUND,BELLFLOWER BLVD.,2000,E,N,A,-,Y,NA,NA,105,NA,NA,NA,NA,NA,E,N,4,0,1,2,A,-,07,21658,A,N,B,C,A,A,H,-,A,D,0,NA,NA,NA,NA,Y,NA,-,-,0,0,1,0,0,0,0,0,0,-,-,33.91345977783203,-118.11839294433594,LOS ANGELES,DOWNEY,-118.11839294433594,33.913536071777344
9076356,2019,2020-06-22,1942,2019-12-12,2058,37846,1177,4,5,7,1942,0,0,0,K,0,11A89,MERCED ST,CYPRESS AV,300,W,N,A,-,N,NA,NA,NA,NA,NA,NA,NA,NA,NA,Y,4,0,1,4,D,-,00,NA,NA,N,-,-,A,A,H,-,C,-,0,NA,NA,NA,NA,Y,NA,-,-,0,0,1,0,0,0,0,0,0,-,-,NA,NA,LOS ANGELES,LOS ANGELES,-118.22393798828124,34.091548919677734
90763561,2018,2018-07-05,9580,2018-07-01,1148,020334,NA,7,1,7,1942,0,1,2,NA,2,102,U.S. 101 NB FROM I-405 NB,HASKELL AVE,500,S,N,A,-,Y,NA,NA,NA,NA,NA,NA,NA,NA,NA,N,4,0,2,4,A,-,04,21703,NA,N,C,C,A,A,H,-,A,D,0,NA,NA,NA,NA,Y,NA,A,07,0,0,2,0,0,0,0,0,0,-,-,34.16154098510742,-118.47032165527344,LOS ANGELES,LOS ANGELES,NA,NA
90763569,2018,2018-07-05,9580,2018-06-29,1053,022103,NA,5,1,7,1942,0,1,3,NA,2,171,SR-170 S/B (HOLLYWOOD FWY.),RIVERSIDE AVE,1584,N,N,A,-,Y,NA,NA,170,NA,NA,NA,NA,NA,S,N,4,0,1,3,A,-,03,22350,NA,N,C,C,A,A,H,-,A,D,0,NA,NA,NA,NA,Y,NA,A,01,0,0,1,0,0,0,0,0,0,-,-,34.16127014160156,-118.38126373291016,LOS ANGELES,LOS ANGELES,-118.38124847412108,34.16127395629883
9076357,2019,2020-05-13,1965,2019-12-16,0801,3693,B002,1,5,5,1965,0,0,0,NA,0,NA,4TH ST,PICO BL,119,S,N,A,-,N,NA,NA,NA,NA,NA,NA,NA,NA,NA,NA,3,0,1,2,A,-,08,22107,NA,N,B,G,A,A,H,-,A,A,0,NA,Y,NA,NA,Y,NA,L,04,0,1,0,0,0,0,1,0,0,-,-,NA,NA,LOS ANGELES,SANTA MONICA,-118.4870147705078,34.0093994140625