CASE_ID,ACCIDENT_YEAR,PROC_DATE,JURIS,COLLISION_DATE,COLLISION_TIME,OFFICER_ID,REPORTING_DISTRICT,DAY_OF_WEEK,CHP_SHIFT,POPULATION,CNTY_CITY_LOC,SPECIAL_COND,BEAT_TYPE,CHP_BEAT_TYPE,CITY_DIVISION_LAPD,CHP_BEAT_CLASS,BEAT_NUMBER,PRIMARY_RD,SECONDARY_RD,DISTANCE,DIRECTION,INTERSECTION,WEATHER_1,WEATHER_2,STATE_HWY_IND,CALTRANS_COUNTY,CALTRANS_DISTRICT,STATE_ROUTE,ROUTE_SUFFIX,POSTMILE_PREFIX,POSTMILE,LOCATION_TYPE,RAMP_INTERSECTION,SIDE_OF_HWY,TOW_AWAY,COLLISION_SEVERITY,NUMBER_KILLED,NUMBER_INJURED,PARTY_COUNT,PRIMARY_COLL_FACTOR,PCF_CODE_OF_VIOL,PCF_VIOL_CATEGORY,PCF_VIOLATION,PCF_VIOL_SUBSECTION,HIT_AND_RUN,TYPE_OF_COLLISION,MVIW,PED_ACTION,ROAD_SURFACE,ROAD_COND_1,ROAD_COND_2,LIGHTING,CONTROL_DEVICE,CHP_ROAD_TYPE,PEDESTRIAN_ACCIDENT,BICYCLE_ACCIDENT,MOTORCYCLE_ACCIDENT,TRUCK_ACCIDENT,NOT_PRIVATE_PROPERTY,ALCOHOL_INVOLVED,STWD_VEHTYPE_AT_FAULT,CHP_VEHTYPE_AT_FAULT,COUNT_SEVERE_INJ,COUNT_VISIBLE_INJ,COUNT_COMPLAINT_PAIN,COUNT_PED_KILLED,COUNT_PED_INJURED,COUNT_BICYCLIST_KILLED,COUNT_BICYCLIST_INJURED,COUNT_MC_KILLED,COUNT_MC_INJURED,PRIMARY_RAMP,SECONDARY_RAMP,LATITUDE,LONGITUDE,COUNTY,CITY,POINT_X,POINT_Y
9076449,2020,2020-06-11,1942,2020-02-20,0705,39154,1687,4,5,7,1942,0,0,0,P,0,16A81,RATNER ST,VINELAND AV,275,E,N,A,-,N,NA,NA,NA,NA,NA,NA,NA,NA,NA,Y,4,0,1,2,A,-,09,21804,A,N,D,C,A,A,H,-,A,D,0,NA,NA,NA,NA,Y,NA,A,01,0,0,1,0,0,0,0,0,0,-,-,NA,NA,LOS ANGELES,LOS ANGELES,-118.36949157714844,34.21678161621094
90764491,2018,2018-07-06,9580,2018-06-25,0745,020462,NA,1,1,7,1942,0,1,2,NA,2,104,US-101 N/B (VENTURA FREEWAY),WILBUR AVE,600,N,N,A,-,Y,NA,NA,101,NA,NA,NA,NA,NA,N,N,4,0,2,2,A,-,07,21658,A,N,B,C,A,A,H,-,A,D,0,NA,NA,NA,NA,Y,NA,-,-,0,0,2,0,0,0,0,0,0,-,-,34.17359161376953,-118.54680633544922,LOS ANGELES,LOS ANGELES,-118.54681396484376,34.17354965209961
90764498,2018,2018-07-06,9545,2018-07-05,0600,016549,NA,4,1,9,1900,0,3,5,NA,2,004,AVENUE J,170TH ST  E,0,NA,Y,A,-,N,NA,NA,NA,NA,NA,NA,NA,NA,NA,Y,4,0,1,2,A,-,09,21802,A,N,D,C,A,A,H,-,A,A,0,NA,NA,NA,NA,Y,NA,A,01,0,0,1,0,0,0,0,0,0,-,-,34.689979553222656,-117.82717895507813,LOS ANGELES,UNINCORPORATED,-117.82724761962892,34.68983840942383
90764516,2018,2018-07-06,9545,2018-07-05,1215,018058,NA,4,1,9,1900,0,3,5,NA,1,006,50TH STREET WEST,AVENUE L-8,0,NA,Y,A,-,N,NA,NA,NA,NA,NA,NA,NA,NA,NA,Y,3,0,3,3,A,-,12,21453,A,N,D,C,A,A,H,-,A,A,0,NA,NA,NA,NA,Y,NA,A,07,0,3,0,0,0,0,0,0,0,-,-,34.6528205871582,-118.21871185302734,LOS ANGELES,UNINCORPORATED,-118.21862030029295,34.65290069580078
90764563,2018,2018-07-06,9535,2018-06-29,1500,021131,NA,5,2,5,1948,0,1,1,NA,2,110,I-10 (SAN BERNARDINO FWY) E/B HOT,I-710,1200,E,N,A,-,Y,NA,NA,10,NA,NA,NA,NA,NA,E,Y,3,0,1,1,A,-,03,22350,NA,N,F,A,A,A,H,-,A,D,0,NA,NA,Y,NA,Y,NA,C,02,0,1,0,0,0,0,0,0,1,-,-,34.063148498535156,-118.16095733642578,LOS ANGELES,MONTEREY PARK,-118.16082763671876,34.06294631958008
90764602,2018,2018-07-06,9535,2018-06-29,2015,019135,NA,5,2,4,1907,0,1,1,NA,2,072,I-710 N/B TO FLORENCE AVE E/B,FLORENCE AVE,10,S,N,A,-,Y,NA,NA,710,NA,NA,NA,R,NA,N,N,4,0,1,2,A,-,21,22106,NA,N,C,C,A,A,H,-,C,D,0,NA,NA,NA,NA,Y,NA,A,01,0,0,1,0,0,0,0,0,0,-,-,33.967830657958984,-118.1661376953125,LOS ANGELES,BELL,-118.1661376953125,33.967830657958984
90764619,2018,2018-07-09,9535,2018-07-04,2015,021131,NA,3,2,9,1900,0,3,5,NA,2,006,SANTA ANITA AVE. (800 BLOCK),SR-60,1300,S,N,A,-,N,NA,NA,NA,NA,NA,NA,NA,NA,NA,Y,4,0,1,2,A,-,08,22107,NA,N,D,C,A,A,H,-,B,D,0,NA,NA,NA,NA,Y,NA,A,01,0,0,1,0,0,0,0,0,0,-,-,34.03718948364258,-118.05538940429688,LOS ANGELES,UNINCORPORATED,-118.0552978515625,34.0374870300293
90764636,2018,2018-07-09,9575,2018-06-28,0945,021685,NA,4,1,7,1942,0,1,1,NA,2,052,I-5 S/B (GOLDEN STATE FREEWAY),COHASSET ST.,990,N,N,A,-,Y,NA,NA,5,NA,NA,NA,NA,NA,S,Y,3,0,1,3,A,-,03,22350,NA,N,C,C,A,A,H,-,A,D,0,NA,NA,NA,NA,Y,NA,A,01,0,1,0,0,0,0,0,0,0,-,-,34.20896911621094,-118.34506225585938,LOS ANGELES,LOS ANGELES,-118.3450927734375,34.20893859863281
90764641,2018,2018-07-09,9535,2018-06-27,1740,021976,NA,3,2,9,1900,0,1,1,NA,2,650,I-605 N/B (SAN GABRIEL FREEWAY),VALLEY BLVD,1400,S,N,A,-,Y,NA,NA,605,NA,NA,NA,NA,NA,N,N,4,0,1,3,A,-,03,22350,NA,N,C,C,A,A,H,-,A,D,0,NA,NA,NA,NA,Y,NA,A,01,0,0,1,0,0,0,0,0,0,-,-,34.0506591796875,-118.00617980957033,LOS ANGELES,UNINCORPORATED,-118.00616455078124,34.05065155029297
90764648,2018,2018-07-09,9535,2018-06-30,1455,020488,NA,6,2,6,1922,0,1,1,NA,2,401,I-10 (SAN BERNARDINO FREEWAY) W/B,SANTA ANITA AVE.,1500,W,N,A,-,Y,NA,NA,10,NA,NA,NA,NA,NA,W,Y,3,0,1,2,A,-,03,22350,NA,N,C,C,A,A,H,-,A,D,0,NA,NA,NA,NA,Y,NA,A,01,0,1,0,0,0,0,0,0,0,-,-,34.069881439208984,-118.04621887207033,LOS ANGELES,EL MONTE,-118.04619598388672,34.06992721557617
90764651,2018,2018-07-09,9535,2018-06-29,1930,021970,NA,5,2,9,1900,0,3,5,NA,2,002,SUNOL DR. (1400 BLOCK),LOVETT ST.,40,S,N,A,-,N,NA,NA,NA,NA,NA,NA,NA,NA,NA,Y,4,0,1,4,A,-,08,22107,NA,N,C,C,A,A,H,-,A,D,0,NA,NA,NA,NA,Y,NA,A,01,0,0,1,0,0,0,0,0,0,-,-,34.04903030395508,-118.10443878173828,LOS ANGELES,UNINCORPORATED,-118.1789779663086,34.01362991333008
90764658,2018,2018-07-09,9535,2018-06-29,1750,021970,NA,5,2,9,1900,0,2,4,NA,2,016,MEDNIK AVE,1ST ST,0,NA,Y,A,-,N,NA,NA,NA,NA,NA,NA,NA,NA,NA,Y,4,0,2,2,A,-,09,21801,A,N,A,C,A,A,H,-,A,A,0,NA,NA,NA,NA,Y,NA,A,01,0,0,2,0,0,0,0,0,0,-,-,34.03718948364258,-118.16211700439452,LOS ANGELES,UNINCORPORATED,-118.16185760498048,34.03704071044922
9076468,2020,2020-10-13,1942,2020-01-05,0830,40289,1179,7,5,7,1942,0,0,0,K,0,11A89,E AVENUE43,CARLOTA BL,0,NA,Y,A,-,Y,LA,7,110,-,-,27.179,R,4,S,N,3,0,1,2,A,-,12,22450,A,N,B,G,A,A,H,-,A,A,0,NA,Y,NA,NA,Y,NA,L,04,0,1,0,0,0,0,1,0,0,-,-,NA,NA,LOS ANGELES,LOS ANGELES,-118.20622253417967,34.094261169433594
90764717,2018,2018-07-09,9575,2018-06-30,2110,021569,NA,6,2,7,1942,0,1,3,NA,2,041,SR-134 W/B (VENTURA FREEWAY),SR-2 E/B (GLENDALE FREEWAY),4701,E,N,A,-,Y,NA,NA,134,NA,NA,NA,NA,NA,W,Y,3,0,1,1,A,-,08,22107,NA,N,E,I,A,A,H,-,C,D,0,NA,NA,NA,NA,Y,NA,A,01,0,1,0,0,0,0,0,0,0,-,-,34.145320892333984,-118.21041870117188,LOS ANGELES,LOS ANGELES,-118.21041870117188,34.145240783691406
90764718,2018,2018-07-09,9535,2018-07-01,2319,021638,NA,7,3,5,1943,0,1,1,NA,2,104,I-105 (CENTURY FREEWAY) E/B,I-710,80,W,N,A,-,Y,NA,NA,105,NA,NA,NA,NA,NA,E,Y,4,0,1,1,A,-,08,22107,NA,N,E,I,A,A,H,-,C,D,0,NA,NA,NA,NA,Y,NA,A,01,0,0,1,0,0,0,0,0,0,-,-,33.91294860839844,-118.18084716796876,LOS ANGELES,LYNWOOD,-118.1808624267578,33.912906646728516
90764721,2018,2018-07-09,9535,2018-07-01,2240,018614,NA,7,3,9,1900,0,2,4,NA,2,025,ATLANTIC BLVD. (900 BLOCK),WHITTIER BLVD.,200,N,N,A,-,N,NA,NA,NA,NA,NA,NA,NA,NA,NA,Y,4,0,1,2,A,-,21,22106,NA,N,B,C,A,A,H,-,C,D,0,NA,NA,NA,NA,Y,NA,A,01,0,0,1,0,0,0,0,0,0,-,-,34.022499084472656,-118.1559829711914,LOS ANGELES,UNINCORPORATED,-118.15712738037108,34.02094268798828
90764724,2018,2018-07-09,9535,2018-06-30,1156,022017,NA,6,1,3,1914,0,1,1,NA,2,072,I-710 N/B TO WASHINGTON BLVD.,WASHINGTON BLVD.,50,N,N,A,-,Y,NA,NA,710,NA,NA,NA,R,NA,N,Y,4,0,1,1,A,-,03,22350,NA,N,E,I,A,A,H,-,A,D,0,NA,NA,NA,Y,Y,NA,G,25,0,0,1,0,0,0,0,0,0,-,-,34.00516128540039,-118.17169189453124,LOS ANGELES,COMMERCE,-118.17169189453124,34.00516128540039
90764726,2018,2018-07-09,9575,2018-07-04,2000,021685,NA,3,2,7,1942,0,1,3,NA,2,041,SR-134 W/B (VENTURA FREEWAY),SR-2 W/B (GLENDALE FREEWAY),6900,E,N,A,-,Y,NA,NA,134,NA,NA,NA,NA,NA,W,Y,4,0,1,1,A,-,08,22107,NA,N,E,I,A,A,H,-,B,D,0,NA,NA,NA,NA,Y,NA,A,01,0,0,1,0,0,0,0,0,0,-,-,34.14670944213867,-118.203857421875,LOS ANGELES,LOS ANGELES,-118.20386505126952,34.14671325683594
90764727,2018,2018-07-09,9535,2018-06-27,2325,020816,NA,3,3,9,1900,0,3,5,NA,2,006,PECK RD. (2400 BLOCK),EDGE OF SAN GARBRIEL RIVER,0,NA,N,A,-,N,NA,NA,NA,NA,NA,NA,NA,NA,NA,Y,4,0,1,1,A,-,08,22107,NA,N,E,I,A,A,H,-,C,D,0,NA,NA,NA,NA,Y,Y,A,01,0,0,1,0,0,0,0,0,0,-,-,34.03260040283203,-118.03720092773438,LOS ANGELES,UNINCORPORATED,NA,NA
90764736,2018,2018-07-09,9590,2018-06-30,0620,021917,NA,6,1,7,1942,0,1,1,NA,2,051,I-110 SB (HARBOR FREEWAY),37TH ST.,25,S,N,A,-,Y,NA,NA,110,NA,NA,NA,NA,NA,S,Y,3,0,1,2,A,-,08,22107,NA,M,F,A,A,A,H,-,A,D,0,NA,NA,Y,NA,Y,NA,-,99,0,1,0,0,0,0,0,0,1,-,-,34.017578125,-118.28044128417967,LOS ANGELES,LOS ANGELES,-118.28032684326172,34.01753616333008
90764741,2018,2018-07-09,9535,2018-07-02,1145,016277,NA,1,1,9,1900,0,3,5,NA,2,002,HENDRICKS AVENUE (1100 BLOCK),DENNISON STREET,60,N,N,A,-,N,NA,NA,NA,NA,NA,NA,NA,NA,NA,N,3,0,1,1,C,-,18,NA,NA,N,H,G,A,A,H,-,A,D,0,NA,Y,NA,NA,Y,NA,-,-,0,1,0,0,0,0,1,0,0,-,-,34.01470184326172,-118.14070129394533,LOS ANGELES,UNINCORPORATED,-118.14070129394533,34.01469039916992
90764742,2018,2018-07-09,9590,2018-06-26,1837,022091,NA,2,2,7,1942,0,1,1,NA,2,052,I-110 N/B (HARBOR FREEWAY),1ST ST,100,N,N,A,-,Y,NA,NA,110,NA,NA,NA,NA,NA,N,Y,3,0,1,2,A,-,07,21658,A,N,B,C,A,A,H,-,A,D,0,NA,NA,Y,NA,Y,NA,A,01,0,1,0,0,0,0,0,0,1,-,-,34.059329986572266,-118.25258636474608,LOS ANGELES,LOS ANGELES,-118.25259399414064,34.059329986572266
90764743,2018,2018-09-05,9535,2018-06-26,1450,020767,NA,2,2,9,1900,0,2,4,NA,2,018,3RD STREET,DOWNEY ROAD,0,NA,Y,A,-,N,NA,NA,NA,NA,NA,NA,NA,NA,NA,Y,3,0,1,2,A,-,12,21453,A,N,D,C,A,A,H,-,A,A,0,NA,NA,NA,NA,Y,NA,A,01,0,1,0,0,0,0,0,0,0,-,-,34.033260345458984,-118.18016815185548,LOS ANGELES,UNINCORPORATED,-118.13179779052734,33.94179916381836
90764753,2018,2018-10-23,9590,2018-07-01,0235,021831,NA,7,3,7,1942,0,1,1,NA,2,052,I-110 NB (HARBOR FREEWAY),TEMPLE ST,100,S,N,A,-,Y,NA,NA,110,NA,NA,NA,NA,NA,N,Y,4,0,1,3,A,-,03,22350,NA,N,C,C,A,A,H,-,C,D,0,NA,NA,NA,NA,Y,Y,A,07,0,0,1,0,0,0,0,0,0,-,-,34.061100006103516,-118.25013732910156,LOS ANGELES,LOS ANGELES,-118.25027465820313,34.061248779296875
90764757,2018,2018-07-09,9535,2018-07-02,1855,022059,NA,1,2,4,1962,0,1,1,NA,2,400,I-10 (SAN BERNARDINO FREEWAY) E/B,NEW AVE,100,E,N,A,-,Y,NA,NA,10,NA,NA,NA,NA,NA,E,N,4,0,3,2,A,-,03,22350,NA,N,C,C,A,A,H,-,A,D,0,NA,NA,NA,NA,Y,NA,A,07,0,0,3,0,0,0,0,0,0,-,-,34.07183837890625,-118.10610198974608,LOS ANGELES,SAN GABRIEL,-118.10610198974608,34.071659088134766
90764761,2018,2018-07-09,9535,2018-07-02,0530,017789,NA,1,3,9,1900,0,3,5,NA,2,001,HERBERT AVE. (1400 N. BLOCK),CITY TERRACE DR.,140,N,N,A,-,N,NA,NA,NA,NA,NA,NA,NA,NA,NA,N,3,0,1,2,A,-,08,22107,NA,N,H,G,A,A,H,-,C,D,0,NA,Y,NA,NA,Y,NA,L,04,0,1,0,0,0,0,1,0,0,-,-,34.05575942993164,-118.18296813964844,LOS ANGELES,UNINCORPORATED,-118.18382263183594,34.0554084777832
90764773,2018,2018-07-09,9590,2018-07-07,0405,021291,NA,6,3,7,1942,0,1,2,NA,2,072,US-101 N/B (HOLLYWOOD FREEWAY),SUNSET BOULEVARD,450,S,N,A,-,Y,NA,NA,NA,NA,NA,NA,NA,NA,NA,Y,3,0,1,1,A,-,01,23152,A,N,E,I,A,A,H,-,C,D,0,NA,NA,NA,NA,Y,Y,A,01,0,1,0,0,0,0,0,0,0,-,-,34.0907096862793,-118.31360626220705,LOS ANGELES,LOS ANGELES,-118.31361389160156,34.09701919555664
90764817,2018,2018-07-09,9525,2018-07-05,0105,019941,NA,4,3,5,1990,0,1,3,NA,2,572,SR-57 N/B (ORANGE FWY),SUNSET CROSSING RD,528,N,N,A,-,Y,NA,NA,57,NA,NA,NA,NA,NA,N,Y,3,0,1,1,A,-,01,23152,A,N,E,I,A,A,H,-,C,D,0,NA,NA,NA,NA,Y,Y,A,01,0,1,0,0,0,0,0,0,0,-,-,34.030338287353516,-117.81018829345705,LOS ANGELES,DIAMOND BAR,-117.81037139892578,34.03044891357422
90764822,2018,2018-07-09,9575,2018-07-01,0955,021302,NA,7,1,7,1942,0,1,3,NA,2,070,SR-118 WB (RONALD REGAN FREEWAY),SAN FERNANDO RD.,1056,E,N,A,-,Y,NA,NA,118,NA,NA,NA,NA,NA,W,Y,3,0,1,5,A,-,03,22350,NA,N,C,C,A,A,H,-,A,D,0,NA,NA,NA,NA,Y,NA,A,01,0,1,0,0,0,0,0,0,0,-,-,34.27444839477539,-118.4262466430664,LOS ANGELES,LOS ANGELES,-118.42630767822266,34.2745246887207
90764828,2018,2018-07-09,9575,2018-07-01,1115,021302,NA,7,1,7,1942,0,1,3,NA,2,070,SR-118 WB (RONALD REGAN FREEWAY),SAN FERNANDO RD,1584,E,N,A,-,Y,NA,NA,118,NA,NA,NA,NA,NA,W,Y,3,0,1,2,A,-,07,21658,A,N,B,D,A,A,H,-,A,D,0,NA,NA,NA,NA,Y,NA,A,07,0,1,0,0,0,0,0,0,0,-,-,34.27544021606445,-118.42507934570313,LOS ANGELES,LOS ANGELES,-118.42512512207033,34.27549362182617
90764832,2018,2018-07-09,9530,2018-04-08,1444,021902,NA,7,2,7,1942,0,1,1,NA,2,110,I-110 S/B TO I-405 S/B,182ND ST.,800,S,N,A,-,Y,NA,NA,110,NA,NA,NA,R,NA,S,N,4,0,1,2,A,-,07,21658,A,F,B,C,A,A,H,-,A,D,0,NA,NA,NA,NA,Y,NA,-,99,0,0,1,0,0,0,0,0,0,-,-,33.86750030517578,-118.28546142578124,LOS ANGELES,LOS ANGELES,-118.28546142578124,33.86750030517578
90764838,2018,2018-07-09,9575,2018-07-03,1925,021283,NA,2,2,9,1900,0,1,3,NA,2,301,SR-2 (ANGELES CREST HIGHWAY),SWITZERS CAMP,6283,E,N,A,-,Y,NA,NA,2,NA,NA,NA,NA,NA,NA,Y,4,0,1,2,A,-,16,29003,A,N,A,C,A,A,H,-,A,D,0,NA,NA,Y,NA,Y,NA,B,07,0,0,1,0,0,0,0,0,1,-,-,34.266029357910156,-118.13101959228516,LOS ANGELES,UNINCORPORATED,-118.13102722167967,34.26601028442383
90764854,2018,2018-07-09,9530,2018-06-27,1625,018200,NA,3,2,9,1900,0,3,5,NA,2,004,REYES AVE (19200 BLOCK),SUSANA RD.,570,W,N,A,-,N,NA,NA,NA,NA,NA,NA,NA,NA,NA,Y,4,0,5,2,A,-,06,21750,A,N,B,C,A,A,H,-,A,D,0,NA,NA,NA,NA,Y,NA,A,07,0,0,5,0,0,0,0,0,0,-,-,33.51190185546875,-118.12286376953124,LOS ANGELES,UNINCORPORATED,-118.2077865600586,33.855369567871094
90764859,2018,2018-07-09,9575,2018-07-02,1630,020918,NA,1,2,7,1942,0,1,3,NA,2,043,SR-134 E/B (VENTURA FREEWAY),FOREST LAWN DR.,792,E,N,A,-,Y,NA,NA,134,NA,NA,NA,NA,NA,E,Y,4,0,1,3,A,-,03,22350,NA,N,C,C,A,A,H,-,A,D,0,NA,NA,NA,NA,Y,NA,A,01,0,0,1,0,0,0,0,0,0,-,-,34.15550994873047,-118.30841827392578,LOS ANGELES,LOS ANGELES,-118.30840301513672,34.15544891357422
90764864,2018,2018-07-09,9565,2018-06-25,2022,021706,NA,1,2,9,1900,0,3,5,NA,2,002,W/B CENTURY BLVD,VERMONT AVE,75,W,N,A,-,N,NA,NA,NA,NA,NA,NA,NA,NA,NA,Y,4,0,1,2,A,-,09,21804,A,M,B,C,A,A,H,-,C,A,0,NA,NA,NA,NA,Y,NA,A,01,0,0,1,0,0,0,0,0,0,-,-,33.94557189941406,-118.292236328125,LOS ANGELES,UNINCORPORATED,-118.2922592163086,33.94548416137695
90764865,2018,2018-07-09,9575,2018-07-02,1844,021006,NA,1,2,6,1953,0,1,1,NA,2,064,I-210 E/B (FOOTHILL FREEWAY),FAIR OAKS AVE.,100,W,N,A,-,Y,NA,NA,210,NA,NA,NA,NA,NA,E,N,4,0,1,2,A,-,03,22350,NA,N,C,C,A,A,H,-,A,D,0,NA,NA,NA,NA,Y,NA,A,01,0,0,1,0,0,0,0,0,0,-,-,34.1511116027832,-118.15100860595705,LOS ANGELES,PASADENA,-118.15109252929688,34.15145492553711
90764870,2018,2018-07-09,9565,2018-06-29,0835,021729,NA,5,1,7,1942,0,1,1,NA,2,064,I-405 S/B,SUNSET BLVD,600,N,N,A,-,Y,NA,NA,405,NA,NA,NA,NA,NA,S,N,3,0,1,1,A,-,08,22107,NA,N,E,I,A,A,H,-,A,D,0,NA,NA,NA,Y,Y,NA,F,26,0,1,0,0,0,0,0,0,0,-,-,34.078399658203125,-118.4711685180664,LOS ANGELES,LOS ANGELES,-118.47119903564452,34.078372955322266
90764874,2018,2018-07-09,9565,2018-06-29,2318,021915,NA,5,3,4,1918,0,1,1,NA,2,061,I-405 N/B (SAN DIEGO FWY),JEFFERSON BLVD,800,S,N,A,-,Y,NA,NA,405,NA,NA,NA,NA,NA,N,Y,3,0,2,4,A,-,08,22107,NA,N,C,C,A,A,H,-,C,D,0,NA,NA,NA,NA,Y,NA,A,01,0,2,0,0,0,0,0,0,0,-,-,33.984580993652344,-118.39658355712892,LOS ANGELES,CULVER CITY,-118.39652252197266,33.98462677001953
90764879,2018,2018-07-13,9535,2018-07-01,0355,021545,NA,7,3,5,1952,0,1,1,NA,2,074,I-710 N/B FROM ROSECRANS AVE,I-105,800,S,N,A,-,Y,NA,NA,710,NA,NA,NA,R,NA,N,Y,3,0,1,1,A,-,01,23152,A,N,E,I,A,A,H,-,C,D,0,NA,NA,NA,NA,Y,Y,A,07,0,1,0,0,0,0,0,0,0,-,-,33.909358978271484,-118.17999267578124,LOS ANGELES,PARAMOUNT,-118.17999267578124,33.909358978271484
90764880,2018,2018-07-09,9530,2018-06-27,1310,020307,NA,3,1,9,1900,0,1,1,NA,2,120,I-110 N/B (HARBOR FREEWAY),TORRANCE BLVD.,100,N,N,A,-,Y,NA,NA,110,NA,NA,NA,NA,NA,N,Y,4,0,1,2,A,-,07,21658,A,N,B,C,A,A,H,-,A,D,0,NA,NA,NA,NA,Y,NA,D,22,0,0,1,0,0,0,0,0,0,-,-,33.84400939941406,-118.28553009033205,LOS ANGELES,UNINCORPORATED,-118.28545379638672,33.843990325927734
90764882,2018,2018-07-09,9565,2018-06-22,1625,021819,NA,5,2,9,1900,0,3,5,NA,2,003,OVERHILL DR.,SPRINGDALE DR,25,N,N,A,-,N,NA,NA,NA,NA,NA,NA,NA,NA,NA,Y,4,0,3,3,A,-,09,21801,A,N,A,C,A,A,H,-,A,D,0,NA,NA,NA,NA,Y,NA,A,08,0,0,3,0,0,0,0,0,0,-,-,33.990631103515625,-118.35369873046876,LOS ANGELES,UNINCORPORATED,-118.3537368774414,33.990535736083984
90764886,2018,2018-07-09,9590,2018-06-09,0230,021671,NA,6,3,7,1942,1,1,1,NA,2,053,I-110 S/B (HARBOR FREEWAY),2ND STREET,100,N,N,A,-,Y,NA,NA,110,NA,NA,NA,NA,NA,S,Y,3,0,1,4,A,-,07,21658,A,F,B,C,A,A,H,-,C,D,0,NA,NA,NA,NA,Y,NA,-,99,0,1,0,0,0,0,0,0,0,-,-,34.05796813964844,-118.25424957275392,LOS ANGELES,LOS ANGELES,-118.25424957275392,34.05796813964844
90764890,2018,2018-12-10,9565,2018-06-29,1346,021951,NA,5,1,9,1900,0,3,5,NA,2,004,LENNOX BLVD,PRAIRIE AVE,370,W,N,A,-,N,NA,NA,NA,NA,NA,NA,NA,NA,NA,N,4,0,1,2,A,-,09,21802,A,N,D,C,A,A,H,-,A,A,0,NA,NA,NA,NA,Y,NA,A,01,0,0,1,0,0,0,0,0,0,-,-,33.9382209777832,-118.34529113769533,LOS ANGELES,UNINCORPORATED,-118.34513854980467,33.93819046020508
90764919,2018,2018-07-09,9565,2018-06-20,1222,017574,NA,3,1,9,1900,0,3,5,NA,2,005,LINCOLN BLVD.,MINDANO WAY,40,N,N,A,-,N,NA,NA,NA,NA,NA,NA,NA,NA,NA,N,4,0,1,2,A,-,07,21658,A,N,B,C,A,A,H,-,A,D,0,NA,NA,NA,NA,Y,NA,A,01,0,0,1,0,0,0,0,0,0,-,-,33.97999954223633,-118.43900299072266,LOS ANGELES,UNINCORPORATED,-118.43921661376952,33.98056411743164
90764923,2018,2018-07-09,9530,2018-06-27,1103,015995,NA,3,1,9,1900,0,3,5,NA,2,001,WALNUT TERRACE (2200 BLOCK),SANTA FE AVENUE,10,W,N,A,-,N,NA,NA,NA,NA,NA,NA,NA,NA,NA,Y,3,0,1,2,A,-,09,21801,A,N,E,I,A,A,H,-,A,A,0,NA,NA,NA,NA,Y,NA,A,01,0,1,0,0,0,0,0,0,0,-,-,33.97050857543945,-118.2303466796875,LOS ANGELES,UNINCORPORATED,-118.23029327392578,33.970455169677734
90764936,2018,2018-07-09,9530,2018-06-27,0454,021310,NA,3,3,6,1972,0,1,1,NA,2,400,I-405 N/B (SAN DIEGO FREEWAY),166TH ST.,352,N,N,A,-,Y,NA,NA,NA,NA,NA,NA,NA,NA,NA,Y,4,0,1,1,A,-,03,22350,NA,N,F,A,A,A,H,-,D,D,0,NA,NA,Y,NA,Y,NA,C,02,0,0,1,0,0,0,0,0,1,-,-,33.88100814819336,-118.34797668457033,LOS ANGELES,TORRANCE,NA,NA
90764949,2018,2018-07-09,9535,2018-06-26,1100,018749,NA,2,1,9,1900,0,2,4,NA,2,024,WHITTIER BOULEVARD (5100 BLOCK),WOODS AVENUE,15,W,N,A,-,N,NA,NA,NA,NA,NA,NA,NA,NA,NA,N,4,0,1,2,A,-,10,21950,A,N,G,B,C,A,H,-,A,A,0,Y,NA,NA,NA,Y,NA,A,01,0,0,1,0,1,0,0,0,0,-,-,34.02069091796875,-118.15865325927734,LOS ANGELES,UNINCORPORATED,-118.15867614746094,34.02070999145508
90764970,2018,2018-07-09,9535,2018-07-02,1216,022017,NA,1,1,4,1907,0,1,1,NA,2,073,I-710 (LONG BEACH FREEWAY) S/B,GAGE AVE,100,N,N,A,-,Y,NA,NA,710,NA,NA,NA,NA,NA,S,Y,4,0,1,2,A,-,03,22350,NA,N,C,C,A,A,H,-,A,D,0,NA,NA,NA,NA,Y,NA,A,01,0,0,1,0,0,0,0,0,0,-,-,33.97658157348633,-118.16764831542967,LOS ANGELES,BELL,-118.16757965087892,33.9765739440918
90764971,2018,2018-07-09,9590,2018-07-03,1646,022041,NA,2,2,7,1942,0,1,1,NA,2,061,I-10 W/B (SANTA MONICA FREEWAY),CRENSHAW BLVD O/C,900,E,N,A,-,Y,NA,NA,10,NA,NA,NA,NA,NA,W,Y,4,0,1,5,A,-,03,22350,NA,N,C,C,A,A,H,-,A,D,0,NA,NA,NA,NA,Y,NA,A,01,0,0,1,0,0,0,0,0,0,-,-,34.03538131713867,-118.33035278320313,LOS ANGELES,LOS ANGELES,-118.3303451538086,34.03533172607422
90764980,2018,2018-07-09,9590,2018-07-06,1220,018997,NA,5,1,7,1942,0,1,3,NA,2,095,I-5 S/B (GSF) FROM SR-2 W/B (GLF),RIPPLE ST.,800,S,N,A,-,Y,NA,NA,5,NA,NA,NA,R,NA,S,Y,4,0,1,2,A,-,03,22350,NA,N,C,C,A,A,H,-,A,D,0,NA,NA,NA,NA,Y,NA,A,01,0,0,1,0,0,0,0,0,0,-,-,34.10340881347656,-118.25010681152344,LOS ANGELES,LOS ANGELES,-118.25010681152344,34.10340881347656