CASE_ID,ACCIDENT_YEAR,PROC_DATE,JURIS,COLLISION_DATE,COLLISION_TIME,OFFICER_ID,REPORTING_DISTRICT,DAY_OF_WEEK,CHP_SHIFT,POPULATION,CNTY_CITY_LOC,SPECIAL_COND,BEAT_TYPE,CHP_BEAT_TYPE,CITY_DIVISION_LAPD,CHP_BEAT_CLASS,BEAT_NUMBER,PRIMARY_RD,SECONDARY_RD,DISTANCE,DIRECTION,INTERSECTION,WEATHER_1,WEATHER_2,STATE_HWY_IND,CALTRANS_COUNTY,CALTRANS_DISTRICT,STATE_ROUTE,ROUTE_SUFFIX,POSTMILE_PREFIX,POSTMILE,LOCATION_TYPE,RAMP_INTERSECTION,SIDE_OF_HWY,TOW_AWAY,COLLISION_SEVERITY,NUMBER_KILLED,NUMBER_INJURED,PARTY_COUNT,PRIMARY_COLL_FACTOR,PCF_CODE_OF_VIOL,PCF_VIOL_CATEGORY,PCF_VIOLATION,PCF_VIOL_SUBSECTION,HIT_AND_RUN,TYPE_OF_COLLISION,MVIW,PED_ACTION,ROAD_SURFACE,ROAD_COND_1,ROAD_COND_2,LIGHTING,CONTROL_DEVICE,CHP_ROAD_TYPE,PEDESTRIAN_ACCIDENT,BICYCLE_ACCIDENT,MOTORCYCLE_ACCIDENT,TRUCK_ACCIDENT,NOT_PRIVATE_PROPERTY,ALCOHOL_INVOLVED,STWD_VEHTYPE_AT_FAULT,CHP_VEHTYPE_AT_FAULT,COUNT_SEVERE_INJ,COUNT_VISIBLE_INJ,COUNT_COMPLAINT_PAIN,COUNT_PED_KILLED,COUNT_PED_INJURED,COUNT_BICYCLIST_KILLED,COUNT_BICYCLIST_INJURED,COUNT_MC_KILLED,COUNT_MC_INJURED,PRIMARY_RAMP,SECONDARY_RAMP,LATITUDE,LONGITUDE,COUNTY,CITY,POINT_X,POINT_Y
90775762,2018,2018-07-24,9525,2018-07-19,1730,021156,NA,4,2,6,1955,0,1,1,NA,2,108,I-10 E/B (SAN BERNARDINO FWY),FAIRPLEX DR.,2640,W,N,A,-,Y,NA,NA,10,NA,NA,NA,NA,NA,E,N,4,0,1,2,A,-,03,22350,NA,N,C,C,A,A,H,-,A,D,0,NA,NA,NA,NA,Y,NA,D,22,0,0,1,0,0,0,0,0,0,-,-,34.069190979003906,-117.79734802246094,LOS ANGELES,POMONA,-117.7973861694336,34.06926727294922
90775764,2018,2018-07-24,9580,2018-07-13,0745,022080,NA,5,1,7,1942,0,1,2,NA,2,104,US-101 N/B (VENTURA FREEWAY),CANOGA AVE,30,N,N,A,-,Y,NA,NA,101,NA,NA,NA,NA,NA,N,N,4,0,1,2,A,-,03,22350,NA,M,C,C,A,A,H,-,A,D,0,NA,NA,NA,NA,Y,NA,-,99,0,0,1,0,0,0,0,0,0,-,-,34.16965866088867,-118.59764862060548,LOS ANGELES,LOS ANGELES,-118.59766387939452,34.169586181640625
90775771,2018,2018-09-13,9530,2018-07-18,1030,022084,NA,3,1,7,1941,0,1,1,NA,2,430,I-405 N/B (SAN DIEGO FREEWAY),WOODRUFF AVE.,200,S,N,A,-,Y,NA,NA,405,NA,NA,NA,NA,NA,N,Y,4,0,1,4,A,-,03,22350,NA,N,C,C,A,A,H,-,A,D,0,NA,NA,NA,NA,Y,NA,A,01,0,0,1,0,0,0,0,0,0,-,-,33.79970169067383,-118.11150360107422,LOS ANGELES,LONG BEACH,-118.11149597167967,33.79970932006836
90775776,2018,2018-07-24,9580,2018-07-14,1535,021603,NA,6,2,7,1942,0,1,2,NA,2,105,US-101 S/B (VENTURA FREEWAY),CORBIN AVE,700,N,N,A,-,Y,NA,NA,101,NA,NA,NA,NA,NA,S,Y,4,0,1,1,A,-,08,22107,NA,N,F,A,A,A,H,-,A,D,0,NA,NA,Y,NA,Y,NA,C,02,0,0,1,0,0,0,0,0,1,-,-,34.173091888427734,-118.564697265625,LOS ANGELES,LOS ANGELES,-118.56470489501952,34.173118591308594
90775782,2018,2018-08-31,9580,2018-07-14,0825,022016,NA,6,1,7,1942,0,1,1,NA,2,405,I-405 S/B (SAN DIEGO FWY),US-101 N/B (VENTURA FREEWAY),1584,N,N,A,-,Y,NA,NA,405,NA,NA,NA,NA,NA,S,Y,4,0,1,3,A,-,07,21658,A,N,B,C,A,A,H,-,A,D,0,NA,NA,NA,NA,Y,NA,A,01,0,0,1,0,0,0,0,0,0,-,-,34.16606140136719,-118.46975708007813,LOS ANGELES,LOS ANGELES,-118.46967315673828,34.16604232788086
90775789,2018,2018-07-24,9550,2018-07-14,1215,021954,NA,6,1,5,1908,0,1,3,NA,2,090,STATE ROUTE 91 WESTBOUND,DOWNEY AVENUE,500,E,N,A,-,Y,NA,NA,91,NA,NA,NA,NA,NA,W,N,3,0,1,2,A,-,08,22107,NA,N,B,C,A,A,H,-,A,D,0,NA,NA,Y,NA,Y,NA,A,01,0,1,0,0,0,0,0,0,1,-,-,33.87704086303711,-118.14811706542967,LOS ANGELES,BELLFLOWER,-118.14812469482422,33.87718963623047
90775795,2018,2018-07-24,9580,2018-07-13,0145,022036,NA,5,3,7,1942,0,1,2,NA,2,100,US-101 N/B (VENTURA FREEWAY),MOORPARK ST,500,N,N,A,-,Y,NA,NA,101,NA,NA,NA,NA,NA,N,Y,3,0,1,1,A,-,08,22107,NA,N,E,I,A,A,H,-,C,D,0,NA,NA,NA,NA,Y,Y,A,01,0,1,0,0,0,0,0,0,0,-,-,34.151798248291016,-118.37490081787108,LOS ANGELES,LOS ANGELES,-118.37487030029295,34.15181350708008
90775819,2018,2018-07-24,9545,2018-07-21,1300,020749,NA,6,1,9,1900,0,3,5,NA,2,004,FORT TEJON RD,106TH STREET EAST,2650,E,N,A,-,N,NA,NA,NA,NA,NA,NA,NA,NA,NA,N,2,0,1,1,A,-,01,23152,A,N,E,I,A,A,H,-,A,D,0,NA,NA,NA,NA,Y,Y,D,22,1,0,0,0,0,0,0,0,0,-,-,34.490230560302734,-117.93184661865234,LOS ANGELES,UNINCORPORATED,-117.9319076538086,34.49029541015625
90775826,2018,2018-08-29,9530,2018-07-19,1730,022051,NA,4,2,9,1900,0,3,5,NA,2,002,EL SEGUNDO BLVD.,JARVIS AVE.,0,NA,Y,A,-,N,NA,NA,NA,NA,NA,NA,NA,NA,NA,N,4,0,1,3,A,-,09,21801,A,N,D,C,A,A,H,-,A,D,0,NA,NA,NA,NA,Y,NA,A,01,0,0,1,0,0,0,0,0,0,-,-,33.91640090942383,-118.27179718017578,LOS ANGELES,UNINCORPORATED,-118.27178955078124,33.91640853881836
90775840,2018,2018-07-24,9545,2018-07-18,0510,020655,NA,3,3,9,1900,0,3,5,NA,2,003,SIERRA HWY,SOLEDAD CANYON RD,1609,N,N,A,-,N,NA,NA,14,NA,NA,NA,NA,NA,NA,Y,4,0,1,1,A,-,08,22107,NA,N,E,I,A,A,H,-,D,D,0,NA,NA,NA,NA,Y,NA,A,01,0,0,1,0,0,0,0,0,0,-,-,34.49034118652344,-118.13182830810548,LOS ANGELES,UNINCORPORATED,-118.1319580078125,34.49102020263672
90775843,2018,2018-07-24,9530,2018-07-13,1500,022051,NA,5,2,7,1942,0,1,1,NA,2,200,I-105 E/B (GLENN ANDERSON FWY),MAIN ST.,500,E,N,A,-,Y,NA,NA,105,NA,NA,NA,NA,NA,E,N,4,0,1,2,A,-,03,22350,NA,N,C,C,A,A,H,-,A,D,0,NA,NA,NA,NA,Y,NA,A,01,0,0,1,0,0,0,0,0,0,-,-,33.927398681640625,-118.27200317382813,LOS ANGELES,LOS ANGELES,-118.27198028564452,33.927520751953125
90775873,2018,2018-07-25,9550,2018-07-13,1940,020948,NA,5,2,9,1900,0,1,1,NA,2,650,INTERSTATE 605 S/B,SARAGOSA STREET,800,S,N,A,-,Y,NA,NA,605,NA,NA,NA,NA,NA,S,Y,3,0,2,2,A,-,08,22107,NA,N,E,I,A,A,H,-,A,D,0,NA,NA,NA,NA,Y,NA,A,07,0,2,0,0,0,0,0,0,0,-,-,33.97721862792969,-118.07926940917967,LOS ANGELES,UNINCORPORATED,-118.07904052734376,33.977108001708984
90775874,2018,2018-07-25,9590,2018-07-22,1505,021912,NA,7,2,7,1942,0,1,1,NA,2,062,I-10 E/B (SANTA MONICA FREEWAY),I-110 (HAF),150,W,N,A,-,Y,NA,NA,10,NA,NA,NA,NA,NA,E,N,4,0,2,3,A,-,03,22350,NA,N,C,C,A,A,H,-,A,D,0,NA,NA,NA,NA,Y,NA,A,01,0,0,2,0,0,0,0,0,0,-,-,34.03820037841797,-118.27467346191406,LOS ANGELES,LOS ANGELES,-118.27466583251952,34.03810501098633
90775877,2018,2018-07-25,9530,2018-07-21,1650,021965,NA,6,2,7,1941,0,1,3,NA,2,320,SR-91 E/B (ARTESIA FREEWAY),BUTLER AVE.,390,W,N,A,-,Y,NA,NA,91,NA,NA,NA,NA,NA,E,Y,3,0,4,2,A,-,03,22350,NA,N,C,C,A,A,H,-,A,D,0,NA,NA,NA,NA,Y,NA,A,01,0,2,2,0,0,0,0,0,0,-,-,33.87331008911133,-118.19811248779295,LOS ANGELES,LONG BEACH,-118.19815826416016,33.87334060668945
90775879,2018,2018-07-31,9550,2018-07-17,1853,021274,NA,2,2,9,1900,0,3,5,NA,2,001,KIMBARK AVENUE E/B,WORKMAN MILL ROAD,1215,E,N,A,-,N,NA,NA,NA,NA,NA,NA,NA,NA,NA,Y,2,0,1,3,A,-,08,22107,NA,N,B,E,A,A,H,-,A,D,0,NA,NA,Y,NA,Y,NA,C,02,1,0,0,0,0,0,0,0,1,-,-,34.01047897338867,-118.04402923583984,LOS ANGELES,UNINCORPORATED,-118.0442352294922,34.010589599609375
90775892,2018,2018-07-25,9575,2018-07-15,0300,021732,NA,7,3,6,1953,0,1,1,NA,2,064,SR-134 E/B (VENTURA FREEWAY),ORANGE GROVE BOULEVARD,528,E,N,A,-,Y,NA,NA,134,NA,NA,NA,NA,NA,E,Y,2,0,1,1,A,-,08,22107,NA,N,F,A,A,A,H,-,C,D,0,NA,NA,NA,NA,Y,NA,A,01,1,0,0,0,0,0,0,0,0,-,-,34.14733123779297,-118.1593017578125,LOS ANGELES,PASADENA,-118.1593780517578,34.14747619628906
90775904,2018,2018-07-25,9575,2018-07-13,2140,021784,NA,5,2,7,1942,0,1,1,NA,2,053,I-5 N/B (GOLDEN STATE FREEWAY),PAXTON ST.,900,S,N,A,-,Y,NA,NA,5,NA,NA,NA,NA,NA,N,Y,3,0,3,4,A,-,03,22350,NA,N,C,C,A,A,H,-,C,D,0,NA,NA,NA,NA,Y,NA,A,07,0,1,2,0,0,0,0,0,0,-,-,34.25947189331055,-118.43785095214844,LOS ANGELES,LOS ANGELES,-118.43785858154295,34.25946044921875
90775909,2018,2018-07-25,9565,2018-07-13,1850,022014,NA,5,2,9,1900,0,2,4,NA,2,023,WESTERN AVE,I-105,150,N,N,A,-,N,NA,NA,NA,NA,NA,NA,NA,NA,NA,Y,3,0,1,2,A,-,09,21801,A,N,B,C,A,A,H,-,A,A,0,NA,NA,Y,NA,Y,NA,A,01,0,1,0,0,0,0,0,0,1,-,-,33.927181243896484,-118.30902099609376,LOS ANGELES,UNINCORPORATED,-118.3090591430664,33.92620086669922
90775912,2018,2018-07-25,9530,2018-07-14,2135,020726,NA,6,2,9,1900,0,3,5,NA,2,001,92ND ST.,ALAMEDA ST.,0,NA,Y,A,-,N,NA,NA,NA,NA,NA,NA,NA,NA,NA,N,4,0,1,2,A,-,09,21801,A,N,D,C,A,A,H,-,C,A,0,NA,NA,NA,NA,Y,NA,D,22,0,0,1,0,0,0,0,0,0,-,-,33.953121185302734,-118.23040008544922,LOS ANGELES,UNINCORPORATED,-118.22963714599608,33.953311920166016
90775914,2018,2018-07-25,9535,2018-07-14,0800,017148,NA,6,1,5,1947,0,1,3,NA,2,600,SR-60 (POMONA FREEWAY) E/B,GARFIELD AVE,1580,W,N,A,-,Y,NA,NA,60,NA,NA,NA,NA,NA,E,Y,4,0,1,2,A,-,08,22107,NA,N,B,C,A,A,H,-,A,D,0,NA,NA,NA,Y,Y,NA,A,01,0,0,1,0,0,0,0,0,0,-,-,34.03295135498047,-118.13536071777344,LOS ANGELES,MONTEBELLO,-118.13536071777344,34.03298568725586
90775917,2018,2018-07-25,9590,2018-07-22,1405,021912,NA,7,2,7,1942,0,1,1,NA,2,063,I-10 W/B (SMF) COLLECTOR ROAD,NORMANDIE AVE.,700,E,N,A,-,Y,NA,NA,10,NA,NA,NA,NA,NA,W,Y,4,0,1,2,A,-,03,22350,NA,N,C,C,A,A,H,-,A,D,0,NA,NA,NA,NA,Y,NA,A,01,0,0,1,0,0,0,0,0,0,-,-,34.03728103637695,-118.29786682128906,LOS ANGELES,LOS ANGELES,-118.2978744506836,34.03713607788086
90775928,2018,2018-07-30,9525,2018-07-13,1519,021280,NA,5,2,5,1906,0,1,1,NA,2,104,I-10 E/B (SAN BERNARDINO FWY),ATHOL ST.,200,W,N,A,-,Y,NA,NA,10,NA,NA,NA,NA,NA,E,N,4,0,1,2,A,-,03,22350,NA,F,C,C,A,A,H,-,A,D,0,NA,NA,NA,NA,Y,NA,A,07,0,0,1,0,0,0,0,0,0,-,-,34.06565856933594,-117.99481201171876,LOS ANGELES,BALDWIN PARK,-117.99481201171876,34.065696716308594
90775936,2018,2018-07-25,9525,2018-07-14,0815,019495,NA,6,1,9,1900,0,3,5,NA,2,002,SANTA FE DAM  (REC. AREA),ARROW HIGHWAY,935,N,N,A,-,N,NA,NA,NA,NA,NA,NA,NA,NA,NA,N,3,0,2,3,B,-,22,NA,NA,N,G,B,E,A,H,-,A,D,0,Y,NA,NA,NA,Y,NA,A,07,0,1,1,0,2,0,0,0,0,-,-,34.10969924926758,-117.94869995117188,LOS ANGELES,UNINCORPORATED,-117.9459991455078,34.107017517089844
90775939,2018,2018-07-25,9525,2018-07-14,1958,020989,NA,6,2,1,1934,0,1,1,NA,2,203,I-210 W/B TO MOUNT OLIVE DR,CENTRAL AVE,280,S,N,A,-,Y,NA,NA,210,NA,NA,NA,R,NA,W,Y,3,0,2,1,A,-,03,22350,NA,N,E,I,A,A,H,-,A,D,0,NA,NA,NA,NA,Y,Y,A,01,0,2,0,0,0,0,0,0,0,-,-,34.135318756103516,-117.95652770996094,LOS ANGELES,IRWINDALE,-117.95652770996094,34.135318756103516
90775975,2018,2018-07-25,9565,2018-07-12,2211,022097,NA,4,3,5,1928,0,1,1,NA,2,060,I-405 S/B (SAN DIEGO FREEWAY),ROSECRANS AVE,200,N,N,A,-,Y,NA,NA,405,NA,NA,NA,NA,NA,S,Y,3,0,1,2,A,-,01,23152,F,N,B,C,A,A,H,-,D,D,0,NA,NA,NA,NA,Y,NA,A,01,0,1,0,0,0,0,0,0,0,-,-,33.904998779296875,-118.37056732177734,LOS ANGELES,HAWTHORNE,-118.37055206298828,33.904998779296875
90775986,2018,2018-07-25,9525,2018-07-18,0625,019495,NA,3,1,4,1960,0,1,3,NA,2,572,SR-57 N/B (ORANGE FWY),VIA VERDE AVE,1056,N,N,A,-,Y,NA,NA,57,NA,NA,NA,NA,NA,N,Y,3,0,1,2,A,-,07,21658,A,N,F,A,A,A,H,-,A,D,0,NA,NA,NA,NA,Y,NA,A,01,0,1,0,0,0,0,0,0,0,-,-,34.080501556396484,-117.81629943847656,LOS ANGELES,SAN DIMAS,-117.81627655029295,34.08052062988281
90775998,2018,2018-07-25,9545,2018-07-13,1250,018058,NA,5,1,6,1950,0,1,3,NA,2,021,SR-14 S/B TO 10TH STREET WEST,10TH ST WEST,800,N,N,A,-,Y,NA,NA,14,NA,NA,NA,R,NA,S,Y,4,0,2,2,A,-,03,22350,NA,N,C,C,A,A,H,-,A,A,0,NA,NA,NA,NA,Y,NA,A,07,0,0,2,0,0,0,0,0,0,-,-,34.60675811767578,-118.14981079101564,LOS ANGELES,PALMDALE,-118.14981079101564,34.60675811767578
90776001,2018,2018-07-25,9525,2018-07-18,1454,019632,NA,3,2,4,1905,0,1,1,NA,2,204,I-210 E/B (FOOTHILL FWY),VERNON AVE,2000,W,N,A,-,Y,NA,NA,210,NA,NA,NA,NA,NA,E,Y,4,0,1,4,A,-,03,22350,NA,N,C,C,A,A,H,-,A,D,0,NA,NA,NA,NA,Y,NA,A,07,0,0,1,0,0,0,0,0,0,-,-,34.12942123413086,-117.92424774169922,LOS ANGELES,AZUSA,-117.92425537109376,34.129417419433594
90776021,2018,2018-07-25,9575,2018-07-05,2100,022110,NA,4,2,9,1900,0,1,3,NA,2,081,ROSEMEAD BOULEVARD S/B (600 BLOCK),CALIFORNIA BLVD,148,N,N,A,-,N,NA,NA,NA,NA,NA,NA,NA,NA,NA,Y,4,0,2,4,A,-,03,22350,NA,F,C,C,A,A,H,-,C,A,0,NA,NA,NA,NA,Y,Y,D,22,0,0,2,0,0,0,0,0,0,-,-,34.34135055541992,-118.07330322265624,LOS ANGELES,UNINCORPORATED,-118.07335662841795,34.13510513305664
90776025,2018,2018-07-25,9535,2018-07-14,2200,021545,NA,6,3,9,1900,0,1,1,NA,2,650,I-605 (SAN GABRIEL FREEWAY) N/B,I-10,500,S,N,A,-,Y,NA,NA,605,NA,NA,NA,NA,NA,N,Y,4,0,2,3,A,-,03,22350,NA,N,C,C,A,A,H,-,C,D,0,NA,NA,NA,NA,Y,NA,A,08,0,0,2,0,0,0,0,0,0,-,-,34.057899475097656,-118.0019989013672,LOS ANGELES,UNINCORPORATED,-118.00210571289064,34.057952880859375
90776038,2018,2018-07-25,9575,2018-07-17,0755,017589,NA,2,1,6,1912,0,1,1,NA,2,051,I-5 S/B (GOLDEN STATE FREEWAY),ALAMEDA AVE.,400,S,N,A,-,Y,NA,NA,5,NA,NA,NA,NA,NA,S,N,4,0,1,2,A,-,07,21658,A,M,B,C,A,A,H,-,A,D,0,NA,NA,NA,NA,Y,NA,-,99,0,0,1,0,0,0,0,0,0,-,-,34.16773986816406,-118.30042266845705,LOS ANGELES,BURBANK,-118.30062103271484,34.16746139526367
90776056,2018,2018-07-25,9565,2018-07-08,1845,021951,NA,7,2,9,1900,0,1,1,NA,2,060,I-405 S/B (SAN DIEGO FWY),LENNOX BLVD,50,N,N,A,-,Y,NA,NA,405,NA,NA,NA,NA,NA,S,Y,3,0,1,2,A,-,07,21658,A,N,C,C,A,A,H,-,A,D,0,NA,NA,Y,NA,Y,Y,A,07,0,1,0,0,0,0,0,0,1,-,-,33.938629150390625,-118.36859130859376,LOS ANGELES,UNINCORPORATED,-118.36852264404295,33.93863296508789
90776061,2018,2018-07-25,9530,2018-07-21,2350,021642,NA,6,3,9,1900,0,3,5,NA,2,002,REDONDO BEACH BLVD.,AVALON BLVD.,0,NA,Y,A,-,N,NA,NA,NA,NA,NA,NA,NA,NA,NA,N,4,0,2,2,A,-,12,21453,A,N,D,C,A,A,H,-,C,A,0,NA,NA,NA,NA,Y,NA,A,01,0,0,2,0,0,0,0,0,0,-,-,33.893150329589844,-118.26541900634766,LOS ANGELES,UNINCORPORATED,-118.2654037475586,33.893218994140625
90776076,2018,2018-08-17,9535,2018-07-14,1715,020347,NA,6,2,5,1952,0,1,1,NA,2,104,I-105 (CENTURY FREEWAY) E/B,I-710,750,E,N,A,-,Y,NA,NA,105,NA,NA,NA,NA,NA,E,Y,4,0,1,2,A,-,01,23152,A,N,C,C,A,A,H,-,A,D,0,NA,NA,NA,NA,Y,Y,A,01,0,0,1,0,0,0,0,0,0,-,-,33.910728454589844,-118.17024993896484,LOS ANGELES,PARAMOUNT,-118.17025756835938,33.91092300415039
90776089,2018,2018-07-25,9535,2018-07-14,2320,020767,NA,6,3,6,1922,0,1,1,NA,2,400,I-10 (SAN BERNARDINO FREEWAY) E/B,SANTA ANITA AVE,1000,W,N,A,-,Y,NA,NA,10,NA,NA,NA,NA,NA,E,Y,4,0,1,4,A,-,03,22350,NA,M,C,C,A,A,H,-,D,D,0,NA,NA,NA,NA,Y,NA,A,01,0,0,1,0,0,0,0,0,0,-,-,34.07038879394531,-118.0480499267578,LOS ANGELES,EL MONTE,-118.04803466796876,34.070430755615234
90776107,2018,2018-07-25,9575,2018-07-17,1751,020702,NA,2,2,7,1942,0,1,1,NA,2,053,I-5 N/B (GOLDEN STATE FREEWAY),BRANFORD ST.,500,S,N,A,-,Y,NA,NA,5,NA,NA,NA,NA,NA,N,Y,4,0,1,3,A,-,03,22350,NA,N,C,C,A,A,H,-,A,D,0,NA,NA,NA,NA,Y,NA,A,01,0,0,1,0,0,0,0,0,0,-,-,34.23955154418945,-118.41673278808594,LOS ANGELES,LOS ANGELES,-118.41676330566406,34.2395133972168
90776142,2018,2018-07-25,9535,2018-07-15,0402,020767,NA,7,3,5,1901,0,1,1,NA,2,420,I-10 (SAN BERNARDINO FREEWAY) E/B,ATLANTIC BOULEVARD,75,E,N,A,-,Y,NA,NA,10,NA,NA,NA,NA,NA,E,N,2,0,1,2,A,-,00,21960,A,N,C,G,A,A,H,-,D,D,0,NA,Y,NA,NA,Y,NA,L,04,1,0,0,0,0,0,1,0,0,-,-,34.07135009765625,-118.13385772705078,LOS ANGELES,ALHAMBRA,-118.13385772705078,34.07131576538086
90776145,2018,2018-07-25,9580,2018-07-13,1500,021592,NA,5,2,7,1942,0,1,1,NA,2,405,I-405 S/B (SAN DIEGO FWY),MULHOLLAND DR,500,N,N,A,-,Y,NA,NA,405,NA,NA,NA,NA,NA,S,Y,3,0,1,3,A,-,07,21658,A,N,C,C,A,A,H,-,A,D,0,NA,NA,Y,NA,Y,NA,D,22,0,1,0,0,0,0,0,0,1,-,-,34.13169860839844,-118.47319793701172,LOS ANGELES,LOS ANGELES,-118.47328948974608,34.13172912597656
90776146,2018,2018-07-25,9535,2018-07-13,1400,018687,NA,5,2,3,1914,0,1,1,NA,2,501,I-5 (SANTA ANA FREEWAY) S/B,GARFIELD AVE.,15,S,N,A,-,Y,NA,NA,5,NA,NA,NA,NA,NA,S,Y,3,0,1,3,A,-,07,21658,A,N,B,C,A,A,H,-,A,D,0,NA,NA,Y,NA,Y,NA,D,22,0,1,0,0,0,0,0,0,1,-,-,33.987430572509766,-118.13741302490234,LOS ANGELES,COMMERCE,-118.137451171875,33.987388610839844
90776171,2018,2018-07-25,9535,2018-07-15,1320,017148,NA,7,1,9,1900,0,1,3,NA,2,600,SR-60 (POMONA FREEWAY) E/B,MARIANNA AVE PED O/C,320,W,N,A,-,Y,NA,NA,60,NA,NA,NA,NA,NA,E,Y,4,0,1,2,A,-,08,22107,NA,N,C,C,A,A,H,-,A,D,0,NA,NA,NA,NA,Y,NA,A,01,0,0,1,0,0,0,0,0,0,-,-,34.034481048583984,-118.17665100097656,LOS ANGELES,UNINCORPORATED,-118.17665863037108,34.03456115722656
90776183,2018,2018-07-25,9580,2018-07-15,1010,022008,NA,7,1,7,1942,0,1,3,NA,2,171,SR-170 S/B (HOLLYWOOD FWY.),RIVERSIDE DR,1056,N,N,A,-,Y,NA,NA,170,NA,NA,NA,NA,NA,S,Y,3,0,2,2,A,-,03,22350,NA,N,C,C,A,A,H,-,A,D,0,NA,NA,NA,NA,Y,NA,A,01,0,1,1,0,0,0,0,0,0,-,-,34.160980224609375,-118.38120269775392,LOS ANGELES,LOS ANGELES,-118.38113403320313,34.161006927490234
90776192,2018,2018-07-25,9525,2018-07-13,0235,018355,NA,5,3,6,1955,0,1,3,NA,2,571,SR-57 S/B (ORANGE FWY),SR-71,600,N,N,A,-,Y,NA,NA,NA,NA,NA,NA,NA,NA,NA,Y,2,0,1,1,A,-,08,22107,NA,N,E,I,A,A,H,-,C,D,0,NA,NA,Y,NA,Y,NA,C,02,1,0,0,0,0,0,0,0,1,-,-,34.0713996887207,-117.80870819091795,LOS ANGELES,POMONA,NA,NA
90776209,2018,2018-07-25,9535,2018-07-16,1500,017586,NA,1,2,3,1914,0,1,1,NA,2,501,I-5 S/B (SANTA ANA FREEWAY),EASTERN AVE,200,N,N,A,-,Y,NA,NA,5,NA,NA,NA,NA,NA,S,Y,4,0,1,4,A,-,03,22350,NA,N,C,C,A,A,H,-,A,D,0,NA,NA,NA,NA,Y,NA,D,22,0,0,1,0,0,0,0,0,0,-,-,34.01726150512695,-118.17529296875,LOS ANGELES,COMMERCE,-118.17532348632813,34.01719665527344
90776210,2018,2018-07-25,9530,2018-07-06,0540,021004,NA,5,3,7,1941,0,1,1,NA,2,072,I-710 N/B (LONG BEACH FREEWAY),WARDLOW RD.,1463,S,N,A,-,Y,NA,NA,710,NA,NA,NA,NA,NA,N,Y,4,0,1,2,A,-,08,22107,NA,N,E,I,A,A,H,-,B,D,0,NA,NA,NA,Y,Y,NA,A,01,0,0,1,0,0,0,0,0,0,-,-,33.81964111328125,-118.20675659179688,LOS ANGELES,LONG BEACH,-118.20687866210938,33.81964111328125
90776223,2018,2018-07-25,9590,2018-07-17,1430,022041,NA,2,2,7,1942,0,1,1,NA,2,061,I-10 W/B (SANTA MONICA FREEWAY),ARLINGTON AVE O/C,490,E,N,A,-,Y,NA,NA,10,NA,NA,NA,NA,NA,W,Y,3,0,1,2,A,-,07,21658,A,N,B,C,A,A,H,-,A,D,0,NA,NA,Y,NA,Y,NA,-,-,0,1,0,0,0,0,0,0,1,-,-,34.03704833984375,-118.31610870361328,LOS ANGELES,LOS ANGELES,-118.31610107421876,34.03699493408203
90776233,2018,2018-07-25,9590,2018-07-23,0730,018997,NA,1,1,7,1942,0,1,1,NA,2,084,I-5 N/B (GOLDEN STATE FREEWAY),GLENDALE BLVD.,250,S,N,A,-,Y,NA,NA,NA,NA,NA,NA,NA,NA,NA,N,4,0,1,2,A,-,03,22350,NA,N,C,C,A,A,H,-,A,D,0,NA,NA,NA,NA,Y,NA,A,01,0,0,1,0,0,0,0,0,0,-,-,34.21549987792969,-118.34439849853516,LOS ANGELES,LOS ANGELES,-118.26502227783205,34.111907958984375
90776238,2018,2018-07-25,9525,2018-07-20,1800,020847,NA,5,2,1,1934,0,1,1,NA,2,204,I-210 E/B (FOOTHILL FWY),IRWINDALE AVE,150,W,N,A,-,Y,NA,NA,210,NA,NA,NA,NA,NA,E,N,4,0,1,3,A,-,03,22350,NA,N,C,C,A,A,H,-,A,D,0,NA,NA,NA,NA,Y,NA,A,07,0,0,1,0,0,0,0,0,0,-,-,34.129268646240234,-117.93560028076172,LOS ANGELES,IRWINDALE,-117.9355926513672,34.129234313964844
90776273,2018,2018-07-25,9575,2018-07-19,1645,020711,NA,4,2,6,1912,0,1,1,NA,2,051,I-5 S/B FROM W/B ALAMEDA AVENUE,ALAMEDA AVENUE,300,N,N,A,-,Y,NA,NA,5,NA,NA,NA,R,NA,S,N,4,0,1,2,A,-,03,22350,NA,N,C,C,A,A,H,-,A,D,0,NA,NA,NA,NA,Y,NA,A,08,0,0,1,0,0,0,0,0,0,-,-,34.17073059082031,-118.30538940429688,LOS ANGELES,BURBANK,-118.30538940429688,34.17073059082031
90776302,2018,2018-07-25,9565,2018-07-15,1505,016545,NA,7,2,4,1918,0,1,1,NA,2,061,I-405 N/B (SAN DIEGO FWY),CULVER BLVD,1000,S,N,A,-,Y,NA,NA,NA,NA,NA,NA,NA,NA,NA,Y,4,0,1,2,A,-,07,21658,NA,N,C,C,A,A,H,-,A,D,0,NA,NA,Y,NA,Y,NA,A,07,0,0,1,0,0,0,0,0,1,-,-,33.67890167236328,-118.45671844482422,LOS ANGELES,CULVER CITY,-118.40939331054688,34.00088119506836