CASE_ID,ACCIDENT_YEAR,PROC_DATE,JURIS,COLLISION_DATE,COLLISION_TIME,OFFICER_ID,REPORTING_DISTRICT,DAY_OF_WEEK,CHP_SHIFT,POPULATION,CNTY_CITY_LOC,SPECIAL_COND,BEAT_TYPE,CHP_BEAT_TYPE,CITY_DIVISION_LAPD,CHP_BEAT_CLASS,BEAT_NUMBER,PRIMARY_RD,SECONDARY_RD,DISTANCE,DIRECTION,INTERSECTION,WEATHER_1,WEATHER_2,STATE_HWY_IND,CALTRANS_COUNTY,CALTRANS_DISTRICT,STATE_ROUTE,ROUTE_SUFFIX,POSTMILE_PREFIX,POSTMILE,LOCATION_TYPE,RAMP_INTERSECTION,SIDE_OF_HWY,TOW_AWAY,COLLISION_SEVERITY,NUMBER_KILLED,NUMBER_INJURED,PARTY_COUNT,PRIMARY_COLL_FACTOR,PCF_CODE_OF_VIOL,PCF_VIOL_CATEGORY,PCF_VIOLATION,PCF_VIOL_SUBSECTION,HIT_AND_RUN,TYPE_OF_COLLISION,MVIW,PED_ACTION,ROAD_SURFACE,ROAD_COND_1,ROAD_COND_2,LIGHTING,CONTROL_DEVICE,CHP_ROAD_TYPE,PEDESTRIAN_ACCIDENT,BICYCLE_ACCIDENT,MOTORCYCLE_ACCIDENT,TRUCK_ACCIDENT,NOT_PRIVATE_PROPERTY,ALCOHOL_INVOLVED,STWD_VEHTYPE_AT_FAULT,CHP_VEHTYPE_AT_FAULT,COUNT_SEVERE_INJ,COUNT_VISIBLE_INJ,COUNT_COMPLAINT_PAIN,COUNT_PED_KILLED,COUNT_PED_INJURED,COUNT_BICYCLIST_KILLED,COUNT_BICYCLIST_INJURED,COUNT_MC_KILLED,COUNT_MC_INJURED,PRIMARY_RAMP,SECONDARY_RAMP,LATITUDE,LONGITUDE,COUNTY,CITY,POINT_X,POINT_Y
9077918,2020,2020-10-08,1942,2020-03-23,1111,38251,0824,1,5,7,1942,0,0,0,H,0,8A1,PACIFIC COAST HWY,ENTRADA DR,200,S,N,A,-,Y,LA,7,1,-,-,36.95,H,-,S,N,4,0,1,2,A,-,05,21460,A,F,B,C,A,A,H,-,A,D,0,NA,NA,NA,NA,Y,NA,-,99,0,0,1,0,0,0,0,0,0,-,-,NA,NA,LOS ANGELES,LOS ANGELES,-118.51814270019533,34.027347564697266
90779195,2018,2018-07-27,9525,2018-07-18,1620,021713,NA,3,2,1,1934,0,1,1,NA,2,651,I-605 S/B (SAN GABRIEL RIVER FWY),LIVE OAK AVE.,998,S,N,A,-,Y,NA,NA,605,NA,NA,NA,NA,NA,S,Y,4,0,5,3,A,-,07,21658,A,N,B,C,A,A,H,-,A,D,0,NA,NA,NA,NA,Y,NA,A,01,0,0,5,0,0,0,0,0,0,-,-,34.10546112060547,-117.98310089111328,LOS ANGELES,IRWINDALE,-117.98306274414064,34.10544204711914
90779197,2018,2018-07-27,9590,2018-07-20,0800,021072,NA,5,1,7,1942,0,1,2,NA,2,071,US-101 S/B (HOF) FROM SILVER LAKE BLVD.,SILVER LAKE BLVD.,5,S,N,A,-,Y,NA,NA,101,NA,NA,NA,R,NA,S,N,4,0,1,2,A,-,08,22107,NA,N,B,C,A,A,H,-,A,D,0,NA,NA,NA,NA,Y,NA,A,07,0,0,1,0,0,0,0,0,0,-,-,34.07695007324219,-118.28204345703124,LOS ANGELES,LOS ANGELES,-118.28204345703124,34.07695007324219
9077920,2020,2020-08-14,1942,2020-03-18,1645,38251,1437,3,5,7,1942,0,0,0,N,0,14A27,VENICE BL,SEPULVEDA BL,50,E,N,A,-,N,NA,NA,NA,NA,NA,NA,NA,NA,NA,N,4,0,1,3,A,-,04,21703,NA,N,C,C,A,A,H,-,A,D,0,NA,NA,NA,NA,Y,NA,A,07,0,0,1,0,0,0,0,0,0,-,-,NA,NA,LOS ANGELES,LOS ANGELES,-118.4171142578125,34.01305389404297
90779203,2018,2018-07-27,9565,2018-07-19,0630,021761,NA,4,1,6,1933,0,1,1,NA,2,060,I-405 N/B (SAN DIEGO FWY),ARBOR VITAE ST,500,S,N,A,-,Y,NA,NA,405,NA,NA,NA,NA,NA,N,Y,4,0,1,3,A,-,03,22350,NA,N,C,C,A,A,H,-,A,D,0,NA,NA,NA,NA,Y,NA,D,22,0,0,1,0,0,0,0,0,0,-,-,33.951908111572266,-118.36900329589844,LOS ANGELES,INGLEWOOD,-118.3690185546875,33.951904296875
90779293,2018,2018-07-27,9550,2018-07-19,1630,021977,NA,4,2,9,1900,0,3,5,NA,2,002,LA MIRADA BOULEVARD,DANBROOK DRIVE,0,NA,Y,A,-,N,NA,NA,NA,NA,NA,NA,NA,NA,NA,N,4,0,1,2,A,-,09,21802,A,N,D,C,A,A,H,-,A,D,0,NA,NA,NA,NA,Y,NA,A,01,0,0,1,0,0,0,0,0,0,-,-,33.93920135498047,-118.01180267333984,LOS ANGELES,UNINCORPORATED,-118.0122299194336,33.93920135498047
90779335,2018,2018-07-30,9590,2018-07-27,1130,021762,NA,5,1,7,1942,0,1,1,NA,2,052,I-110 N/B (HARBOR FREEWAY),23RD STREET,100,N,N,A,-,Y,NA,NA,110,NA,NA,NA,NA,NA,N,N,4,0,1,2,A,-,03,22350,NA,F,C,C,A,A,H,-,A,D,0,NA,NA,NA,NA,Y,NA,-,99,0,0,1,0,0,0,0,0,0,-,-,34.03099822998047,-118.27439880371094,LOS ANGELES,LOS ANGELES,-118.27439880371094,34.03099822998047
90779338,2018,2018-07-30,9590,2018-07-25,1125,021072,NA,3,1,7,1942,0,1,1,NA,2,061,I-10 W/B (SANTA MONICA FREEWAY),10TH AVE.,150,E,N,A,-,Y,NA,NA,10,NA,NA,NA,NA,NA,W,Y,4,0,1,3,A,-,03,22350,NA,F,C,C,A,A,H,-,A,D,0,NA,NA,NA,NA,Y,NA,A,01,0,0,1,0,0,0,0,0,0,-,-,34.03546905517578,-118.32760620117188,LOS ANGELES,LOS ANGELES,-118.32760620117188,34.03546905517578
90779339,2018,2018-07-30,9590,2018-07-22,1350,021678,NA,7,1,7,1942,0,1,1,NA,2,050,I-110 N/B (HARBOR FREEWAY),W 91ST ST.,500,N,N,A,-,Y,NA,NA,110,NA,NA,NA,NA,NA,N,Y,4,0,3,2,A,-,03,22350,NA,N,B,C,A,A,H,-,A,D,0,NA,NA,NA,NA,Y,NA,D,22,0,0,3,0,0,0,0,0,0,-,-,33.954551696777344,-118.28064727783205,LOS ANGELES,LOS ANGELES,-118.28064727783205,33.954551696777344
90779341,2018,2018-07-30,9590,2018-07-08,1827,021678,NA,7,2,7,1942,0,1,1,NA,2,062,I-10 E/B (SMF) TO I-110 S/B (HAF),HOOVER ST,50,W,N,A,-,Y,NA,NA,10,NA,NA,NA,R,NA,E,Y,4,0,1,1,A,-,08,22107,NA,N,E,I,A,A,H,-,A,D,0,NA,NA,NA,NA,Y,NA,A,07,0,0,1,0,0,0,0,0,0,-,-,34.036888122558594,-118.28428649902344,LOS ANGELES,LOS ANGELES,-118.28428649902344,34.036888122558594
90779343,2018,2018-07-30,9590,2018-07-18,1549,022088,NA,3,2,7,1942,0,1,1,NA,2,082,I-5 N/B (GOLDEN STATE FREEWAY),DUVALL STREET,196,N,N,A,-,Y,NA,NA,5,NA,NA,NA,NA,NA,N,N,4,0,1,2,A,-,01,23152,F,F,C,C,A,A,H,-,A,D,0,NA,NA,NA,NA,Y,NA,A,01,0,0,1,0,0,0,0,0,0,-,-,34.0859489440918,-118.23182678222656,LOS ANGELES,LOS ANGELES,-118.23191833496094,34.0858154296875
90779344,2018,2018-07-30,9590,2018-07-19,1750,021190,NA,4,2,7,1942,0,1,1,NA,2,052,I-110 N/B (HAF),3RD STREET,50,S,N,A,-,Y,NA,NA,110,NA,NA,NA,NA,NA,N,N,4,0,2,2,A,-,03,22350,NA,F,C,C,A,A,H,-,A,D,0,NA,NA,NA,NA,Y,NA,-,99,0,0,2,0,0,0,0,0,0,-,-,34.05582809448242,-118.25611114501952,LOS ANGELES,LOS ANGELES,-118.25614166259766,34.05585861206055
90779352,2018,2018-07-30,9550,2018-07-21,2045,021533,NA,6,2,9,1900,0,3,5,NA,2,002,TRUMBALL STREET,SCRIBNER AVENUE,452,W,N,A,-,N,NA,NA,NA,NA,NA,NA,NA,NA,NA,Y,3,0,1,3,A,-,13,22515,A,F,D,E,A,A,H,-,C,D,0,NA,NA,NA,NA,Y,NA,A,01,0,1,0,0,0,0,0,0,0,-,-,33.94483184814453,-118.04837799072266,LOS ANGELES,UNINCORPORATED,-118.04828643798828,33.944740295410156
90779355,2018,2018-07-30,9590,2018-07-23,1334,022088,NA,1,1,7,1942,0,1,1,NA,2,051,I-110 SOUTHBOUND (HARBOR FREEWAY),EXPOSITION BLVD.,2800,N,N,A,-,Y,NA,NA,110,NA,NA,NA,NA,NA,S,Y,4,0,1,3,A,-,03,22350,NA,N,C,C,A,A,H,-,A,D,0,NA,NA,NA,NA,Y,NA,D,22,0,0,1,0,0,0,0,0,0,-,-,34.02544021606445,-118.27578735351564,LOS ANGELES,LOS ANGELES,-118.27581024169922,34.02545166015625
90779425,2018,2018-07-30,9575,2018-07-22,0129,019931,NA,7,3,5,1902,0,1,1,NA,2,065,I-210 W/B TO SANTA ANITA AVE.,SANTA ANITA AVE.,383,E,N,A,-,Y,NA,NA,210,NA,NA,NA,R,NA,W,Y,3,0,3,1,A,-,03,22350,NA,N,E,I,A,A,H,-,C,D,0,NA,NA,NA,NA,Y,NA,A,08,0,3,0,0,0,0,0,0,0,-,-,34.148170471191406,-118.03038787841795,LOS ANGELES,ARCADIA,-118.03038787841795,34.148170471191406
9077943,2020,2020-10-08,1942,2020-03-04,1330,26319,1941,3,5,7,1942,0,0,0,NA,0,26T73,SEPULVEDA BL,RT 118,0,NA,Y,A,-,Y,LA,7,118,-,R,10.236,R,4,E,Y,4,0,1,2,A,-,12,21453,A,N,D,C,A,A,H,-,A,A,0,NA,NA,NA,NA,Y,NA,D,22,0,0,1,0,0,0,0,0,0,-,-,NA,NA,LOS ANGELES,LOS ANGELES,-118.4647216796875,34.265811920166016
90779435,2018,2018-07-30,9575,2018-07-19,1240,020119,NA,4,1,6,1953,0,1,1,NA,2,063,I-210 E/B TO I-210 E/B,ORANGE GROVE BLVD.,500,W,N,A,-,Y,NA,NA,210,NA,NA,NA,R,NA,E,Y,4,0,1,2,A,-,03,22350,NA,N,C,C,A,A,D,-,A,D,0,NA,NA,NA,NA,Y,NA,A,01,0,0,1,0,0,0,0,0,0,-,-,34.15650177001953,-118.15850830078124,LOS ANGELES,PASADENA,-118.15850830078124,34.15650177001953
90779437,2018,2018-07-30,9530,2018-07-19,0530,021994,NA,4,3,5,1943,0,1,1,NA,2,210,I-105 W/B (GLENN ANDERSON FWY),BULLIS RD.,530,E,N,A,-,Y,NA,NA,105,NA,NA,NA,NA,NA,W,Y,4,0,1,2,A,-,07,21658,A,N,B,C,A,A,H,-,A,D,0,NA,NA,Y,NA,Y,NA,A,01,0,0,1,0,0,0,0,0,1,-,-,33.921321868896484,-118.20159149169922,LOS ANGELES,LYNWOOD,-118.20156097412108,33.92139434814453
90779449,2018,2018-07-30,9530,2018-06-25,0305,021490,NA,1,3,7,1942,0,1,1,NA,2,110,I-110 N/B TO ROSECRANS AVE.,ROSECRANS AVE.,625,S,N,B,-,Y,NA,NA,110,NA,NA,NA,R,NA,N,Y,2,0,1,2,A,-,07,21658,A,F,E,J,A,A,H,-,D,D,0,NA,NA,Y,NA,Y,NA,-,99,1,0,0,0,0,0,0,0,1,-,-,33.90013122558594,-118.2860107421875,LOS ANGELES,LOS ANGELES,-118.2860107421875,33.90013122558594
90779451,2018,2018-07-30,9575,2018-07-20,1635,021925,NA,5,2,7,1942,0,1,3,NA,2,043,SR-134 E/B (VENTURA FREEWAY),FOREST LAWN DRIVE,300,W,N,A,-,Y,NA,NA,134,NA,NA,NA,NA,NA,E,Y,4,0,1,2,A,-,07,21658,A,N,C,C,A,A,H,-,A,D,0,NA,NA,Y,NA,Y,NA,A,01,0,0,1,0,0,0,0,0,0,-,-,34.15462875366211,-118.31182098388672,LOS ANGELES,LOS ANGELES,-118.31182098388672,34.15463638305664
90779465,2018,2018-07-30,9530,2018-07-26,1820,021842,NA,4,2,7,1942,0,1,1,NA,2,110,I-110 S/B (HARBOR FREEWAY),ALONDRA BLVD.,100,N,N,A,-,Y,NA,NA,110,NA,NA,NA,NA,NA,S,N,4,0,1,2,A,-,03,22350,NA,N,B,C,A,A,H,-,A,D,0,NA,NA,NA,NA,Y,NA,A,01,0,0,1,0,0,0,0,0,0,-,-,33.88629150390625,-118.28568267822266,LOS ANGELES,LOS ANGELES,-118.28559112548828,33.88629150390625
90779472,2018,2018-07-30,9530,2018-07-27,1610,021842,NA,5,2,6,1972,0,1,1,NA,2,400,I-405 S/B (SAN DIEGO FREEWAY),WESTERN AVE.,800,N,N,A,-,Y,NA,NA,405,NA,NA,NA,NA,NA,S,N,4,0,1,2,A,-,03,22350,NA,N,C,C,A,A,H,-,A,D,0,NA,NA,NA,NA,Y,NA,A,01,0,0,1,0,0,0,0,0,0,-,-,33.86021041870117,-118.31221771240234,LOS ANGELES,TORRANCE,-118.31221771240234,33.86023712158203
90779486,2018,2018-07-30,9575,2018-07-21,0740,021878,NA,6,1,6,1912,0,1,1,NA,2,051,I-5 N/B (GOLDEN STATE FREEWAY),ALAMEDA AVENUE,185,N,N,A,-,Y,NA,NA,5,NA,NA,NA,NA,NA,N,Y,4,0,1,2,A,-,03,22350,NA,N,C,C,A,A,H,-,A,D,0,NA,NA,NA,NA,Y,NA,A,01,0,0,1,0,0,0,0,0,0,-,-,34.17076873779297,-118.3048095703125,LOS ANGELES,BURBANK,-118.30478668212892,34.17079544067383
90779488,2018,2018-07-30,9575,2018-07-21,1635,016741,NA,6,2,6,1953,0,1,1,NA,2,065,I-210 E/B (FOOTHILL FREEWAY),SAN GABRIEL BLVD,100,E,N,A,-,Y,NA,NA,210,NA,NA,NA,NA,NA,E,Y,4,0,2,3,A,-,07,21658,A,N,C,C,A,A,H,-,A,D,0,NA,NA,NA,NA,Y,NA,A,01,0,0,2,0,0,0,0,0,0,-,-,34.15230178833008,-118.09400177001952,LOS ANGELES,PASADENA,-118.09400177001952,34.15230178833008
90779491,2018,2018-07-30,9575,2018-07-23,1820,020711,NA,1,2,6,1925,0,1,1,NA,2,050,I-5 S/B (GOLDEN STATE FREEWAY),WESTERN AVENUE,1800,N,N,A,-,Y,NA,NA,5,NA,NA,NA,NA,NA,S,N,4,0,1,2,A,-,03,22350,NA,M,C,C,A,A,H,-,A,D,0,NA,NA,NA,NA,Y,NA,-,99,0,0,1,0,0,0,0,0,0,-,-,34.16714859008789,-118.30019378662108,LOS ANGELES,GLENDALE,-118.30019378662108,34.16714859008789
90779499,2018,2018-07-30,9575,2018-07-23,0801,020887,NA,1,1,6,1925,0,1,3,NA,2,042,SR-134 W/B TO I-5,SAN FERNANDO RD,460,W,N,A,-,Y,NA,NA,134,NA,NA,NA,R,NA,W,Y,4,0,1,3,A,-,03,22350,NA,N,C,C,A,A,H,-,A,D,0,NA,NA,NA,NA,Y,NA,A,01,0,0,1,0,0,0,0,0,0,-,-,34.153770446777344,-118.27693939208984,LOS ANGELES,GLENDALE,-118.27693939208984,34.153770446777344
90779554,2018,2018-07-30,9530,2018-07-20,1630,022083,NA,5,2,7,1941,0,1,1,NA,2,071,I-710 N/B (LONG BEACH FREEWAY),DEL AMO BLVD.,400,S,N,A,-,Y,NA,NA,710,NA,NA,NA,NA,NA,N,N,2,0,1,4,A,-,07,21658,A,F,B,C,A,A,H,-,A,D,0,NA,NA,Y,NA,Y,NA,-,99,1,0,0,0,0,0,0,0,1,-,-,33.84502029418945,-118.20575714111328,LOS ANGELES,LONG BEACH,-118.20572662353516,33.84501266479492
90779557,2018,2018-07-30,9530,2018-07-20,1215,021004,NA,5,1,4,1939,0,1,1,NA,2,400,I-405 N/B (SAN DIEGO FREEWAY),INGLEWOOD AVE.,765,N,N,A,-,Y,NA,NA,405,NA,NA,NA,NA,NA,N,Y,4,0,2,4,A,-,03,22350,NA,N,C,C,A,A,H,-,A,D,0,NA,NA,NA,NA,Y,NA,A,07,0,0,2,0,0,0,0,0,0,-,-,33.89255142211914,-118.3632583618164,LOS ANGELES,LAWNDALE,-118.36331939697266,33.8924674987793
90779564,2018,2018-07-30,9530,2018-07-21,2130,021902,NA,6,2,9,1900,0,3,5,NA,2,001,FIRESTONE BLVD.,COMPTON AVE.,0,NA,Y,A,-,N,NA,NA,NA,NA,NA,NA,NA,NA,NA,Y,4,0,1,2,A,-,12,21453,A,F,D,C,A,A,H,-,C,A,0,NA,NA,NA,NA,Y,NA,A,01,0,0,1,0,0,0,0,0,0,-,-,33.96017837524414,-118.24755096435548,LOS ANGELES,UNINCORPORATED,-118.24745178222656,33.96015167236328
90779569,2018,2018-07-30,9530,2018-07-21,1140,021994,NA,6,1,7,1942,0,1,1,NA,2,110,I-110 N/B (HARBOR FREEWAY),190TH ST.,492,N,N,A,-,Y,NA,NA,110,NA,NA,NA,NA,NA,N,Y,4,0,1,3,A,-,03,22350,NA,N,C,C,A,A,H,-,A,D,0,NA,NA,NA,NA,Y,NA,A,01,0,0,1,0,0,0,0,0,0,-,-,33.86362075805664,-118.28484344482422,LOS ANGELES,LOS ANGELES,-118.28490447998048,33.863624572753906
90779601,2018,2018-07-30,9575,2018-07-21,1145,021978,NA,6,1,7,1942,0,1,3,NA,2,301,SR-2 (ANGELES CREST HIGHWAY),MOUNT WILSON RED BOX RD,7286,W,N,A,-,Y,NA,NA,NA,NA,NA,NA,NA,NA,NA,Y,2,0,1,1,A,-,03,22350,NA,N,F,A,A,A,H,-,A,D,0,NA,NA,Y,NA,Y,NA,C,02,1,0,0,0,0,0,0,0,1,-,-,34.26239013671875,-118.11221313476564,LOS ANGELES,LOS ANGELES,NA,NA
90779602,2018,2018-07-30,9575,2018-07-21,0310,021640,NA,6,3,7,1942,0,1,1,NA,2,060,I-210 W/B TO SR-118 W/B,VAN NUYS BLVD.,850,W,N,A,-,Y,NA,NA,210,NA,NA,NA,R,NA,W,Y,3,0,1,1,A,-,08,22107,NA,N,E,I,A,A,H,-,C,D,0,NA,NA,NA,Y,Y,NA,F,26,0,1,0,0,0,0,0,0,0,-,-,34.2841682434082,-118.40277099609376,LOS ANGELES,LOS ANGELES,-118.40277099609376,34.2841682434082
90779603,2018,2018-07-30,9575,2018-07-22,0355,022110,NA,7,3,7,1942,0,1,3,NA,2,044,SR-134 W/B TO SR-170 N/B,SR-170,200,E,N,A,-,Y,NA,NA,134,NA,NA,NA,R,NA,W,Y,4,0,1,1,A,-,01,23152,A,N,E,I,A,A,H,-,D,D,0,NA,NA,NA,NA,Y,Y,A,01,0,0,1,0,0,0,0,0,0,-,-,34.15401840209961,-118.376220703125,LOS ANGELES,LOS ANGELES,-118.376220703125,34.15401840209961
90779606,2018,2018-07-30,9565,2018-07-13,1000,019320,NA,5,1,7,1942,0,1,1,NA,2,062,I-405 N/B,PALMS BLVD.,300,N,N,A,-,Y,NA,NA,405,NA,NA,NA,NA,NA,N,Y,4,0,1,2,A,-,08,22107,NA,F,B,C,A,A,H,-,A,D,0,NA,NA,NA,NA,Y,NA,-,99,0,0,1,0,0,0,0,0,0,-,-,34.02001190185547,-118.42450714111328,LOS ANGELES,LOS ANGELES,-118.42450714111328,34.020015716552734
90779630,2018,2018-07-30,9575,2018-07-24,1030,020556,NA,2,1,7,1942,0,1,1,NA,2,052,I-5 S/B (GOLDEN STATE FREEWAY),SUNLAND BLVD,1320,N,N,A,-,Y,NA,NA,5,NA,NA,NA,NA,NA,S,N,4,0,2,2,A,-,03,22350,NA,N,C,C,A,A,H,-,A,D,0,NA,NA,NA,NA,Y,NA,D,22,0,0,2,0,0,0,0,0,0,-,-,34.22251892089844,-118.37035369873048,LOS ANGELES,LOS ANGELES,-118.37034606933594,34.222530364990234
90779638,2018,2018-07-30,9565,2018-07-13,0900,021761,NA,5,1,9,1900,0,3,5,NA,2,005,VIA MARINA,PANAY WAY,0,NA,Y,A,-,N,NA,NA,NA,NA,NA,NA,NA,NA,NA,Y,3,0,1,2,A,-,06,21755,NA,N,B,C,A,A,H,-,A,A,0,NA,NA,Y,NA,Y,NA,C,02,0,1,0,0,0,0,0,0,1,-,-,33.97901916503906,-118.45905303955078,LOS ANGELES,UNINCORPORATED,-118.4591827392578,33.97903060913086
90779666,2018,2018-07-30,9575,2018-07-24,0928,020846,NA,2,1,6,1925,0,1,3,NA,2,042,SR-134 W/B (VENTURA FREEWAY),CONCORD STREET,250,E,N,A,-,Y,NA,NA,134,NA,NA,NA,NA,NA,W,Y,4,0,1,3,A,-,03,22350,NA,N,C,C,A,A,H,-,A,D,0,NA,NA,NA,NA,Y,NA,A,01,0,0,1,0,0,0,0,0,0,-,-,34.15507125854492,-118.27044677734376,LOS ANGELES,GLENDALE,-118.27044677734376,34.15507125854492
90779674,2018,2018-07-30,9590,2018-07-29,1530,021789,NA,7,2,7,1942,0,1,1,NA,2,082,I-5 N/B (GOLDEN STATE FREEWAY),NEWELL STREET,500,S,N,A,-,Y,NA,NA,5,NA,NA,NA,NA,NA,N,Y,4,0,2,3,A,-,03,22350,NA,N,C,C,A,A,H,-,A,D,0,NA,NA,NA,NA,Y,NA,A,07,0,0,2,0,0,0,0,0,0,-,-,34.098121643066406,-118.24626922607422,LOS ANGELES,LOS ANGELES,-118.24627685546876,34.098114013671875
90779680,2018,2018-07-30,9525,2018-07-20,1525,019491,NA,5,2,9,1900,0,3,5,NA,2,001,CALIFORNIA AVE (2300 N. BLOCK),SHRODE AVE (400 N. BLOCK),0,NA,Y,A,-,N,NA,NA,NA,NA,NA,NA,NA,NA,NA,Y,4,0,2,2,A,-,09,21802,A,N,D,C,A,A,H,-,A,A,0,NA,NA,NA,NA,Y,NA,-,-,0,0,2,0,0,0,0,0,0,-,-,34.122718811035156,-117.99759674072266,LOS ANGELES,UNINCORPORATED,-117.99758911132813,34.12268829345703
90779684,2018,2018-07-30,9575,2018-07-24,1736,017491,NA,2,2,6,1925,0,1,3,NA,2,042,SR-134 W/B (VENTURA FREEWAY),BRAND BOULEVARD,375,E,N,A,-,Y,NA,NA,134,NA,NA,NA,NA,NA,W,Y,4,0,1,2,A,-,03,22350,NA,N,C,C,A,A,G,-,A,D,0,NA,NA,NA,NA,Y,NA,A,01,0,0,1,0,0,0,0,0,0,-,-,34.15644073486328,-118.2536392211914,LOS ANGELES,GLENDALE,-118.2536392211914,34.15645217895508
90779690,2018,2018-07-30,9535,2018-07-19,1350,020347,NA,4,1,9,1900,0,2,4,NA,2,018,3RD ST,MEDNIK AVE,0,NA,Y,A,-,N,NA,NA,NA,NA,NA,NA,NA,NA,NA,Y,4,0,1,2,A,-,09,21801,A,N,A,C,A,A,H,-,A,A,0,NA,NA,NA,NA,Y,NA,A,01,0,0,1,0,0,0,0,0,0,-,-,34.033260345458984,-118.1618194580078,LOS ANGELES,UNINCORPORATED,-118.16229248046876,34.03327941894531
90779698,2018,2018-07-30,9540,2018-07-23,0350,021447,NA,1,3,9,1900,0,1,1,NA,2,509,I-5 S/B (GOLDEN STATE FWY),LAKE HUGHES RD,6000,N,N,A,-,Y,NA,NA,5,NA,NA,NA,NA,NA,S,Y,2,0,2,3,A,-,03,22350,NA,N,C,C,A,A,H,-,D,D,0,NA,NA,NA,NA,Y,NA,A,01,1,0,1,0,0,0,0,0,0,-,-,34.52650833129883,-118.64263916015624,LOS ANGELES,UNINCORPORATED,-118.64298248291016,34.52639389038086
9077970,2020,2020-07-23,1909,2020-03-06,1927,508,1909,5,5,4,1909,0,0,0,NA,0,NA,FLORENCE AV,AJAX AV,370,E,N,A,-,N,NA,NA,NA,NA,NA,NA,NA,NA,NA,Y,4,0,1,2,A,-,03,22350,NA,N,C,C,A,A,H,-,C,D,0,NA,NA,NA,NA,Y,NA,A,01,0,0,1,0,0,0,0,0,0,-,-,NA,NA,LOS ANGELES,BELL GARDENS,-118.16207885742188,33.967525482177734
9077971,2020,2020-06-25,1969,2020-03-14,0750,10195,PATRO,6,5,5,1969,0,0,0,NA,0,001,LONG BEACH BL,FIRESTONE BL,0,NA,Y,C,-,N,NA,NA,NA,NA,NA,NA,NA,NA,NA,Y,3,0,1,2,A,-,12,21453,A,F,D,C,A,B,H,-,A,A,0,NA,NA,NA,NA,Y,NA,A,01,0,1,0,0,0,0,0,0,0,-,-,NA,NA,LOS ANGELES,SOUTH GATE,-118.22029113769533,33.95561981201172
90779717,2018,2018-07-30,9540,2018-07-20,0015,021802,NA,5,3,7,1942,0,1,1,NA,1,501,I-5 S/B (GOLDEN STATE FREEWAY),ROXFORD ST,1400,S,N,A,-,Y,NA,NA,5,NA,NA,NA,NA,NA,S,N,4,0,1,2,A,-,11,21954,A,N,G,B,E,A,H,-,C,D,0,Y,NA,NA,NA,Y,Y,N,60,0,0,1,0,1,0,0,0,0,-,-,34.299991607666016,-118.47676849365234,LOS ANGELES,LOS ANGELES,-118.47666168212892,34.30009841918945
90779723,2018,2018-08-21,9540,2018-07-19,0350,020527,NA,4,3,9,1900,0,1,3,NA,2,147,SR-14 S/B (ANTELOPE VALLEY FREEWAY),SOLEDAD CANYON RD,1100,N,N,A,-,Y,NA,NA,14,NA,NA,NA,NA,NA,S,Y,3,0,1,2,A,-,03,22350,NA,N,C,C,A,A,H,-,C,D,0,NA,NA,NA,Y,Y,NA,G,25,0,1,0,0,0,0,0,0,0,-,-,34.43450927734375,-118.38221740722656,LOS ANGELES,UNINCORPORATED,-118.38223266601564,34.434566497802734
90779728,2018,2018-07-30,9540,2018-07-22,0009,021374,NA,7,3,9,1900,0,1,1,NA,2,505,I-5 S/B TRUCK LANES (GSF),SR-14 S/B,1584,N,N,A,-,Y,NA,NA,5,NA,NA,NA,NA,NA,S,Y,3,0,1,2,A,-,07,21658,A,F,B,C,A,A,H,-,C,D,0,NA,NA,NA,NA,Y,Y,-,99,0,1,0,0,0,0,0,0,0,-,-,34.33721923828125,-118.51406097412108,LOS ANGELES,UNINCORPORATED,-118.5139389038086,34.337440490722656
90779734,2018,2018-07-30,9540,2018-07-20,1855,019232,NA,5,2,9,1900,0,2,4,NA,1,202,SOLEDAD CYN RD,CAPRA RD,528,E,N,A,-,N,NA,NA,NA,NA,NA,NA,NA,NA,NA,Y,2,0,1,1,A,-,08,22107,NA,N,E,I,A,A,H,-,A,D,0,NA,NA,NA,NA,Y,NA,A,01,1,0,0,0,0,0,0,0,0,-,-,34.431541442871094,-118.35305786132813,LOS ANGELES,UNINCORPORATED,-118.35439300537108,34.4312744140625
90779746,2018,2018-07-30,9525,2018-07-22,0950,019264,NA,7,1,9,1900,0,3,5,NA,2,004,VINELAND AVE. (400 BLOCK),MOCCASIN ST.,130,N,N,A,-,N,NA,NA,NA,NA,NA,NA,NA,NA,NA,N,4,0,3,2,A,-,09,21801,A,N,D,C,A,A,H,-,A,D,0,NA,NA,NA,NA,Y,NA,A,07,0,0,3,0,0,0,0,0,0,-,-,34.05195999145508,-117.98856353759766,LOS ANGELES,UNINCORPORATED,-117.9886474609375,34.051883697509766
9077975,2020,2020-06-25,1969,2020-03-12,1543,20226,TRAFF,4,5,5,1969,0,0,0,NA,0,003,TWEEDY BL,SAN JUAN AV,0,NA,Y,C,-,N,NA,NA,NA,NA,NA,NA,NA,NA,NA,Y,4,0,1,2,A,-,09,21801,A,N,D,C,A,B,H,-,A,A,0,NA,NA,NA,NA,Y,NA,A,07,0,0,1,0,0,0,0,0,0,-,-,NA,NA,LOS ANGELES,SOUTH GATE,-118.20313262939452,33.943931579589844