CASE_ID,ACCIDENT_YEAR,PROC_DATE,JURIS,COLLISION_DATE,COLLISION_TIME,OFFICER_ID,REPORTING_DISTRICT,DAY_OF_WEEK,CHP_SHIFT,POPULATION,CNTY_CITY_LOC,SPECIAL_COND,BEAT_TYPE,CHP_BEAT_TYPE,CITY_DIVISION_LAPD,CHP_BEAT_CLASS,BEAT_NUMBER,PRIMARY_RD,SECONDARY_RD,DISTANCE,DIRECTION,INTERSECTION,WEATHER_1,WEATHER_2,STATE_HWY_IND,CALTRANS_COUNTY,CALTRANS_DISTRICT,STATE_ROUTE,ROUTE_SUFFIX,POSTMILE_PREFIX,POSTMILE,LOCATION_TYPE,RAMP_INTERSECTION,SIDE_OF_HWY,TOW_AWAY,COLLISION_SEVERITY,NUMBER_KILLED,NUMBER_INJURED,PARTY_COUNT,PRIMARY_COLL_FACTOR,PCF_CODE_OF_VIOL,PCF_VIOL_CATEGORY,PCF_VIOLATION,PCF_VIOL_SUBSECTION,HIT_AND_RUN,TYPE_OF_COLLISION,MVIW,PED_ACTION,ROAD_SURFACE,ROAD_COND_1,ROAD_COND_2,LIGHTING,CONTROL_DEVICE,CHP_ROAD_TYPE,PEDESTRIAN_ACCIDENT,BICYCLE_ACCIDENT,MOTORCYCLE_ACCIDENT,TRUCK_ACCIDENT,NOT_PRIVATE_PROPERTY,ALCOHOL_INVOLVED,STWD_VEHTYPE_AT_FAULT,CHP_VEHTYPE_AT_FAULT,COUNT_SEVERE_INJ,COUNT_VISIBLE_INJ,COUNT_COMPLAINT_PAIN,COUNT_PED_KILLED,COUNT_PED_INJURED,COUNT_BICYCLIST_KILLED,COUNT_BICYCLIST_INJURED,COUNT_MC_KILLED,COUNT_MC_INJURED,PRIMARY_RAMP,SECONDARY_RAMP,LATITUDE,LONGITUDE,COUNTY,CITY,POINT_X,POINT_Y
90782052,2018,2018-08-01,9580,2018-07-21,0320,020876,NA,6,3,7,1942,0,1,2,NA,2,102,US-101 N/B (VENTURA FREEWAY),WOODMAN AVE,300,N,N,A,-,Y,NA,NA,101,NA,NA,NA,NA,NA,N,N,4,0,1,2,A,-,01,23152,A,M,B,C,A,A,H,-,D,D,0,NA,NA,NA,NA,Y,Y,A,01,0,0,1,0,0,0,0,0,0,-,-,34.155731201171875,-118.43251800537108,LOS ANGELES,LOS ANGELES,-118.43251800537108,34.155731201171875
90782056,2018,2018-12-07,9580,2018-07-21,1150,022090,NA,6,1,7,1942,0,1,2,NA,2,104,US-101 N/B (VENTURA FREEWAY),CANOGA AVE,1320,S,N,A,-,Y,NA,NA,101,NA,NA,NA,NA,NA,N,Y,4,0,2,3,A,-,07,21658,A,N,B,C,A,A,H,-,A,D,0,NA,NA,NA,Y,Y,NA,A,01,0,0,2,0,0,0,0,0,0,-,-,34.168861389160156,-118.59210205078124,LOS ANGELES,LOS ANGELES,-118.59211730957033,34.168731689453125
90782076,2018,2018-08-01,9580,2018-07-22,1220,021491,NA,7,1,7,1942,0,1,2,NA,2,105,US-101 S/B (VENTURA FREEWAY),TAMPA AVE,528,S,N,A,-,Y,NA,NA,101,NA,NA,NA,NA,NA,S,Y,4,0,1,2,A,-,03,22350,NA,N,C,C,A,A,H,-,A,D,0,NA,NA,NA,NA,Y,NA,A,08,0,0,1,0,0,0,0,0,0,-,-,34.17338943481445,-118.54830169677734,LOS ANGELES,LOS ANGELES,-118.54830169677734,34.17338180541992
90782082,2018,2018-08-01,9535,2018-07-23,0712,017302,NA,1,1,9,1900,0,3,5,NA,2,001,FLORAL DRIVE (400 BLOCK),SR-60 ON-RAMP FROM FLORAL DR.,0,NA,Y,A,-,N,NA,NA,NA,NA,NA,NA,NA,NA,NA,Y,4,0,1,2,A,-,09,21801,A,N,D,C,A,A,H,-,A,D,0,NA,NA,NA,NA,Y,NA,A,01,0,0,1,0,0,0,0,0,0,-,-,34.044151306152344,-118.17092895507813,LOS ANGELES,UNINCORPORATED,NA,NA
90782087,2018,2018-08-01,9580,2018-07-22,0045,021498,NA,7,3,7,1942,0,1,1,NA,2,404,I-405 N/B (SAN DIEGO FWY),VENTURA BLVD,1056,S,N,A,-,Y,NA,NA,405,NA,NA,NA,NA,NA,N,Y,3,0,1,1,A,-,01,23152,A,N,E,I,A,A,H,-,C,D,0,NA,NA,NA,NA,Y,Y,A,01,0,1,0,0,0,0,0,0,0,-,-,34.15108871459961,-118.46803283691406,LOS ANGELES,LOS ANGELES,-118.46809387207033,34.15110778808594
90782090,2018,2018-08-01,9590,2018-07-30,0855,021606,NA,1,1,7,1942,0,1,1,NA,2,052,I-110 N/B (HARBOR FREEWAY),I-10 W/B (SANTA MONICA FREEWAY),200,N,N,A,-,Y,NA,NA,110,NA,NA,NA,NA,NA,N,Y,4,0,1,2,A,-,08,22107,NA,N,B,C,A,A,H,-,A,D,0,NA,NA,NA,NA,Y,NA,D,22,0,0,1,0,0,0,0,0,0,-,-,34.04024887084961,-118.27362823486328,LOS ANGELES,LOS ANGELES,-118.27360534667967,34.040245056152344
90782099,2018,2018-08-01,9580,2018-07-23,0925,016413,NA,1,1,7,1942,0,1,2,NA,2,103,US-101 S/B (VENTURA FREEWAY),HAYVENHURST AVE,50,N,N,A,-,Y,NA,NA,101,NA,NA,NA,NA,NA,S,N,4,0,2,2,A,-,03,22350,NA,N,C,C,A,A,H,-,A,D,0,NA,NA,NA,NA,Y,NA,A,01,0,0,2,0,0,0,0,0,0,-,-,34.16511154174805,-118.49149322509766,LOS ANGELES,LOS ANGELES,-118.49148559570313,34.1651611328125
90782101,2018,2018-08-01,9525,2018-07-29,1125,020544,NA,7,1,9,1900,0,1,3,NA,1,024,SR-39 (SAN GABRIEL CANYON RD.),OLD SAN GABRIEL CANYON RD,8976,N,N,A,-,Y,NA,NA,39,NA,NA,NA,NA,NA,NA,Y,4,0,1,2,A,-,08,22107,NA,N,D,C,A,A,H,-,A,D,0,NA,NA,NA,NA,Y,NA,A,01,0,0,1,0,0,0,0,0,0,-,-,34.17892074584961,-117.88204956054688,LOS ANGELES,UNINCORPORATED,-117.8820343017578,34.17891311645508
90782110,2018,2018-08-01,9550,2018-07-28,0925,019954,NA,6,1,9,1900,0,1,1,NA,2,650,INTERSTATE 605 (SAN GABRIEL RIVER FREEW,TELEGRAPH ROAD,50,S,N,A,-,Y,NA,NA,NA,NA,NA,NA,NA,NA,NA,Y,4,0,1,2,A,-,08,22107,NA,N,C,C,A,A,H,-,A,D,0,NA,NA,NA,NA,Y,NA,A,01,0,0,1,0,0,0,0,0,0,-,-,33.9491081237793,-118.09249877929688,LOS ANGELES,UNINCORPORATED,-118.09194183349608,33.949562072753906
90782112,2018,2018-10-25,9535,2018-07-23,0903,016277,NA,1,1,9,1900,0,3,5,NA,2,002,GERHART AVENUE (500 BLOCK),EAGLE STREET,440,S,N,A,-,N,NA,NA,NA,NA,NA,NA,NA,NA,NA,N,4,0,2,3,A,-,08,22107,NA,N,D,C,A,A,H,-,A,D,0,NA,NA,NA,NA,Y,NA,A,07,0,0,2,0,0,0,0,0,0,-,-,34.023860931396484,-118.14560699462892,LOS ANGELES,UNINCORPORATED,-118.14562225341795,34.02386474609375
90782113,2018,2018-08-01,9580,2018-07-26,2020,022103,NA,4,2,7,1942,0,1,3,NA,2,114,SR-118 E/B (RONALD REAGAN FWY.),WOODLEY AVE,528,W,N,A,-,Y,NA,NA,118,NA,NA,NA,NA,NA,E,N,4,0,2,2,A,-,03,22350,NA,N,C,C,A,A,H,-,D,D,0,NA,NA,NA,NA,Y,NA,A,01,0,0,2,0,0,0,0,0,0,-,-,34.27037048339844,-118.48822021484376,LOS ANGELES,LOS ANGELES,-118.48819732666016,34.27039337158203
90782117,2018,2018-08-01,9580,2018-07-29,1505,021603,NA,7,2,7,1942,0,1,2,NA,2,105,US-101 S/B (VENTURA FREEWAY),WILBUR AVE,900,S,N,A,-,Y,NA,NA,101,NA,NA,NA,NA,NA,S,Y,3,0,2,2,A,-,01,23152,F,F,A,C,A,A,H,-,A,D,0,NA,NA,NA,NA,Y,NA,A,07,0,1,1,0,0,0,0,0,0,-,-,34.17319869995117,-118.54161071777344,LOS ANGELES,LOS ANGELES,-118.54161071777344,34.17327117919922
9078213,2020,2020-07-09,1942,2020-03-17,1815,39772,0946,2,5,7,1942,0,0,0,I,0,9C84,OXNARD ST,RANCHITO AV,0,NA,Y,A,-,N,NA,NA,NA,NA,NA,NA,NA,NA,NA,Y,4,0,1,2,A,-,04,21703,NA,N,C,C,A,A,H,-,A,A,0,NA,NA,NA,NA,Y,NA,A,01,0,0,1,0,0,0,0,0,0,-,-,NA,NA,LOS ANGELES,LOS ANGELES,-118.43562316894533,34.17940139770508
90782136,2018,2018-08-01,9525,2018-07-28,1142,019264,NA,6,1,5,1906,0,1,1,NA,2,103,I-10 W/B (SAN BERNARDINO FWY),BESS AVE. PED O/C,200,E,N,A,-,Y,NA,NA,10,NA,NA,NA,NA,NA,W,N,4,0,1,2,A,-,03,22350,NA,N,C,C,A,A,H,-,A,D,0,NA,NA,NA,NA,Y,NA,A,01,0,0,1,0,0,0,0,0,0,-,-,34.0667610168457,-117.98950958251952,LOS ANGELES,BALDWIN PARK,-117.98948669433594,34.066585540771484
90782141,2018,2018-08-01,9525,2018-07-28,1234,019264,NA,6,1,5,1906,0,1,1,NA,2,103,I-10 W/B (SAN BERNARDINO FWY),FRANCISQUITO AVE,1584,E,N,A,-,Y,NA,NA,10,NA,NA,NA,NA,NA,W,Y,4,0,1,4,A,-,07,21658,A,N,B,C,A,A,H,-,A,D,0,NA,NA,NA,NA,Y,NA,D,22,0,0,1,0,0,0,0,0,0,-,-,34.06937026977539,-117.96875762939452,LOS ANGELES,BALDWIN PARK,-117.96875762939452,34.06935501098633
90782175,2018,2018-08-01,9525,2018-07-21,1830,021280,NA,6,2,5,1906,0,1,1,NA,2,103,I-10 W/B (SAN BERNARDINO FWY),BALDWIN PARK BLVD,1056,W,N,A,-,Y,NA,NA,10,NA,NA,NA,NA,NA,W,N,4,0,1,3,A,-,03,22350,NA,N,C,C,A,A,H,-,A,D,0,NA,NA,NA,NA,Y,NA,D,22,0,0,1,0,0,0,0,0,0,-,-,34.06795120239258,-117.98356628417967,LOS ANGELES,BALDWIN PARK,-117.98350524902344,34.0673942565918
90782178,2018,2018-08-01,9535,2018-07-22,1212,018682,NA,7,1,6,1922,0,1,1,NA,2,400,I-10 (SAN BERNARDINO FREEWAY) E/B,SANTA ANITA AVENUE,1683,W,N,A,-,Y,NA,NA,10,NA,NA,NA,NA,NA,E,Y,3,0,2,2,A,-,01,23152,A,N,C,C,A,A,H,-,A,D,0,NA,NA,NA,NA,Y,Y,A,01,0,1,1,0,0,0,0,0,0,-,-,34.0702018737793,-118.04759979248048,LOS ANGELES,EL MONTE,-118.0475845336914,34.07023620605469
90782210,2018,2018-08-01,9550,2018-07-22,0324,021451,NA,7,3,6,1920,0,1,1,NA,2,150,INTERSTATE 105 E/B,BELLFLOWER,1000,E,N,A,-,Y,NA,NA,105,NA,NA,NA,NA,NA,E,Y,3,0,1,1,A,-,08,22107,NA,N,E,I,A,A,H,-,C,D,0,NA,NA,NA,NA,Y,NA,A,01,0,1,0,0,0,0,0,0,0,-,-,33.913490295410156,-118.11849975585938,LOS ANGELES,DOWNEY,-118.11849975585938,33.91352844238281
90782215,2018,2018-08-01,9525,2018-07-21,2237,020823,NA,6,3,6,1955,0,1,1,NA,2,110,I-10 E/B (SAN BERNARDINO FWY),DUDLEY ST.,2640,E,N,A,-,Y,NA,NA,10,NA,NA,NA,NA,NA,E,Y,3,0,1,2,A,-,07,21658,A,N,B,C,A,A,H,-,C,D,0,NA,NA,NA,NA,Y,NA,A,01,0,1,0,0,0,0,0,0,0,-,-,34.072391510009766,-117.77416229248048,LOS ANGELES,POMONA,-117.7741470336914,34.07247543334961
9078222,2020,2020-07-16,1942,2020-03-13,1450,42199,679,5,5,7,1942,0,0,0,NA,0,6A63,LARCHMONT,MELROSE,0,NA,Y,C,-,N,NA,NA,NA,NA,NA,NA,NA,NA,NA,Y,3,0,1,3,A,-,03,22350,NA,N,A,E,A,B,H,-,A,A,0,NA,NA,NA,NA,Y,NA,A,01,0,1,0,0,0,0,0,0,0,-,-,NA,NA,LOS ANGELES,LOS ANGELES,-118.32367706298828,34.083499908447266
90782229,2018,2018-08-01,9550,2018-07-27,1115,016299,NA,5,1,9,1900,0,2,4,NA,1,012,DUCHESS DRIVE,WASHINGTON BOULEVARD,0,NA,Y,A,-,N,NA,NA,NA,NA,NA,NA,NA,NA,NA,Y,3,0,2,2,A,-,09,21802,A,N,D,C,A,A,H,-,A,A,0,NA,NA,NA,NA,Y,NA,A,07,0,1,1,0,0,0,0,0,0,-,-,33.97195053100586,-118.0709228515625,LOS ANGELES,UNINCORPORATED,-118.0708465576172,33.9718017578125
90782243,2018,2018-08-01,9530,2018-07-28,0305,021582,NA,6,3,7,1942,0,1,1,NA,2,400,I-405 S/B TO VERMONT AVENUE,VERMONT AVE.,1056,N,N,A,-,Y,NA,NA,405,NA,NA,NA,R,NA,S,Y,4,0,2,2,D,-,00,NA,NA,N,C,C,A,A,H,-,C,D,0,NA,NA,NA,NA,Y,NA,-,-,0,0,2,0,0,0,0,0,0,-,-,33.8596305847168,-118.29360961914064,LOS ANGELES,LOS ANGELES,-118.29360961914064,33.8596305847168
90782287,2018,2018-08-01,9430,2018-07-29,1900,018165,NA,7,2,9,1900,0,1,1,NA,2,051,INTERSTATE 5 N/B (GOLDEN STATE FREEWAY),SR-138,5808,N,N,A,-,Y,NA,NA,5,NA,NA,NA,NA,NA,N,Y,4,0,3,3,A,-,03,22350,NA,N,C,C,A,A,H,-,A,D,0,NA,NA,NA,NA,Y,NA,A,07,0,0,3,0,0,0,0,0,0,-,-,34.779048919677734,-118.81478881835938,LOS ANGELES,UNINCORPORATED,-118.81468963623048,34.77921676635742
90782294,2018,2018-08-01,9590,2018-07-31,0820,021072,NA,2,1,7,1942,0,1,1,NA,2,040,I-5 N/B (SANTA ANA FREEWAY),CALZONA ST.,200,S,N,A,-,Y,NA,NA,5,NA,NA,NA,NA,NA,N,N,4,0,1,2,A,-,03,22350,NA,N,C,C,A,A,H,-,A,D,0,NA,NA,NA,NA,Y,NA,D,22,0,0,1,0,0,0,0,0,0,-,-,34.02070999145508,-118.19425964355467,LOS ANGELES,LOS ANGELES,-118.19425964355467,34.02070999145508
90782298,2018,2018-08-01,9590,2018-07-30,0915,019146,NA,1,1,7,1942,0,1,1,NA,2,052,I-110 N/B (HARBOR FREEWAY),2ND STREET,200,S,N,A,-,Y,NA,NA,110,NA,NA,NA,NA,NA,N,Y,4,0,1,2,A,-,01,23152,A,N,C,C,A,A,H,-,A,D,0,NA,NA,NA,NA,Y,Y,A,01,0,0,1,0,0,0,0,0,0,-,-,34.05690002441406,-118.25502777099608,LOS ANGELES,LOS ANGELES,-118.2550811767578,34.05695724487305
90782300,2018,2018-08-01,9530,2018-07-22,1415,021875,NA,7,2,7,1941,0,1,1,NA,2,071,I-710 N/B (LONG BEACH FREEWAY),SR-91 W/B (ARTESIA FREEWAY),1584,N,N,A,-,Y,NA,NA,710,NA,NA,NA,NA,NA,N,Y,3,0,1,4,A,-,08,22107,NA,N,B,C,A,A,H,-,A,D,0,NA,NA,NA,NA,Y,NA,A,01,0,1,0,0,0,0,0,0,0,-,-,33.879791259765625,-118.19188690185548,LOS ANGELES,LONG BEACH,-118.19198608398438,33.87981414794922
90782310,2018,2018-08-01,9430,2018-07-29,2115,018165,NA,7,2,9,1900,0,1,1,NA,2,051,INTERSTATE 5 N/B (GOLDEN STATE FREEWAY),SR-138,2350,N,N,A,-,Y,NA,NA,5,NA,NA,NA,NA,NA,N,Y,3,0,1,2,A,-,08,22107,NA,N,C,E,A,A,H,-,D,D,0,NA,NA,NA,NA,Y,NA,A,01,0,1,0,0,0,0,0,0,0,-,-,34.777469635009766,-118.81156158447266,LOS ANGELES,UNINCORPORATED,-118.81163024902344,34.777347564697266
90782378,2018,2018-08-01,9550,2018-07-24,1100,021952,NA,2,1,6,1949,0,1,1,NA,2,501,I-5 N/B,ROSECRANS AVENUE,1000,N,N,A,-,Y,NA,NA,5,NA,NA,NA,NA,NA,N,N,3,0,1,2,A,-,03,22350,NA,F,B,C,A,A,H,-,A,D,0,NA,NA,Y,NA,Y,NA,C,02,0,1,0,0,0,0,0,0,1,-,-,33.90272903442383,-118.06208801269533,LOS ANGELES,NORWALK,-118.06202697753906,33.90281295776367
90782380,2018,2018-08-01,9525,2018-07-30,1330,021074,NA,1,1,9,1900,0,2,4,NA,2,022,CYPRESS ST.,HOLLENBECK ST.,0,NA,Y,A,-,N,NA,NA,NA,NA,NA,NA,NA,NA,NA,Y,4,0,1,2,A,-,09,21801,A,N,D,C,A,A,H,-,A,D,0,NA,NA,NA,NA,Y,NA,A,01,0,0,1,0,0,0,0,0,0,-,-,34.09680938720703,-117.8989715576172,LOS ANGELES,UNINCORPORATED,-117.89897918701172,34.09574890136719
90782435,2018,2018-08-01,9525,2018-07-31,0525,018366,NA,2,3,6,1955,0,1,3,NA,2,615,SR-60 W/B (POMONA FWY),TOWNE AVE.,1584,W,N,A,-,Y,NA,NA,60,NA,NA,NA,NA,NA,W,Y,4,0,1,2,A,-,03,22350,NA,N,C,C,A,A,H,-,B,D,0,NA,NA,NA,NA,Y,NA,D,22,0,0,1,0,0,0,0,0,0,-,-,34.02378845214844,-117.75287628173828,LOS ANGELES,POMONA,-117.75286102294922,34.023860931396484
90782461,2018,2018-08-01,9525,2018-07-26,1155,018761,NA,4,1,4,1913,0,1,1,NA,2,209,SR-210 W/B (FOOTHILL FWY),LIVE OAK CANYON RD.,500,E,N,A,-,Y,NA,NA,210,NA,NA,NA,NA,NA,W,Y,4,0,1,1,A,-,08,22107,NA,N,E,I,A,A,H,-,A,D,0,NA,NA,NA,NA,Y,NA,A,01,0,0,1,0,0,0,0,0,0,-,-,34.12080001831055,-117.74349975585938,LOS ANGELES,CLAREMONT,-117.74349975585938,34.12081527709961
90782467,2018,2018-08-01,9550,2018-07-28,1715,021986,NA,6,2,5,1919,0,1,1,NA,2,652,I-605 S/B,SR-91,1400,N,N,A,-,Y,NA,NA,605,NA,NA,NA,NA,NA,S,Y,3,0,3,3,A,-,03,22350,NA,N,C,C,A,A,H,-,A,D,0,NA,NA,NA,NA,Y,NA,D,22,0,1,2,0,0,0,0,0,0,-,-,33.880428314208984,-118.10401916503906,LOS ANGELES,CERRITOS,-118.1038818359375,33.880462646484375
90782471,2018,2018-08-01,9550,2018-07-30,1045,016299,NA,1,1,9,1900,0,2,4,NA,1,012,WASHINGTON BOULEVARD,PIONEER BOULEVARD,60,E,N,A,-,N,NA,NA,NA,NA,NA,NA,NA,NA,NA,Y,4,0,4,2,A,-,03,22350,NA,N,C,C,A,A,H,-,A,A,0,NA,NA,NA,NA,Y,NA,A,07,0,0,4,0,0,0,0,0,0,-,-,33.973670959472656,-118.07864379882813,LOS ANGELES,UNINCORPORATED,-118.07884979248048,33.97361755371094
90782478,2018,2018-08-01,9590,2018-07-22,2035,021678,NA,7,2,7,1942,0,1,1,NA,2,050,I-110 N/B (HARBOR FREEWAY),W 88TH PL.,500,S,N,A,-,Y,NA,NA,110,NA,NA,NA,NA,NA,N,Y,4,0,2,3,A,-,03,22350,NA,N,C,C,A,A,H,-,A,D,0,NA,NA,NA,NA,Y,NA,A,01,0,0,2,0,0,0,0,0,0,-,-,33.952239990234375,-118.28018188476564,LOS ANGELES,LOS ANGELES,-118.28020477294922,33.95223617553711
90782482,2018,2018-08-02,9590,2018-07-23,1435,022102,NA,1,2,7,1942,0,1,1,NA,2,085,I-5 SB (GOLDEN STATE FREEWAY),HYPERION AVE.,100,S,N,A,-,Y,NA,NA,5,NA,NA,NA,NA,NA,S,Y,3,0,2,2,A,-,03,22350,NA,N,C,C,A,A,H,-,A,D,0,NA,NA,NA,Y,Y,NA,A,01,0,1,1,0,0,0,0,0,0,-,-,34.11235809326172,-118.2660903930664,LOS ANGELES,LOS ANGELES,-118.26607513427734,34.11237716674805
90782489,2018,2018-08-02,9590,2018-07-31,2035,021429,NA,2,2,7,1942,0,1,2,NA,2,070,US-101 N/B (HOLLYWOOD FREEWAY),ROSEMONT AVENUE,300,N,N,A,-,Y,NA,NA,101,NA,NA,NA,NA,NA,N,N,4,0,2,3,A,-,03,22350,NA,N,C,C,A,A,H,-,D,D,0,NA,NA,NA,NA,Y,NA,A,01,0,0,2,0,0,0,0,0,0,-,-,34.07337188720703,-118.26998138427734,LOS ANGELES,LOS ANGELES,-118.26996612548828,34.073394775390625
90782494,2018,2018-08-02,9565,2018-07-20,1305,021951,NA,5,1,9,1900,0,1,1,NA,2,060,I-405 S/B (SAN DIEGO FWY),LENNOX BLVD,170,N,N,A,-,Y,NA,NA,405,NA,NA,NA,NA,NA,S,N,4,0,1,3,A,-,03,22350,NA,N,C,C,A,A,H,-,A,D,0,NA,NA,NA,NA,Y,NA,A,07,0,0,1,0,0,0,0,0,0,-,-,33.93893814086914,-118.36856842041016,LOS ANGELES,UNINCORPORATED,-118.3685302734375,33.938941955566406
90782495,2018,2018-08-02,9565,2018-07-22,2015,021951,NA,7,2,4,1918,0,1,1,NA,2,061,I-405 S/B (SAN DIEGO FWY),CULVER BLVD,290,N,N,A,-,Y,NA,NA,405,NA,NA,NA,NA,NA,S,N,3,0,1,1,A,-,01,23152,A,N,E,I,A,A,H,-,C,D,0,NA,NA,NA,NA,Y,Y,A,01,0,1,0,0,0,0,0,0,0,-,-,34.00362014770508,-118.41214752197266,LOS ANGELES,CULVER CITY,-118.41192626953124,34.0037956237793
90782530,2018,2018-08-02,9590,2018-07-28,0100,021673,NA,6,3,7,1942,0,1,1,NA,2,084,I-5 N/B (GOLDEN STATE FREEWAY),HYPERION AVE,50,S,N,A,-,Y,NA,NA,5,NA,NA,NA,NA,NA,N,Y,4,0,1,1,C,-,18,NA,NA,N,E,J,A,A,C,H,D,D,0,NA,NA,NA,NA,Y,NA,-,-,0,0,1,0,0,0,0,0,0,-,-,34.112640380859375,-118.2660903930664,LOS ANGELES,LOS ANGELES,-118.26610565185548,34.112613677978516
90782533,2018,2018-08-02,9590,2018-07-29,0125,022041,NA,7,3,7,1942,0,1,1,NA,2,083,I-5 S/B (GOLDEN STATE FREEWAY),RIVERSIDE DR. U/C,600,S,N,A,-,Y,NA,NA,5,NA,NA,NA,NA,NA,S,N,4,0,1,2,A,-,03,22350,NA,N,C,C,A,A,H,-,A,D,0,NA,NA,NA,NA,Y,NA,A,01,0,0,1,0,0,0,0,0,0,-,-,34.09033966064453,-118.23896026611328,LOS ANGELES,LOS ANGELES,-118.2389678955078,34.090335845947266
90782554,2018,2018-08-02,9575,2018-07-27,0810,020846,NA,5,1,6,1925,0,1,3,NA,2,042,SR-134 W/B (VENTURA FREEWAY),CHEVY CHASE DR.,300,W,N,A,-,Y,NA,NA,134,NA,NA,NA,NA,NA,W,Y,4,0,2,2,A,-,03,22350,NA,N,C,C,A,A,H,-,A,D,0,NA,NA,NA,NA,Y,NA,A,01,0,0,2,0,0,0,0,0,0,-,-,34.1521110534668,-118.23605346679688,LOS ANGELES,GLENDALE,-118.23605346679688,34.152103424072266
90782567,2018,2018-08-02,9540,2018-07-17,1715,019772,NA,2,2,7,1942,0,1,1,NA,1,501,I-5 S/B (GOLDEN STATE FREEWAY),SAN FERNANDO MISSION BLVD,5280,N,N,A,-,Y,NA,NA,5,NA,NA,NA,NA,NA,S,Y,4,0,1,2,A,-,01,23152,A,F,B,C,A,A,H,-,A,D,0,NA,NA,NA,NA,Y,Y,D,22,0,0,1,0,0,0,0,0,0,-,-,34.29267120361328,-118.46935272216795,LOS ANGELES,LOS ANGELES,-118.46931457519533,34.292701721191406
90782592,2018,2018-08-02,9540,2018-07-16,1550,021118,NA,1,2,7,1942,0,1,S,NA,2,550,I-5 N/B (GOLDEN STATE FWY),ROXFORD ST,2640,N,N,A,-,Y,NA,NA,5,NA,NA,NA,NA,NA,N,Y,4,0,2,4,A,-,03,22350,NA,N,C,C,A,A,H,-,A,D,0,NA,NA,NA,NA,Y,NA,A,01,0,0,2,0,0,0,0,0,0,-,-,34.309051513671875,-118.48507690429688,LOS ANGELES,LOS ANGELES,-118.48500061035156,34.309120178222656
90782593,2018,2018-08-15,9530,2018-07-31,2144,022043,NA,2,2,9,1900,0,3,5,NA,2,002,EL SEGUNDO BLVD. (2200 BLOCK),WILLOWBROOK AVE.,1531,W,N,A,-,N,NA,NA,NA,NA,NA,NA,NA,NA,NA,Y,4,0,1,3,A,-,01,23152,A,F,B,E,F,A,H,-,C,D,0,Y,NA,NA,NA,Y,Y,A,01,0,0,1,0,1,0,0,0,0,-,-,33.91632080078125,-118.23304748535156,LOS ANGELES,UNINCORPORATED,-118.23670196533205,33.916141510009766
90782595,2018,2018-08-02,9565,2018-07-23,2039,022099,NA,1,2,7,1942,0,1,1,NA,2,082,I-10 W/B (SANTA MONICA FWY),OVERLAND AVE,300,E,N,A,-,Y,NA,NA,10,NA,NA,NA,NA,NA,W,N,4,0,2,3,A,-,03,22350,NA,N,C,C,A,A,H,-,C,D,0,NA,NA,NA,NA,Y,NA,A,01,0,0,2,0,0,0,0,0,0,-,-,34.029788970947266,-118.40502166748048,LOS ANGELES,LOS ANGELES,-118.4050064086914,34.029903411865234
90782599,2018,2018-08-02,9590,2018-07-27,1753,021190,NA,5,2,7,1942,0,1,1,NA,2,053,I-110 S/B (HARBOR FREEWAY),JEFFERSON BLVD.,600,N,N,A,-,Y,NA,NA,110,NA,NA,NA,NA,NA,S,N,4,0,1,3,A,-,07,21658,A,N,B,C,A,A,H,-,A,D,0,NA,NA,Y,NA,Y,NA,A,01,0,0,1,0,0,0,0,0,1,-,-,34.022621154785156,-118.27747344970705,LOS ANGELES,LOS ANGELES,-118.27737426757813,34.0225715637207
90782600,2018,2018-08-02,9565,2018-07-24,1320,022038,NA,2,1,5,1928,0,1,1,NA,2,060,I-405 S/B (SAN DIEGO FWY),ROSECRANS AVE,1900,N,N,A,-,Y,NA,NA,405,NA,NA,NA,NA,NA,S,Y,4,0,1,3,A,-,03,22350,NA,N,C,C,A,A,H,-,A,D,0,NA,NA,NA,NA,Y,NA,A,01,0,0,1,0,0,0,0,0,0,-,-,33.9069709777832,-118.37056732177734,LOS ANGELES,HAWTHORNE,-118.37059020996094,33.9069709777832
90782623,2018,2018-08-02,9565,2018-07-25,1540,021575,NA,3,2,9,1900,0,2,4,NA,1,041,HAWTHORNE BOULEVARD,104TH STREET,0,NA,Y,A,-,N,NA,NA,NA,NA,NA,NA,NA,NA,NA,Y,2,0,1,2,A,-,12,21453,A,N,D,C,A,A,H,-,A,A,0,NA,NA,Y,NA,Y,NA,-,-,1,0,0,0,0,0,0,0,1,-,-,33.941810607910156,-118.35250091552734,LOS ANGELES,UNINCORPORATED,-118.35272979736328,33.941810607910156
90782659,2018,2018-08-02,9565,2018-07-25,2050,021058,NA,3,2,7,1942,0,1,1,NA,2,010,I-105 W/B (CENTURY FREEWAY),NASH ST.,100,E,N,A,-,Y,NA,NA,105,NA,NA,NA,NA,NA,W,Y,3,0,3,3,A,-,03,22350,NA,N,C,C,A,A,H,-,D,D,0,NA,NA,NA,NA,Y,NA,D,22,0,2,1,0,0,0,0,0,0,-,-,33.93124008178711,-118.38655853271484,LOS ANGELES,LOS ANGELES,-118.38655853271484,33.93124771118164