CASE_ID,ACCIDENT_YEAR,PROC_DATE,JURIS,COLLISION_DATE,COLLISION_TIME,OFFICER_ID,REPORTING_DISTRICT,DAY_OF_WEEK,CHP_SHIFT,POPULATION,CNTY_CITY_LOC,SPECIAL_COND,BEAT_TYPE,CHP_BEAT_TYPE,CITY_DIVISION_LAPD,CHP_BEAT_CLASS,BEAT_NUMBER,PRIMARY_RD,SECONDARY_RD,DISTANCE,DIRECTION,INTERSECTION,WEATHER_1,WEATHER_2,STATE_HWY_IND,CALTRANS_COUNTY,CALTRANS_DISTRICT,STATE_ROUTE,ROUTE_SUFFIX,POSTMILE_PREFIX,POSTMILE,LOCATION_TYPE,RAMP_INTERSECTION,SIDE_OF_HWY,TOW_AWAY,COLLISION_SEVERITY,NUMBER_KILLED,NUMBER_INJURED,PARTY_COUNT,PRIMARY_COLL_FACTOR,PCF_CODE_OF_VIOL,PCF_VIOL_CATEGORY,PCF_VIOLATION,PCF_VIOL_SUBSECTION,HIT_AND_RUN,TYPE_OF_COLLISION,MVIW,PED_ACTION,ROAD_SURFACE,ROAD_COND_1,ROAD_COND_2,LIGHTING,CONTROL_DEVICE,CHP_ROAD_TYPE,PEDESTRIAN_ACCIDENT,BICYCLE_ACCIDENT,MOTORCYCLE_ACCIDENT,TRUCK_ACCIDENT,NOT_PRIVATE_PROPERTY,ALCOHOL_INVOLVED,STWD_VEHTYPE_AT_FAULT,CHP_VEHTYPE_AT_FAULT,COUNT_SEVERE_INJ,COUNT_VISIBLE_INJ,COUNT_COMPLAINT_PAIN,COUNT_PED_KILLED,COUNT_PED_INJURED,COUNT_BICYCLIST_KILLED,COUNT_BICYCLIST_INJURED,COUNT_MC_KILLED,COUNT_MC_INJURED,PRIMARY_RAMP,SECONDARY_RAMP,LATITUDE,LONGITUDE,COUNTY,CITY,POINT_X,POINT_Y
90784835,2018,2018-08-06,9525,2018-07-30,0215,020907,NA,1,3,6,1955,0,1,3,NA,2,571,SR-57 S/B (ORANGE FWY),STATE ST.,600,N,N,A,-,Y,NA,NA,NA,NA,NA,NA,NA,NA,NA,Y,2,0,2,1,A,-,08,22107,NA,N,E,I,A,A,H,-,C,D,0,NA,NA,NA,NA,Y,NA,D,22,1,1,0,0,0,0,0,0,0,-,-,34.037940979003906,-117.8032684326172,LOS ANGELES,POMONA,NA,NA
90784856,2018,2018-08-06,9535,2018-08-01,1935,021131,NA,3,2,9,1900,0,1,3,NA,2,620,SR-60 (POMONA FREEWAY) E/B,SAN GABRIEL BLVD,900,E,N,A,-,Y,NA,NA,60,NA,NA,NA,NA,NA,E,N,4,0,1,2,A,-,03,22350,NA,N,C,C,A,A,H,-,A,D,0,NA,NA,NA,NA,Y,NA,A,07,0,0,1,0,0,0,0,0,0,-,-,34.040279388427734,-118.07778167724608,LOS ANGELES,UNINCORPORATED,-118.07778167724608,34.04029083251953
90784858,2018,2018-08-06,9525,2018-07-28,1834,020505,NA,6,2,5,1990,0,1,3,NA,2,601,SR-60 W/B (POMONA FWY),GRAND AVE,1056,W,N,A,-,Y,NA,NA,60,NA,NA,NA,NA,NA,W,N,4,0,2,3,A,-,03,22350,NA,N,C,C,A,A,H,-,A,D,0,NA,NA,NA,NA,Y,NA,A,07,0,0,2,0,0,0,0,0,0,-,-,34.0082893371582,-117.82559967041016,LOS ANGELES,DIAMOND BAR,-117.82551574707033,34.00820541381836
9078486,2020,2020-07-08,1942,2020-02-09,1500,42932,0146,7,5,7,1942,0,0,0,A,0,1A35,WINSTON ST,S LOS ANGELES ST,0,NA,Y,A,-,N,NA,NA,NA,NA,NA,NA,NA,NA,NA,N,4,0,1,2,A,-,10,21950,A,F,G,B,B,A,H,-,A,A,0,Y,NA,NA,NA,Y,NA,-,99,0,0,1,0,1,0,0,0,0,-,-,NA,NA,LOS ANGELES,LOS ANGELES,-118.24697875976564,34.04669189453125
90784882,2018,2018-08-06,9575,2018-08-01,1710,020711,NA,3,2,6,1925,0,1,3,NA,2,042,SR-134 W/B (VENTURA FREEWAY),PACIFIC AVENUE,1200,W,N,A,-,Y,NA,NA,134,NA,NA,NA,NA,NA,W,Y,4,0,1,4,A,-,03,22350,NA,N,C,C,A,A,H,-,A,D,0,NA,NA,NA,NA,Y,NA,A,07,0,0,1,0,0,0,0,0,0,-,-,34.1556396484375,-118.26820373535156,LOS ANGELES,GLENDALE,-118.26819610595705,34.15560531616211
90784892,2018,2018-08-06,9565,2018-08-01,0902,022097,NA,3,1,9,1900,0,3,5,NA,2,004,EL SEGUNDO BLVD,DENKER AVE,50,E,N,A,-,N,NA,NA,NA,NA,NA,NA,NA,NA,NA,Y,4,0,1,2,A,-,07,21658,A,N,C,C,A,A,H,-,A,D,0,NA,NA,NA,NA,Y,NA,A,01,0,0,1,0,0,0,0,0,0,-,-,33.916561126708984,-118.30455017089844,LOS ANGELES,UNINCORPORATED,-118.30440521240234,33.916439056396484
9078490,2020,2020-06-19,1942,2020-02-10,1850,43305,1317,1,5,7,1942,0,0,0,M,0,13X14,WASHINGTON BL,NAOMI AV,0,NA,Y,A,-,N,NA,NA,NA,NA,NA,NA,NA,NA,NA,N,4,0,1,2,A,-,17,21663,NA,F,G,B,F,A,H,-,C,A,0,Y,NA,NA,NA,Y,NA,-,99,0,0,1,0,1,0,0,0,0,-,-,NA,NA,LOS ANGELES,LOS ANGELES,-118.24803924560548,34.02299880981445
9078491,2020,2020-07-23,1942,2020-04-02,2200,42968,1269,4,5,7,1942,0,0,0,L,0,12A69,AVALON AV,81ST ST,0,NA,Y,A,-,N,NA,NA,NA,NA,NA,NA,NA,NA,NA,Y,3,0,3,3,A,-,08,22100,NA,F,B,C,A,A,H,-,C,A,0,NA,NA,NA,NA,Y,NA,-,99,0,1,2,0,0,0,0,0,0,-,-,NA,NA,LOS ANGELES,LOS ANGELES,-118.26515197753906,33.96556091308594
90784920,2018,2018-08-06,9545,2018-07-30,1125,018097,NA,1,1,9,1900,0,3,5,NA,2,002,AVENUE S,TIERRA SUBIDA,0,NA,Y,A,-,N,NA,NA,NA,NA,NA,NA,NA,NA,NA,Y,4,0,4,2,A,-,07,21658,A,N,D,C,A,A,H,-,A,A,0,NA,NA,NA,NA,Y,NA,A,01,0,0,4,0,0,0,0,0,0,-,-,34.55791091918945,-118.141357421875,LOS ANGELES,UNINCORPORATED,-118.14124298095705,34.55794906616211
9078494,2020,2020-06-15,1942,2020-01-24,0928,44110,RD139,5,5,7,1942,0,0,0,NA,0,13A41,52ND PL,MAIN ST,4,W,N,A,-,N,NA,NA,NA,NA,NA,NA,NA,NA,NA,N,4,0,1,2,A,-,12,22450,A,N,B,G,A,A,H,-,A,D,0,NA,Y,NA,NA,Y,NA,A,01,0,0,1,0,0,0,1,0,0,-,-,NA,NA,LOS ANGELES,LOS ANGELES,-118.2739715576172,33.99468994140625
90784940,2018,2018-08-06,9590,2018-07-29,2310,021848,NA,7,3,7,1942,0,1,1,NA,2,081,I-5 S/B (SANTA ANA FREEWAY),WHITTIER BOULEVARD,300,S,N,B,-,Y,NA,NA,5,NA,NA,NA,NA,NA,S,Y,3,0,1,2,A,-,03,22350,NA,F,C,C,A,A,H,-,C,D,0,NA,NA,NA,NA,Y,NA,A,01,0,1,0,0,0,0,0,0,0,-,-,34.035499572753906,-118.22091674804688,LOS ANGELES,LOS ANGELES,-118.2210693359375,34.03556823730469
90784951,2018,2018-08-06,9530,2018-07-29,0246,021325,NA,7,3,7,1941,0,1,1,NA,2,430,I-405 N/B (SAN DIEGO FREEWAY),WOODRUFF AVE.,194,N,N,A,-,Y,NA,NA,405,NA,NA,NA,NA,NA,N,Y,4,0,1,1,A,-,01,23152,A,N,E,I,A,A,H,-,C,D,0,NA,NA,NA,NA,Y,Y,A,01,0,0,1,0,0,0,0,0,0,-,-,33.80213165283203,-118.11530303955078,LOS ANGELES,LONG BEACH,-118.11526489257813,33.80221176147461
90784963,2018,2018-08-06,9545,2018-07-30,2050,015589,NA,1,2,9,1900,0,3,5,NA,2,003,SIERRA HWY,ANGELES FOREST HWY,1584,S,N,A,-,N,NA,NA,14,NA,NA,NA,NA,NA,NA,Y,2,0,3,2,A,-,08,22107,NA,N,A,C,A,A,H,-,D,D,0,NA,NA,NA,NA,Y,NA,A,01,1,0,2,0,0,0,0,0,0,-,-,34.505828857421875,-118.11380004882813,LOS ANGELES,UNINCORPORATED,-118.11416625976564,34.50611877441406
90784968,2018,2018-08-06,9535,2018-07-26,1835,020033,NA,4,2,9,1900,0,1,1,NA,2,420,I-10 E/B (SAN BERNARDINO FREEWAY),HERBERT AVE,250,E,N,A,-,Y,NA,NA,10,NA,NA,NA,NA,NA,E,N,4,0,1,2,A,-,03,22350,NA,N,C,C,A,A,H,-,A,D,0,NA,NA,NA,NA,Y,NA,A,01,0,0,1,0,0,0,0,0,0,-,-,34.056419372558594,-118.18226623535156,LOS ANGELES,UNINCORPORATED,-118.18227386474608,34.056434631347656
9078497,2020,2020-05-09,1942,2020-01-25,1545,34426,0478,6,5,7,1942,0,0,0,D,0,4A97,ATLANTIC ST,GRANDE VISTA AV,0,NA,Y,A,-,N,NA,NA,NA,NA,NA,NA,NA,NA,NA,N,4,0,1,2,A,-,06,21755,A,F,B,C,A,A,H,-,A,D,0,NA,NA,NA,NA,Y,NA,-,99,0,0,1,0,0,0,0,0,0,-,-,NA,NA,LOS ANGELES,LOS ANGELES,-118.20664978027344,34.02635955810547
90784970,2018,2018-08-06,9550,2018-07-28,0550,020974,NA,6,3,9,1900,0,1,3,NA,2,601,SR-60 W/B,AZUSA AVENUE,2300,W,N,B,-,Y,NA,NA,60,NA,NA,NA,NA,NA,W,Y,4,0,1,2,A,-,08,22107,NA,N,B,C,A,A,H,-,B,D,0,NA,NA,NA,NA,Y,NA,D,22,0,0,1,0,0,0,0,0,0,-,-,33.99900817871094,-117.9384765625,LOS ANGELES,UNINCORPORATED,-117.93846130371094,33.99907302856445
90784973,2018,2018-08-06,9550,2018-07-28,2340,021311,NA,6,3,9,1900,0,3,5,NA,2,002,IMPERIAL HIGHWAY,VALLEY VIEW AVENUE,450,E,N,A,-,N,NA,NA,NA,NA,NA,NA,NA,NA,NA,Y,4,0,1,1,A,-,08,22107,NA,N,E,I,A,A,H,-,C,D,0,NA,NA,NA,NA,Y,NA,A,01,0,0,1,0,0,0,0,0,0,-,-,33.91712188720703,-118.02760314941406,LOS ANGELES,UNINCORPORATED,-118.02870178222656,33.91704177856445
9078498,2020,2020-05-09,1942,2020-01-30,0934,37505,1145,4,5,7,1942,0,0,0,K,0,11A71,FLETCHER DR,RIPPLE ST,0,NA,Y,A,-,N,NA,NA,NA,NA,NA,NA,NA,NA,NA,N,3,0,1,2,A,-,10,21950,A,N,D,B,B,A,H,-,A,A,0,Y,NA,NA,NA,Y,NA,A,08,0,1,0,0,1,0,0,0,0,-,-,NA,NA,LOS ANGELES,LOS ANGELES,-118.25444793701172,34.10776901245117
90784982,2018,2018-08-06,9575,2018-07-24,1451,020918,NA,2,2,6,1953,0,1,1,NA,2,064,I-210 E/B (FOOTHILL FREEWAY),FAIR OAKS AVE.,30,E,N,A,-,Y,NA,NA,210,NA,NA,NA,NA,NA,E,Y,3,0,3,3,A,-,03,22350,NA,N,C,C,A,A,H,-,A,D,0,NA,NA,NA,NA,Y,NA,A,01,0,2,1,0,0,0,0,0,0,-,-,34.151649475097656,-118.1502685546875,LOS ANGELES,PASADENA,-118.1502685546875,34.151607513427734
90784983,2018,2018-08-06,9550,2018-08-02,1500,022012,NA,4,2,9,1900,0,3,5,NA,2,001,WASHINGTON BOULEVARD,CROWNDALE AVENUE,230,W,N,A,-,N,NA,NA,NA,NA,NA,NA,NA,NA,NA,Y,3,0,1,1,A,-,08,22107,NA,N,E,I,A,A,H,-,A,D,0,NA,NA,NA,NA,Y,NA,A,07,0,1,0,0,0,0,0,0,0,-,-,33.96794128417969,-118.05312347412108,LOS ANGELES,UNINCORPORATED,-118.05308532714844,33.96780014038086
90784988,2018,2018-08-06,9565,2018-07-24,2140,021808,NA,2,2,7,1942,0,1,1,NA,2,010,I-105 W/B (CENTURY FWY.),NASH ST.,400,E,N,A,-,Y,NA,NA,105,NA,NA,NA,NA,NA,W,Y,4,0,1,2,A,-,03,22350,NA,N,C,C,A,A,H,-,C,D,0,NA,NA,NA,NA,Y,NA,A,01,0,0,1,0,0,0,0,0,0,-,-,33.931251525878906,-118.38607025146484,LOS ANGELES,LOS ANGELES,-118.38607025146484,33.93124008178711
90784993,2018,2018-08-06,9540,2018-07-28,0510,019254,NA,6,3,6,1985,0,1,3,NA,1,145,SR-14 S/B (ANTELOPE VALLEY FREEWAY),SAND CANYON ROAD,6864,S,N,A,-,Y,NA,NA,14,NA,NA,NA,NA,NA,S,Y,4,0,1,2,A,-,07,21658,A,N,B,C,A,A,H,-,D,D,0,NA,NA,NA,NA,Y,NA,A,01,0,0,1,0,0,0,0,0,0,-,-,34.41569137573242,-118.443359375,LOS ANGELES,SANTA CLARITA,-118.4434051513672,34.41574478149414
9078501,2020,2020-06-15,1942,2020-01-23,1200,40275,0409,4,5,7,1942,0,0,0,D,0,4A9,HUNTINGTON DR N,W MAIN ST,200,E,N,A,-,N,NA,NA,NA,NA,NA,NA,NA,NA,NA,Y,4,0,1,2,A,-,08,22107,NA,N,B,C,A,A,H,-,A,D,0,NA,NA,NA,NA,Y,NA,A,07,0,0,1,0,0,0,0,0,0,-,-,NA,NA,LOS ANGELES,LOS ANGELES,-118.15636444091795,34.09650421142578
9078502,2020,2020-05-09,1942,2020-01-29,0740,42926,1347,3,5,7,1942,0,0,0,M,0,13A27,E 41ST PL,LONG BEACH AV E,0,NA,Y,A,-,N,NA,NA,NA,NA,NA,NA,NA,NA,NA,N,4,0,1,2,A,-,10,21950,A,N,G,B,B,A,H,-,A,A,0,Y,NA,NA,NA,Y,NA,A,07,0,0,1,0,1,0,0,0,0,-,-,NA,NA,LOS ANGELES,LOS ANGELES,-118.24324035644533,34.0071907043457
90785022,2018,2018-08-06,9525,2018-07-30,2038,019632,NA,1,2,4,1905,0,1,1,NA,2,204,I-210 E/B (FOOTHILL FWY),AZUSA AVE,400,E,N,A,-,Y,NA,NA,210,NA,NA,NA,NA,NA,E,Y,3,0,2,3,A,-,07,21658,A,F,B,C,A,A,H,-,C,D,0,NA,NA,NA,NA,Y,NA,-,99,0,1,1,0,0,0,0,0,0,-,-,34.120540618896484,-117.90599822998048,LOS ANGELES,AZUSA,-117.906005859375,34.12055587768555
9078505,2020,2020-05-09,1942,2020-01-22,1420,43056,1377,3,5,7,1942,0,0,0,M,0,13A43,LONG BEACH BL,55TH ST,10,W,N,A,-,N,NA,NA,NA,NA,NA,NA,NA,NA,NA,N,2,0,1,2,A,-,09,21804,A,F,A,B,B,A,H,-,A,A,0,Y,NA,NA,NA,Y,NA,-,99,1,0,0,0,1,0,0,0,0,-,-,NA,NA,LOS ANGELES,LOS ANGELES,-118.24347686767578,33.99296951293945
90785053,2018,2018-08-06,9525,2018-08-01,1235,018729,NA,3,1,4,1913,0,1,1,NA,2,209,SR-210 W/B (FOOTHILL FWY),FRUIT ST.,528,E,N,A,-,Y,NA,NA,NA,NA,NA,NA,NA,NA,NA,Y,4,0,1,5,A,-,03,22350,NA,N,C,C,A,A,H,-,A,D,0,NA,NA,NA,NA,Y,NA,A,01,0,0,1,0,0,0,0,0,0,-,-,34.119659423828125,-117.75666046142578,LOS ANGELES,CLAREMONT,-117.75988006591795,34.11977005004883
9078509,2020,2020-08-19,1942,2020-01-21,0825,43115,1317,2,5,7,1942,0,0,0,M,0,13A27,HOOPER,17TH ST,0,NA,Y,A,-,N,NA,NA,NA,NA,NA,NA,NA,NA,NA,N,4,0,1,2,D,-,00,NA,NA,N,A,C,A,A,H,-,A,D,0,NA,NA,NA,NA,Y,NA,-,-,0,0,1,0,0,0,0,0,0,-,-,NA,NA,LOS ANGELES,LOS ANGELES,-118.24481964111328,34.02350997924805
90785097,2018,2018-08-06,9575,2018-08-02,1230,020846,NA,4,1,6,1912,0,1,3,NA,2,044,SR-134 E/B FROM RIVERSIDE DR.,RIVERSIDE DR.,250,E,N,A,-,Y,NA,NA,134,NA,NA,NA,R,NA,E,Y,3,0,1,2,A,-,03,22350,NA,N,C,C,A,A,H,-,A,A,0,NA,NA,NA,NA,Y,NA,A,01,0,1,0,0,0,0,0,0,0,-,-,34.15409851074219,-118.32303619384766,LOS ANGELES,BURBANK,-118.32303619384766,34.15409851074219
90785106,2018,2018-08-06,9590,2018-07-28,2225,021346,NA,6,3,7,1942,0,1,1,NA,2,060,I-10 E/B (SANTA MONICA FREEWAY),4TH AVENUE POC,20,E,N,A,-,Y,NA,NA,10,NA,NA,NA,NA,NA,E,N,4,0,2,2,A,-,03,22350,NA,F,C,C,A,A,H,-,D,D,0,NA,NA,NA,NA,Y,NA,-,99,0,0,2,0,0,0,0,0,0,-,-,34.03599166870117,-118.32157135009766,LOS ANGELES,LOS ANGELES,-118.3215789794922,34.03608322143555
90785122,2018,2018-08-06,9590,2018-03-18,0204,021535,NA,7,3,7,1942,0,1,1,NA,2,085,I-5 SOUTHBOUND (GOLDEN STATE FREEWAY),GILROY STREET (SOUTH EDGE),200,N,N,A,-,Y,NA,NA,5,NA,NA,NA,NA,NA,S,Y,2,0,1,2,A,-,07,21658,A,F,F,A,A,A,H,-,C,D,0,NA,NA,Y,NA,Y,NA,-,99,1,0,0,0,0,0,0,0,1,-,-,34.10456848144531,-118.25298309326172,LOS ANGELES,LOS ANGELES,-118.25296020507813,34.1046028137207
90785127,2018,2018-08-06,9590,2018-03-18,0205,021535,NA,7,3,7,1942,0,1,1,NA,2,085,I-5 SOUTHBOUND (GOLDEN STATE FREEWAY),GILROY STREET (SOUTH EDGE),65,S,N,A,-,Y,NA,NA,5,NA,NA,NA,NA,NA,S,Y,1,1,0,3,A,-,01,23152,A,N,H,C,E,A,C,-,C,D,0,Y,NA,Y,NA,Y,Y,A,01,0,0,0,1,0,0,0,0,0,-,-,34.104530334472656,-118.2529067993164,LOS ANGELES,LOS ANGELES,-118.25289154052734,34.104557037353516
9078516,2020,2020-04-30,1942,2020-01-30,0945,35554,1752,4,5,7,1942,0,0,0,Q,0,17A35,DE SOTO AV,DEVONSHIRE,200,N,N,A,-,N,NA,NA,NA,NA,NA,NA,NA,NA,NA,N,4,0,3,2,A,-,09,21804,A,N,D,C,A,A,H,-,A,A,0,NA,NA,NA,NA,Y,NA,A,01,0,0,3,0,0,0,0,0,0,-,-,NA,NA,LOS ANGELES,LOS ANGELES,-118.5885772705078,34.25779724121094
90785160,2018,2018-08-06,9530,2018-07-30,2045,021642,NA,1,2,9,1900,0,3,5,NA,2,002,MAIN ST.,COMPTON BLVD.,0,NA,Y,A,-,N,NA,NA,NA,NA,NA,NA,NA,NA,NA,Y,4,0,4,2,A,-,12,21453,A,N,D,C,A,A,H,-,C,A,0,NA,NA,NA,NA,Y,NA,A,01,0,0,4,0,0,0,0,0,0,-,-,33.89487838745117,-118.2763214111328,LOS ANGELES,UNINCORPORATED,-118.27631378173828,33.89487838745117
90785169,2018,2018-08-06,9530,2018-07-28,1530,021252,NA,6,2,9,1900,0,1,1,NA,2,120,I-110 S/B (HARBOR FREEWAY),I-405,1478,S,N,A,-,Y,NA,NA,110,NA,NA,NA,NA,NA,S,Y,3,0,1,2,A,-,01,23152,A,N,C,C,A,A,H,-,A,D,0,NA,NA,Y,NA,Y,Y,C,02,0,1,0,0,0,0,0,0,1,-,-,33.852699279785156,-118.28489685058594,LOS ANGELES,UNINCORPORATED,-118.28504180908205,33.85270690917969
90785198,2018,2018-08-06,9525,2018-08-02,1040,017506,NA,4,1,6,1975,0,1,1,NA,2,103,I-10 W/B (SAN BERNARDINO FWY),PACIFIC AVE,1000,W,N,A,-,Y,NA,NA,10,NA,NA,NA,NA,NA,W,Y,3,0,1,3,A,-,03,22350,NA,N,B,C,A,A,D,E,A,D,0,NA,NA,Y,NA,Y,NA,C,02,0,1,0,0,0,0,0,0,1,-,-,34.071678161621094,-117.94818115234376,LOS ANGELES,WEST COVINA,-117.94818115234376,34.071720123291016
9078520,2020,2020-05-22,1942,2020-01-28,0815,26326,1753,2,5,7,1942,0,0,0,Q,0,A23,DEVONSHIRE ST,WINNETKA,100,W,N,A,-,N,NA,NA,NA,NA,NA,NA,NA,NA,NA,N,4,0,1,2,A,-,04,21703,NA,N,C,C,A,A,H,-,A,D,0,NA,NA,NA,NA,Y,NA,A,01,0,0,1,0,0,0,0,0,0,-,-,NA,NA,LOS ANGELES,LOS ANGELES,-118.5712890625,34.25722885131836
90785206,2018,2018-09-28,9525,2018-08-02,1135,019495,NA,4,1,4,1905,0,1,1,NA,2,203,I-210 W/B (FOOTHILL FWY),VERNON AVE,1584,E,N,A,-,Y,NA,NA,210,NA,NA,NA,NA,NA,W,N,4,0,1,2,A,-,03,22350,NA,F,C,C,A,A,H,-,A,D,0,NA,NA,NA,Y,Y,NA,A,01,0,0,1,0,0,0,0,0,0,-,-,34.12300109863281,-117.9123992919922,LOS ANGELES,AZUSA,-117.91246032714844,34.12294006347656
90785219,2018,2018-08-06,9525,2018-08-02,1500,021138,NA,4,2,9,1900,0,3,5,NA,2,002,RANCHO RIO BONITA RD (3300 N. BLOCK),RANCHO DEL MONICO RD,1150,S,N,A,-,N,NA,NA,NA,NA,NA,NA,NA,NA,NA,Y,3,0,1,1,A,-,03,22350,NA,N,E,I,A,A,H,-,A,D,0,NA,NA,NA,NA,Y,NA,A,01,0,1,0,0,0,0,0,0,0,-,-,34.07658004760742,-117.85926055908205,LOS ANGELES,UNINCORPORATED,-117.85928344726564,34.07670974731445
9078524,2020,2020-04-29,1942,2020-01-29,1227,43941,1785,3,5,7,1942,0,0,0,Q,0,17X82,BALBOA BL,RAYEN ST,150,S,N,A,-,N,NA,NA,NA,NA,NA,NA,NA,NA,NA,N,3,0,1,2,A,-,11,21954,A,N,H,B,D,-,H,-,A,D,0,Y,NA,NA,NA,Y,NA,N,60,0,1,0,0,1,0,0,0,0,-,-,NA,NA,LOS ANGELES,LOS ANGELES,-118.50254058837892,34.23170852661133
90785248,2018,2018-08-06,9580,2018-07-25,2149,022080,NA,3,2,7,1942,0,1,2,NA,2,101,US-101 S/B (VENTURA FREEWAY),LAUREL CANYON BLVD,1320,S,N,A,-,Y,NA,NA,101,NA,NA,NA,NA,NA,S,Y,3,0,2,3,A,-,03,22350,NA,N,C,C,A,A,H,-,C,D,0,NA,NA,NA,NA,Y,NA,A,07,0,1,1,0,0,0,0,0,0,-,-,34.154388427734375,-118.39201354980467,LOS ANGELES,LOS ANGELES,-118.39201354980467,34.15435028076172
90785278,2018,2018-08-06,9525,2018-08-06,0750,019264,NA,1,1,9,1900,0,2,4,NA,2,032,VALLEY BLVD (21800),PIERRE RD.,96,W,N,A,-,N,NA,NA,NA,NA,NA,NA,NA,NA,NA,N,4,0,1,2,A,-,03,22350,NA,N,C,C,A,A,H,-,A,D,0,NA,NA,NA,Y,Y,NA,F,27,0,0,1,0,0,0,0,0,0,-,-,34.01552963256836,-117.85018920898438,LOS ANGELES,UNINCORPORATED,-117.85001373291016,34.01563262939453
9078528,2020,2020-04-29,1942,2020-01-26,1157,40730,1322,7,5,7,1942,0,0,0,M,0,13A13,SAN PEDRO ST,25TH ST,0,NA,Y,B,-,N,NA,NA,NA,NA,NA,NA,NA,NA,NA,Y,4,0,3,2,A,-,05,21651,A,F,D,C,A,A,H,-,A,A,0,NA,NA,NA,NA,Y,NA,A,01,0,0,3,0,0,0,0,0,0,-,-,NA,NA,LOS ANGELES,LOS ANGELES,-118.26077270507813,34.02246856689453
9078529,2020,2020-08-03,1942,2020-01-20,2205,42154,1499,1,5,7,1942,0,0,0,N,0,14A67,AVIATION BL,116TH ST,0,NA,Y,A,-,N,NA,NA,NA,NA,NA,NA,NA,NA,NA,Y,3,0,4,2,A,-,09,21801,NA,N,A,C,A,A,H,-,C,A,0,NA,NA,NA,NA,Y,NA,A,01,0,2,2,0,0,0,0,0,0,-,-,NA,NA,LOS ANGELES,LOS ANGELES,-118.37844848632813,33.92913055419922
90785304,2018,2018-08-07,9590,2018-08-02,1530,021124,NA,4,2,7,1942,0,1,1,NA,2,063,I-10 W/B (SANTA MONICA FREEWAY),HILL STREET,125,E,N,A,-,Y,NA,NA,10,NA,NA,NA,NA,NA,W,N,4,0,3,2,A,-,03,22350,NA,N,C,C,A,A,H,-,A,D,0,NA,NA,NA,NA,Y,NA,D,22,0,0,3,0,0,0,0,0,0,-,-,34.0334587097168,-118.26503753662108,LOS ANGELES,LOS ANGELES,-118.26499938964844,34.03352737426758
9078531,2020,2020-04-29,1942,2020-01-16,0625,39395,1327,4,5,7,1942,0,0,0,M,0,13A27,S ALAMEDA ST,E 22ND ST,340,S,N,A,-,N,NA,NA,NA,NA,NA,NA,NA,NA,NA,Y,4,0,1,1,A,-,03,22350,NA,N,H,J,A,A,A,-,A,D,0,NA,NA,Y,NA,Y,NA,C,02,0,0,1,0,0,0,0,0,1,-,-,NA,NA,LOS ANGELES,LOS ANGELES,-118.23964691162108,34.01551818847656
90785310,2018,2018-08-07,9550,2018-07-26,2025,021977,NA,4,2,9,1900,0,1,1,NA,2,650,INTERSTATE 605 NORTHBOUND,BEVERLY BLVD,1870,N,N,A,-,Y,NA,NA,605,NA,NA,NA,NA,NA,N,Y,4,0,1,8,C,-,18,NA,NA,N,E,J,A,A,H,-,C,D,0,NA,NA,NA,Y,Y,NA,-,-,0,0,1,0,0,0,0,0,0,-,-,34.00796890258789,-118.05918121337892,LOS ANGELES,UNINCORPORATED,-118.05919647216795,34.00798797607422
90785313,2018,2018-08-07,9535,2018-08-04,0215,010000,NA,6,3,5,1906,0,1,1,NA,2,650,I-605 N/B TO I-10 W/B,INTERSTATE 10,50,N,N,A,-,Y,NA,NA,605,NA,NA,NA,R,NA,N,Y,3,0,1,1,A,-,01,23152,A,N,E,I,A,A,H,-,C,D,0,NA,NA,NA,NA,Y,Y,A,01,0,1,0,0,0,0,0,0,0,-,-,34.066200256347656,-117.99919891357422,LOS ANGELES,BALDWIN PARK,-117.99919891357422,34.066200256347656
90785318,2018,2018-08-07,9535,2018-08-03,0330,017943,NA,5,3,5,1948,0,1,1,NA,2,420,I-10 E/B (SAN BERNARDINO FWY),I-710 (LONG BEACH FWY),500,W,N,A,-,Y,NA,NA,10,NA,NA,NA,NA,NA,E,Y,4,0,3,2,A,-,07,21658,A,F,B,C,A,A,H,-,C,D,0,NA,NA,NA,NA,Y,NA,A,01,0,0,3,0,0,0,0,0,0,-,-,34.06127166748047,-118.16706085205078,LOS ANGELES,MONTEREY PARK,-118.16706085205078,34.061256408691406
9078532,2020,2020-04-29,1942,2020-01-20,1130,41791,1394,1,5,7,1942,0,0,0,M,0,12A69,FLORENCE AV,SAN PEDRO ST,0,NA,Y,A,-,N,NA,NA,NA,NA,NA,NA,NA,NA,NA,N,4,0,1,2,A,-,09,21804,A,F,A,G,A,A,H,-,A,D,0,NA,Y,NA,NA,Y,NA,-,99,0,0,1,0,0,0,1,0,0,-,-,NA,NA,LOS ANGELES,LOS ANGELES,-118.26956939697266,33.97468948364258
90785328,2018,2018-08-07,9590,2018-08-01,1240,015985,NA,3,1,7,1942,0,1,1,NA,2,052,I-110 N/B (HARBOR FREEWAY),8TH STREET U/C,175,S,N,A,-,Y,NA,NA,NA,NA,NA,NA,NA,NA,NA,Y,4,0,1,2,A,-,07,21658,A,N,B,C,A,A,H,-,A,D,0,NA,NA,NA,NA,Y,NA,A,01,0,0,1,0,0,0,0,0,0,-,-,34.03725814819336,-118.27509307861328,LOS ANGELES,LOS ANGELES,-118.26453399658205,34.049068450927734