CASE_ID,ACCIDENT_YEAR,PROC_DATE,JURIS,COLLISION_DATE,COLLISION_TIME,OFFICER_ID,REPORTING_DISTRICT,DAY_OF_WEEK,CHP_SHIFT,POPULATION,CNTY_CITY_LOC,SPECIAL_COND,BEAT_TYPE,CHP_BEAT_TYPE,CITY_DIVISION_LAPD,CHP_BEAT_CLASS,BEAT_NUMBER,PRIMARY_RD,SECONDARY_RD,DISTANCE,DIRECTION,INTERSECTION,WEATHER_1,WEATHER_2,STATE_HWY_IND,CALTRANS_COUNTY,CALTRANS_DISTRICT,STATE_ROUTE,ROUTE_SUFFIX,POSTMILE_PREFIX,POSTMILE,LOCATION_TYPE,RAMP_INTERSECTION,SIDE_OF_HWY,TOW_AWAY,COLLISION_SEVERITY,NUMBER_KILLED,NUMBER_INJURED,PARTY_COUNT,PRIMARY_COLL_FACTOR,PCF_CODE_OF_VIOL,PCF_VIOL_CATEGORY,PCF_VIOLATION,PCF_VIOL_SUBSECTION,HIT_AND_RUN,TYPE_OF_COLLISION,MVIW,PED_ACTION,ROAD_SURFACE,ROAD_COND_1,ROAD_COND_2,LIGHTING,CONTROL_DEVICE,CHP_ROAD_TYPE,PEDESTRIAN_ACCIDENT,BICYCLE_ACCIDENT,MOTORCYCLE_ACCIDENT,TRUCK_ACCIDENT,NOT_PRIVATE_PROPERTY,ALCOHOL_INVOLVED,STWD_VEHTYPE_AT_FAULT,CHP_VEHTYPE_AT_FAULT,COUNT_SEVERE_INJ,COUNT_VISIBLE_INJ,COUNT_COMPLAINT_PAIN,COUNT_PED_KILLED,COUNT_PED_INJURED,COUNT_BICYCLIST_KILLED,COUNT_BICYCLIST_INJURED,COUNT_MC_KILLED,COUNT_MC_INJURED,PRIMARY_RAMP,SECONDARY_RAMP,LATITUDE,LONGITUDE,COUNTY,CITY,POINT_X,POINT_Y
9078704,2020,2020-07-10,1942,2020-03-01,1350,42640,0853,7,5,7,1942,0,0,0,H,0,8A53,SANTA MONICA BL,SAWTELLE BL,50,E,N,A,-,N,NA,NA,NA,NA,NA,NA,NA,NA,NA,N,4,0,2,2,A,-,04,21703,NA,N,C,C,A,A,H,-,A,D,0,NA,NA,NA,NA,Y,NA,A,01,0,0,2,0,0,0,0,0,0,-,-,NA,NA,LOS ANGELES,LOS ANGELES,-118.44827270507813,34.046531677246094
90787043,2018,2018-08-08,9580,2018-07-29,0650,020153,NA,7,1,9,1900,0,3,5,NA,1,010,DRY CANYON COLD CREEK RD,MULHOLLAND HWY,2640,N,N,A,-,N,NA,NA,NA,NA,NA,NA,NA,NA,NA,N,3,0,1,2,A,-,08,22107,NA,N,E,I,A,A,H,-,A,D,0,NA,Y,NA,NA,Y,NA,A,01,0,1,0,0,0,0,1,0,0,-,-,34.11777877807617,-118.6616668701172,LOS ANGELES,UNINCORPORATED,-118.66322326660156,34.11125183105469
90787047,2018,2018-08-08,9550,2018-07-28,1725,021977,NA,6,2,9,1900,0,1,1,NA,2,651,INTERSTATE 605 TO INTERSTATE 5,FLORENCE AVENUE,942,S,N,A,-,Y,NA,NA,NA,NA,NA,NA,NA,NA,NA,Y,4,0,1,2,A,-,03,22350,NA,N,C,C,A,A,H,-,A,D,0,NA,NA,NA,NA,Y,NA,A,01,0,0,1,0,0,0,0,0,0,-,-,33.9351806640625,-118.09925079345705,LOS ANGELES,UNINCORPORATED,-118.09967803955078,33.93556213378906
90787049,2018,2018-08-08,9580,2018-07-29,2100,021554,NA,7,2,7,1942,0,1,3,NA,2,116,SR-118 E/B (RONALD REAGAN FWY.),HAYVENHURST AVE,500,E,N,A,-,Y,NA,NA,118,NA,NA,NA,NA,NA,E,Y,3,0,1,1,A,-,08,22107,NA,N,F,A,A,A,H,-,D,D,0,NA,NA,Y,NA,Y,NA,C,02,0,1,0,0,0,0,0,0,1,-,-,34.272579193115234,-118.49102020263672,LOS ANGELES,LOS ANGELES,-118.49095153808594,34.27266311645508
9078705,2020,2020-07-10,1942,2020-03-01,2220,42618,0828,7,5,7,1942,0,0,0,H,0,8A29,WILSHIRE BL,THAYER AV,0,NA,Y,A,-,N,NA,NA,NA,NA,NA,NA,NA,NA,NA,N,4,0,1,2,A,-,08,22107,NA,F,B,C,A,B,H,-,C,A,0,NA,NA,NA,NA,Y,NA,-,99,0,0,1,0,0,0,0,0,0,-,-,NA,NA,LOS ANGELES,LOS ANGELES,-118.43292999267578,34.062591552734375
90787058,2018,2018-08-08,9580,2018-07-27,1028,019952,NA,5,1,7,1942,0,1,2,NA,2,103,US-101 S/B (VENTURA FREEWAY),BALBOA BLVD,600,S,N,A,-,Y,NA,NA,101,NA,NA,NA,NA,NA,S,N,3,0,2,2,A,-,08,22107,NA,N,B,C,A,A,H,-,A,D,0,NA,NA,NA,Y,Y,NA,-,-,0,2,0,0,0,0,0,0,0,-,-,34.170101165771484,-118.50060272216795,LOS ANGELES,LOS ANGELES,-118.50058746337892,34.170127868652344
9078706,2020,2020-07-10,1900,2020-03-21,1803,617953,0542,6,5,3,1921,0,0,0,NA,0,58T1PM,HUNTINGTON DR,CRESTFIELD DR,262,W,N,A,-,N,NA,NA,NA,NA,NA,NA,NA,NA,NA,Y,3,0,1,1,A,-,08,22107,NA,N,E,I,A,A,H,-,A,D,0,NA,NA,NA,NA,Y,NA,A,07,0,1,0,0,0,0,0,0,0,-,-,34.13959884643555,-117.95259857177734,LOS ANGELES,DUARTE,-117.95252227783205,34.13983154296875
90787065,2018,2018-08-08,9580,2018-07-28,1044,019952,NA,6,1,7,1942,0,1,2,NA,2,103,US-101 S/B (VENTURA FREEWAY),BALBOA BLVD,1320,N,N,A,-,Y,NA,NA,101,NA,NA,NA,NA,NA,S,N,4,0,2,3,A,-,03,22350,NA,N,C,C,A,A,H,-,A,D,0,NA,NA,NA,NA,Y,NA,A,08,0,0,2,0,0,0,0,0,0,-,-,34.17110061645508,-118.50800323486328,LOS ANGELES,LOS ANGELES,-118.50800323486328,34.17108917236328
9078707,2020,2020-07-10,1942,2020-03-10,1335,42640,0881,2,5,7,1942,0,0,0,H,0,8A53,OLYMPIC BL,BEYOND WY,35,W,N,B,-,N,NA,NA,NA,NA,NA,NA,NA,NA,NA,N,4,0,2,3,A,-,04,21703,NA,N,C,C,A,B,H,-,A,A,0,NA,NA,NA,NA,Y,NA,A,01,0,0,2,0,0,0,0,0,0,-,-,NA,NA,LOS ANGELES,LOS ANGELES,NA,NA
90787076,2018,2018-08-08,9550,2018-08-08,0950,016299,NA,3,1,9,1900,0,1,1,NA,2,650,INTERSTATE 605 SOUTHBOUND,BRADWELL AVENUE,400,N,N,A,-,Y,NA,NA,NA,NA,NA,NA,NA,NA,NA,Y,4,0,1,3,A,-,03,22350,NA,F,C,C,A,A,H,-,A,D,0,NA,NA,NA,NA,Y,NA,A,01,0,0,1,0,0,0,0,0,0,-,-,33.9575309753418,-118.08763885498048,LOS ANGELES,UNINCORPORATED,NA,NA
9078708,2020,2020-07-10,1942,2020-03-01,1315,42656,0826,7,5,7,1942,0,0,0,H,0,NA,S KENTER AV,SUNSET BL,550,S,N,A,-,N,NA,NA,NA,NA,NA,NA,NA,NA,NA,Y,3,0,1,2,A,-,08,22107,NA,N,D,C,A,A,H,-,A,D,0,NA,NA,NA,NA,Y,NA,A,01,0,1,0,0,0,0,0,0,0,-,-,NA,NA,LOS ANGELES,LOS ANGELES,-118.47724151611328,34.05729675292969
90787083,2018,2018-08-08,9590,2018-08-07,1735,022089,NA,2,2,7,1942,0,1,1,NA,2,051,I-110 S/B (HARBOR FREEWAY),MANCHESTER AVE.,1500,N,N,A,-,Y,NA,NA,110,NA,NA,NA,NA,NA,S,N,4,0,1,2,A,-,03,22350,NA,M,C,C,A,A,H,-,A,D,0,NA,NA,NA,NA,Y,NA,-,99,0,0,1,0,0,0,0,0,0,-,-,33.964561462402344,-118.28111267089844,LOS ANGELES,LOS ANGELES,-118.28093719482422,33.964561462402344
9078709,2020,2020-07-10,1942,2020-03-09,2045,43454,0841,1,5,7,1942,0,0,0,H,0,8A53,WILSHIRE BL,S BUNDY DR,0,NA,Y,A,-,N,NA,NA,NA,NA,NA,NA,NA,NA,NA,N,4,0,1,2,A,-,03,22350,NA,F,C,C,A,A,H,-,C,D,0,NA,NA,NA,NA,Y,NA,-,99,0,0,1,0,0,0,0,0,0,-,-,NA,NA,LOS ANGELES,LOS ANGELES,-118.46749877929688,34.044071197509766
9078710,2020,2020-07-10,1900,2020-03-20,0600,600019,0560,5,5,3,1968,0,0,0,NA,0,55T1AM,SANTA ANITA AV,KLINGERMAN ST,0,NA,Y,A,-,N,NA,NA,NA,NA,NA,NA,NA,NA,NA,Y,2,0,1,2,A,-,12,21453,A,N,D,D,A,B,H,-,B,A,0,NA,NA,NA,NA,Y,NA,A,01,1,0,0,0,0,0,0,0,0,-,-,34.05609130859375,-118.04242706298828,LOS ANGELES,SOUTH EL MONTE,-118.04238891601564,34.056068420410156
90787102,2018,2018-08-08,9535,2018-07-30,1350,017943,NA,1,1,4,1962,0,1,1,NA,2,400,I-10 (SAN BERNARDINO FREEWAY) E/B,SAN GABRIEL BLVD,150,E,N,A,-,Y,NA,NA,10,NA,NA,NA,NA,NA,E,Y,4,0,3,3,A,-,03,22350,NA,N,C,C,A,A,H,-,A,D,0,NA,NA,NA,NA,Y,NA,A,01,0,0,3,0,0,0,0,0,0,-,-,34.07183074951172,-118.09020233154295,LOS ANGELES,SAN GABRIEL,-118.09020233154295,34.071842193603516
90787118,2018,2018-08-08,9550,2018-08-06,2020,018854,NA,1,2,9,1900,0,1,3,NA,2,601,SR 60 E/B FROM AZUSA AVE. S/B,AZUSA AVENUE,250,W,N,A,-,Y,NA,NA,60,NA,NA,NA,R,NA,E,Y,4,0,1,1,A,-,03,22350,NA,N,F,I,A,A,H,-,C,D,0,NA,NA,NA,Y,Y,NA,G,25,0,0,1,0,0,0,0,0,0,-,-,33.99666976928711,-117.93222045898438,LOS ANGELES,UNINCORPORATED,-117.93222045898438,33.99666976928711
9078712,2020,2020-07-10,1942,2020-03-12,0844,38721,0849,4,5,7,1942,0,0,0,H,0,8A59,OLYMPIC BL,LE DOUX RD,0,NA,Y,A,B,N,NA,NA,NA,NA,NA,NA,NA,NA,NA,N,4,0,2,2,A,-,09,21802,A,N,D,C,A,A,H,-,A,A,0,NA,NA,NA,NA,Y,NA,A,01,0,0,2,0,0,0,0,0,0,-,-,NA,NA,LOS ANGELES,LOS ANGELES,-118.37728881835938,34.05937194824219
90787121,2018,2018-11-08,9525,2018-07-27,2103,021280,NA,5,2,5,1906,0,1,1,NA,2,103,I-10 W/B (SAN BERNARDINO FWY),I-605,500,E,N,A,-,Y,NA,NA,10,NA,NA,NA,NA,NA,W,Y,3,0,3,3,A,-,07,21658,A,F,B,C,A,A,H,-,C,D,0,NA,NA,NA,NA,Y,NA,A,01,0,1,2,0,0,0,0,0,0,-,-,34.06576919555664,-117.9960479736328,LOS ANGELES,BALDWIN PARK,-117.99603271484376,34.065673828125
9078713,2020,2020-07-10,1942,2020-03-01,1335,36553,0815,7,5,7,1942,0,0,0,H,0,8A29,VETERAN AV,OPHIR DR,50,N,N,B,-,N,NA,NA,NA,NA,NA,NA,NA,NA,NA,Y,3,0,1,2,A,-,09,21804,A,N,D,C,A,A,H,-,A,D,0,NA,NA,NA,NA,Y,NA,A,01,0,1,0,0,0,0,0,0,0,-,-,NA,NA,LOS ANGELES,LOS ANGELES,-118.45490264892578,34.06910705566406
9078714,2020,2020-08-21,1900,2020-03-18,1212,434049,0532,3,5,5,1959,0,0,0,NA,0,53T1AM,SAN GABRIEL BL,GARVEY AV,318,N,N,B,-,N,NA,NA,NA,NA,NA,NA,NA,NA,NA,Y,4,0,1,2,D,-,00,NA,NA,N,B,C,A,A,H,-,A,D,0,NA,NA,NA,NA,Y,NA,-,-,0,0,1,0,0,0,0,0,0,-,-,34.06364059448242,-118.0905303955078,LOS ANGELES,ROSEMEAD,-118.09052276611328,34.06351089477539
9078715,2020,2020-07-10,1942,2020-03-08,1215,41003,0893,7,5,7,1942,0,0,0,H,0,27TL41,OVERLAND AV,EXPOSITION BL,150,S,N,A,-,N,NA,NA,NA,NA,NA,NA,NA,NA,NA,N,4,0,3,2,A,-,04,21703,NA,N,C,C,A,A,H,-,A,D,0,NA,NA,NA,NA,Y,NA,A,07,0,0,3,0,0,0,0,0,0,-,-,NA,NA,LOS ANGELES,LOS ANGELES,-118.42084503173828,34.036651611328125
90787156,2018,2018-08-08,9590,2018-08-03,2125,022006,NA,5,2,7,1942,0,1,S,NA,2,904,I-5 N/B (SAF),I-710 (LBF),20,N,N,A,-,Y,NA,NA,NA,NA,NA,NA,NA,NA,NA,Y,4,0,1,2,A,-,01,23152,A,N,B,C,A,A,H,-,C,D,0,NA,NA,NA,NA,Y,Y,A,01,0,0,1,0,0,0,0,0,0,-,-,34.01641082763672,-118.17266082763672,LOS ANGELES,LOS ANGELES,-118.17350769042967,34.0168342590332
90787158,2018,2018-08-09,9535,2018-07-29,0605,021976,NA,7,1,9,1900,0,2,4,NA,2,025,ATLANTIC BLVD,BEVERLY BLVD,0,NA,Y,A,-,N,NA,NA,NA,NA,NA,NA,NA,NA,NA,Y,4,0,2,2,A,-,01,23152,A,N,D,C,A,A,H,-,A,D,0,NA,NA,NA,NA,Y,Y,A,01,0,0,2,0,0,0,0,0,0,-,-,34.032188415527344,-118.15370941162108,LOS ANGELES,UNINCORPORATED,-118.15370941162108,34.03213119506836
9078716,2020,2020-07-10,1942,2020-03-11,0922,38721,0849,3,5,7,1942,0,0,0,H,0,8A59,OLYMPIC BL,SHERBOURNE DR,17,E,N,A,B,N,NA,NA,NA,NA,NA,NA,NA,NA,NA,Y,4,0,1,2,A,-,09,21801,A,N,D,C,A,A,H,-,A,A,0,NA,NA,NA,NA,Y,NA,A,01,0,0,1,0,0,0,0,0,0,-,-,NA,NA,LOS ANGELES,LOS ANGELES,-118.37928771972656,34.05936050415039
90787167,2018,2018-08-30,9550,2018-08-08,1530,015045,NA,3,2,9,1900,0,3,5,NA,2,003,COLIMA ROAD,STIMSON AVENUE,0,NA,Y,A,-,N,NA,NA,NA,NA,NA,NA,NA,NA,NA,Y,4,0,2,2,A,-,09,21453,B,N,B,C,A,A,H,-,A,A,0,NA,NA,NA,NA,Y,NA,A,01,0,0,2,0,0,0,0,0,0,-,-,33.982940673828125,-117.95953369140624,LOS ANGELES,UNINCORPORATED,-117.95961761474608,33.98292922973633
9078717,2020,2020-07-10,1942,2020-03-13,1725,43931,0803,5,5,7,1942,0,0,0,H,0,8A36,SUNSET BL,ALLENFORD AV,0,NA,Y,C,-,N,NA,NA,NA,NA,NA,NA,NA,NA,NA,Y,3,0,1,1,A,-,03,22350,NA,N,B,I,A,B,H,-,A,D,0,NA,NA,NA,NA,Y,NA,A,01,0,1,0,0,0,0,0,0,0,-,-,NA,NA,LOS ANGELES,LOS ANGELES,-118.49735260009766,34.05546188354492
9078718,2020,2020-07-10,1900,2020-03-20,0604,600019,0560,5,5,3,1968,0,0,0,NA,0,55T1AM,SANTA ANITA AV,KLINGERMAN ST,0,NA,Y,A,-,N,NA,NA,NA,NA,NA,NA,NA,NA,NA,Y,2,0,1,2,A,-,03,22350,NA,N,D,C,A,B,H,-,B,A,0,NA,NA,NA,NA,Y,NA,A,01,1,0,0,0,0,0,0,0,0,-,-,34.050689697265625,-118.04244995117188,LOS ANGELES,SOUTH EL MONTE,-118.04238891601564,34.056068420410156
9078719,2020,2020-07-10,1942,2020-03-04,1050,44014,0828,3,5,7,1942,0,0,0,H,0,8A98,MANNING AV,WILSHIRE BL,20,N,N,A,-,N,NA,NA,NA,NA,NA,NA,NA,NA,NA,N,4,0,1,2,A,-,08,22107,NA,N,A,D,A,A,H,-,A,-,0,NA,NA,NA,NA,Y,NA,A,07,0,0,1,0,0,0,0,0,0,-,-,NA,NA,LOS ANGELES,LOS ANGELES,-118.43577575683594,34.0609130859375
90787199,2018,2018-08-09,9565,2018-07-28,1540,022056,NA,6,2,4,1918,0,1,1,NA,2,061,I-405 S/B (SAN DIEGO FREEWAY),CULVER BOULEVARD,500,N,N,A,-,Y,NA,NA,405,NA,NA,NA,NA,NA,S,N,4,0,1,2,A,-,08,22107,NA,N,C,C,A,A,H,-,A,D,0,NA,NA,NA,NA,Y,NA,A,01,0,0,1,0,0,0,0,0,0,-,-,34.00423049926758,-118.41236877441406,LOS ANGELES,CULVER CITY,-118.4123077392578,34.004276275634766
9078720,2020,2020-07-10,1942,2020-03-15,0827,37575,0806,7,5,7,1942,0,0,0,H,0,27TL25,BEVERLY GLEN BL,CRATER LN,0,NA,Y,A,-,N,NA,NA,NA,NA,NA,NA,NA,NA,NA,Y,4,0,1,2,A,-,03,22350,NA,N,D,C,A,B,H,-,A,D,0,NA,NA,NA,NA,Y,NA,A,01,0,0,1,0,0,0,0,0,0,-,-,NA,NA,LOS ANGELES,LOS ANGELES,-118.44364166259766,34.099910736083984
9078721,2020,2020-06-09,1900,2020-02-27,1630,646966,1325,4,5,5,1935,0,0,0,NA,0,134,DEL AMO BL,PALO VERDE AV,300,E,N,A,-,N,NA,NA,NA,NA,NA,NA,NA,NA,NA,Y,4,0,2,4,A,-,09,21801,A,N,D,C,A,-,H,-,A,D,0,NA,NA,NA,NA,Y,NA,A,07,0,0,2,0,0,0,0,0,0,-,-,NA,NA,LOS ANGELES,LAKEWOOD,-118.1067123413086,33.84706115722656
90787216,2018,2018-08-09,9565,2018-07-30,1710,022056,NA,1,2,7,1942,0,1,1,NA,2,064,I-405 N/B (SAN DIEGO FREEWAY),SEPULVEDA BOULEVARD,500,N,N,A,-,Y,NA,NA,405,NA,NA,NA,NA,NA,N,Y,3,0,2,2,A,-,03,22350,NA,N,C,C,A,A,H,-,A,D,0,NA,NA,NA,NA,Y,NA,A,01,0,1,1,0,0,0,0,0,0,-,-,34.09944152832031,-118.47802734375,LOS ANGELES,LOS ANGELES,-118.47794342041016,34.09944152832031
90787221,2018,2018-08-09,9530,2018-07-31,2210,022109,NA,2,3,7,1941,0,1,1,NA,2,072,I-710 S/B (LONG BEACH FREEWAY),WILLOW ST.,3168,N,N,A,-,Y,NA,NA,710,NA,NA,NA,NA,NA,S,N,4,0,3,2,A,-,03,22350,NA,N,C,C,A,A,H,-,C,D,0,NA,NA,NA,NA,Y,NA,A,01,0,0,3,0,0,0,0,0,0,-,-,33.81221008300781,-118.20709991455078,LOS ANGELES,LONG BEACH,-118.20706176757813,33.81221008300781
90787235,2018,2018-08-09,9575,2018-07-31,0720,017354,NA,2,1,7,1942,0,1,3,NA,2,043,SR-134 W/B (VENTURA FREEWAY),RIVERSIDE DR. (VICTORY BLVD. )O/C,1800,W,N,A,-,Y,NA,NA,134,NA,NA,NA,NA,NA,W,Y,4,0,1,3,A,-,03,22350,NA,N,C,C,A,A,H,-,A,D,0,NA,NA,NA,NA,Y,NA,D,22,0,0,1,0,0,0,0,0,0,-,-,34.15631866455078,-118.2999267578125,LOS ANGELES,LOS ANGELES,-118.29994201660156,34.15626525878906
90787237,2018,2018-08-09,9590,2018-07-30,2040,021622,NA,1,2,7,1942,0,1,1,NA,2,053,I-110 S/B (HARBOR FREEWAY),1ST STREET,50,S,N,A,-,Y,NA,NA,110,NA,NA,NA,NA,NA,S,N,3,0,1,3,A,-,08,22107,NA,N,B,C,A,A,H,-,C,D,0,NA,NA,NA,NA,Y,NA,A,01,0,1,0,0,0,0,0,0,0,-,-,34.05849838256836,-118.25375366210938,LOS ANGELES,LOS ANGELES,-118.25372314453124,34.058475494384766
90787243,2018,2018-08-09,9575,2018-08-01,1150,017354,NA,3,1,7,1942,0,1,3,NA,2,044,SR-134 W/B (VENTURA FREEWAY),LEDGE AVE. U/C,100,W,N,A,-,Y,NA,NA,134,NA,NA,NA,NA,NA,W,Y,4,0,4,4,A,-,07,21658,A,N,B,C,A,A,H,-,A,D,0,NA,NA,NA,NA,Y,NA,A,07,0,0,4,0,0,0,0,0,0,-,-,34.15306854248047,-118.35755157470705,LOS ANGELES,LOS ANGELES,-118.3575439453125,34.15312957763672
90787247,2018,2018-08-09,9565,2018-07-30,0800,017060,NA,1,1,9,1900,0,1,1,NA,2,060,I-105 W/B (CENTURY FREEWAY),NORMANDIE AVE.,100,W,N,A,-,Y,NA,NA,105,NA,NA,NA,NA,NA,W,Y,4,0,1,2,A,-,03,22350,NA,N,C,C,A,A,H,-,A,D,0,NA,NA,NA,NA,Y,NA,A,01,0,0,1,0,0,0,0,0,0,-,-,33.92750930786133,-118.3007583618164,LOS ANGELES,UNINCORPORATED,-118.30077362060548,33.92756652832031
90787258,2018,2018-08-09,9540,2018-07-27,2244,020527,NA,5,3,7,1942,0,1,1,NA,1,503,I-5 S/B (GSF) TO SAN FERNADO ROAD,SAN FERNANDO ROAD,1010,N,N,A,-,Y,NA,NA,5,NA,NA,NA,R,NA,S,Y,3,0,1,1,A,-,01,23152,A,N,E,I,A,A,H,-,C,D,0,NA,NA,NA,NA,Y,Y,A,01,0,1,0,0,0,0,0,0,0,-,-,34.32535171508789,-118.50518798828124,LOS ANGELES,LOS ANGELES,-118.50518798828124,34.32535171508789
90787264,2018,2018-08-09,9550,2018-08-01,1245,020824,NA,3,1,9,1900,0,1,1,NA,2,650,INTERSTATE 605 S/B,SARAGOSA STREET,750,N,N,A,-,Y,NA,NA,605,NA,NA,NA,NA,NA,S,Y,4,0,3,3,A,-,03,22350,NA,N,C,C,A,A,H,-,A,D,0,NA,NA,NA,NA,Y,NA,A,01,0,0,3,0,0,0,0,0,0,-,-,33.98052978515625,-118.07656097412108,LOS ANGELES,UNINCORPORATED,-118.07637786865234,33.98033905029297
90787267,2018,2018-08-09,9540,2018-07-22,1700,020875,NA,7,2,9,1900,0,1,3,NA,2,148,SR-14 N/B (ANTELOPE VALLEY FREEWAY),PURITAN MINE ROAD,7392,S,N,B,-,Y,NA,NA,14,NA,NA,NA,NA,NA,N,Y,4,0,1,2,A,-,01,23152,A,F,C,C,A,A,H,-,A,D,0,NA,NA,NA,NA,Y,Y,D,22,0,0,1,0,0,0,0,0,0,-,-,34.497371673583984,-118.26866149902344,LOS ANGELES,UNINCORPORATED,-118.26864624023438,34.49728775024414
90787272,2018,2018-08-09,9540,2018-07-29,0300,021361,NA,7,3,9,1900,0,2,4,NA,1,201,SIERRA HIGHWAY,VASQUEZ CANYON RD,320,N,N,A,-,N,NA,NA,NA,NA,NA,NA,NA,NA,NA,Y,4,0,1,1,A,-,01,23152,A,N,E,I,A,A,H,-,D,D,0,NA,NA,NA,NA,Y,Y,D,22,0,0,1,0,0,0,0,0,0,-,-,34.455108642578125,-118.41961669921876,LOS ANGELES,UNINCORPORATED,-118.41976165771484,34.455101013183594
90787279,2018,2018-08-09,9540,2018-07-29,0335,021434,NA,7,3,6,1985,0,1,1,NA,1,502,I-5 N/B (GOLDEN STATE FREEWAY),CALGROVE BLVD.,528,S,N,A,-,Y,NA,NA,5,NA,NA,NA,NA,NA,N,Y,4,0,1,1,A,-,01,23152,A,N,E,I,A,A,D,-,C,D,0,NA,NA,NA,NA,Y,Y,A,01,0,0,1,0,0,0,0,0,0,-,-,34.36064910888672,-118.55429840087892,LOS ANGELES,SANTA CLARITA,-118.55445861816406,34.360595703125
90787282,2018,2018-08-09,9580,2018-08-05,2000,021079,NA,7,2,9,1900,0,2,4,NA,1,127,MALIBU CANYON RD,PIUMA RD,1850,S,N,A,-,N,NA,NA,NA,NA,NA,NA,NA,NA,NA,Y,2,0,5,3,A,-,01,23153,A,N,A,C,A,A,H,-,D,D,0,NA,NA,NA,NA,Y,Y,A,01,2,1,2,0,0,0,0,0,0,-,-,34.07761001586914,-118.70242309570313,LOS ANGELES,UNINCORPORATED,-118.70245361328124,34.07748031616211
90787294,2018,2018-08-09,9530,2018-08-01,0555,021689,NA,3,3,7,1941,0,1,1,NA,2,072,I-710 N/B (LONG BEACH FREEWAY),208TH ST,450,S,N,A,-,Y,NA,NA,710,NA,NA,NA,NA,NA,N,Y,2,0,2,2,A,-,07,21658,A,N,B,C,A,A,H,-,A,D,0,NA,NA,NA,NA,Y,NA,-,-,1,1,0,0,0,0,0,0,0,-,-,33.83774948120117,-118.20773315429688,LOS ANGELES,LONG BEACH,-118.2077178955078,33.837745666503906
90787296,2018,2018-08-09,9580,2018-07-31,1315,019511,NA,2,1,7,1942,0,1,2,NA,2,105,US-101 S/B (VENTURA FREEWAY),RESEDA BLVD,1320,S,N,A,-,Y,NA,NA,101,NA,NA,NA,NA,NA,S,N,4,0,2,2,A,-,03,22350,NA,N,C,C,A,A,H,-,A,D,0,NA,NA,NA,NA,Y,NA,A,01,0,0,2,0,0,0,0,0,0,-,-,34.17115020751953,-118.53018188476564,LOS ANGELES,LOS ANGELES,-118.53015899658205,34.171287536621094
90787299,2018,2018-08-09,9535,2018-07-31,1530,019135,NA,2,2,9,1900,0,1,1,NA,2,420,I-10 (SAN BERNARDINO FREEWAY) E/B,HERBERT AVE,300,E,N,A,-,Y,NA,NA,10,NA,NA,NA,NA,NA,E,Y,3,0,1,3,A,-,03,22350,NA,N,C,C,A,A,H,-,A,D,0,NA,NA,NA,NA,Y,NA,A,01,0,1,0,0,0,0,0,0,0,-,-,34.05527114868164,-118.18589019775392,LOS ANGELES,UNINCORPORATED,-118.18589019775392,34.05525588989258
90787301,2018,2018-08-09,9575,2018-08-02,0615,020887,NA,4,1,7,1942,0,1,1,NA,2,052,I-5 S/B TO LAUREL CYN BLVD (SHELDON ST),SHELDON ST,850,S,N,A,-,Y,NA,NA,NA,NA,NA,NA,NA,NA,NA,Y,3,0,1,1,A,-,03,22350,NA,N,E,I,A,A,H,-,A,D,0,NA,NA,NA,NA,Y,NA,A,07,0,1,0,0,0,0,0,0,0,-,-,34.25020980834961,-118.40058135986328,LOS ANGELES,LOS ANGELES,-118.40309143066406,34.23133850097656
9078733,2020,2020-06-09,1900,2020-02-14,1730,551664,1328,5,5,5,1935,0,0,0,NA,0,132T2,NORWALK BL,DEL AMO BL,0,NA,Y,A,-,N,NA,NA,NA,NA,NA,NA,NA,NA,NA,Y,4,0,2,2,A,-,09,21801,A,N,D,C,A,A,H,-,A,A,0,NA,NA,NA,NA,Y,NA,D,22,0,0,2,0,0,0,0,0,0,-,-,NA,NA,LOS ANGELES,LAKEWOOD,-118.07212066650392,33.84614944458008
90787335,2018,2018-08-16,9550,2018-08-07,1853,016761,NA,2,2,5,1919,0,1,1,NA,2,652,I-605 S/B (SAN GABRIEL RIVER FREEWAY),195TH STREET,480,N,N,A,-,Y,NA,NA,605,NA,NA,NA,NA,NA,S,Y,3,0,1,3,A,-,08,22107,NA,N,C,C,E,A,H,-,A,D,0,Y,NA,NA,NA,Y,NA,A,07,0,1,0,0,1,0,0,0,0,-,-,33.854679107666016,-118.09554290771484,LOS ANGELES,CERRITOS,-118.09548950195313,33.85469055175781
90787342,2018,2018-08-09,9545,2018-08-01,2230,019951,NA,3,3,9,1900,0,3,5,NA,2,001,AVENUE F-8,170TH STREET WEST,1488,E,N,A,-,N,NA,NA,NA,NA,NA,NA,NA,NA,NA,Y,2,0,1,1,A,-,01,23152,A,N,E,I,A,A,H,-,D,A,0,NA,NA,NA,NA,Y,Y,A,01,1,0,0,0,0,0,0,0,0,-,-,34.73897933959961,-118.42598724365234,LOS ANGELES,UNINCORPORATED,-117.82758331298828,34.74177169799805
90787360,2018,2018-08-09,9550,2018-08-08,0800,017637,NA,3,1,9,1900,0,3,5,NA,2,003,TURNBULL CANYON ROAD,SR-60,250,S,N,A,-,Y,NA,NA,NA,NA,NA,NA,NA,NA,NA,Y,4,0,1,3,A,-,03,22350,NA,N,C,C,A,A,H,-,A,D,0,NA,NA,NA,NA,Y,NA,A,01,0,0,1,0,0,0,0,0,0,-,-,34.0116081237793,-117.98033905029295,LOS ANGELES,UNINCORPORATED,-117.97844696044922,34.010414123535156