CASE_ID,ACCIDENT_YEAR,PROC_DATE,JURIS,COLLISION_DATE,COLLISION_TIME,OFFICER_ID,REPORTING_DISTRICT,DAY_OF_WEEK,CHP_SHIFT,POPULATION,CNTY_CITY_LOC,SPECIAL_COND,BEAT_TYPE,CHP_BEAT_TYPE,CITY_DIVISION_LAPD,CHP_BEAT_CLASS,BEAT_NUMBER,PRIMARY_RD,SECONDARY_RD,DISTANCE,DIRECTION,INTERSECTION,WEATHER_1,WEATHER_2,STATE_HWY_IND,CALTRANS_COUNTY,CALTRANS_DISTRICT,STATE_ROUTE,ROUTE_SUFFIX,POSTMILE_PREFIX,POSTMILE,LOCATION_TYPE,RAMP_INTERSECTION,SIDE_OF_HWY,TOW_AWAY,COLLISION_SEVERITY,NUMBER_KILLED,NUMBER_INJURED,PARTY_COUNT,PRIMARY_COLL_FACTOR,PCF_CODE_OF_VIOL,PCF_VIOL_CATEGORY,PCF_VIOLATION,PCF_VIOL_SUBSECTION,HIT_AND_RUN,TYPE_OF_COLLISION,MVIW,PED_ACTION,ROAD_SURFACE,ROAD_COND_1,ROAD_COND_2,LIGHTING,CONTROL_DEVICE,CHP_ROAD_TYPE,PEDESTRIAN_ACCIDENT,BICYCLE_ACCIDENT,MOTORCYCLE_ACCIDENT,TRUCK_ACCIDENT,NOT_PRIVATE_PROPERTY,ALCOHOL_INVOLVED,STWD_VEHTYPE_AT_FAULT,CHP_VEHTYPE_AT_FAULT,COUNT_SEVERE_INJ,COUNT_VISIBLE_INJ,COUNT_COMPLAINT_PAIN,COUNT_PED_KILLED,COUNT_PED_INJURED,COUNT_BICYCLIST_KILLED,COUNT_BICYCLIST_INJURED,COUNT_MC_KILLED,COUNT_MC_INJURED,PRIMARY_RAMP,SECONDARY_RAMP,LATITUDE,LONGITUDE,COUNTY,CITY,POINT_X,POINT_Y
90792563,2018,2018-08-16,9535,2018-08-05,0250,022059,NA,7,3,9,1900,0,2,4,NA,2,011,EASTERN AVENUE,MEDFORD STREET,0,NA,Y,A,-,N,NA,NA,NA,NA,NA,NA,NA,NA,NA,Y,4,0,1,1,A,-,08,22107,NA,N,E,I,A,A,H,-,C,D,0,NA,NA,NA,NA,Y,NA,A,01,0,0,1,0,0,0,0,0,0,-,-,34.06135177612305,-118.17803955078124,LOS ANGELES,UNINCORPORATED,-118.1780014038086,34.06135177612305
90792588,2018,2018-09-11,9550,2018-08-08,1725,020551,NA,3,2,5,1919,0,1,3,NA,2,092,SR-91 EASTBOUND,NORWALK BOULEVARD,1000,W,N,A,-,Y,NA,NA,91,NA,NA,NA,NA,NA,E,Y,4,0,1,3,A,-,03,22350,NA,N,C,C,A,A,H,-,A,D,0,NA,NA,NA,NA,Y,NA,A,01,0,0,1,0,0,0,0,0,0,-,-,33.87641143798828,-118.07798004150392,LOS ANGELES,CERRITOS,-118.07798004150392,33.87647247314453
90792595,2018,2018-08-16,9535,2018-08-10,1750,022017,NA,5,2,9,1900,0,2,4,NA,2,018,BEVERLY BLVD. (5700 BLOCK),GERHART AVE,300,W,N,A,-,N,NA,NA,NA,NA,NA,NA,NA,NA,NA,N,4,0,2,2,A,-,03,22350,NA,N,C,C,A,A,H,-,A,A,0,NA,NA,NA,NA,Y,NA,A,01,0,0,2,0,0,0,0,0,0,-,-,34.026878356933594,-118.14488983154295,LOS ANGELES,UNINCORPORATED,-118.14494323730467,34.02700424194336
90792635,2018,2018-08-16,9535,2018-08-16,1345,017586,NA,4,1,3,1914,0,1,1,NA,2,501,I-5 S/B (SANTA ANA FREEWAY),WASHINGTON BLVD,1000,N,N,A,-,Y,NA,NA,5,NA,NA,NA,NA,NA,S,N,4,0,1,2,A,-,03,22350,NA,N,C,C,A,A,H,-,A,D,0,NA,NA,NA,NA,Y,NA,A,08,0,0,1,0,0,0,0,0,0,-,-,33.99909973144531,-118.14800262451172,LOS ANGELES,COMMERCE,-118.1479721069336,33.99912643432617
90792658,2018,2018-08-17,9575,2018-08-08,1322,020918,NA,3,1,7,1942,0,1,3,NA,2,044,SR-134 W/B (VENTURA FREEWAY),LANKERSHIM BLVD.,100,E,N,A,-,Y,NA,NA,134,NA,NA,NA,NA,NA,W,N,4,0,1,2,A,-,03,22350,NA,N,C,C,A,A,H,-,A,D,0,NA,NA,NA,NA,Y,NA,A,01,0,0,1,0,0,0,0,0,0,-,-,34.15327835083008,-118.3671417236328,LOS ANGELES,LOS ANGELES,-118.3671417236328,34.15324783325195
90792661,2018,2018-08-17,9530,2018-08-07,1130,022060,NA,2,1,9,1900,0,3,5,NA,2,001,BROADWAY AVE.,PACIFIC BLVD.,15,W,N,A,-,N,NA,NA,NA,NA,NA,NA,NA,NA,NA,Y,4,0,1,3,A,-,03,22350,NA,N,E,I,A,A,H,-,A,A,0,NA,NA,NA,NA,Y,NA,A,07,0,0,1,0,0,0,0,0,0,-,-,33.96664810180664,-118.22524261474608,LOS ANGELES,UNINCORPORATED,-118.22526550292967,33.966636657714844
90792665,2018,2018-08-17,9565,2018-08-15,1230,014952,NA,3,1,7,1942,0,1,1,NA,2,010,I-105 W/B,NASH ST.,275,E,N,A,-,Y,NA,NA,105,NA,NA,NA,NA,NA,W,Y,4,0,2,3,A,-,03,22350,NA,N,C,C,A,A,H,-,A,D,0,NA,NA,NA,NA,Y,NA,A,01,0,0,2,0,0,0,0,0,0,-,-,33.931129455566406,-118.3860092163086,LOS ANGELES,LOS ANGELES,-118.3860092163086,33.93124008178711
90792668,2018,2018-08-17,9565,2018-08-14,0900,016945,NA,2,1,7,1942,0,1,1,NA,2,082,I-10 E/B (SANTA MONICA FWY),I-405,110,E,N,A,-,Y,NA,NA,10,NA,NA,NA,NA,NA,E,N,4,0,1,3,A,-,03,22350,NA,N,C,C,A,A,H,-,A,D,0,NA,NA,NA,NA,Y,NA,A,07,0,0,1,0,0,0,0,0,0,-,-,34.03171157836914,-118.43038940429688,LOS ANGELES,LOS ANGELES,-118.43038177490234,34.03159713745117
90792671,2018,2018-08-17,9565,2018-08-13,1550,021473,NA,1,2,9,1900,0,1,1,NA,2,063,I-405 N/B (SAN DIEGO FWY),WILSHIRE BLVD,250,N,N,A,-,Y,NA,NA,405,NA,NA,NA,NA,NA,N,N,4,0,1,2,A,-,03,22350,NA,N,C,C,A,A,H,-,A,D,0,NA,NA,NA,NA,Y,NA,A,01,0,0,1,0,0,0,0,0,0,-,-,34.057098388671875,-118.45321655273438,LOS ANGELES,UNINCORPORATED,-118.4531707763672,34.0571403503418
90792673,2018,2018-08-17,9565,2018-08-13,0830,017713,NA,1,1,9,1900,0,1,1,NA,2,060,I-405 N/B FROM IMPERIAL HWY W/B,IMPERIAL HWY.,350,N,N,A,-,Y,NA,NA,405,NA,NA,NA,R,NA,N,N,4,0,1,2,A,-,03,22350,NA,N,C,C,A,A,H,-,A,A,0,NA,NA,NA,NA,Y,NA,A,01,0,0,1,0,0,0,0,0,0,-,-,33.9320182800293,-118.36727142333984,LOS ANGELES,UNINCORPORATED,-118.36727142333984,33.9320182800293
90792676,2018,2018-08-17,9530,2018-08-04,1300,021875,NA,6,1,9,1900,0,3,5,NA,2,001,SLAUSON AVE. (1100 BLOCK),COMPTON AVE.,70,E,N,A,-,N,NA,NA,NA,NA,NA,NA,NA,NA,NA,N,4,0,1,2,A,-,03,22350,NA,N,C,C,A,A,H,-,A,D,0,NA,NA,NA,NA,Y,NA,A,01,0,0,1,0,0,0,0,0,0,-,-,33.98929977416992,-118.24745941162108,LOS ANGELES,UNINCORPORATED,-118.24752807617188,33.98933410644531
90792680,2018,2018-08-17,9565,2018-08-12,1115,021761,NA,7,1,6,1933,0,1,1,NA,2,060,I-405 N/B (SAN DIEGO FWY),ARBOR VITAE ST,200,S,N,A,-,Y,NA,NA,405,NA,NA,NA,NA,NA,N,Y,4,0,1,2,A,-,03,22350,NA,N,C,C,A,A,H,-,A,D,0,NA,NA,NA,NA,Y,NA,A,01,0,0,1,0,0,0,0,0,0,-,-,33.951011657714844,-118.36878204345705,LOS ANGELES,INGLEWOOD,-118.36878204345705,33.951011657714844
90792691,2018,2018-08-17,9565,2018-08-09,0755,022057,NA,4,1,5,1928,0,1,1,NA,2,060,I-405 N/B (SAN DIEGO FREEWAY),MARINE AVE,10,N,N,A,-,Y,NA,NA,405,NA,NA,NA,NA,NA,N,N,4,0,1,2,A,-,03,22350,NA,N,C,C,A,A,H,-,A,D,0,NA,NA,NA,NA,Y,NA,D,22,0,0,1,0,0,0,0,0,0,-,-,33.89469909667969,-118.36634063720705,LOS ANGELES,HAWTHORNE,-118.36634063720705,33.89469909667969
9079270,2020,2020-07-09,1942,2020-03-16,1730,40141,1913,1,5,7,1942,0,0,0,NA,0,19A1,POLK ST,SAN FERNANDO RD,25,E,N,B,C,N,NA,NA,NA,NA,NA,NA,NA,NA,NA,Y,4,0,1,2,A,-,03,22350,NA,N,C,C,A,B,H,-,A,A,0,NA,NA,NA,NA,Y,NA,A,01,0,0,1,0,0,0,0,0,0,-,-,NA,NA,LOS ANGELES,LOS ANGELES,-118.45912933349608,34.29920959472656
90792717,2018,2018-08-21,9540,2018-07-28,2335,021395,NA,6,3,6,1985,0,1,3,NA,1,145,SR-14 SB FROM VIA PRINCESSA,VIA PRINCESSA,101,N,N,A,-,Y,NA,NA,14,NA,NA,NA,R,NA,S,Y,1,1,0,1,A,-,03,22350,NA,N,E,I,A,A,H,-,C,D,0,NA,NA,NA,NA,Y,Y,A,01,0,0,0,0,0,0,0,0,0,-,-,34.403709411621094,-118.4574737548828,LOS ANGELES,SANTA CLARITA,-118.4574737548828,34.403709411621094
90792721,2018,2018-08-17,9575,2018-08-01,0718,021302,NA,3,1,7,1942,0,1,1,NA,2,052,I-5 S/B (GOLDEN STATE FREEWAY),LANKERSHIM BLVD,900,N,N,A,-,Y,NA,NA,5,NA,NA,NA,NA,NA,S,Y,3,0,1,5,A,-,03,22350,NA,F,C,C,A,A,H,-,A,D,0,NA,NA,NA,NA,Y,NA,A,01,0,1,0,0,0,0,0,0,0,-,-,34.22753143310547,-118.39054107666016,LOS ANGELES,LOS ANGELES,-118.39053344726564,34.2275505065918
90792723,2018,2018-08-17,9550,2018-08-15,0445,019808,NA,3,3,3,1964,0,1,1,NA,2,650,I-605 N/B,TELEGRAPH ROAD,2112,N,N,A,-,Y,NA,NA,605,NA,NA,NA,NA,NA,N,Y,4,0,1,2,A,-,01,23152,A,N,C,C,A,A,H,-,C,D,0,NA,NA,NA,NA,Y,Y,A,01,0,0,1,0,0,0,0,0,0,-,-,33.95370864868164,-118.08959197998048,LOS ANGELES,SANTA FE SPRINGS,-118.08950042724608,33.95365905761719
90792726,2018,2018-08-17,9535,2018-08-15,1345,017954,NA,3,1,5,1901,0,1,1,NA,2,420,I-10 E/B FROM GARFIELD AVE. N/B,GARFIELD AVE.,150,E,N,A,-,Y,NA,NA,10,NA,NA,NA,R,NA,E,N,4,0,1,2,A,-,03,22350,NA,N,C,C,A,A,H,-,A,D,0,NA,NA,NA,NA,Y,NA,A,08,0,0,1,0,0,0,0,0,0,-,-,34.07130813598633,-118.1222915649414,LOS ANGELES,ALHAMBRA,-118.1222915649414,34.07130813598633
90792736,2018,2018-08-17,9540,2018-08-12,0145,021447,NA,7,3,9,1900,0,1,1,NA,2,513,I-5 SOUTHBOUND (GOLDEN STATE FWY),SR-138,5000,S,N,A,-,Y,NA,NA,5,NA,NA,NA,NA,NA,S,Y,3,0,1,2,A,-,01,23152,A,N,C,C,A,A,H,-,D,D,0,NA,NA,NA,NA,Y,Y,A,01,0,1,0,0,0,0,0,0,0,-,-,34.73712158203125,-118.79768371582033,LOS ANGELES,UNINCORPORATED,-118.79766082763672,34.737117767333984
90792737,2018,2018-08-17,9550,2018-08-09,0750,021950,NA,4,1,9,1900,0,3,5,NA,2,003,7TH AVENUE,GALE AVENUE,50,N,N,A,-,N,NA,NA,NA,NA,NA,NA,NA,NA,NA,Y,4,0,1,2,A,-,07,21658,A,N,B,C,A,A,H,-,A,A,0,NA,NA,NA,NA,Y,NA,A,01,0,0,1,0,0,0,0,0,0,-,-,34.020408630371094,-117.98760223388672,LOS ANGELES,UNINCORPORATED,-117.98780059814452,34.020084381103516
9079274,2020,2020-07-13,1942,2020-03-09,0625,42051,1962,1,5,7,1942,0,0,0,NA,0,19A61,PLUMMER ST,NOBLE AV,0,NA,Y,A,-,N,NA,NA,NA,NA,NA,NA,NA,NA,NA,Y,4,0,2,2,A,-,09,21801,A,N,D,C,A,A,H,-,C,A,0,NA,NA,NA,NA,Y,NA,A,01,0,0,2,0,0,0,0,0,0,-,-,NA,NA,LOS ANGELES,LOS ANGELES,-118.4609603881836,34.242740631103516
90792745,2018,2018-08-17,9550,2018-08-10,2015,021311,NA,5,2,9,1900,0,1,1,NA,2,151,I-105 (CENTURY FWY.) E/B,GARDENDALE STREET,100,W,N,A,-,Y,NA,NA,NA,NA,NA,NA,NA,NA,NA,N,4,0,1,2,A,-,03,22350,NA,N,C,C,A,A,H,-,C,D,0,NA,NA,NA,NA,Y,NA,A,07,0,0,1,0,0,0,0,0,0,-,-,33.91279983520508,-118.14842224121094,LOS ANGELES,UNINCORPORATED,-118.1476821899414,33.91279983520508
90792758,2018,2018-08-17,9530,2018-08-07,0055,020375,NA,2,3,9,1900,0,3,5,NA,2,001,MANCHESTER AVE (2200 BLOCK),JUNIPER ST.,68,W,N,A,-,N,NA,NA,NA,NA,NA,NA,NA,NA,NA,Y,4,0,3,2,A,-,03,22350,NA,F,C,C,A,A,H,-,C,A,0,NA,NA,NA,NA,Y,NA,D,22,0,0,3,0,0,0,0,0,0,-,-,33.96012878417969,-118.23323059082033,LOS ANGELES,UNINCORPORATED,-118.23311614990234,33.96014404296875
90792760,2018,2018-08-17,9540,2018-08-05,1430,019337,NA,7,2,9,1900,0,1,3,NA,2,147,SR-14 S/B (ANTELOPE VALLEY FREEWAY),AGUA DULCE CANYON ROAD,2640,N,N,A,-,Y,NA,NA,14,NA,NA,NA,NA,NA,S,N,4,0,1,2,A,-,07,21658,A,N,B,C,A,A,H,-,A,D,0,NA,NA,NA,NA,Y,NA,A,01,0,0,1,0,0,0,0,0,0,-,-,34.46910858154297,-118.32145690917967,LOS ANGELES,UNINCORPORATED,-118.32145690917967,34.4691047668457
90792764,2018,2018-08-17,9550,2018-08-09,0435,021037,NA,4,3,5,1919,0,1,3,NA,2,092,SR-91 WESTBOUND,PIONEER BOULEVARD,200,E,N,A,-,Y,NA,NA,91,NA,NA,NA,NA,NA,W,N,4,0,1,2,A,-,03,22350,NA,N,C,C,A,A,H,-,D,D,0,NA,NA,NA,NA,Y,NA,A,01,0,0,1,0,0,0,0,0,0,-,-,33.87657165527344,-118.08071899414064,LOS ANGELES,CERRITOS,-118.08071899414064,33.87646484375
90792774,2018,2018-08-17,9590,2018-08-11,1050,021606,NA,6,1,7,1942,0,1,1,NA,2,021,I-10 W/B (SAN BERNARDINO FREEWAY),STATE ST.,1200,E,N,A,-,Y,NA,NA,10,NA,NA,NA,NA,NA,W,Y,3,0,3,2,A,-,03,22350,NA,N,C,C,A,A,H,-,A,D,0,NA,NA,NA,NA,Y,NA,A,01,0,3,0,0,0,0,0,0,0,-,-,34.054500579833984,-118.20922088623048,LOS ANGELES,LOS ANGELES,-118.20928192138672,34.05427932739258
90792776,2018,2018-08-17,9565,2018-08-07,0448,021484,NA,2,3,7,1942,0,1,1,NA,2,064,I-405 S/B,BEL AIR CREST RD,500,N,N,A,-,Y,NA,NA,405,NA,NA,NA,NA,NA,S,Y,4,0,1,2,A,-,08,22107,NA,N,D,C,A,A,H,-,D,D,0,NA,NA,NA,NA,Y,NA,A,01,0,0,1,0,0,0,0,0,0,-,-,34.11273956298828,-118.482177734375,LOS ANGELES,LOS ANGELES,-118.48225402832033,34.11274337768555
90792777,2018,2018-08-17,9550,2018-08-08,2350,021037,NA,3,3,3,1964,0,1,1,NA,2,650,I-605 NORTHBOUND TO SLAUSON AVE.,SLAUSON AVENUE,130,N,N,A,-,Y,NA,NA,605,NA,NA,NA,R,NA,N,N,4,0,1,2,A,-,03,22350,NA,F,C,C,A,A,H,-,D,D,0,NA,NA,NA,NA,Y,NA,-,99,0,0,1,0,0,0,0,0,0,-,-,33.967628479003906,-118.08286285400392,LOS ANGELES,SANTA FE SPRINGS,-118.08286285400392,33.967628479003906
90792779,2018,2018-08-17,9575,2018-08-08,0945,021302,NA,3,1,6,1953,0,1,1,NA,2,064,I-210 W/B (FOOTHILL FREEWAY),ALLEN AVE,2640,E,N,A,-,Y,NA,NA,210,NA,NA,NA,NA,NA,W,N,4,0,1,2,A,-,03,22350,NA,N,C,C,A,A,H,-,A,D,0,NA,NA,NA,NA,Y,NA,A,07,0,0,1,0,0,0,0,0,0,-,-,34.15262985229492,-118.10430145263672,LOS ANGELES,PASADENA,-118.10430145263672,34.152687072753906
9079278,2020,2020-07-10,1942,2020-03-07,1940,42251,1936,6,5,7,1942,0,0,0,NA,0,19A43,SOUTH BRAND BL,LAUREL CANYON BL,0,NA,Y,B,-,N,NA,NA,NA,NA,NA,NA,NA,NA,NA,Y,2,0,2,2,A,-,09,21801,A,N,D,C,A,A,H,-,C,A,0,NA,NA,NA,NA,Y,NA,D,22,1,0,1,0,0,0,0,0,0,-,-,NA,NA,LOS ANGELES,LOS ANGELES,-118.44924926757813,34.27484893798828
90792783,2018,2018-08-17,9530,2018-08-08,1303,021004,NA,3,1,5,1977,0,1,1,NA,2,410,I-405 S/B (SAN DIEGO FREEWAY),MAIN ST.,652,S,N,A,-,Y,NA,NA,405,NA,NA,NA,NA,NA,S,Y,4,0,1,5,A,-,03,22350,NA,N,C,C,A,A,H,-,A,D,0,NA,NA,NA,NA,Y,NA,A,01,0,0,1,0,0,0,0,0,0,-,-,33.850120544433594,-118.27622985839844,LOS ANGELES,CARSON,-118.27618408203124,33.85019302368164
90792809,2018,2018-08-17,9525,2018-08-09,1732,021980,NA,4,2,6,1955,0,1,1,NA,2,110,I-10 E/B (SAN BERNARDINO FWY),DUDLEY ST.,1056,E,N,A,-,Y,NA,NA,10,NA,NA,NA,NA,NA,E,Y,2,0,1,3,A,-,07,21658,A,N,B,C,A,A,H,-,A,D,0,NA,NA,Y,NA,Y,NA,D,22,1,0,0,0,0,0,0,0,1,-,-,34.0724983215332,-117.77406311035156,LOS ANGELES,POMONA,-117.77406311035156,34.07246398925781
90792811,2018,2018-08-17,9530,2018-08-09,1515,020935,NA,4,2,7,1942,0,1,1,NA,2,200,I-105 E/B (GLENN ANDERSON FWY),VERMONT AVE.,50,E,N,A,-,Y,NA,NA,105,NA,NA,NA,NA,NA,E,Y,4,0,2,3,A,-,03,22350,NA,N,C,C,A,A,H,-,A,D,0,NA,NA,NA,NA,Y,NA,A,07,0,0,2,0,0,0,0,0,0,-,-,33.92844009399414,-118.2899169921875,LOS ANGELES,LOS ANGELES,-118.2899169921875,33.92849349975586
90792817,2018,2018-08-17,9545,2018-08-12,1755,020749,NA,7,2,9,1900,0,3,5,NA,1,005,170TH STREET EAST,LAKE LOS ANGELES AVENUE,385,S,N,A,-,N,NA,NA,NA,NA,NA,NA,NA,NA,NA,N,4,0,1,1,A,-,08,22107,NA,N,F,A,A,A,H,-,A,D,0,NA,NA,NA,NA,Y,NA,D,22,0,0,1,0,0,0,0,0,0,-,-,34.60533905029297,-117.82395935058594,LOS ANGELES,UNINCORPORATED,-117.82405090332033,34.6053466796875
90792819,2018,2018-08-17,9530,2018-07-20,1225,022060,NA,5,1,9,1900,0,1,1,NA,2,120,I-110 S/B (HARBOR FREEWAY),CARSON ST.,896,N,N,A,-,Y,NA,NA,110,NA,NA,NA,NA,NA,S,Y,3,0,1,1,A,-,08,22107,NA,N,F,A,A,A,H,-,A,D,0,NA,NA,NA,Y,Y,NA,F,27,0,1,0,0,0,0,0,0,0,-,-,33.834190368652344,-118.28755950927734,LOS ANGELES,UNINCORPORATED,-118.28746032714844,33.83418655395508
90792830,2018,2018-08-17,9530,2018-08-10,2232,021123,NA,5,3,5,1915,0,1,3,NA,2,310,SR-91 E/B FROM ALAMEDA ST.,ALAMEDA ST.,150,E,N,A,-,Y,NA,NA,91,NA,NA,NA,R,NA,E,N,4,0,1,1,A,-,08,22107,NA,N,E,I,A,A,H,-,C,D,0,NA,NA,NA,NA,Y,NA,A,01,0,0,1,0,0,0,0,0,0,-,-,33.872718811035156,-118.21595764160156,LOS ANGELES,COMPTON,-118.21595764160156,33.872718811035156
90792835,2018,2018-08-17,9530,2018-08-10,0400,021709,NA,5,3,9,1900,0,3,5,NA,2,001,"WILMINGTON AVE, (6400 BLOCK)",64TH ST.,49,S,N,A,-,N,NA,NA,NA,NA,NA,NA,NA,NA,NA,N,3,0,1,2,A,-,05,21650,NA,N,B,G,A,A,H,-,C,D,0,NA,Y,NA,NA,Y,NA,L,04,0,1,0,0,0,0,1,0,0,-,-,33.9810791015625,-118.2389678955078,LOS ANGELES,UNINCORPORATED,-118.2389907836914,33.98104476928711
90792838,2018,2018-08-17,9565,2018-08-04,1410,022056,NA,6,2,5,1928,0,1,1,NA,2,010,I-105 E/B (CENTURY FREEWAY),PRAIRIE AVENUE,2000,E,N,A,-,Y,NA,NA,105,NA,NA,NA,NA,NA,E,Y,3,0,1,1,A,-,08,22107,NA,N,E,I,A,A,H,-,A,D,0,NA,NA,NA,NA,Y,NA,A,01,0,1,0,0,0,0,0,0,0,-,-,33.92597961425781,-118.3386001586914,LOS ANGELES,HAWTHORNE,-118.33854675292967,33.92607498168945
90792858,2018,2018-08-17,9540,2018-08-14,0555,018037,NA,2,3,6,1985,0,1,3,NA,2,149,SR-14 S/B (ANTELOPE VALLEY FREEWAY),LOST CANYON RD U/C,1056,S,N,A,-,Y,NA,NA,14,NA,NA,NA,NA,NA,S,Y,4,0,2,3,A,-,03,22350,NA,N,C,C,A,A,H,-,B,D,0,NA,NA,NA,NA,Y,NA,D,22,0,0,2,0,0,0,0,0,0,-,-,34.41741180419922,-118.4406967163086,LOS ANGELES,SANTA CLARITA,-118.44071197509766,34.417442321777344
90792883,2018,2018-08-17,9540,2018-08-09,1833,019772,NA,4,2,9,1900,0,1,1,NA,2,512,I-5 N/B (GOLDEN STATE FREEWAY),QUAIL LAKE ROAD,575,N,N,A,-,Y,NA,NA,5,NA,NA,NA,NA,NA,N,Y,2,0,3,1,A,-,08,22107,NA,N,E,I,A,A,C,H,A,D,0,NA,NA,NA,NA,Y,NA,D,22,1,2,0,0,0,0,0,0,0,-,-,34.76395034790039,-118.79830169677734,LOS ANGELES,UNINCORPORATED,-118.79812622070313,34.7640495300293
90792884,2018,2018-08-17,9545,2018-08-13,1735,020749,NA,1,2,9,1900,0,1,3,NA,1,042,SR-138 W/B,SR-18,1800,E,N,A,-,Y,NA,NA,138,NA,NA,NA,NA,NA,W,N,2,0,1,1,A,-,08,22107,NA,N,F,A,A,A,H,-,A,D,0,NA,NA,Y,NA,Y,NA,C,02,1,0,0,0,0,0,0,0,1,-,-,34.495330810546875,-117.73333740234376,LOS ANGELES,UNINCORPORATED,-117.7333755493164,34.49527359008789
90792904,2018,2018-08-17,9545,2018-08-15,1230,017751,NA,3,1,9,1900,0,1,3,NA,1,046,SR-2 E/B,DAWSON SADDLE,2112,W,N,A,-,Y,NA,NA,2,NA,NA,NA,NA,NA,E,N,3,0,1,1,C,-,18,NA,NA,N,F,A,A,D,G,-,A,D,0,NA,NA,Y,NA,Y,NA,-,-,0,1,0,0,0,0,0,0,1,-,-,34.35005187988281,-117.81948089599608,LOS ANGELES,UNINCORPORATED,-117.81948852539064,34.35006332397461
90792908,2018,2018-08-17,9565,2018-08-07,2330,020653,NA,2,3,7,1942,0,1,1,NA,2,060,I-405 N/B TO LA TIJERA BLVD,LA TIJERA BLVD,20,S,N,A,-,Y,NA,NA,405,NA,NA,NA,R,NA,N,N,4,0,2,2,A,-,03,22350,NA,F,C,C,A,A,H,-,D,D,0,NA,NA,NA,NA,Y,NA,A,01,0,0,2,0,0,0,0,0,0,-,-,33.97203826904297,-118.37754058837892,LOS ANGELES,LOS ANGELES,-118.37754058837892,33.97203826904297
90792927,2018,2018-08-17,9530,2018-08-11,1140,021623,NA,6,1,9,1900,0,3,5,NA,2,001,FIRESTONE BLVD.,HOOPER AVE.,60,E,N,A,-,N,NA,NA,NA,NA,NA,NA,NA,NA,NA,Y,3,0,3,2,A,-,03,22350,NA,N,C,C,A,A,H,-,A,D,0,NA,NA,NA,NA,Y,NA,A,01,0,1,2,0,0,0,0,0,0,-,-,33.96009826660156,-118.25321197509766,LOS ANGELES,UNINCORPORATED,-118.25382995605467,33.96015167236328
90792962,2018,2018-09-06,9535,2018-03-22,1045,013584,NA,4,1,7,1942,0,1,1,NA,2,110,I-10 (SAN BERNARDINO FREEWAY) E/B HOT,MARENGO ST,98,W,N,B,C,Y,NA,NA,10,NA,NA,NA,NA,NA,E,Y,3,0,16,3,A,-,03,22350,NA,N,C,C,A,B,H,-,A,D,0,NA,NA,NA,NA,Y,NA,I,10,0,10,6,0,0,0,0,0,0,-,-,34.0547981262207,-118.20411682128906,LOS ANGELES,LOS ANGELES,-118.20384216308594,34.053993225097656
90792976,2018,2018-08-17,9540,2018-08-12,0515,021869,NA,7,3,7,1942,0,1,S,NA,2,551,INTERSTATE 5(S/B)(GOLDEN STATE FREEWAY),I-210,100,N,N,A,-,Y,NA,NA,5,NA,NA,NA,NA,NA,NA,Y,3,0,1,1,A,-,08,22107,NA,N,E,I,A,A,H,-,D,D,0,NA,NA,NA,NA,Y,NA,D,22,0,1,0,0,0,0,0,0,0,-,-,34.313289642333984,-118.48866271972656,LOS ANGELES,LOS ANGELES,-118.48854064941406,34.313377380371094
90792980,2018,2018-08-17,9550,2018-08-11,1215,017637,NA,6,1,5,1919,0,1,3,NA,2,092,SR-91 W/B (ARTESIA FREEWAY),NORWALK BOULEVARD,400,W,N,A,-,Y,NA,NA,91,NA,NA,NA,NA,NA,W,Y,4,0,2,2,A,-,03,22350,NA,N,C,C,A,A,H,-,A,D,0,NA,NA,NA,NA,Y,NA,A,01,0,0,2,0,0,0,0,0,0,-,-,33.876861572265625,-118.08196258544922,LOS ANGELES,CERRITOS,-118.08195495605467,33.87645721435547
90792983,2018,2018-08-17,9535,2018-08-07,0515,021773,NA,2,3,9,1900,0,1,3,NA,2,600,SR-60 (POMONA FREEWAY) E/B,GERHART AVE,60,W,N,A,-,Y,NA,NA,60,NA,NA,NA,NA,NA,E,Y,2,0,1,3,A,-,03,22350,NA,N,C,C,A,A,H,-,C,D,0,NA,NA,NA,NA,Y,NA,A,01,1,0,0,0,0,0,0,0,0,-,-,34.033138275146484,-118.14495849609376,LOS ANGELES,UNINCORPORATED,-118.14496612548828,34.033084869384766
90792985,2018,2018-08-17,9565,2018-08-08,1054,022016,NA,3,1,7,1942,0,1,1,NA,2,063,I-405 S/B (SAN DIEGO FWY),OLYMPIC BLVD,1056,N,N,A,-,Y,NA,NA,405,NA,NA,NA,NA,NA,S,Y,4,0,1,3,A,-,03,22350,NA,N,C,C,A,A,H,-,A,D,0,NA,NA,NA,NA,Y,NA,A,01,0,0,1,0,0,0,0,0,0,-,-,34.041778564453125,-118.44257354736328,LOS ANGELES,LOS ANGELES,-118.44244384765624,34.041893005371094