CASE_ID,ACCIDENT_YEAR,PROC_DATE,JURIS,COLLISION_DATE,COLLISION_TIME,OFFICER_ID,REPORTING_DISTRICT,DAY_OF_WEEK,CHP_SHIFT,POPULATION,CNTY_CITY_LOC,SPECIAL_COND,BEAT_TYPE,CHP_BEAT_TYPE,CITY_DIVISION_LAPD,CHP_BEAT_CLASS,BEAT_NUMBER,PRIMARY_RD,SECONDARY_RD,DISTANCE,DIRECTION,INTERSECTION,WEATHER_1,WEATHER_2,STATE_HWY_IND,CALTRANS_COUNTY,CALTRANS_DISTRICT,STATE_ROUTE,ROUTE_SUFFIX,POSTMILE_PREFIX,POSTMILE,LOCATION_TYPE,RAMP_INTERSECTION,SIDE_OF_HWY,TOW_AWAY,COLLISION_SEVERITY,NUMBER_KILLED,NUMBER_INJURED,PARTY_COUNT,PRIMARY_COLL_FACTOR,PCF_CODE_OF_VIOL,PCF_VIOL_CATEGORY,PCF_VIOLATION,PCF_VIOL_SUBSECTION,HIT_AND_RUN,TYPE_OF_COLLISION,MVIW,PED_ACTION,ROAD_SURFACE,ROAD_COND_1,ROAD_COND_2,LIGHTING,CONTROL_DEVICE,CHP_ROAD_TYPE,PEDESTRIAN_ACCIDENT,BICYCLE_ACCIDENT,MOTORCYCLE_ACCIDENT,TRUCK_ACCIDENT,NOT_PRIVATE_PROPERTY,ALCOHOL_INVOLVED,STWD_VEHTYPE_AT_FAULT,CHP_VEHTYPE_AT_FAULT,COUNT_SEVERE_INJ,COUNT_VISIBLE_INJ,COUNT_COMPLAINT_PAIN,COUNT_PED_KILLED,COUNT_PED_INJURED,COUNT_BICYCLIST_KILLED,COUNT_BICYCLIST_INJURED,COUNT_MC_KILLED,COUNT_MC_INJURED,PRIMARY_RAMP,SECONDARY_RAMP,LATITUDE,LONGITUDE,COUNTY,CITY,POINT_X,POINT_Y
90795959,2018,2018-08-22,9590,2018-08-18,0310,021122,NA,6,3,7,1942,0,1,1,NA,2,063,I-10 W/B (SANTA MONICA FREEWAY),GRAND AVENUE,220,W,N,A,-,Y,NA,NA,10,NA,NA,NA,NA,NA,W,Y,3,0,1,1,A,-,08,22107,NA,N,E,I,A,A,H,-,C,D,0,NA,NA,NA,NA,Y,Y,A,07,0,1,0,0,0,0,0,0,0,-,-,34.035091400146484,-118.2677001953125,LOS ANGELES,LOS ANGELES,-118.26773834228516,34.035030364990234
9079596,2019,2020-06-22,1942,2019-12-11,1915,43030,02,3,5,7,1942,0,0,0,B,0,2A2,ALVARADO,8TH ST,0,NA,Y,A,-,N,NA,NA,NA,NA,NA,NA,NA,NA,NA,N,4,0,1,2,A,-,-,NA,NA,F,G,B,C,A,H,-,C,D,0,Y,NA,NA,NA,Y,NA,-,-,0,0,1,0,1,0,0,0,0,-,-,NA,NA,LOS ANGELES,LOS ANGELES,-118.27783966064452,34.05488967895508
9079597,2020,2020-06-22,1942,2020-03-06,1530,40165,1936,5,5,7,1942,0,0,0,NA,0,19A43,SOUTH BRAND BL,LAUREL CANYON BL,0,NA,Y,A,-,N,NA,NA,NA,NA,NA,NA,NA,NA,NA,Y,3,0,2,2,A,-,09,21801,A,N,D,C,A,A,H,-,A,A,0,NA,NA,NA,NA,Y,NA,A,01,0,1,1,0,0,0,0,0,0,-,-,NA,NA,LOS ANGELES,LOS ANGELES,-118.44924926757813,34.27484893798828
90795984,2018,2018-08-22,9590,2018-08-20,2035,021429,NA,1,2,7,1942,0,1,1,NA,2,053,I-110 S/B (HARBOR FREEWAY),3RD STREET,200,S,N,A,-,Y,NA,NA,110,NA,NA,NA,NA,NA,S,Y,4,0,3,2,A,-,03,22350,NA,N,C,C,A,A,H,-,C,D,0,NA,NA,NA,NA,Y,NA,A,01,0,0,3,0,0,0,0,0,0,-,-,34.055721282958984,-118.25653076171876,LOS ANGELES,LOS ANGELES,-118.25650787353516,34.055702209472656
9079600,2019,2020-05-13,1942,2019-12-07,1620,42412,0217,6,5,7,1942,0,0,0,B,0,2A39,TEMPLE ST,UNION AV,0,NA,Y,A,-,N,NA,NA,NA,NA,NA,NA,NA,NA,NA,N,4,0,2,2,A,-,09,21801,NA,F,D,C,A,A,H,-,B,A,0,NA,NA,NA,NA,Y,NA,-,99,0,0,2,0,0,0,0,0,0,-,-,NA,NA,LOS ANGELES,LOS ANGELES,-118.26319885253906,34.06869125366211
90796019,2018,2018-08-22,9590,2018-08-19,1740,022088,NA,7,2,7,1942,0,1,2,NA,2,070,US-101 SOUTHBOUND (SANTA ANA FREEWAY),MISSION ROAD,1400,N,N,A,-,Y,NA,NA,101,NA,NA,NA,NA,NA,S,Y,3,0,1,2,A,-,03,22350,NA,F,C,C,A,A,H,-,A,D,0,NA,NA,NA,NA,Y,Y,A,01,0,1,0,0,0,0,0,0,0,-,-,34.05337905883789,-118.2313232421875,LOS ANGELES,LOS ANGELES,-118.2313232421875,34.05337905883789
9079602,2020,2020-07-13,1942,2020-02-15,1830,42268,LOS A,6,5,7,1942,0,0,0,NA,0,11X62,GLENDALE BL,FARWELL ST,0,NA,Y,A,-,N,NA,NA,NA,NA,NA,NA,NA,NA,NA,N,4,0,2,4,A,-,-,NA,NA,N,C,E,A,A,H,-,D,-,0,NA,NA,NA,NA,Y,NA,-,-,0,0,2,0,0,0,0,0,0,-,-,NA,NA,LOS ANGELES,LOS ANGELES,-118.2598114013672,34.10514831542969
90796045,2018,2018-08-22,9550,2018-08-10,2235,021532,NA,5,3,9,1900,0,2,4,NA,1,022,TELEGRAPH ROAD,TELECHRON AVENUE,0,NA,Y,A,-,N,NA,NA,NA,NA,NA,NA,NA,NA,NA,Y,3,0,2,2,A,-,09,21800,A,N,C,C,A,A,H,-,C,A,0,NA,NA,NA,NA,Y,Y,D,22,0,2,0,0,0,0,0,0,0,-,-,33.93524169921875,-118.03936004638672,LOS ANGELES,UNINCORPORATED,-118.03939819335938,33.935279846191406
90796069,2018,2018-08-22,9525,2018-08-16,1530,015980,NA,4,2,5,1990,0,1,3,NA,2,574,SR-57 N/B (ORANGE FWY),GOLDEN SPRINGS DR,2640,S,N,A,-,Y,NA,NA,57,NA,NA,NA,NA,NA,N,N,4,0,1,2,A,-,03,22350,NA,N,C,C,A,A,H,-,A,D,0,NA,NA,NA,NA,Y,NA,D,22,0,0,1,0,0,0,0,0,0,-,-,33.996421813964844,-117.84001922607422,LOS ANGELES,DIAMOND BAR,-117.83998870849608,33.99639129638672
90796079,2018,2018-08-22,9525,2018-08-14,1629,020989,NA,2,2,9,1900,0,2,4,NA,2,022,ARROW HIGHWAY,ENID AVE,0,NA,Y,A,-,N,NA,NA,NA,NA,NA,NA,NA,NA,NA,N,3,0,1,2,A,-,17,21451,A,N,D,G,A,A,H,-,A,A,0,NA,Y,NA,NA,Y,NA,A,08,0,1,0,0,0,0,1,0,0,-,-,34.106990814208984,-117.91419219970705,LOS ANGELES,UNINCORPORATED,-117.9142608642578,34.10700988769531
9079609,2020,2020-06-10,1942,2020-02-18,1850,42422,1494,2,5,7,1942,0,0,0,N,0,14X16,NORTHSIDE PKWY,GEORGETOWN,520,E,N,-,-,N,NA,NA,NA,NA,NA,NA,NA,NA,NA,Y,3,0,1,1,A,-,03,22350,NA,N,E,I,A,A,H,-,C,D,0,NA,NA,NA,NA,Y,NA,D,22,0,1,0,0,0,0,0,0,0,-,-,NA,NA,LOS ANGELES,LOS ANGELES,-118.412055,33.952785
90796105,2018,2018-08-22,9530,2018-08-14,1525,022083,NA,2,2,5,1943,0,1,1,NA,2,210,I-105 E/B (GLENN ANDERSON FWY),STATE ST.,140,E,N,A,-,Y,NA,NA,105,NA,NA,NA,NA,NA,E,N,4,0,3,2,A,-,03,22350,NA,N,C,C,A,A,H,-,A,A,0,NA,NA,NA,NA,Y,NA,A,01,0,0,3,0,0,0,0,0,0,-,-,33.92774963378906,-118.21678924560548,LOS ANGELES,LYNWOOD,-118.216796875,33.927730560302734
9079611,2020,2020-06-30,1942,2020-01-23,0730,43642,1309,4,5,7,1942,0,0,0,M,0,13A27,S SANTA FE AV,SACRAMENTO,30,S,N,A,-,N,NA,NA,NA,NA,NA,NA,NA,NA,NA,N,4,0,1,3,A,-,04,21703,NA,N,C,C,A,A,H,-,A,A,0,NA,NA,NA,Y,Y,NA,G,25,0,0,1,0,0,0,0,0,0,-,-,NA,NA,LOS ANGELES,LOS ANGELES,-118.22998046875,34.03049850463867
9079614,2020,2020-06-30,1942,2020-01-27,0600,43934,13A46,1,5,7,1942,0,0,0,M,0,13A27,ASCOT AV,VERNON AV,0,NA,Y,A,-,N,NA,NA,NA,NA,NA,NA,NA,NA,NA,Y,3,0,2,2,D,-,00,NA,NA,N,A,C,A,A,H,-,A,A,0,NA,NA,NA,NA,Y,NA,-,-,0,1,1,0,0,0,0,0,0,-,-,NA,NA,LOS ANGELES,LOS ANGELES,-118.2499771118164,34.00389099121094
9079615,2020,2020-06-30,1942,2020-01-30,1825,41530,1397,4,5,7,1942,0,0,0,M,0,13G26,LONG BEACH AV,33RD ST,2,N,N,A,-,N,NA,NA,NA,NA,NA,NA,NA,NA,NA,Y,4,0,1,1,A,-,03,22350,NA,N,E,J,A,A,H,-,C,D,0,NA,NA,NA,NA,Y,NA,D,22,0,0,1,0,0,0,0,0,0,-,-,NA,NA,LOS ANGELES,LOS ANGELES,-118.24320220947266,34.010414123535156
90796157,2018,2018-08-22,9545,2018-08-13,2030,021851,NA,1,2,9,1900,0,3,5,NA,2,002,GUYON AVE,AVENUE S,125,S,N,A,-,N,NA,NA,NA,NA,NA,NA,NA,NA,NA,Y,3,0,1,2,A,-,09,21804,A,N,D,C,A,A,H,-,C,D,0,NA,NA,Y,NA,Y,Y,C,02,0,1,0,0,0,0,0,0,1,-,-,34.55752944946289,-118.1356964111328,LOS ANGELES,UNINCORPORATED,-118.13571166992188,34.557579040527344
9079617,2020,2020-06-10,1942,2020-02-29,2205,43753,1479,6,5,7,1942,0,0,0,N,0,14A1,MANCHESTER AV,OSAGE AV,0,NA,Y,A,-,N,NA,NA,NA,NA,NA,NA,NA,NA,NA,N,4,0,1,2,A,-,10,21950,A,N,G,B,-,A,H,-,C,A,0,Y,NA,NA,Y,Y,NA,F,26,0,0,1,0,1,0,0,0,0,-,-,NA,NA,LOS ANGELES,LOS ANGELES,-118.37882232666016,33.95988845825195
90796171,2018,2018-08-22,9525,2018-08-17,1600,022009,NA,5,2,6,1975,0,1,1,NA,2,104,I-10 E/B (SAN BERNARDINO FWY),PACIFIC AVE,1056,E,N,A,-,Y,NA,NA,10,NA,NA,NA,NA,NA,E,Y,4,0,2,2,A,-,21,22106,NA,N,C,C,A,A,D,E,A,D,0,NA,NA,NA,NA,Y,NA,D,22,0,0,2,0,0,0,0,0,0,-,-,34.07236862182617,-117.93863677978516,LOS ANGELES,WEST COVINA,-117.93863677978516,34.07234573364258
90796175,2018,2018-08-22,9550,2018-08-18,1240,019939,NA,6,1,9,1900,0,1,3,NA,2,601,STATE ROUTE 60 (POMONA FREEWAY) E/B,AZUSA AVENUE,10,W,N,A,-,Y,NA,NA,60,NA,NA,NA,NA,NA,E,Y,3,0,1,2,A,-,03,22350,NA,N,C,C,A,A,H,-,A,D,0,NA,NA,NA,NA,Y,NA,A,01,0,1,0,0,0,0,0,0,0,-,-,33.996910095214844,-117.9314193725586,LOS ANGELES,UNINCORPORATED,-117.9314193725586,33.99693298339844
90796182,2018,2018-08-22,9535,2018-08-12,2325,022085,NA,7,3,3,1914,0,1,1,NA,2,500,I-5 (SANTA ANA FREEWAY) N/B,I-710,500,S,N,A,-,Y,NA,NA,5,NA,NA,NA,NA,NA,N,Y,4,0,2,2,A,-,07,21658,A,N,B,C,A,A,H,-,C,D,0,NA,NA,NA,Y,Y,NA,G,25,0,0,2,0,0,0,0,0,0,-,-,34.01512145996094,-118.16992950439452,LOS ANGELES,COMMERCE,-118.16992950439452,34.015132904052734
90796195,2018,2018-08-22,9535,2018-08-22,0800,015797,NA,3,1,3,1914,0,1,1,NA,2,500,I-5 N/B (SANTA ANA FWY),WASHINGTON BLVD.,400,S,N,B,-,Y,NA,NA,NA,NA,NA,NA,NA,NA,NA,Y,4,0,1,2,A,-,03,22350,NA,N,C,C,A,A,H,-,A,D,0,NA,NA,Y,NA,Y,NA,C,02,0,0,1,0,0,0,0,0,1,-,-,33.59400177001953,-118.08370208740234,LOS ANGELES,COMMERCE,-118.14398956298828,33.99441909790039
90796199,2018,2018-08-22,9525,2018-08-12,1310,021748,NA,7,1,9,1900,0,1,3,NA,1,024,SR-39 (SAN GABRIEL CANYON RD.),VAN ORNUM CANYON(SOUTH EDGE),8448,S,N,A,-,Y,NA,NA,39,NA,NA,NA,NA,NA,NA,N,3,0,1,3,A,-,06,21751,NA,N,A,C,A,A,H,-,A,D,0,NA,NA,Y,NA,Y,NA,A,01,0,1,0,0,0,0,0,0,1,-,-,34.17475128173828,-117.88623809814452,LOS ANGELES,UNINCORPORATED,-117.88623046875,34.174739837646484
90796209,2018,2018-08-28,9565,2018-08-20,1458,022056,NA,1,2,5,1928,0,1,1,NA,2,012,I-105 WESTBOUND (CENTURY FREEWAY),WILTON PLACE,450,W,N,A,-,Y,NA,NA,105,NA,NA,NA,NA,NA,W,Y,4,0,3,2,A,-,13,22515,A,N,C,C,A,A,H,-,A,D,0,NA,NA,NA,NA,Y,NA,A,01,0,0,3,0,0,0,0,0,0,-,-,33.92559814453125,-118.31494140625,LOS ANGELES,HAWTHORNE,-118.31494140625,33.92561340332031
9079621,2020,2020-06-10,1942,2020-02-14,1030,41376,0636,5,5,7,1942,0,0,0,F,0,6A63,HOLLYWOOD BL,N LAS PALMAS AV,0,NA,Y,A,-,N,NA,NA,NA,NA,NA,NA,NA,NA,NA,N,4,0,1,2,A,-,09,21801,A,N,A,C,A,A,H,-,A,A,0,NA,NA,NA,NA,Y,NA,D,22,0,0,1,0,0,0,0,0,0,-,-,NA,NA,LOS ANGELES,LOS ANGELES,-118.33612823486328,34.1015510559082
9079623,2020,2020-06-30,1942,2020-01-28,1055,43344,NA,2,5,7,1942,0,0,0,NA,0,13X45,GRAND,W 23RD ST,10,N,N,A,-,N,NA,NA,NA,NA,NA,NA,NA,NA,NA,N,3,0,1,2,A,-,12,21453,A,N,A,G,A,A,H,-,A,A,0,NA,Y,NA,NA,Y,NA,L,04,0,1,0,0,0,0,1,0,0,-,-,NA,NA,LOS ANGELES,LOS ANGELES,-118.2902603149414,33.7233772277832
9079625,2020,2020-07-14,1942,2020-03-08,1930,38282,0646,7,5,7,1942,0,0,0,F,0,6A63,N CAHUENGA BL,SELMA AV,150,S,N,A,-,N,NA,NA,NA,NA,NA,NA,NA,NA,NA,N,4,0,2,2,A,-,07,21658,A,N,B,C,A,A,H,-,C,D,0,NA,NA,NA,NA,Y,NA,D,22,0,0,2,0,0,0,0,0,0,-,-,NA,NA,LOS ANGELES,LOS ANGELES,-118.32952117919922,34.09935760498047
9079626,2020,2020-06-15,1942,2020-02-12,1150,40275,0269,3,5,7,1942,0,0,0,B,0,2A69,W 7TH ST,S BIXEL ST,400,E,N,A,-,N,NA,NA,NA,NA,NA,NA,NA,NA,NA,Y,4,0,1,3,A,-,03,22350,NA,N,C,C,A,A,H,-,A,D,0,NA,NA,NA,Y,Y,NA,F,26,0,0,1,0,0,0,0,0,0,-,-,NA,NA,LOS ANGELES,LOS ANGELES,-118.2629852294922,34.050384521484375
90796281,2018,2018-08-22,9525,2018-08-17,1905,020847,NA,5,2,3,1921,0,1,1,NA,2,202,I-210 E/B (FOOTHILL FWY),I-605 N/B (SAN GABRIEL RIVER FWY),100,W,N,A,-,Y,NA,NA,210,NA,NA,NA,NA,NA,E,Y,4,0,1,4,A,-,03,22350,NA,N,C,C,A,A,H,-,A,D,0,NA,NA,NA,NA,Y,NA,A,07,0,0,1,0,0,0,0,0,0,-,-,34.13425064086914,-117.95760345458984,LOS ANGELES,DUARTE,-117.95761108398438,34.134220123291016
90796284,2018,2018-08-23,9580,2018-08-13,0005,022103,NA,1,3,7,1942,0,1,1,NA,2,406,I-405 N/B FROM NORDHOFF STREET,NORDHOFF ST,200,N,N,A,-,Y,NA,NA,405,NA,NA,NA,R,NA,N,N,4,0,1,2,A,-,08,22107,NA,F,E,J,F,A,G,-,C,D,0,Y,NA,NA,NA,Y,NA,-,99,0,0,1,0,1,0,0,0,0,-,-,34.233489990234375,-118.47280883789064,LOS ANGELES,LOS ANGELES,-118.47280883789064,34.233489990234375
9079629,2020,2020-07-14,1942,2020-03-09,1006,34251,0638,1,5,7,1942,0,0,0,F,0,6A49,FRANKLIN AV,N VAN NESS AV,0,NA,Y,B,-,N,NA,NA,NA,NA,NA,NA,NA,NA,NA,Y,3,0,2,2,A,-,09,21801,A,N,A,C,A,A,H,-,A,D,0,NA,NA,NA,NA,Y,NA,A,01,0,1,1,0,0,0,0,0,0,-,-,NA,NA,LOS ANGELES,LOS ANGELES,-118.31585693359376,34.10525894165039
90796291,2018,2018-08-23,9580,2018-08-15,2016,016550,NA,3,2,9,1900,0,2,4,NA,1,127,LAS VIRGENES RD,LAS VIRGENES CANYON RD,500,S,N,A,-,N,NA,NA,NA,NA,NA,NA,NA,NA,NA,N,3,0,2,2,A,-,01,23152,A,N,B,C,A,A,H,-,C,D,0,NA,NA,NA,NA,Y,Y,A,01,0,2,0,0,0,0,0,0,0,-,-,34.094581604003906,-118.71025848388672,LOS ANGELES,UNINCORPORATED,-118.7102508544922,34.094573974609375
90796296,2018,2018-08-23,9580,2018-08-14,1030,022008,NA,2,1,7,1942,0,1,3,NA,2,171,SR-170 S/B (HOLLYWOOD FWY.),BURBANK BLVD,300,S,N,A,-,Y,NA,NA,170,NA,NA,NA,NA,NA,S,Y,4,0,2,2,A,-,03,22350,NA,N,C,C,A,A,H,-,A,D,0,NA,NA,NA,NA,Y,NA,A,01,0,0,2,0,0,0,0,0,0,-,-,34.171600341796875,-118.38832855224608,LOS ANGELES,LOS ANGELES,-118.38832092285156,34.1716194152832
90796298,2018,2018-08-23,9580,2018-08-12,1240,021491,NA,7,1,7,1942,0,3,5,NA,1,040,US-101 N/B (VENTURA FREEWAY),RESEDA BLVD,1056,S,N,A,-,Y,NA,NA,101,NA,NA,NA,NA,NA,N,N,3,0,2,2,A,-,07,21658,A,N,B,C,A,A,H,-,A,D,0,NA,NA,Y,NA,Y,NA,-,-,0,2,0,0,0,0,0,0,2,-,-,34.17129135131836,-118.52751922607422,LOS ANGELES,LOS ANGELES,-118.52751922607422,34.1712760925293
90796299,2018,2018-08-23,9580,2018-08-11,0952,019952,NA,6,1,7,1942,0,1,2,NA,2,105,US-101 S/B (VENTURA FREEWAY),TAMPA AVE,1320,N,N,A,-,Y,NA,NA,101,NA,NA,NA,NA,NA,S,Y,4,0,4,6,A,-,03,22350,NA,N,C,C,A,A,H,-,A,D,0,NA,NA,NA,NA,Y,NA,A,01,0,0,4,0,0,0,0,0,0,-,-,34.17359924316406,-118.55889892578124,LOS ANGELES,LOS ANGELES,-118.55889892578124,34.173545837402344
9079630,2020,2020-09-15,1942,2020-02-21,1930,38265,0289,5,5,7,1942,0,0,0,B,0,2A91,W PICO BL,ALBANY ST,0,NA,Y,A,-,N,NA,NA,NA,NA,NA,NA,NA,NA,NA,Y,4,0,2,2,A,-,01,23152,A,N,D,C,A,A,H,-,C,A,0,NA,NA,NA,NA,Y,Y,D,22,0,0,2,0,0,0,0,0,0,-,-,NA,NA,LOS ANGELES,LOS ANGELES,-118.27400207519533,34.043331146240234
90796304,2018,2018-08-23,9565,2018-07-19,1830,022093,NA,4,2,9,1900,0,3,5,NA,2,002,WILTON PL.,THOREAU ST.,0,NA,Y,A,-,N,NA,NA,NA,NA,NA,NA,NA,NA,NA,Y,3,0,1,2,A,-,12,22450,A,N,D,C,A,A,H,-,A,A,0,NA,NA,NA,NA,Y,NA,A,07,0,1,0,0,0,0,0,0,0,-,-,33.93473815917969,-118.314208984375,LOS ANGELES,UNINCORPORATED,-118.31420135498048,33.934730529785156
90796309,2018,2019-02-08,9580,2018-08-12,1445,021963,NA,7,2,7,1942,0,1,2,NA,2,101,US-101 S/B (VENTURA FREEWAY),LAUREL CANYON BLVD,1056,N,N,A,-,Y,NA,NA,101,NA,NA,NA,NA,NA,S,N,4,0,1,2,A,-,03,22350,NA,M,C,C,A,A,H,-,A,D,0,NA,NA,NA,NA,Y,Y,A,07,0,0,1,0,0,0,0,0,0,-,-,34.155399322509766,-118.40084075927734,LOS ANGELES,LOS ANGELES,-118.40084075927734,34.1554069519043
90796311,2018,2018-08-23,9550,2018-08-12,2135,021578,NA,7,2,9,1900,0,3,5,NA,2,002,LEFFINGWELL RD.,COTEAU DR.,220,W,N,A,-,N,NA,NA,NA,NA,NA,NA,NA,NA,NA,Y,2,0,2,3,A,-,08,22107,NA,N,D,G,A,A,H,-,C,D,0,NA,Y,Y,NA,Y,NA,L,04,2,0,0,0,0,0,1,0,1,-,-,33.921409606933594,-118.03555297851564,LOS ANGELES,UNINCORPORATED,-118.03567504882813,33.92139434814453
90796312,2018,2018-08-23,9565,2018-07-28,2020,022056,NA,6,2,4,1918,0,1,1,NA,2,061,I-405 S/B (SAN DIEGO FREEWAY),CULVER BOULEVARD,200,S,N,A,-,Y,NA,NA,405,NA,NA,NA,NA,NA,S,N,4,0,4,4,A,-,03,22350,NA,N,C,C,A,A,H,-,C,D,0,NA,NA,NA,NA,Y,NA,A,01,0,0,4,0,0,0,0,0,0,-,-,34.00233840942383,-118.4108428955078,LOS ANGELES,CULVER CITY,-118.41080474853516,34.00236511230469
90796314,2018,2018-08-23,9550,2018-08-11,2220,021141,NA,6,3,5,1976,0,1,1,NA,2,650,I-605 S/B,OBREGON STREET,425,N,N,A,-,Y,NA,NA,605,NA,NA,NA,NA,NA,S,Y,3,0,2,3,A,-,08,22107,NA,N,C,C,A,A,H,-,C,D,0,NA,NA,NA,NA,Y,Y,A,07,0,2,0,0,0,0,0,0,0,-,-,34.000431060791016,-118.06754302978516,LOS ANGELES,WHITTIER,-118.0675048828125,34.00041580200195
90796316,2018,2018-08-23,9550,2018-08-10,0350,021037,NA,5,3,9,1900,0,3,5,NA,2,003,HACIENDA BOULEVARD,DRAPER RD.,500,S,N,A,-,N,NA,NA,NA,NA,NA,NA,NA,NA,NA,Y,3,0,2,2,A,-,05,21460,A,N,A,C,A,A,H,-,D,D,0,NA,NA,NA,NA,Y,NA,A,01,0,2,0,0,0,0,0,0,0,-,-,33.9744987487793,-117.96778106689452,LOS ANGELES,UNINCORPORATED,-117.96762847900392,33.97431182861328
90796318,2018,2018-09-25,9565,2018-08-03,1916,018804,NA,5,2,9,1900,0,3,5,NA,2,003,LA BREA AVE.,STOCKER AVE.,187,S,N,A,-,N,NA,NA,NA,NA,NA,NA,NA,NA,NA,Y,2,0,1,2,A,-,09,21804,A,N,D,C,A,A,H,-,B,D,0,NA,NA,Y,NA,Y,NA,D,22,1,0,0,0,0,0,0,0,0,-,-,33.99641036987305,-118.35819244384766,LOS ANGELES,UNINCORPORATED,-118.35806274414064,33.99653244018555
90796322,2018,2018-08-23,9565,2018-08-04,1200,020972,NA,6,1,7,1942,0,1,1,NA,2,083,I-10 WB (SANTA MONICA FWY),NATIONAL BLVD,1000,E,N,A,-,Y,NA,NA,10,NA,NA,NA,NA,NA,W,N,4,0,1,2,A,-,03,22350,NA,N,C,C,A,A,H,-,A,D,0,NA,NA,NA,NA,Y,NA,A,07,0,0,1,0,0,0,0,0,0,-,-,34.029449462890625,-118.39951324462892,LOS ANGELES,LOS ANGELES,-118.39951324462892,34.029422760009766
90796323,2018,2018-08-23,9565,2018-08-12,0805,021775,NA,7,1,9,1900,0,2,4,NA,2,042,LENNOX BLVD.,FIRMONA AVE.,85,W,N,A,-,N,NA,NA,NA,NA,NA,NA,NA,NA,NA,Y,3,0,1,3,A,-,08,22107,NA,N,D,E,A,A,H,-,A,D,0,NA,NA,NA,NA,Y,NA,A,07,0,1,0,0,0,0,0,0,0,-,-,33.93812942504883,-118.35733795166016,LOS ANGELES,UNINCORPORATED,-118.35727691650392,33.93817138671875
90796324,2018,2018-08-23,9565,2018-08-13,1345,021915,NA,1,1,5,1928,0,1,1,NA,2,012,I-105 W/B (CENTURY FWY),YUKON AVENUE,850,W,N,A,-,Y,NA,NA,105,NA,NA,NA,NA,NA,W,Y,4,0,3,3,A,-,08,22107,NA,N,C,C,A,A,H,-,A,D,0,NA,NA,NA,NA,Y,NA,A,01,0,0,3,0,0,0,0,0,0,-,-,33.926029205322266,-118.33778381347656,LOS ANGELES,HAWTHORNE,-118.3377685546875,33.92605972290039
90796325,2018,2018-08-23,9565,2018-08-15,2155,021251,NA,3,2,7,1942,0,1,1,NA,2,010,I-105 W/B (CENTURY FREEWAY),NASH ST.,1000,E,N,A,-,Y,NA,NA,105,NA,NA,NA,NA,NA,W,Y,3,0,3,2,A,-,03,22350,NA,N,C,C,A,A,H,-,C,D,0,NA,NA,NA,NA,Y,NA,A,01,0,2,1,0,0,0,0,0,0,-,-,33.93124008178711,-118.38459777832033,LOS ANGELES,LOS ANGELES,-118.38459777832033,33.931270599365234
9079634,2020,2020-09-15,1942,2020-02-08,1200,44046,0219,6,5,7,1942,0,0,0,B,0,2A92,TEMPLE,EAST EDGEWARE,0,NA,Y,A,-,N,NA,NA,NA,NA,NA,NA,NA,NA,NA,N,4,0,1,2,A,-,08,22107,NA,N,D,C,A,A,H,-,A,A,0,NA,NA,NA,NA,Y,NA,D,22,0,0,1,0,0,0,0,0,0,-,-,NA,NA,LOS ANGELES,LOS ANGELES,-118.254638671875,34.066688537597656
90796351,2018,2018-08-23,9535,2018-08-06,1155,017302,NA,1,1,9,1900,0,1,1,NA,2,420,I-10 (SAN BERNARDINO FREEWAY) E/B,I-710 (LONG BEACH FREEWAY) N/B,20,W,N,A,-,Y,NA,NA,NA,NA,NA,NA,NA,NA,NA,Y,4,0,1,1,A,-,08,22107,NA,N,E,I,A,A,H,-,A,D,0,NA,NA,NA,NA,Y,NA,A,01,0,0,1,0,0,0,0,0,0,-,-,34.34054946899414,-118.10253143310548,LOS ANGELES,UNINCORPORATED,-118.16517639160156,34.06113052368164
90796364,2018,2018-08-23,9575,2018-08-13,2015,017491,NA,1,2,7,1942,0,1,3,NA,2,043,SR-134 E/B (VENTURA FREEWAY),FOREST LAWN DRIVE,2041,E,N,A,-,Y,NA,NA,134,NA,NA,NA,NA,NA,E,Y,4,0,1,3,A,-,03,22350,NA,N,C,C,A,A,H,-,D,D,0,NA,NA,NA,NA,Y,NA,A,01,0,0,1,0,0,0,0,0,0,-,-,34.1563606262207,-118.30426025390624,LOS ANGELES,LOS ANGELES,-118.30426025390624,34.15635299682617
9079637,2020,2020-07-16,1942,2020-03-20,0915,41933,1257,5,5,7,1942,0,0,0,L,0,12A57,FIGUEROA ST,77TH ST,4,N,N,A,-,N,NA,NA,NA,NA,NA,NA,NA,NA,NA,N,4,0,1,2,A,-,03,22350,NA,N,C,C,A,A,H,-,A,D,0,NA,NA,NA,NA,Y,NA,D,22,0,0,1,0,0,0,0,0,0,-,-,NA,NA,LOS ANGELES,LOS ANGELES,-118.28272247314452,33.969810485839844
9079638,2020,2020-09-09,1942,2020-02-28,1650,42539,1269,5,5,7,1942,0,0,0,L,0,18A3,E MANCHESTER AV,S SAN PEDRO ST,0,NA,Y,A,-,N,NA,NA,NA,NA,NA,NA,NA,NA,NA,Y,4,0,1,2,A,-,09,21801,A,F,A,D,A,A,H,-,B,A,0,NA,NA,NA,NA,Y,NA,A,01,0,0,1,0,0,0,0,0,0,-,-,NA,NA,LOS ANGELES,LOS ANGELES,-118.26950073242188,33.96010971069336
90796399,2018,2018-08-23,9540,2018-08-16,1120,015093,NA,4,1,9,1900,0,3,5,NA,2,100,THE OLD ROAD,MARKET CENTER DRIVE,374,S,N,A,-,N,NA,NA,NA,NA,NA,NA,NA,NA,NA,N,4,0,1,2,A,-,12,22450,A,N,H,G,A,A,H,-,A,A,0,NA,Y,NA,NA,Y,NA,A,01,0,0,1,0,0,0,1,0,0,-,-,34.38880157470703,-118.57276153564452,LOS ANGELES,UNINCORPORATED,NA,NA