CASE_ID,ACCIDENT_YEAR,PROC_DATE,JURIS,COLLISION_DATE,COLLISION_TIME,OFFICER_ID,REPORTING_DISTRICT,DAY_OF_WEEK,CHP_SHIFT,POPULATION,CNTY_CITY_LOC,SPECIAL_COND,BEAT_TYPE,CHP_BEAT_TYPE,CITY_DIVISION_LAPD,CHP_BEAT_CLASS,BEAT_NUMBER,PRIMARY_RD,SECONDARY_RD,DISTANCE,DIRECTION,INTERSECTION,WEATHER_1,WEATHER_2,STATE_HWY_IND,CALTRANS_COUNTY,CALTRANS_DISTRICT,STATE_ROUTE,ROUTE_SUFFIX,POSTMILE_PREFIX,POSTMILE,LOCATION_TYPE,RAMP_INTERSECTION,SIDE_OF_HWY,TOW_AWAY,COLLISION_SEVERITY,NUMBER_KILLED,NUMBER_INJURED,PARTY_COUNT,PRIMARY_COLL_FACTOR,PCF_CODE_OF_VIOL,PCF_VIOL_CATEGORY,PCF_VIOLATION,PCF_VIOL_SUBSECTION,HIT_AND_RUN,TYPE_OF_COLLISION,MVIW,PED_ACTION,ROAD_SURFACE,ROAD_COND_1,ROAD_COND_2,LIGHTING,CONTROL_DEVICE,CHP_ROAD_TYPE,PEDESTRIAN_ACCIDENT,BICYCLE_ACCIDENT,MOTORCYCLE_ACCIDENT,TRUCK_ACCIDENT,NOT_PRIVATE_PROPERTY,ALCOHOL_INVOLVED,STWD_VEHTYPE_AT_FAULT,CHP_VEHTYPE_AT_FAULT,COUNT_SEVERE_INJ,COUNT_VISIBLE_INJ,COUNT_COMPLAINT_PAIN,COUNT_PED_KILLED,COUNT_PED_INJURED,COUNT_BICYCLIST_KILLED,COUNT_BICYCLIST_INJURED,COUNT_MC_KILLED,COUNT_MC_INJURED,PRIMARY_RAMP,SECONDARY_RAMP,LATITUDE,LONGITUDE,COUNTY,CITY,POINT_X,POINT_Y
90797360,2018,2018-08-24,9580,2018-08-10,1250,020153,NA,5,1,7,1942,1,1,2,NA,2,103,US-101 S/B (VENTURA FREEWAY),VAN NUYS BLVD,1000,N,N,A,-,Y,NA,NA,101,NA,NA,NA,NA,NA,S,N,4,0,2,2,D,-,00,NA,NA,N,C,C,A,A,H,-,A,D,0,NA,NA,NA,NA,Y,NA,-,-,0,0,2,0,0,0,0,0,0,-,-,34.15673065185547,-118.44896697998048,LOS ANGELES,LOS ANGELES,-118.44889831542967,34.156951904296875
90797369,2018,2018-08-24,9580,2018-08-20,1110,016413,NA,1,1,7,1942,0,1,1,NA,2,404,I-405 N/B (SAN DIEGO FWY),VENTURA BLVD,1056,S,N,A,-,Y,NA,NA,405,NA,NA,NA,NA,NA,N,Y,4,0,2,4,A,-,08,22107,NA,N,B,C,A,A,H,-,A,D,0,NA,NA,NA,NA,Y,NA,A,01,0,0,2,0,0,0,0,0,0,-,-,34.136871337890625,-118.47107696533205,LOS ANGELES,LOS ANGELES,-118.47139739990234,34.136966705322266
90797376,2018,2018-08-24,9580,2018-08-20,1545,020462,NA,1,2,7,1942,0,3,5,NA,1,020,MALIBU CANYON RD,TUNNEL #1,50,N,N,A,-,Y,NA,NA,NA,NA,NA,NA,NA,NA,NA,N,4,0,1,2,A,-,03,22350,NA,N,C,C,A,A,H,-,A,D,0,NA,NA,NA,NA,Y,NA,A,01,0,0,1,0,0,0,0,0,0,-,-,34.07101058959961,-118.70671081542967,LOS ANGELES,LOS ANGELES,NA,NA
90797377,2018,2018-08-24,9580,2018-08-21,0805,016523,NA,2,1,7,1942,0,1,3,NA,2,114,SR-118 E/B (RONALD REAGAN FWY.),I-405 N/B (SAN DIEGO FWY),50,E,N,B,-,Y,NA,NA,118,NA,NA,NA,NA,NA,E,N,4,0,2,3,A,-,03,22350,NA,N,C,C,A,A,H,-,A,D,0,NA,NA,NA,NA,Y,NA,A,01,0,0,2,0,0,0,0,0,0,-,-,34.26581954956055,-118.46981048583984,LOS ANGELES,LOS ANGELES,-118.46981048583984,34.26586151123047
90797378,2018,2018-08-24,9530,2018-08-15,1000,020608,NA,3,1,9,1900,0,3,5,NA,2,004,SUSANA RD. (BLOCK #20000),DEL AMO BLVD.,528,N,N,A,-,N,NA,NA,NA,NA,NA,NA,NA,NA,NA,Y,3,0,1,2,D,-,00,NA,NA,N,D,C,A,A,H,-,A,A,0,NA,NA,NA,NA,Y,NA,-,-,0,1,0,0,0,0,0,0,0,-,-,33.848289489746094,-118.20696258544922,LOS ANGELES,UNINCORPORATED,-118.20679473876952,33.848018646240234
90797383,2018,2018-08-24,9580,2018-08-21,1025,019319,NA,2,1,7,1942,0,1,1,NA,2,405,I-405 S/B (SAN DIEGO FWY),BURBANK BLVD,200,S,N,A,-,Y,NA,NA,405,NA,NA,NA,NA,NA,S,N,4,0,1,2,A,-,03,22350,NA,N,C,C,A,A,H,-,A,D,0,NA,NA,NA,NA,Y,NA,A,08,0,0,1,0,0,0,0,0,0,-,-,34.17150115966797,-118.46774291992188,LOS ANGELES,LOS ANGELES,-118.46776580810548,34.17150115966797
90797402,2018,2018-08-24,9530,2018-08-15,0920,016110,NA,3,1,9,1900,0,1,1,NA,2,210,I-105 W/B (GLENN ANDERSON FWY),COMPTON AVE.,100,E,N,A,-,Y,NA,NA,105,NA,NA,NA,NA,NA,W,N,4,0,2,4,A,-,03,22350,NA,N,C,C,A,A,H,-,A,D,0,NA,NA,NA,NA,Y,NA,A,01,0,0,2,0,0,0,0,0,0,-,-,33.92906188964844,-118.24694061279295,LOS ANGELES,UNINCORPORATED,-118.24694061279295,33.92894744873047
90797408,2018,2018-08-24,9535,2018-08-20,1300,016175,NA,1,1,5,1915,0,1,1,NA,2,074,I-710 (LONG BEACH FREEWAY) N/B,COMPTON BLVD,440,S,N,A,-,Y,NA,NA,710,NA,NA,NA,NA,NA,N,Y,4,0,1,1,A,-,08,22107,NA,N,E,I,A,A,H,-,A,D,0,NA,NA,NA,NA,Y,NA,A,07,0,0,1,0,0,0,0,0,0,-,-,33.89495849609375,-118.18763732910156,LOS ANGELES,COMPTON,-118.18764495849608,33.894962310791016
90797425,2018,2018-10-15,9565,2018-08-14,1710,016545,NA,2,2,4,1918,0,1,1,NA,2,061,I-405 S/B (SAN DIEGO FWY),CULVER BLVD,1000,S,N,A,-,Y,NA,NA,NA,NA,NA,NA,NA,NA,NA,N,4,0,1,2,A,-,07,21658,A,N,B,C,A,A,H,-,A,D,0,NA,NA,Y,NA,Y,NA,A,07,0,0,1,0,0,0,0,0,1,-,-,33.986488342285156,-118.44467163085938,LOS ANGELES,CULVER CITY,-118.41027069091795,34.00164031982422
90797470,2018,2018-08-24,9565,2018-08-15,0546,015587,NA,3,3,7,1942,0,1,1,NA,2,064,I-405 S/B (SAN DIEGO FREEWAY),GETTY CENTER DR,174,S,N,A,-,Y,NA,NA,405,NA,NA,NA,NA,NA,S,N,3,0,1,2,A,-,07,21658,A,F,B,C,A,A,H,-,D,D,0,NA,NA,Y,NA,Y,NA,-,99,0,1,0,0,0,0,0,0,1,-,-,34.08795928955078,-118.4755401611328,LOS ANGELES,LOS ANGELES,-118.475341796875,34.08798599243164
90797503,2018,2018-08-24,9535,2018-08-16,1127,017302,NA,4,1,9,1900,0,3,5,NA,2,002,6TH STREET,WOODS AVENUE,0,NA,Y,A,-,N,NA,NA,NA,NA,NA,NA,NA,NA,NA,N,3,0,1,2,A,-,21,22106,NA,N,G,B,B,A,H,-,A,A,0,Y,NA,NA,NA,Y,NA,A,07,0,1,0,0,1,0,0,0,0,-,-,34.02503967285156,-118.15701293945313,LOS ANGELES,UNINCORPORATED,-118.1570281982422,34.025108337402344
90797510,2018,2018-08-24,9565,2018-08-16,1652,018804,NA,4,2,9,1900,0,1,1,NA,2,012,I-105 E/B (CENTURY FWY.),PRAIRIE AVE.,20,E,N,A,-,Y,NA,NA,NA,NA,NA,NA,NA,NA,NA,Y,3,0,1,3,A,-,03,22350,NA,N,C,C,A,A,H,-,A,D,0,NA,NA,NA,NA,Y,NA,A,07,0,1,0,0,0,0,0,0,0,-,-,33.92985916137695,-118.3440399169922,LOS ANGELES,UNINCORPORATED,-118.34384918212892,33.92975616455078
90797524,2018,2018-08-24,9565,2018-08-07,1000,021632,NA,2,1,9,1900,0,3,5,NA,2,002,W 88TH STREET,VERMONT AVENUE,150,W,N,A,-,N,NA,NA,NA,NA,NA,NA,NA,NA,NA,Y,4,0,1,3,A,-,08,22107,NA,N,B,C,A,A,H,-,A,D,0,NA,NA,NA,NA,Y,NA,A,01,0,0,1,0,0,0,0,0,0,-,-,33.95793914794922,-118.29247283935548,LOS ANGELES,UNINCORPORATED,-118.29240417480467,33.95793914794922
90797525,2018,2018-08-24,9530,2018-08-16,1335,022030,NA,4,1,5,1977,0,1,3,NA,2,310,SR-91 W/B (ARTESIA FREEWAY),AVALON BLVD.,360,W,N,A,-,Y,NA,NA,91,NA,NA,NA,NA,NA,W,N,4,0,1,2,A,-,03,22350,NA,N,C,C,A,A,H,-,A,D,0,NA,NA,NA,NA,Y,NA,A,08,0,0,1,0,0,0,0,0,0,-,-,33.8731689453125,-118.26715850830078,LOS ANGELES,CARSON,-118.26717376708984,33.873233795166016
90797526,2018,2018-08-24,9525,2018-08-11,0240,021229,NA,6,3,9,1900,0,3,5,NA,2,003,LA SEDA ROAD (600 BLOCK),VALLEY BLVD,200,N,N,A,-,N,NA,NA,NA,NA,NA,NA,NA,NA,NA,Y,3,0,1,4,A,-,01,23152,A,M,C,E,A,A,H,-,C,D,0,NA,NA,NA,NA,Y,Y,A,01,0,1,0,0,0,0,0,0,0,-,-,34.00532150268555,-117.89820098876952,LOS ANGELES,UNINCORPORATED,-117.89825439453124,34.005210876464844
90797531,2018,2018-08-24,9565,2018-08-22,1445,022038,NA,3,2,7,1942,0,1,1,NA,2,062,I-405 NB (PHILIP DENNIS ORTIZ MEM HWY),VENICE BLVD,400,N,N,A,-,Y,NA,NA,405,NA,NA,NA,NA,NA,N,Y,4,0,1,3,A,-,03,22350,NA,N,C,C,A,A,H,-,A,D,0,NA,NA,NA,NA,Y,NA,D,22,0,0,1,0,0,0,0,0,0,-,-,34.015140533447266,-118.4204330444336,LOS ANGELES,LOS ANGELES,-118.42056274414064,34.01503372192383
90797546,2018,2018-08-24,9525,2018-08-10,0030,021229,NA,5,3,1,1934,0,1,1,NA,2,652,I-605 N/B (SAN GABRIEL RIVER FWY),I-210,1056,S,N,B,-,Y,NA,NA,605,NA,NA,NA,NA,NA,N,Y,3,0,1,2,A,-,03,22350,NA,N,C,C,A,A,H,-,C,D,0,NA,NA,NA,Y,Y,NA,A,01,0,1,0,0,0,0,0,0,0,-,-,34.12746810913086,-117.96289825439452,LOS ANGELES,IRWINDALE,-117.96287536621094,34.127445220947266
90797550,2018,2018-08-24,9535,2018-08-16,0915,018682,NA,4,1,5,1906,0,1,1,NA,2,651,I-605 FROM VALLEY BLVD. WB,I-605 S/B,595,E,N,A,-,Y,NA,NA,605,NA,NA,NA,R,NA,NA,N,4,0,1,2,A,-,21,22106,NA,M,C,C,A,A,H,-,A,D,0,NA,NA,NA,NA,Y,NA,A,01,0,0,1,0,0,0,0,0,0,-,-,34.05345153808594,-118.00234222412108,LOS ANGELES,BALDWIN PARK,-118.00234222412108,34.05345153808594
90797578,2018,2018-08-24,9565,2018-08-19,1435,021632,NA,7,2,6,1933,0,1,1,NA,2,060,I-405 N/B TO MANCHESTER BOULEVARD,HILLCREST BOULEVARD,300,N,N,A,-,Y,NA,NA,NA,NA,NA,NA,NA,NA,NA,Y,4,0,1,2,A,-,03,22350,NA,N,C,C,A,A,H,-,A,D,0,NA,NA,NA,NA,Y,NA,A,01,0,0,1,0,0,0,0,0,0,-,-,33.5723991394043,-118.22080230712892,LOS ANGELES,INGLEWOOD,-118.36927032470705,33.957252502441406
90797605,2018,2018-08-24,9575,2018-08-19,1347,021283,NA,7,1,7,1942,0,1,3,NA,2,044,SR-134 W/B (VENTURA FREEWAY),LEDGE AVE.,150,W,N,A,-,Y,NA,NA,134,NA,NA,NA,NA,NA,W,N,4,0,4,3,A,-,03,22350,NA,N,C,C,A,A,H,-,A,D,0,NA,NA,NA,NA,Y,NA,A,07,0,0,4,0,0,0,0,0,0,-,-,34.15311050415039,-118.35735321044922,LOS ANGELES,LOS ANGELES,-118.35735321044922,34.15312194824219
90797610,2018,2018-08-24,9580,2018-08-20,0015,022046,NA,1,3,3,1989,0,3,5,NA,1,010,MOUNTAIN VIEW DR,CUMBERLAND LN,600,S,N,A,-,N,NA,NA,NA,NA,NA,NA,NA,NA,NA,Y,4,0,1,1,A,-,08,22107,NA,N,A,I,A,A,H,-,C,D,0,NA,NA,NA,NA,Y,NA,A,01,0,0,1,0,0,0,0,0,0,-,-,34.160579681396484,-118.68182373046876,LOS ANGELES,CALABASAS,-118.68180847167967,34.15972900390625
90797616,2018,2018-08-24,9565,2018-08-18,1124,019031,NA,6,1,9,1900,0,2,4,NA,1,032,SLAUSON AVE,LA TIJERA BLVD,55,E,N,A,-,N,NA,NA,NA,NA,NA,NA,NA,NA,NA,N,4,0,2,2,A,-,03,22350,NA,N,C,C,A,A,H,-,A,D,0,NA,NA,NA,NA,Y,NA,A,01,0,0,2,0,0,0,0,0,0,-,-,33.987640380859375,-118.36438751220705,LOS ANGELES,UNINCORPORATED,-118.36473083496094,33.98741149902344
90797623,2018,2018-08-24,9580,2018-08-21,1130,017228,NA,2,1,7,1942,0,1,3,NA,2,171,SR-170 S/B (HOLLYWOOD FWY.),LAUREL CANYON BOULEVARD,500,N,N,A,-,Y,NA,NA,170,NA,NA,NA,NA,NA,S,Y,4,0,1,2,A,-,03,22350,NA,N,C,C,A,A,H,-,A,D,0,NA,NA,NA,NA,Y,NA,A,01,0,0,1,0,0,0,0,0,0,-,-,34.182159423828125,-118.39762115478516,LOS ANGELES,LOS ANGELES,-118.39760589599608,34.18217468261719
90797627,2018,2018-08-24,9580,2018-08-21,1200,016003,NA,2,1,7,1942,0,1,2,NA,2,109,US-101 S/B (VENTURA FREEWAY),LINDERO CANYON RD,1584,S,N,A,-,Y,NA,NA,NA,NA,NA,NA,NA,NA,NA,Y,4,0,1,1,A,-,08,22107,NA,N,E,I,A,A,H,-,A,D,0,NA,NA,NA,NA,Y,NA,A,01,0,0,1,0,0,0,0,0,0,-,-,34.14595031738281,-118.79280090332033,LOS ANGELES,LOS ANGELES,-118.79932403564452,34.1474609375
90797629,2018,2018-08-24,9565,2018-08-18,0505,019031,NA,6,3,9,1900,0,3,5,NA,2,003,STOCKER ST.,FAIRFAX AVE,1056,E,N,A,-,N,NA,NA,NA,NA,NA,NA,NA,NA,NA,Y,2,0,1,1,A,-,08,22107,NA,N,E,I,A,A,H,-,C,D,0,NA,NA,NA,NA,Y,NA,A,07,1,0,0,0,0,0,0,0,0,-,-,33.997779846191406,-118.36261749267578,LOS ANGELES,UNINCORPORATED,-118.362060546875,33.997589111328125
90797636,2018,2018-08-24,9565,2018-08-18,1840,016074,NA,6,2,7,1942,0,1,1,NA,2,063,I-405 S/B (SAN DIEGO FWY),OLYMPIC BLVD,1000,N,N,A,-,Y,NA,NA,405,NA,NA,NA,NA,NA,S,Y,4,0,1,2,A,-,03,22350,NA,N,C,C,A,A,H,-,A,D,0,NA,NA,NA,NA,Y,NA,A,01,0,0,1,0,0,0,0,0,0,-,-,34.040470123291016,-118.44149780273438,LOS ANGELES,LOS ANGELES,-118.44133758544922,34.040611267089844
90797637,2018,2018-08-24,9580,2018-08-23,1045,016413,NA,4,1,7,1942,0,1,2,NA,2,105,US-101 S/B (VENTURA FREEWAY),TAMPA AVE,500,S,N,A,-,Y,NA,NA,101,NA,NA,NA,NA,NA,S,N,4,0,4,3,A,-,03,22350,NA,N,C,C,A,A,H,-,A,D,0,NA,NA,NA,NA,Y,NA,A,01,0,0,4,0,0,0,0,0,0,-,-,34.173240661621094,-118.54772186279295,LOS ANGELES,LOS ANGELES,-118.54771423339844,34.17337417602539
90797641,2018,2018-08-24,9580,2018-08-23,1635,020728,NA,4,2,7,1942,0,1,2,NA,2,105,US-101 S/B (VENTURA FREEWAY),FALLBROOK AVE,1100,N,N,A,-,Y,NA,NA,101,NA,NA,NA,NA,NA,S,N,4,0,1,2,A,-,03,22350,NA,N,C,C,A,A,H,-,A,D,0,NA,NA,NA,NA,Y,NA,A,01,0,0,1,0,0,0,0,0,0,-,-,34.16326141357422,-118.62684631347656,LOS ANGELES,LOS ANGELES,-118.62684631347656,34.16324996948242
90797661,2018,2018-08-24,9565,2018-08-13,1738,021915,NA,1,2,9,1900,0,2,4,NA,2,024,IMPERIAL HIGHWAY,NEW HAMPSHIRE AVE,150,W,N,A,-,N,NA,NA,NA,NA,NA,NA,NA,NA,NA,Y,3,0,2,2,A,-,09,21804,A,N,A,C,A,A,H,-,A,D,0,NA,NA,NA,NA,Y,NA,A,01,0,1,1,0,0,0,0,0,0,-,-,33.93095016479492,-118.29383850097656,LOS ANGELES,UNINCORPORATED,-118.29369354248048,33.93097686767578
90797672,2018,2018-08-24,9535,2018-08-23,0800,017595,NA,4,1,9,1900,0,1,1,NA,2,651,I-605 (SAN GABRIEL RIVER FREEWAY) S/B,VALLEY BLVD,500,S,N,A,-,Y,NA,NA,605,NA,NA,NA,NA,NA,S,N,4,0,1,4,A,-,03,22350,NA,N,C,C,A,A,H,-,A,D,0,NA,NA,NA,NA,Y,NA,A,01,0,0,1,0,0,0,0,0,0,-,-,34.05242156982422,-118.00537109375,LOS ANGELES,UNINCORPORATED,-118.00543212890624,34.05245590209961
90797677,2018,2018-08-24,9565,2018-08-05,2030,022093,NA,7,2,5,1965,0,1,1,NA,2,081,I-10 E/B (SANTA MONICA FREEWAY),LINCOLN BLVD,400,E,N,A,-,Y,NA,NA,10,NA,NA,NA,NA,NA,E,Y,4,0,2,2,A,-,03,22350,NA,N,C,C,A,A,H,-,C,D,0,NA,NA,NA,NA,Y,NA,A,01,0,0,2,0,0,0,0,0,0,-,-,34.01771926879883,-118.4815673828125,LOS ANGELES,SANTA MONICA,-118.4814910888672,34.01763153076172
90797681,2018,2018-08-24,9565,2018-08-20,0540,015587,NA,1,3,7,1942,0,1,1,NA,2,064,I-405 S/B (SAN DIEGO FREEWAY),SKIRBALL CENTER DR,270,N,N,B,-,Y,NA,NA,405,NA,NA,NA,NA,NA,S,Y,4,0,1,4,A,-,03,22350,NA,N,C,C,A,A,H,-,D,D,0,NA,NA,NA,NA,Y,NA,D,22,0,0,1,0,0,0,0,0,0,-,-,34.12337112426758,-118.47814178466795,LOS ANGELES,LOS ANGELES,-118.47811126708984,34.123348236083984
90797688,2018,2018-08-24,9535,2018-08-14,1502,021976,NA,2,2,9,1900,0,1,1,NA,2,420,I-10 (SAN BERNARDINO FREEWAY) E/B,I-710,550,E,N,A,-,Y,NA,NA,NA,NA,NA,NA,NA,NA,NA,N,4,0,1,2,A,-,03,22350,NA,N,C,C,A,A,H,-,A,D,0,NA,NA,NA,NA,Y,NA,A,01,0,0,1,0,0,0,0,0,0,-,-,34.06163024902344,-118.16316986083984,LOS ANGELES,UNINCORPORATED,-118.163330078125,34.06151580810547
90797689,2018,2018-08-27,9590,2018-08-22,1735,021678,NA,3,2,7,1942,0,1,1,NA,2,064,I-10 E/B (SANTA MONICA FREEWAY),SAN PEDRO ST.,500,W,N,A,-,Y,NA,NA,10,NA,NA,NA,NA,NA,E,N,3,0,1,2,A,-,03,22350,NA,N,C,C,A,A,H,-,A,D,0,NA,NA,NA,NA,Y,NA,A,01,0,1,0,0,0,0,0,0,0,-,-,34.03028869628906,-118.25755310058594,LOS ANGELES,LOS ANGELES,-118.257568359375,34.030242919921875
90797723,2018,2018-08-27,9535,2018-08-05,1550,020347,NA,7,2,5,1947,0,1,3,NA,2,600,SR-60 (POMONA FREEWAY) E/B,MARKLAND DR,20,W,N,A,-,Y,NA,NA,60,NA,NA,NA,NA,NA,E,Y,3,0,2,2,A,-,03,22350,NA,N,C,C,A,A,H,-,A,D,0,NA,NA,Y,NA,Y,NA,C,02,0,2,0,0,0,0,0,0,2,-,-,34.0331916809082,-118.11795806884766,LOS ANGELES,MONTEBELLO,-118.11795806884766,34.03318405151367
90797729,2018,2018-08-27,9535,2018-08-16,1935,019125,NA,4,2,9,1900,0,1,3,NA,2,600,SR-60 (POMONA FREEWAY) E/B,DANGLER AVE PEDESTRIAN OVERCROSSING,285,W,N,A,-,Y,NA,NA,60,NA,NA,NA,NA,NA,E,N,4,0,2,2,A,-,03,22350,NA,N,C,C,A,A,H,-,B,D,0,NA,NA,NA,NA,Y,NA,A,01,0,0,2,0,0,0,0,0,0,-,-,34.03643035888672,-118.16504669189452,LOS ANGELES,UNINCORPORATED,-118.1650390625,34.03630828857422
90797738,2018,2018-08-27,9525,2018-08-22,1040,016677,NA,3,1,6,1955,0,1,3,NA,2,603,SR-60 W/B (POMONA FWY),PHILLIPS RANCH RD,1000,W,N,A,-,Y,NA,NA,60,NA,NA,NA,NA,NA,W,N,3,0,1,4,A,-,03,22350,NA,N,C,C,A,A,H,-,A,D,0,NA,NA,NA,NA,Y,NA,A,01,0,1,0,0,0,0,0,0,0,-,-,34.02499008178711,-117.77416229248048,LOS ANGELES,POMONA,-117.77415466308594,34.02500534057617
90797753,2018,2018-08-27,9540,2018-08-21,0727,018582,NA,2,1,9,1900,0,2,4,NA,1,104,SAN FRANCISQUITO CYN RD,DRY GULCH RD,16,N,N,B,-,N,NA,NA,NA,NA,NA,NA,NA,NA,NA,Y,3,0,1,1,A,-,03,22350,NA,N,E,I,A,A,H,-,A,D,0,NA,NA,Y,NA,Y,NA,C,02,0,1,0,0,0,0,0,0,1,-,-,34.55065155029297,-118.51251983642578,LOS ANGELES,UNINCORPORATED,-118.51232147216795,34.55066680908203
90797755,2018,2018-08-27,9565,2018-08-17,2129,021819,NA,5,2,7,1942,0,1,1,NA,2,061,I-405 SOUTHBOUND (SAN DIEGO FREEWAY),LA TIJERA BLVD,250,N,N,A,-,Y,NA,NA,405,NA,NA,NA,NA,NA,S,N,4,0,4,2,A,-,03,22350,NA,N,C,C,A,A,H,-,C,D,0,NA,NA,NA,NA,Y,NA,A,07,0,0,4,0,0,0,0,0,0,-,-,33.97626876831055,-118.38674926757813,LOS ANGELES,LOS ANGELES,-118.38675689697266,33.97625732421875
90797764,2018,2018-08-27,9530,2018-08-16,0844,018887,NA,4,1,7,1942,0,1,1,NA,2,200,I-105 W/B (GLENN ANDERSON FWY),CENTRAL AVE.,300,W,N,B,-,Y,NA,NA,105,NA,NA,NA,NA,NA,W,Y,4,0,1,3,A,-,03,22350,NA,N,C,C,A,A,H,-,A,D,0,NA,NA,NA,NA,Y,NA,A,01,0,0,1,0,0,0,0,0,0,-,-,33.92790985107422,-118.25688934326172,LOS ANGELES,LOS ANGELES,-118.25688934326172,33.927879333496094
90797786,2018,2018-08-27,9535,2018-08-21,1655,020851,NA,2,2,5,1948,0,1,3,NA,2,620,SR-60 (POMONA FREEWAY) E/B,GREENWOOD AVE.,300,W,N,A,-,Y,NA,NA,60,NA,NA,NA,NA,NA,E,N,4,0,1,3,A,-,03,22350,NA,N,C,C,A,A,H,-,A,D,0,NA,NA,NA,NA,Y,NA,A,01,0,0,1,0,0,0,0,0,0,-,-,34.03364181518555,-118.11028289794922,LOS ANGELES,MONTEREY PARK,-118.11027526855467,34.03362274169922
90797788,2018,2018-08-27,9580,2018-08-15,0834,022008,NA,3,1,7,1942,0,1,2,NA,2,103,US-101 S/B (VENTURA FREEWAY),HAYVENHURST AVE,1056,S,N,A,-,Y,NA,NA,101,NA,NA,NA,NA,NA,S,N,4,0,2,3,A,-,07,21658,A,N,B,C,A,A,H,-,A,D,0,NA,NA,NA,NA,Y,NA,D,22,0,0,2,0,0,0,0,0,0,-,-,34.16511154174805,-118.4879913330078,LOS ANGELES,LOS ANGELES,-118.4879913330078,34.16512680053711
90797793,2018,2018-08-27,9580,2018-08-16,0955,019319,NA,4,1,7,1942,0,1,1,NA,2,405,I-405 S/B (SAN DIEGO FWY),VENTURA BLVD,1056,S,N,A,-,Y,NA,NA,405,NA,NA,NA,NA,NA,S,Y,4,0,1,2,A,-,07,21658,A,N,C,C,A,A,H,-,A,D,0,NA,NA,NA,NA,Y,NA,A,01,0,0,1,0,0,0,0,0,0,-,-,34.15156173706055,-118.46827697753906,LOS ANGELES,LOS ANGELES,-118.46827697753906,34.15155792236328
90797796,2018,2018-08-27,9580,2018-08-16,1845,020462,NA,4,2,7,1942,0,1,3,NA,2,116,SR-118 E/B (RONALD REAGAN FWY.),GOTHIC AVE.,75,W,N,A,-,Y,NA,NA,118,NA,NA,NA,NA,NA,E,N,4,0,1,2,A,-,03,22350,NA,M,C,C,A,A,H,-,A,D,0,NA,NA,NA,NA,Y,NA,A,01,0,0,1,0,0,0,0,0,0,-,-,34.27149963378906,-118.48947143554688,LOS ANGELES,LOS ANGELES,-118.48949432373048,34.27146530151367
90797797,2018,2018-08-27,9530,2018-08-16,0710,016110,NA,4,1,9,1900,0,3,5,NA,2,002,SAN PEDRO ST.       (13000 BLOCK),131ST ST.,36,N,N,A,-,N,NA,NA,NA,NA,NA,NA,NA,NA,NA,Y,3,0,3,2,A,-,08,22107,NA,N,B,C,A,A,H,-,A,D,0,NA,NA,NA,NA,Y,NA,A,01,0,1,2,0,0,0,0,0,0,-,-,33.913909912109375,-118.26956176757813,LOS ANGELES,UNINCORPORATED,-118.26963806152344,33.913780212402344
90797798,2018,2018-08-27,9580,2018-08-16,1940,021603,NA,4,2,7,1942,0,1,1,NA,2,404,I-405 N/B (SAN DIEGO FWY),BURBANK BLVD,410,N,N,A,-,Y,NA,NA,405,NA,NA,NA,NA,NA,N,Y,3,0,1,2,A,-,03,22350,NA,N,C,C,A,A,H,-,A,D,0,NA,NA,Y,NA,Y,NA,C,02,0,1,0,0,0,0,0,0,1,-,-,34.173370361328125,-118.4676513671875,LOS ANGELES,LOS ANGELES,-118.46758270263672,34.173370361328125
90797807,2018,2018-08-27,9580,2018-08-18,1830,021603,NA,6,2,7,1942,0,1,1,NA,2,406,I-405 N/B (SAN DIEGO FWY),NORDHOFF ST,150,N,N,A,-,Y,NA,NA,405,NA,NA,NA,NA,NA,N,N,4,0,1,3,A,-,03,22350,NA,N,C,C,A,A,H,-,A,D,0,NA,NA,NA,NA,Y,NA,A,07,0,0,1,0,0,0,0,0,0,-,-,34.236141204833984,-118.47283172607422,LOS ANGELES,LOS ANGELES,-118.47293853759766,34.236141204833984
90797811,2018,2018-08-27,9580,2018-08-14,0700,020153,NA,2,1,7,1942,0,1,2,NA,2,103,US-101 S/B (VENTURA FREEWAY),HASKELL AVE,500,N,N,A,-,Y,NA,NA,101,NA,NA,NA,NA,NA,S,N,4,0,1,2,A,-,07,21658,A,M,B,C,A,A,H,-,A,D,0,NA,NA,Y,NA,Y,NA,A,01,0,0,1,0,0,0,0,0,1,-,-,34.1651611328125,-118.47550201416016,LOS ANGELES,LOS ANGELES,-118.47550201416016,34.165138244628906
90797823,2018,2018-09-14,9580,2018-08-16,1115,020153,NA,4,1,7,1942,0,1,2,NA,2,103,US-101 S/B (VENTURA FREEWAY),WHITE OAK AVE,2000,S,N,A,-,Y,NA,NA,101,NA,NA,NA,NA,NA,S,Y,4,0,4,3,A,-,03,22350,NA,N,C,C,A,A,H,-,A,D,0,NA,NA,NA,NA,Y,NA,A,08,0,0,4,0,0,0,0,0,0,-,-,34.17123031616211,-118.51303100585938,LOS ANGELES,LOS ANGELES,-118.51303100585938,34.17108917236328