CASE_ID,ACCIDENT_YEAR,PROC_DATE,JURIS,COLLISION_DATE,COLLISION_TIME,OFFICER_ID,REPORTING_DISTRICT,DAY_OF_WEEK,CHP_SHIFT,POPULATION,CNTY_CITY_LOC,SPECIAL_COND,BEAT_TYPE,CHP_BEAT_TYPE,CITY_DIVISION_LAPD,CHP_BEAT_CLASS,BEAT_NUMBER,PRIMARY_RD,SECONDARY_RD,DISTANCE,DIRECTION,INTERSECTION,WEATHER_1,WEATHER_2,STATE_HWY_IND,CALTRANS_COUNTY,CALTRANS_DISTRICT,STATE_ROUTE,ROUTE_SUFFIX,POSTMILE_PREFIX,POSTMILE,LOCATION_TYPE,RAMP_INTERSECTION,SIDE_OF_HWY,TOW_AWAY,COLLISION_SEVERITY,NUMBER_KILLED,NUMBER_INJURED,PARTY_COUNT,PRIMARY_COLL_FACTOR,PCF_CODE_OF_VIOL,PCF_VIOL_CATEGORY,PCF_VIOLATION,PCF_VIOL_SUBSECTION,HIT_AND_RUN,TYPE_OF_COLLISION,MVIW,PED_ACTION,ROAD_SURFACE,ROAD_COND_1,ROAD_COND_2,LIGHTING,CONTROL_DEVICE,CHP_ROAD_TYPE,PEDESTRIAN_ACCIDENT,BICYCLE_ACCIDENT,MOTORCYCLE_ACCIDENT,TRUCK_ACCIDENT,NOT_PRIVATE_PROPERTY,ALCOHOL_INVOLVED,STWD_VEHTYPE_AT_FAULT,CHP_VEHTYPE_AT_FAULT,COUNT_SEVERE_INJ,COUNT_VISIBLE_INJ,COUNT_COMPLAINT_PAIN,COUNT_PED_KILLED,COUNT_PED_INJURED,COUNT_BICYCLIST_KILLED,COUNT_BICYCLIST_INJURED,COUNT_MC_KILLED,COUNT_MC_INJURED,PRIMARY_RAMP,SECONDARY_RAMP,LATITUDE,LONGITUDE,COUNTY,CITY,POINT_X,POINT_Y
90798386,2018,2018-08-27,9565,2018-08-15,1530,016545,NA,3,2,9,1900,0,2,4,NA,1,032,OVERHILL DRIVE,SPRINGDALE DR,40,N,N,A,-,N,NA,NA,NA,NA,NA,NA,NA,NA,NA,Y,4,0,1,3,A,-,03,22350,NA,N,C,C,A,A,H,-,A,D,0,NA,NA,NA,NA,Y,NA,A,01,0,0,1,0,0,0,0,0,0,-,-,33.98588180541992,-118.44326019287108,LOS ANGELES,UNINCORPORATED,-118.35372161865234,33.990577697753906
90798401,2018,2018-08-27,9565,2018-08-15,1725,021303,NA,3,2,9,1900,0,1,1,NA,2,060,I-405 S/B (SAN DIEGO FWY),IMPERIAL HWY,200,N,N,A,-,Y,NA,NA,405,NA,NA,NA,NA,NA,S,Y,3,0,2,2,A,-,08,22107,NA,N,B,C,A,A,H,-,A,D,0,NA,NA,NA,NA,Y,NA,A,01,0,1,1,0,0,0,0,0,0,-,-,33.93186950683594,-118.36849212646484,LOS ANGELES,UNINCORPORATED,-118.36853790283205,33.93186950683594
90798402,2018,2018-08-27,9535,2018-08-23,0010,021545,NA,4,3,9,1900,0,1,1,NA,2,420,I-10 (SAN BERNARDINO FREEWAY) E/B,EASTERN AVE,300,W,N,A,-,Y,NA,NA,10,NA,NA,NA,NA,NA,E,Y,4,0,1,2,A,-,03,22350,NA,N,C,C,A,A,H,-,C,D,0,NA,NA,NA,NA,Y,Y,A,01,0,0,1,0,0,0,0,0,0,-,-,34.05976104736328,-118.1750030517578,LOS ANGELES,UNINCORPORATED,-118.17499542236328,34.05974197387695
90798404,2018,2018-08-27,9535,2018-08-22,1515,022059,NA,3,2,9,1900,0,3,5,NA,2,002,SOUTHSIDE DR,SERVER AVE,0,NA,Y,A,-,N,NA,NA,NA,NA,NA,NA,NA,NA,NA,Y,3,0,1,2,A,-,09,21802,A,N,D,G,A,A,H,-,A,A,0,NA,Y,NA,NA,Y,NA,L,04,0,1,0,0,0,0,1,0,0,-,-,34.01044845581055,-118.1356964111328,LOS ANGELES,UNINCORPORATED,-118.13571166992188,34.01039123535156
90798407,2018,2018-08-27,9540,2018-08-03,0028,021802,NA,5,3,9,1900,0,1,1,NA,2,511,I-5 S/B (GOLDEN STATE FREEWAY),TEMPLIN HWY,7920,N,N,A,-,Y,NA,NA,5,NA,NA,NA,NA,NA,S,Y,3,0,1,2,A,-,04,21703,NA,F,C,C,A,A,H,-,D,D,0,NA,NA,NA,NA,Y,Y,A,01,0,1,0,0,0,0,0,0,0,-,-,34.584259033203125,-118.70922088623048,LOS ANGELES,UNINCORPORATED,-118.70912933349608,34.58436584472656
90798410,2018,2018-08-27,9540,2018-08-04,1820,021118,NA,6,2,9,1900,0,1,1,NA,1,503,I-5 S/B (GOLDEN STATE FWY),LYONS AVE,2920,N,N,A,-,Y,NA,NA,5,NA,NA,NA,NA,NA,S,Y,2,0,2,1,A,-,01,23152,A,N,E,I,A,A,D,-,A,D,0,NA,NA,NA,NA,Y,Y,A,07,1,0,1,0,0,0,0,0,0,-,-,34.38644027709961,-118.56936645507813,LOS ANGELES,UNINCORPORATED,-118.56928253173828,34.386474609375
90798428,2018,2018-08-27,9530,2018-08-15,1430,021965,NA,3,2,9,1900,0,3,5,NA,2,006,228TH ST.,BERENDO AVE.,0,NA,Y,A,-,N,NA,NA,NA,NA,NA,NA,NA,NA,NA,Y,4,0,2,2,A,-,09,21802,A,N,D,C,A,A,H,-,A,A,0,NA,NA,NA,NA,Y,NA,A,07,0,0,2,0,0,0,0,0,0,-,-,33.8189582824707,-118.29390716552734,LOS ANGELES,UNINCORPORATED,-118.2939682006836,33.8189697265625
90798437,2018,2018-08-27,9530,2018-07-04,1525,021875,NA,3,2,9,1900,0,3,5,NA,2,002,IMPERIAL HWY. (1300 BLOCK),SLATER AVE.,230,E,N,A,-,N,NA,NA,NA,NA,NA,NA,NA,NA,NA,N,3,0,1,3,A,-,21,22106,NA,F,D,C,A,A,H,-,A,D,0,NA,NA,NA,NA,Y,NA,A,07,0,1,0,0,0,0,0,0,0,-,-,33.92942810058594,-118.2514190673828,LOS ANGELES,UNINCORPORATED,-118.25222778320313,33.92946243286133
90798440,2018,2018-12-11,9565,2018-08-14,1910,018804,NA,2,2,9,1900,0,1,1,NA,2,060,I-405 N/B (SAN DIEGO FWY.),CENTURY BLVD.,600,S,N,A,-,Y,NA,NA,405,NA,NA,NA,NA,NA,N,Y,4,0,2,2,A,-,03,22350,NA,N,C,C,A,A,H,-,B,D,0,NA,NA,NA,NA,Y,NA,A,01,0,0,2,0,0,0,0,0,0,-,-,33.943660736083984,-118.36826324462892,LOS ANGELES,UNINCORPORATED,-118.36821746826172,33.943660736083984
90798456,2018,2018-08-27,9530,2018-08-23,1430,021842,NA,4,2,5,1977,0,1,1,NA,2,410,I-405 N/B (SAN DIEGO FREEWAY),AVALON BLVD.,1000,S,N,A,-,Y,NA,NA,405,NA,NA,NA,NA,NA,N,Y,4,0,1,2,A,-,01,23152,A,N,C,C,A,A,H,-,A,D,0,NA,NA,NA,NA,Y,Y,A,01,0,0,1,0,0,0,0,0,0,-,-,33.83686065673828,-118.26075744628906,LOS ANGELES,CARSON,-118.26078033447266,33.83684158325195
90798458,2018,2018-08-27,9590,2018-08-26,0600,018997,NA,7,1,7,1942,0,1,1,NA,2,060,I-10 E/B (SMF) TO NORMANDIE AVE.,NORMANDIE AVE.,825,W,N,A,-,Y,NA,NA,10,NA,NA,NA,R,NA,E,Y,4,0,1,2,A,-,08,22107,NA,N,E,I,A,A,H,-,C,D,0,NA,NA,NA,NA,Y,NA,A,01,0,0,1,0,0,0,0,0,0,-,-,34.036651611328125,-118.30239105224608,LOS ANGELES,LOS ANGELES,-118.30239105224608,34.036651611328125
90798463,2018,2019-01-07,9540,2018-08-16,0715,021869,NA,4,1,6,1985,0,1,3,NA,1,145,STATE ROUTE 14 (S/B)(AVF),VIA PRINCESSA WAY,25,N,N,A,-,Y,NA,NA,14,NA,NA,NA,NA,NA,NA,Y,2,0,1,3,A,-,08,22107,NA,N,B,C,A,A,H,-,A,D,0,NA,NA,Y,NA,Y,NA,C,02,1,0,0,0,0,0,0,0,1,-,-,34.40288162231445,-118.4547882080078,LOS ANGELES,SANTA CLARITA,-118.45475006103516,34.40280532836914
90798465,2018,2018-08-27,9540,2018-08-16,0747,021497,NA,4,1,6,1985,0,1,3,NA,1,145,SR-14 S/B (ANTELOPE VALLEY FREEWAY),SAND CANYON RD,1584,S,N,A,-,Y,NA,NA,14,NA,NA,NA,NA,NA,S,N,4,0,1,2,A,-,03,22350,NA,N,C,C,A,A,H,-,A,D,0,NA,NA,NA,NA,Y,NA,A,01,0,0,1,0,0,0,0,0,0,-,-,34.422481536865234,-118.43002319335938,LOS ANGELES,SANTA CLARITA,-118.42996978759766,34.42237091064453
90798469,2018,2018-08-27,9575,2018-08-19,0340,021784,NA,7,3,7,1942,0,1,1,NA,2,053,I-5 S/B (GOLDEN STATE FREEWAY),BRANFORD ST.,230,N,N,A,-,Y,NA,NA,5,NA,NA,NA,NA,NA,S,Y,2,0,1,1,A,-,01,23152,A,N,E,I,A,A,H,-,C,A,0,NA,NA,NA,NA,Y,Y,A,01,1,0,0,0,0,0,0,0,0,-,-,34.24214172363281,-118.41993713378906,LOS ANGELES,LOS ANGELES,-118.41989135742188,34.242191314697266
90798474,2018,2018-08-27,9525,2018-08-12,1935,021748,NA,7,2,9,1900,0,1,3,NA,1,024,SR-39 (SAN GABRIEL CANYON RD.),ROBB'S GULCH,5280,S,N,A,-,Y,NA,NA,39,NA,NA,NA,NA,NA,NA,Y,3,0,4,3,A,-,01,23152,A,N,B,C,A,A,H,-,A,D,0,NA,NA,NA,NA,Y,Y,A,01,0,3,1,0,0,0,0,0,0,-,-,34.2152099609375,-117.86424255371094,LOS ANGELES,UNINCORPORATED,-117.86421966552734,34.21519088745117
90798475,2018,2018-08-27,9590,2018-08-20,1531,021583,NA,1,2,7,1942,0,1,1,NA,2,061,I-10 W/B (SMF) COLLECTOR ROAD,REDONDO BLVD,100,E,N,A,-,Y,NA,NA,10,NA,NA,NA,NA,NA,W,N,4,0,1,3,A,-,03,22350,NA,N,C,C,A,A,H,-,A,D,0,NA,NA,NA,NA,Y,NA,A,01,0,0,1,0,0,0,0,0,0,-,-,34.03424835205078,-118.35487365722656,LOS ANGELES,LOS ANGELES,-118.35486602783205,34.03416061401367
90798478,2018,2018-08-27,9540,2018-08-17,2126,020527,NA,5,2,9,1900,0,1,1,NA,2,500,I-5 S/B (GOLDEN STATE FREEWAY),SMOKEY BEAR RD,9050,N,N,A,-,Y,NA,NA,5,NA,NA,NA,NA,NA,S,Y,3,0,1,3,A,-,07,21658,A,F,B,C,A,A,H,-,D,D,0,NA,NA,NA,Y,Y,NA,-,99,0,1,0,0,0,0,0,0,0,-,-,34.74016189575195,-118.79743194580078,LOS ANGELES,UNINCORPORATED,-118.79715728759766,34.7401123046875
90798480,2018,2018-08-27,9530,2018-08-25,2308,021038,NA,6,3,7,1941,0,1,1,NA,2,072,I-710 N/B (LONG BEACH FREEWAY),WARDLOW RD.,1795,S,N,A,-,Y,NA,NA,710,NA,NA,NA,NA,NA,N,Y,3,0,1,2,A,-,01,23152,A,N,C,C,A,A,H,-,C,D,0,NA,NA,NA,NA,Y,Y,A,01,0,1,0,0,0,0,0,0,0,-,-,33.81647872924805,-118.20688629150392,LOS ANGELES,LONG BEACH,-118.20688629150392,33.81647872924805
90798491,2018,2018-08-27,9540,2018-08-18,0200,021389,NA,6,3,7,1942,0,1,1,NA,2,210,I-210 W/B (FOOTHILL FREEWAY),YARNELL ST,425,W,N,A,-,Y,NA,NA,210,NA,NA,NA,NA,NA,W,Y,2,0,1,1,A,-,01,23152,A,N,E,I,A,A,H,-,D,D,0,NA,NA,NA,NA,Y,Y,A,01,1,0,0,0,0,0,0,0,0,-,-,34.32278060913086,-118.48088836669922,LOS ANGELES,LOS ANGELES,-118.48082733154295,34.32262420654297
90798506,2018,2018-09-04,9565,2018-08-07,1800,022056,NA,2,2,7,1942,0,1,1,NA,2,062,I-405 N/B (PHILIP D ORTIZ MEMORIAL HWY),NATIONAL BLVD,790,S,N,A,-,Y,NA,NA,405,NA,NA,NA,NA,NA,N,Y,3,0,1,2,A,-,07,21658,A,N,F,A,A,A,H,-,A,D,0,NA,NA,Y,NA,Y,NA,A,01,0,1,0,0,0,0,0,0,1,-,-,34.02494812011719,-118.42848205566406,LOS ANGELES,LOS ANGELES,-118.42843627929688,34.02498245239258
90798509,2018,2018-08-27,9535,2018-08-16,0735,016815,NA,4,1,4,1962,0,1,1,NA,2,401,I-10 (SAN BERNARDINO FREEWAY) W/B,DEL MAR AVE,400,W,N,A,-,Y,NA,NA,10,NA,NA,NA,NA,NA,W,Y,4,0,1,2,A,-,03,22350,NA,N,C,C,A,A,H,-,A,D,0,NA,NA,NA,NA,Y,NA,A,01,0,0,1,0,0,0,0,0,0,-,-,34.07210922241211,-118.09947204589844,LOS ANGELES,SAN GABRIEL,-118.09947204589844,34.07212829589844
90798516,2018,2018-08-27,9590,2018-08-17,1717,022102,NA,5,2,7,1942,0,1,3,NA,2,094,SR-2 E/B (GLENDALE FREEWAY),NEWELL ST.,200,E,N,A,-,Y,NA,NA,NA,NA,NA,NA,NA,NA,NA,Y,4,0,2,3,A,-,03,22350,NA,N,C,C,A,A,H,-,A,D,0,NA,NA,NA,NA,Y,NA,A,01,0,0,2,0,0,0,0,0,0,-,-,34.10197067260742,-118.24874114990234,LOS ANGELES,LOS ANGELES,NA,NA
90798517,2018,2018-08-27,9575,2018-08-22,1759,021006,NA,3,2,6,1953,0,1,1,NA,2,080,I-710 S/B (LONG BEACH FREEWAY),CALIFORNIA BLVD.,120,N,N,A,-,Y,NA,NA,710,NA,NA,NA,NA,NA,S,Y,3,0,1,2,A,-,07,21658,A,N,B,C,A,A,H,-,A,D,0,NA,NA,Y,NA,Y,NA,A,01,0,1,0,0,0,0,0,0,1,-,-,34.136409759521484,-118.15550994873048,LOS ANGELES,PASADENA,-118.1555633544922,34.136409759521484
90798524,2018,2018-08-27,9540,2018-08-24,0805,015381,NA,5,1,7,1942,0,1,1,NA,1,501,I-5 S/B (GOLDEN STATE FREEWAY),SR-118 W/B (RONALD REAGAN FREEWAY),223,N,N,A,-,Y,NA,NA,5,NA,NA,NA,NA,NA,S,N,4,0,1,3,A,-,03,22350,NA,N,C,C,A,A,H,-,A,D,0,NA,NA,NA,NA,Y,NA,D,22,0,0,1,0,0,0,0,0,0,-,-,34.26762008666992,-118.4444580078125,LOS ANGELES,LOS ANGELES,-118.44448852539064,34.26759338378906
90798527,2018,2018-08-27,9535,2018-08-16,0945,013584,NA,4,1,5,1901,0,1,1,NA,2,421,I-10 (SAN BERNARDINO FREEWAY) W/B,ATLANTIC BLVD,1363,E,N,A,-,Y,NA,NA,10,NA,NA,NA,NA,NA,W,Y,4,0,1,2,A,-,04,21703,NA,N,C,C,A,A,H,-,A,D,0,NA,NA,NA,NA,Y,NA,D,22,0,0,1,0,0,0,0,0,0,-,-,34.071659088134766,-118.12975311279295,LOS ANGELES,ALHAMBRA,-118.12975311279295,34.07173156738281
90798534,2018,2018-08-27,9590,2018-08-15,2030,017520,NA,3,2,7,1942,0,1,1,NA,2,053,I-110 S/B (HAF),VENICE BLVD.,200,N,N,A,-,Y,NA,NA,NA,NA,NA,NA,NA,NA,NA,N,3,0,1,1,A,-,08,22107,NA,N,E,I,A,A,H,-,C,D,0,NA,NA,NA,NA,Y,NA,A,07,0,1,0,0,0,0,0,0,0,-,-,34.212158203125,-118.11562347412108,LOS ANGELES,LOS ANGELES,-118.27387237548828,34.03971481323242
90798537,2018,2018-08-27,9540,2018-08-17,0210,021486,NA,5,3,9,1900,0,1,1,NA,2,508,I-5 N/B (GOLDEN STATE FWY.),HASLEY CANYON RD,4490,N,N,A,-,Y,NA,NA,5,NA,NA,NA,NA,NA,N,Y,3,0,4,2,A,-,04,21703,NA,N,C,C,A,A,D,-,C,A,0,NA,NA,NA,NA,Y,NA,D,22,0,2,2,0,0,0,0,0,0,-,-,34.46841812133789,-118.61659240722656,LOS ANGELES,UNINCORPORATED,-118.61653137207033,34.468414306640625
90798558,2018,2018-08-27,9575,2018-08-23,1300,017354,NA,4,1,7,1942,0,1,3,NA,2,043,SR-134 W/B (VENTURA FREEWAY),RIVERSIDE DR. (VICTORY BLVD. ) O/C,2500,W,N,A,-,Y,NA,NA,134,NA,NA,NA,NA,NA,W,N,4,0,1,2,A,-,07,21658,A,N,B,C,A,A,H,-,A,D,0,NA,NA,NA,NA,Y,NA,-,-,0,0,1,0,0,0,0,0,0,-,-,34.15657043457031,-118.30256652832033,LOS ANGELES,LOS ANGELES,-118.30256652832033,34.15660095214844
90798560,2018,2018-08-27,9580,2018-08-08,0648,020791,NA,3,1,7,1942,0,1,1,NA,2,405,I-405 S/B (SAN DIEGO FWY),VICTORY BLVD,1800,N,N,A,-,Y,NA,NA,405,NA,NA,NA,NA,NA,S,Y,3,0,1,2,A,-,03,22350,NA,N,F,A,A,A,H,-,A,D,0,NA,NA,Y,NA,Y,NA,C,02,0,1,0,0,0,0,0,0,1,-,-,34.18933868408203,-118.47444915771484,LOS ANGELES,LOS ANGELES,-118.4743423461914,34.1893424987793
90798566,2018,2018-08-27,9575,2018-08-24,1900,021685,NA,5,2,7,1942,0,1,1,NA,2,061,I-210 E/B (FOOTHILL FREEWAY),LOWELL AVENUE,1300,W,N,A,-,Y,NA,NA,210,NA,NA,NA,NA,NA,E,Y,4,0,1,3,A,-,03,22350,NA,M,C,C,A,A,H,-,A,D,0,NA,NA,NA,NA,Y,NA,A,07,0,0,1,0,0,0,0,0,0,-,-,34.23223114013672,-118.2702865600586,LOS ANGELES,LOS ANGELES,-118.27033233642578,34.23203659057617
90798586,2018,2018-08-27,9575,2018-08-24,1620,021685,NA,5,2,7,1942,0,1,1,NA,2,061,I-210 W/B (FOOTHILL FREEWAY),FOOTHILL BLVD.,2490,W,N,A,-,Y,NA,NA,210,NA,NA,NA,NA,NA,W,Y,4,0,1,2,A,-,03,22350,NA,N,C,C,A,A,H,-,A,D,0,NA,NA,NA,NA,Y,NA,A,01,0,0,1,0,0,0,0,0,0,-,-,34.277198791503906,-118.3890380859375,LOS ANGELES,LOS ANGELES,-118.3890380859375,34.27720260620117
90798615,2018,2018-08-27,9530,2018-08-15,1235,016110,NA,3,1,9,1900,0,3,5,NA,2,001,ALAMEDA ST.    (9500 BLOCK),95TH ST.,30,S,N,A,-,N,NA,NA,NA,NA,NA,NA,NA,NA,NA,N,4,0,1,2,A,-,03,22350,NA,N,C,C,A,A,H,-,A,D,0,NA,NA,NA,NA,Y,NA,A,07,0,0,1,0,0,0,0,0,0,-,-,33.95050811767578,-118.22965240478516,LOS ANGELES,UNINCORPORATED,-118.2294692993164,33.95044708251953
90798617,2018,2018-08-27,9590,2018-08-19,0426,021346,NA,7,3,7,1942,0,1,1,NA,2,050,I-110 NORTHBOUND (HARBOR FREEWAY),79TH STREET,400,S,N,A,-,Y,NA,NA,110,NA,NA,NA,NA,NA,N,Y,4,0,2,2,A,-,03,22350,NA,N,C,C,A,A,H,-,C,D,0,NA,NA,NA,NA,Y,NA,A,07,0,0,2,0,0,0,0,0,0,-,-,33.966758728027344,-118.2806396484375,LOS ANGELES,LOS ANGELES,-118.28073120117188,33.966758728027344
90798620,2018,2018-08-27,9575,2018-08-24,0850,021878,NA,5,1,7,1942,0,1,1,NA,2,053,I-5 S/B (GOLDEN STATE FREEWAY),PAXTON STREET,475,N,N,A,-,Y,NA,NA,5,NA,NA,NA,NA,NA,S,Y,4,0,1,3,A,-,03,22350,NA,N,C,C,A,A,H,-,A,D,0,NA,NA,NA,NA,Y,NA,D,22,0,0,1,0,0,0,0,0,0,-,-,34.264198303222656,-118.44178771972656,LOS ANGELES,LOS ANGELES,-118.44185638427734,34.264156341552734
90798643,2018,2018-08-27,9540,2018-08-21,0855,019254,NA,2,1,6,1985,0,1,3,NA,1,145,SR-14 S/B (ANTELOPE VALLEY FREEWAY),GOLDEN VALLEY ROAD,205,S,N,A,-,Y,NA,NA,14,NA,NA,NA,NA,NA,S,Y,3,0,2,2,A,-,03,22350,NA,N,C,C,A,A,H,-,A,D,0,NA,NA,NA,NA,Y,NA,A,01,0,2,0,0,0,0,0,0,0,-,-,34.39226150512695,-118.47315979003906,LOS ANGELES,SANTA CLARITA,-118.4731903076172,34.392311096191406
90798645,2018,2018-08-27,9590,2018-08-21,1637,022160,NA,2,2,7,1942,0,1,1,NA,2,061,I-10 W/B (SMF COLLECTOR),WESTERN AVE O/C,200,W,N,A,-,Y,NA,NA,10,NA,NA,NA,NA,NA,W,Y,4,0,1,3,A,-,03,22350,NA,N,C,C,A,A,H,-,A,D,0,NA,NA,NA,NA,Y,NA,A,07,0,0,1,0,0,0,0,0,0,-,-,34.03742980957031,-118.31204223632813,LOS ANGELES,LOS ANGELES,-118.3120346069336,34.03725814819336
90798670,2018,2018-08-27,9540,2018-08-22,1256,013893,NA,3,1,9,1900,0,1,1,NA,2,509,I-5 SOUTHBOUND (GOLDEN STATE FWY),TAPIA CANYON RD,2112,S,N,A,-,Y,NA,NA,5,NA,NA,NA,NA,NA,S,Y,4,0,1,2,A,-,08,22107,NA,N,D,C,A,A,D,-,A,D,0,NA,NA,NA,Y,Y,NA,A,01,0,0,1,0,0,0,0,0,0,-,-,34.475521087646484,-118.61531829833984,LOS ANGELES,UNINCORPORATED,-118.61526489257813,34.47550964355469
90798673,2018,2018-08-27,9550,2018-08-17,0445,018412,NA,5,3,6,1920,0,1,1,NA,2,500,I-5 N/B,PARAMOUNT BOULEVARD,162,N,N,A,-,Y,NA,NA,5,NA,NA,NA,NA,NA,N,Y,3,0,2,2,A,-,08,22107,NA,M,B,C,A,A,H,-,D,D,0,NA,NA,NA,NA,Y,NA,A,01,0,2,0,0,0,0,0,0,0,-,-,33.96480941772461,-118.12030029296876,LOS ANGELES,DOWNEY,-118.12036895751952,33.96476364135742
90798674,2018,2018-08-27,9530,2018-08-16,0945,021004,NA,4,1,9,1900,0,3,5,NA,2,002,WILLOWBROOK AVE.,126TH ST.,42,S,N,A,-,N,NA,NA,NA,NA,NA,NA,NA,NA,NA,Y,4,0,1,1,A,-,08,22107,NA,N,E,I,A,A,H,-,A,D,0,NA,NA,NA,NA,Y,NA,A,01,0,0,1,0,0,0,0,0,0,-,-,33.91796875,-118.23204040527344,LOS ANGELES,UNINCORPORATED,-118.23260498046876,33.917903900146484
90798677,2018,2018-08-27,9525,2018-08-17,1615,021074,NA,5,2,4,1913,0,1,1,NA,2,220,SR-210 E/B (FOOTHILL FWY),BASELINE RD.,2500,W,N,A,-,Y,NA,NA,210,NA,NA,NA,NA,NA,E,Y,2,0,1,3,A,-,07,21658,A,N,B,C,A,A,H,-,A,D,0,NA,NA,Y,NA,Y,NA,A,01,1,0,0,0,0,0,0,0,1,-,-,34.119850158691406,-117.70638275146484,LOS ANGELES,CLAREMONT,-117.70638275146484,34.119834899902344
90798689,2018,2018-08-27,9545,2018-08-16,1655,020849,NA,4,2,9,1900,0,2,4,NA,1,014,LAKE HUGHES RD,ELIZABETH LAKE RD,16896,S,N,A,-,N,NA,NA,NA,NA,NA,NA,NA,NA,NA,N,3,0,1,1,A,-,08,22107,NA,N,E,I,A,A,H,-,A,D,0,NA,NA,NA,NA,Y,NA,A,01,0,1,0,0,0,0,0,0,0,-,-,34.650550842285156,-118.48435974121094,LOS ANGELES,UNINCORPORATED,-118.48378753662108,34.65079879760742
90798708,2018,2018-08-27,9590,2018-08-24,2350,021848,NA,5,3,7,1942,0,1,2,NA,2,071,US-101 S/B (SAF) TO MISSION RD,MISSION ROAD,300,N,N,A,-,Y,NA,NA,101,NA,NA,NA,R,NA,S,Y,3,0,2,2,A,-,01,23152,A,N,C,C,A,A,H,-,C,D,0,NA,NA,NA,NA,Y,Y,A,01,0,1,1,0,0,0,0,0,0,-,-,34.05270004272461,-118.2275390625,LOS ANGELES,LOS ANGELES,-118.2275390625,34.05270004272461
90798722,2018,2018-08-27,9530,2018-08-16,1920,021875,NA,4,2,7,1942,0,1,1,NA,2,200,I-105 W/B (GLENN ANDERSON FWY),VERMONT AVE.,100,E,N,A,-,Y,NA,NA,105,NA,NA,NA,NA,NA,W,Y,3,0,1,1,C,-,18,NA,NA,N,E,H,A,A,H,-,B,D,0,NA,NA,Y,NA,Y,NA,-,-,0,1,0,0,0,0,0,0,1,-,-,33.928871154785156,-118.29100799560548,LOS ANGELES,LOS ANGELES,-118.29100799560548,33.928897857666016
90798723,2018,2018-08-27,9545,2018-08-17,1350,021730,NA,5,1,9,1900,0,1,3,NA,2,011,N/B SR-14 TO AVENUE K,AVENUE K,100,S,N,A,-,Y,NA,NA,NA,NA,NA,NA,NA,NA,NA,Y,4,0,1,3,A,-,03,22350,NA,N,C,C,A,A,H,-,A,D,0,NA,NA,NA,NA,Y,NA,A,01,0,0,1,0,0,0,0,0,0,-,-,34.674049377441406,-118.15550231933594,LOS ANGELES,UNINCORPORATED,-118.15544128417967,34.674537658691406
90798725,2018,2018-12-31,9590,2018-08-17,1505,021926,NA,5,2,7,1942,0,1,1,NA,2,053,I-110 S/B (HARBOR FREEWAY),EXPOSITION BLVD.,200,N,N,A,-,Y,NA,NA,110,NA,NA,NA,NA,NA,S,N,4,0,1,3,A,-,03,22350,NA,N,C,C,A,A,H,-,A,D,0,NA,NA,NA,NA,Y,NA,D,22,0,0,1,0,0,0,0,0,0,-,-,34.01448059082031,-118.28063201904295,LOS ANGELES,LOS ANGELES,-118.28107452392578,34.01450729370117
90798753,2018,2018-08-27,9525,2018-08-18,0410,019941,NA,6,3,6,1955,0,1,3,NA,2,606,SR-60 E/B (POMONA FWY),GAREY AVE,528,W,N,A,-,Y,NA,NA,60,NA,NA,NA,NA,NA,E,Y,3,0,1,1,A,-,08,22107,NA,N,E,I,A,A,H,-,C,D,0,NA,NA,NA,NA,Y,NA,A,01,0,1,0,0,0,0,0,0,0,-,-,34.0240592956543,-117.75649261474608,LOS ANGELES,POMONA,-117.75638580322266,34.024566650390625
90798754,2018,2018-08-27,9575,2018-08-25,2155,021340,NA,6,2,5,1902,0,1,1,NA,2,065,I-210 E/B (FOOTHILL FREEWAY),BALDWIN AVE.,2400,E,N,A,-,Y,NA,NA,210,NA,NA,NA,NA,NA,E,N,4,0,1,2,A,-,03,22350,NA,N,C,C,A,A,H,-,C,D,0,NA,NA,NA,NA,Y,NA,A,01,0,0,1,0,0,0,0,0,0,-,-,34.14873123168945,-118.04258728027344,LOS ANGELES,ARCADIA,-118.04258728027344,34.14872741699219
90798761,2018,2018-08-27,9575,2018-08-25,1620,021879,NA,6,2,7,1942,0,1,1,NA,2,053,I-5 N/B (GOLDEN STATE FREEWAY),VAN NUYS BLVD.,350,N,N,A,-,Y,NA,NA,5,NA,NA,NA,NA,NA,N,N,4,0,2,3,A,-,03,22350,NA,N,C,C,A,A,H,-,A,D,0,NA,NA,NA,NA,Y,NA,A,01,0,0,2,0,0,0,0,0,0,-,-,34.257659912109375,-118.43580627441406,LOS ANGELES,LOS ANGELES,-118.43587493896484,34.257591247558594