CASE_ID,ACCIDENT_YEAR,PROC_DATE,JURIS,COLLISION_DATE,COLLISION_TIME,OFFICER_ID,REPORTING_DISTRICT,DAY_OF_WEEK,CHP_SHIFT,POPULATION,CNTY_CITY_LOC,SPECIAL_COND,BEAT_TYPE,CHP_BEAT_TYPE,CITY_DIVISION_LAPD,CHP_BEAT_CLASS,BEAT_NUMBER,PRIMARY_RD,SECONDARY_RD,DISTANCE,DIRECTION,INTERSECTION,WEATHER_1,WEATHER_2,STATE_HWY_IND,CALTRANS_COUNTY,CALTRANS_DISTRICT,STATE_ROUTE,ROUTE_SUFFIX,POSTMILE_PREFIX,POSTMILE,LOCATION_TYPE,RAMP_INTERSECTION,SIDE_OF_HWY,TOW_AWAY,COLLISION_SEVERITY,NUMBER_KILLED,NUMBER_INJURED,PARTY_COUNT,PRIMARY_COLL_FACTOR,PCF_CODE_OF_VIOL,PCF_VIOL_CATEGORY,PCF_VIOLATION,PCF_VIOL_SUBSECTION,HIT_AND_RUN,TYPE_OF_COLLISION,MVIW,PED_ACTION,ROAD_SURFACE,ROAD_COND_1,ROAD_COND_2,LIGHTING,CONTROL_DEVICE,CHP_ROAD_TYPE,PEDESTRIAN_ACCIDENT,BICYCLE_ACCIDENT,MOTORCYCLE_ACCIDENT,TRUCK_ACCIDENT,NOT_PRIVATE_PROPERTY,ALCOHOL_INVOLVED,STWD_VEHTYPE_AT_FAULT,CHP_VEHTYPE_AT_FAULT,COUNT_SEVERE_INJ,COUNT_VISIBLE_INJ,COUNT_COMPLAINT_PAIN,COUNT_PED_KILLED,COUNT_PED_INJURED,COUNT_BICYCLIST_KILLED,COUNT_BICYCLIST_INJURED,COUNT_MC_KILLED,COUNT_MC_INJURED,PRIMARY_RAMP,SECONDARY_RAMP,LATITUDE,LONGITUDE,COUNTY,CITY,POINT_X,POINT_Y
90801571,2018,2018-08-30,9565,2018-08-10,1550,022014,NA,5,2,9,1900,0,2,4,NA,2,021,VERMONT AVE S/B,112TH ST,10,N,N,A,-,N,NA,NA,NA,NA,NA,NA,NA,NA,NA,N,4,0,1,2,A,-,21,22106,NA,N,D,C,A,A,H,-,A,D,0,NA,NA,NA,NA,Y,NA,A,08,0,0,1,0,0,0,0,0,0,-,-,33.93299865722656,-118.29193115234376,LOS ANGELES,UNINCORPORATED,-118.29193878173828,33.932857513427734
90801592,2018,2018-08-30,9545,2018-08-24,1545,020749,NA,5,2,9,1900,0,3,5,NA,2,004,TUMBLEWEED ROAD,PIANI ROAD,540,E,N,A,-,N,NA,NA,NA,NA,NA,NA,NA,NA,NA,N,3,0,1,1,A,-,08,22107,NA,N,F,A,A,A,H,-,A,D,0,NA,NA,Y,NA,Y,NA,C,02,0,1,0,0,0,0,0,0,1,-,-,34.44112014770508,-117.89063262939452,LOS ANGELES,UNINCORPORATED,-117.89057159423828,34.4410285949707
90801613,2018,2018-08-30,9575,2018-07-27,2330,020492,NA,5,3,6,1912,0,1,1,NA,2,051,WALNUT ST ON-RAMP TO N/B I-5,WALNUT ST,45,N,N,A,-,Y,NA,NA,NA,NA,NA,NA,NA,NA,NA,N,3,0,2,1,A,-,17,21461,A,N,E,J,A,A,H,-,C,D,0,NA,NA,NA,NA,Y,NA,A,01,0,2,0,0,0,0,0,0,0,-,-,34.18714141845703,-118.3205795288086,LOS ANGELES,BURBANK,NA,NA
90801632,2018,2018-08-30,9580,2018-08-20,2045,021963,NA,1,2,7,1942,0,1,3,NA,2,171,SR-170 S/B (HOLLYWOOD FWY.),SHELDON ST,500,S,N,A,-,Y,NA,NA,170,NA,NA,NA,NA,NA,S,N,4,0,1,1,C,-,18,NA,NA,N,H,A,A,A,H,-,C,D,0,NA,NA,NA,NA,Y,NA,-,-,0,0,1,0,0,0,0,0,0,-,-,34.22711181640625,-118.41092681884766,LOS ANGELES,LOS ANGELES,-118.41091918945313,34.227108001708984
90801645,2018,2018-08-30,9545,2018-08-27,1625,015589,NA,1,2,6,1992,0,1,3,NA,2,011,SR-14 N/B TO AVENUE L,AVENUE L,6,S,N,A,-,Y,NA,NA,14,NA,NA,NA,R,NA,N,Y,3,0,1,1,A,-,08,22107,NA,N,E,I,A,A,H,-,A,A,0,NA,NA,NA,NA,Y,NA,A,07,0,1,0,0,0,0,0,0,0,-,-,34.66004943847656,-118.1518783569336,LOS ANGELES,LANCASTER,-118.1518783569336,34.66004943847656
90801651,2018,2018-08-30,9550,2018-08-23,0750,021950,NA,4,1,9,1900,0,2,4,NA,1,012,PIONEER BOULEVARD,WASHINGTON BOULEVARD,500,N,N,B,-,N,NA,NA,NA,NA,NA,NA,NA,NA,NA,Y,4,0,2,2,A,-,07,21658,A,N,B,C,A,A,H,-,A,D,0,NA,NA,NA,NA,Y,NA,A,08,0,0,2,0,0,0,0,0,0,-,-,33.975868225097656,-118.07861328125,LOS ANGELES,UNINCORPORATED,-118.0785675048828,33.9749755859375
90801659,2018,2018-08-30,9565,2018-08-24,0640,015587,NA,5,1,7,1942,0,1,1,NA,2,060,I-405 N/B (SAN DIEGO FREEWAY),LA CIENEGA BLVD,500,N,N,B,-,Y,NA,NA,405,NA,NA,NA,NA,NA,N,Y,3,0,1,2,A,-,07,21658,A,F,B,C,A,A,H,-,A,D,0,NA,NA,Y,NA,Y,NA,-,99,0,1,0,0,0,0,0,0,1,-,-,33.968170166015625,-118.3716278076172,LOS ANGELES,LOS ANGELES,-118.37164306640624,33.968162536621094
90801682,2018,2018-08-30,9530,2018-08-20,1540,021875,NA,1,2,7,1941,0,1,1,NA,2,420,I-405 S/B (SAN DIEGO FREEWAY),SPRING ST.,1000,N,N,A,-,Y,NA,NA,405,NA,NA,NA,NA,NA,S,Y,2,0,1,2,A,-,03,22350,NA,N,C,C,A,A,H,-,A,D,0,NA,NA,Y,NA,Y,NA,C,02,1,0,0,0,0,0,0,0,1,-,-,33.81283187866211,-118.16549682617188,LOS ANGELES,LONG BEACH,-118.16551208496094,33.81278610229492
90801699,2018,2018-08-30,9525,2018-08-28,0905,018366,NA,2,1,4,1960,0,1,3,NA,2,571,SR-57 S/B (ORANGE FWY),SAN DIMAS AVE.,2640,S,N,A,-,Y,NA,NA,57,NA,NA,NA,NA,NA,S,Y,4,0,1,4,A,-,07,21658,A,N,B,C,A,A,H,-,A,D,0,NA,NA,NA,Y,Y,NA,G,25,0,0,1,0,0,0,0,0,0,-,-,34.08544921875,-117.819580078125,LOS ANGELES,SAN DIMAS,-117.81964111328124,34.0854377746582
90801721,2018,2018-08-30,9590,2018-08-23,1750,21951,NA,4,2,7,1942,0,1,1,NA,2,060,I-10 E/B (SANTA MONICA FWY),10TH AVE,250,W,N,A,-,Y,NA,NA,10,NA,NA,NA,NA,NA,E,Y,4,0,2,3,A,-,03,22350,NA,N,C,D,A,A,H,-,A,D,0,NA,NA,NA,NA,Y,NA,A,07,0,0,2,0,0,0,0,0,0,-,-,34.03519821166992,-118.32924652099608,LOS ANGELES,LOS ANGELES,-118.32924652099608,34.03517150878906
90801737,2018,2018-08-30,9525,2018-08-30,0825,018505,NA,4,1,6,1975,0,1,1,NA,2,104,I-10 E/B (SAN BERNARDINO FWY),WEST COVINA PARKWAY,2640,W,N,A,-,Y,NA,NA,10,NA,NA,NA,NA,NA,E,Y,3,0,2,3,A,-,03,22350,NA,N,C,C,A,A,D,E,A,D,0,NA,NA,NA,NA,Y,NA,A,08,0,2,0,0,0,0,0,0,0,-,-,34.07120895385742,-117.952392578125,LOS ANGELES,WEST COVINA,-117.95237731933594,34.07109451293945
90801777,2018,2018-08-30,9565,2018-08-24,1900,022117,NA,5,2,4,1918,0,1,1,NA,2,061,I-405 S/B (SAN DIEGO FWY.),WASHINGTON PL.,561,S,N,A,-,Y,NA,NA,405,NA,NA,NA,NA,NA,S,Y,4,0,2,4,A,-,01,23152,F,N,C,C,A,A,H,-,B,D,0,NA,NA,NA,NA,Y,NA,A,01,0,0,2,0,0,0,0,0,0,-,-,34.00651931762695,-118.4143524169922,LOS ANGELES,CULVER CITY,-118.4141845703125,34.006649017333984
90801779,2018,2018-08-30,9565,2018-08-18,0420,021658,NA,6,3,7,1942,0,1,1,NA,2,064,I-405 N/B TO SKIRBALL CENTER DR.,SKIRBALL CENTER DR,600,N,N,A,-,Y,NA,NA,405,NA,NA,NA,R,NA,N,Y,4,0,1,1,A,-,03,22350,NA,N,A,I,A,A,H,-,C,D,0,NA,NA,NA,NA,Y,NA,A,01,0,0,1,0,0,0,0,0,0,-,-,34.124000549316406,-118.47683715820313,LOS ANGELES,LOS ANGELES,-118.47683715820313,34.124000549316406
90801790,2018,2018-08-30,9575,2018-08-14,1910,021955,NA,2,2,7,1942,0,1,1,NA,2,061,I-210 W/B (FOOTHILL FREEWAY),SUNLAND BLVD.,3060,E,N,A,-,Y,NA,NA,210,NA,NA,NA,NA,NA,W,Y,4,0,1,2,A,-,03,22350,NA,N,C,C,A,A,H,-,B,D,0,NA,NA,NA,Y,Y,NA,A,01,0,0,1,0,0,0,0,0,0,-,-,34.25297164916992,-118.32333374023438,LOS ANGELES,LOS ANGELES,-118.32341003417967,34.2529182434082
90801811,2018,2018-08-30,9565,2018-08-17,1700,022014,NA,5,2,5,1928,0,1,1,NA,2,012,I-105 E/B (CENTURY FREEWAY),CRENSHAW BLVD,50,W,N,A,-,Y,NA,NA,NA,NA,NA,NA,NA,NA,NA,Y,3,0,1,2,A,-,08,22107,NA,N,A,A,A,A,H,-,A,A,0,NA,NA,Y,NA,Y,NA,-,-,0,1,0,0,0,0,0,0,1,-,-,33.9250602722168,-118.37400817871094,LOS ANGELES,HAWTHORNE,-118.32658386230467,33.92502975463867
90801827,2018,2018-08-30,9565,2018-08-22,0843,022097,NA,3,1,9,1900,0,2,4,NA,2,031,LA CIENEGA BLVD N/B,SLAUSON AVE,2247,S,N,A,-,N,NA,NA,NA,NA,NA,NA,NA,NA,NA,N,4,0,1,3,A,-,03,22350,NA,N,C,C,A,A,H,-,A,D,0,NA,NA,NA,NA,Y,NA,A,01,0,0,1,0,0,0,0,0,0,-,-,33.9830207824707,-118.3704071044922,LOS ANGELES,UNINCORPORATED,-118.37120819091795,33.98802947998047
90801850,2018,2018-08-30,9550,2018-08-23,0520,021934,NA,4,3,9,1900,0,1,3,NA,2,091,SR-91 WB,STUDEBAKER ROAD,1600,E,N,B,-,Y,NA,NA,91,NA,NA,NA,NA,NA,W,N,4,0,1,1,A,-,08,22107,NA,N,E,I,A,A,H,-,C,D,0,NA,NA,Y,NA,Y,NA,C,02,0,0,1,0,0,0,0,0,1,-,-,33.87657165527344,-118.09429931640624,LOS ANGELES,UNINCORPORATED,-118.09429931640624,33.876407623291016
90801862,2018,2018-08-30,9525,2018-08-30,0915,014593,NA,4,1,1,1932,0,1,3,NA,2,602,SR-60 E/B (POMONA FWY),FAIRWAY DR.,500,E,N,A,-,Y,NA,NA,60,NA,NA,NA,NA,NA,E,N,4,0,1,2,A,-,03,22350,NA,N,C,C,A,A,H,-,A,D,0,NA,NA,NA,NA,Y,NA,A,01,0,0,1,0,0,0,0,0,0,-,-,33.99728012084961,-117.8630828857422,LOS ANGELES,INDUSTRY,-117.86309051513672,33.99735641479492
90801870,2018,2018-08-30,9535,2018-08-16,1804,022017,NA,4,2,9,1900,0,3,5,NA,2,002,HICKS AVENUE (1300 BLOCK),OLYMPIC BOULEVARD,250,S,N,A,-,N,NA,NA,NA,NA,NA,NA,NA,NA,NA,Y,2,0,2,3,A,-,03,22350,NA,N,G,B,F,A,H,-,A,D,0,Y,NA,Y,NA,Y,NA,C,02,1,0,1,0,1,0,0,0,1,-,-,34.01811981201172,-118.19023895263672,LOS ANGELES,UNINCORPORATED,-118.19025421142578,34.018184661865234
90801873,2018,2018-08-30,9550,2018-08-28,0625,016109,NA,2,1,9,1900,0,1,3,NA,2,600,STATE ROUTE 60 WESTBOUND,CROSSROADS PARKWAY,100,E,N,A,-,Y,NA,NA,60,NA,NA,NA,NA,NA,W,Y,3,0,1,2,A,-,07,21658,A,N,B,C,A,A,H,-,A,D,0,NA,NA,Y,NA,Y,NA,A,07,0,1,0,0,0,0,0,0,1,-,-,34.0293083190918,-118.01235961914064,LOS ANGELES,UNINCORPORATED,-118.01235961914064,34.02919387817383
90801905,2018,2018-10-25,9535,2018-08-26,2040,020943,NA,7,2,5,1906,0,1,1,NA,2,650,I-605 N/B (SAN GABRIEL RIVER FREEWAY),VALLEY BLVD.,700,N,N,A,-,Y,NA,NA,NA,NA,NA,NA,NA,NA,NA,Y,3,0,2,1,A,-,08,22107,NA,N,E,I,A,A,H,-,C,D,0,NA,NA,NA,NA,Y,NA,A,01,0,1,1,0,0,0,0,0,0,-,-,34.02540969848633,-118.26129150390624,LOS ANGELES,BALDWIN PARK,-118.003173828125,34.056053161621094
90801951,2018,2018-08-30,9535,2018-08-30,0840,013259,NA,4,1,5,1947,0,1,3,NA,2,620,SR-60 E/B (POMONA FREEWAY),SAN GABRIEL BLVD.,123,W,N,A,-,Y,NA,NA,60,NA,NA,NA,NA,NA,E,N,4,0,1,4,A,-,04,21703,NA,N,C,C,A,A,H,-,A,D,0,NA,NA,NA,NA,Y,NA,A,07,0,0,1,0,0,0,0,0,0,-,-,34.03710174560547,-118.08778381347656,LOS ANGELES,MONTEBELLO,-118.08779907226564,34.03718566894531
90802010,2018,2018-08-30,9545,2018-06-28,2330,019414,NA,4,3,9,1900,0,3,5,NA,2,004,VALYERMO ROAD,PALLET CREEK RD,2086,N,N,A,-,N,NA,NA,NA,NA,NA,NA,NA,NA,NA,Y,1,1,3,1,A,-,01,23152,A,N,E,I,A,A,H,-,D,D,0,NA,NA,NA,NA,Y,Y,D,22,0,3,0,0,0,0,0,0,0,-,-,34.465789794921875,-117.86267852783205,LOS ANGELES,UNINCORPORATED,-117.86269378662108,34.46580505371094
90802033,2018,2018-08-30,9590,2018-08-25,1206,022041,NA,6,1,7,1942,0,1,3,NA,2,095,SR-2 W/B (GLF) TO I-5 S/B (GSF),RIPPLE ST U/C,300,W,N,A,-,Y,NA,NA,2,NA,NA,NA,R,NA,W,N,4,0,1,3,A,-,03,22350,NA,N,C,C,A,A,H,-,A,D,0,NA,NA,NA,NA,Y,NA,-,99,0,0,1,0,0,0,0,0,0,-,-,34.107540130615234,-118.24996948242188,LOS ANGELES,LOS ANGELES,-118.24996948242188,34.107540130615234
90802036,2018,2018-08-30,9525,2018-08-29,1244,017506,NA,3,1,4,1938,0,1,1,NA,2,208,SR-210 E/B (FOOTHILL FWY),FOOTHILL BLVD,500,W,N,A,-,Y,NA,NA,210,NA,NA,NA,NA,NA,E,Y,3,0,1,1,A,-,08,22107,NA,N,F,A,A,A,H,-,A,D,0,NA,NA,NA,NA,Y,NA,A,08,0,1,0,0,0,0,0,0,0,-,-,34.11980056762695,-117.7895965576172,LOS ANGELES,LA VERNE,-117.78960418701172,34.11983108520508
90802059,2018,2018-08-30,9550,2018-08-21,0900,021954,NA,2,1,9,1900,0,3,5,NA,2,001,MINES BOULEVARD,BROADWAY,0,NA,Y,A,-,N,NA,NA,NA,NA,NA,NA,NA,NA,NA,Y,3,0,1,2,A,-,12,21453,A,N,D,C,A,A,H,-,A,A,0,NA,NA,NA,NA,Y,NA,A,07,0,1,0,0,0,0,0,0,0,-,-,33.977569580078125,-118.06481170654295,LOS ANGELES,UNINCORPORATED,-118.06479644775392,33.97755813598633
90802154,2018,2018-08-30,9535,2018-08-20,1125,013584,NA,1,1,9,1900,0,2,4,NA,2,011,EASTERN AVE,RAMONA BLVD,0,NA,Y,A,-,Y,NA,NA,NA,NA,NA,NA,NA,NA,NA,Y,3,0,3,2,A,-,09,21801,A,N,A,C,A,A,H,-,A,A,0,NA,NA,NA,NA,Y,NA,A,08,0,1,2,0,0,0,0,0,0,-,-,34.05963134765625,-118.17286682128906,LOS ANGELES,UNINCORPORATED,-118.17285919189452,34.0595703125
90802158,2018,2018-08-30,9525,2018-08-25,1336,020847,NA,6,1,4,1946,0,1,1,NA,2,201,I-210 W/B (FOOTHILL FWY),MYRTLE AVE,50,W,N,A,-,Y,NA,NA,210,NA,NA,NA,NA,NA,W,Y,3,0,1,2,A,-,03,22350,NA,N,C,C,A,A,H,-,A,D,0,NA,NA,NA,NA,Y,NA,A,07,0,1,0,0,0,0,0,0,0,-,-,34.13563919067383,-118.00263214111328,LOS ANGELES,MONROVIA,-118.00263214111328,34.135562896728516
90803159,2018,2018-08-31,9590,2018-08-25,1655,021622,NA,6,2,7,1942,0,1,1,NA,2,064,I-10 E/B (SANTA MONICA FREEWAY),GRIFFITH AVENUE,50,E,N,A,-,Y,NA,NA,10,NA,NA,NA,NA,NA,E,N,4,0,1,3,A,-,03,22350,NA,N,C,C,A,A,H,-,A,D,0,NA,NA,NA,NA,Y,NA,A,08,0,0,1,0,0,0,0,0,0,-,-,34.0272102355957,-118.25196075439452,LOS ANGELES,LOS ANGELES,-118.25193786621094,34.02725601196289
90803161,2018,2018-08-31,9550,2018-08-29,1346,015045,NA,3,1,6,1949,0,1,1,NA,2,651,I-605 N/B (SAN GABRIEL RIVER FREEWAY),ROSECRANS AVENUE,20,N,N,A,-,Y,NA,NA,605,NA,NA,NA,NA,NA,N,Y,3,0,2,2,A,-,07,21658,A,N,B,C,A,A,H,-,A,D,0,NA,NA,NA,NA,Y,NA,D,22,0,1,1,0,0,0,0,0,0,-,-,33.901859283447266,-118.10514068603516,LOS ANGELES,NORWALK,-118.10506439208984,33.9018669128418
90803168,2018,2018-08-31,9525,2018-08-23,1650,019062,NA,4,2,5,1990,0,1,3,NA,2,571,SR-57 S/B (ORANGE FWY),SUNSET CROSSING RD,200,N,N,A,-,Y,NA,NA,57,NA,NA,NA,NA,NA,S,N,4,0,1,2,A,-,07,21658,A,N,C,C,A,A,H,-,A,D,0,NA,NA,Y,NA,Y,NA,A,01,0,0,1,0,0,0,0,0,1,-,-,34.03142166137695,-117.80996704101564,LOS ANGELES,DIAMOND BAR,-117.81005096435548,34.03147506713867
90803170,2018,2018-08-31,9590,2018-08-26,1400,021622,NA,7,2,7,1942,0,1,1,NA,2,064,I-10 E/B (SANTA MONICA FREEWAY),MATEO STREET,150,W,N,A,-,Y,NA,NA,10,NA,NA,NA,NA,NA,E,N,4,0,1,2,A,-,03,22350,NA,N,C,C,A,A,H,-,A,D,0,NA,NA,NA,NA,Y,NA,A,08,0,0,1,0,0,0,0,0,0,-,-,34.02717971801758,-118.23272705078124,LOS ANGELES,LOS ANGELES,-118.23277282714844,34.02727508544922
90803172,2018,2018-08-31,9590,2018-08-29,1440,021678,NA,3,2,7,1942,0,1,2,NA,2,072,US-101 N/B (HOLLYWOOD FREEWAY),CAHUENGA AVE,500,N,N,A,-,Y,NA,NA,101,NA,NA,NA,NA,NA,N,N,3,0,1,2,A,-,03,22350,NA,N,C,C,A,A,H,-,A,D,0,NA,NA,NA,NA,Y,NA,A,01,0,1,0,0,0,0,0,0,0,-,-,34.10926055908203,-118.33262634277344,LOS ANGELES,LOS ANGELES,-118.33267974853516,34.10917663574219
90803174,2018,2018-08-31,9590,2018-08-23,0821,016856,NA,4,1,7,1942,0,1,1,NA,2,060,I-10 W/B (SANTA MONICA FREEWAY),LA BREA AVENUE,1618,W,N,A,-,Y,NA,NA,10,NA,NA,NA,NA,NA,W,Y,4,0,1,4,A,-,03,22350,NA,N,C,C,A,A,H,-,A,D,0,NA,NA,NA,NA,Y,NA,A,07,0,0,1,0,0,0,0,0,0,-,-,34.0341682434082,-118.35547637939452,LOS ANGELES,LOS ANGELES,-118.35547637939452,34.03413009643555
90803178,2018,2018-08-31,9550,2018-08-22,1730,020551,NA,3,2,5,1976,0,1,1,NA,2,650,I-605 NORTHBOUND,BEVERLY BLVD.,200,N,N,A,-,Y,NA,NA,NA,NA,NA,NA,NA,NA,NA,Y,4,0,1,4,A,-,03,22350,NA,N,C,C,A,A,H,-,A,D,0,NA,NA,NA,NA,Y,NA,D,22,0,0,1,0,0,0,0,0,0,-,-,34.00788879394531,-118.05921173095705,LOS ANGELES,WHITTIER,-118.06328582763672,34.004722595214844
90803182,2018,2018-08-31,9550,2018-08-30,1950,015045,NA,4,2,6,1949,0,1,1,NA,2,651,I-605 N/B (SAN GABRIEL RIVER FREEWAY),FIRESTONE BOULEVARD,528,N,N,A,-,Y,NA,NA,605,NA,NA,NA,NA,NA,N,Y,3,0,1,2,A,-,03,22350,NA,N,C,C,A,A,H,-,D,D,0,NA,NA,NA,NA,Y,NA,A,01,0,1,0,0,0,0,0,0,0,-,-,33.926570892333984,-118.1034698486328,LOS ANGELES,NORWALK,-118.1034698486328,33.926570892333984
90803196,2018,2018-09-20,9550,2018-08-21,0005,021578,NA,2,3,6,1949,0,1,1,NA,2,651,I-605 N/B,FOSTER RD.,100,S,N,A,-,Y,NA,NA,605,NA,NA,NA,NA,NA,N,Y,3,0,1,2,A,-,07,21658,A,N,C,C,A,A,H,-,C,D,0,NA,NA,NA,NA,Y,NA,-,-,0,1,0,0,0,0,0,0,0,-,-,33.90935134887695,-118.10488891601564,LOS ANGELES,NORWALK,-118.10487365722656,33.90934753417969
90803230,2018,2018-08-31,9565,2018-08-22,1635,021951,NA,3,2,9,1900,0,2,4,NA,2,022,EL SEGUNDO BLVD,NORMANDIE AVENUE,0,NA,Y,A,-,N,NA,NA,NA,NA,NA,NA,NA,NA,NA,Y,4,0,1,2,A,-,12,21453,A,N,A,C,A,A,H,-,A,A,0,NA,NA,NA,Y,Y,NA,G,26,0,0,1,0,0,0,0,0,0,-,-,33.916481018066406,-118.30036163330078,LOS ANGELES,UNINCORPORATED,-118.30039215087892,33.91643142700195
9080324,2020,2020-06-17,1942,2020-02-11,1815,43105,1657,2,5,7,1942,0,0,0,P,0,16X2,FOOTHILL,VALMONT ST,0,NA,Y,A,-,N,NA,NA,NA,NA,NA,NA,NA,NA,NA,N,4,0,1,2,B,-,22,NA,NA,N,-,C,A,A,H,-,C,D,0,NA,NA,NA,NA,Y,NA,-,NA,0,0,1,0,0,0,0,0,0,-,-,NA,NA,LOS ANGELES,LOS ANGELES,-118.2947235107422,34.2523307800293
90803251,2018,2018-08-31,9575,2018-08-24,1940,021925,NA,5,2,6,1912,0,1,1,NA,2,051,I-5 S/B (GOLDEN STATE FREEWAY),BUENA VISTA STREET,575,S,N,A,-,Y,NA,NA,5,NA,NA,NA,NA,NA,S,N,4,0,1,3,A,-,03,22350,NA,N,C,C,A,A,H,-,C,D,0,NA,NA,NA,NA,Y,NA,A,01,0,0,1,0,0,0,0,0,0,-,-,34.197181701660156,-118.33601379394533,LOS ANGELES,BURBANK,-118.33599090576172,34.19720458984375
90803255,2018,2018-08-31,9540,2018-08-10,0600,018513,NA,5,1,9,1900,0,1,3,NA,2,149,SR-14 S/B (ANTELOPE VALLEY FREEWAY),SIERRA HIGHWAY,1056,N,N,A,-,Y,NA,NA,14,NA,NA,NA,NA,NA,S,Y,3,0,3,3,A,-,07,21658,A,N,C,C,A,A,H,-,A,D,0,NA,NA,Y,NA,Y,NA,A,01,0,1,2,0,0,0,0,0,1,-,-,34.34247970581055,-118.50563049316406,LOS ANGELES,UNINCORPORATED,-118.50566864013672,34.34249496459961
90803256,2018,2018-08-31,9530,2018-08-18,2030,022051,NA,6,2,9,1900,0,3,5,NA,2,001,ALAMEDA STREET,92ND STREET,0,NA,Y,A,-,N,NA,NA,NA,NA,NA,NA,NA,NA,NA,Y,2,0,1,3,A,-,09,21801,A,N,D,C,A,A,H,-,C,A,0,NA,NA,Y,NA,Y,NA,D,22,1,0,0,0,0,0,0,0,1,-,-,33.95320129394531,-118.2301025390625,LOS ANGELES,UNINCORPORATED,-118.22963714599608,33.953311920166016
90803258,2018,2018-08-31,9530,2018-08-17,2040,021642,NA,5,2,9,1900,0,3,5,NA,2,007,7TH ST. (1200 BLOCK),PATTON AVE.,200,E,N,A,-,N,NA,NA,NA,NA,NA,NA,NA,NA,NA,Y,2,0,3,2,A,-,05,21650,NA,N,A,C,A,A,H,-,C,D,0,NA,NA,NA,NA,Y,NA,A,01,1,1,1,0,0,0,0,0,0,-,-,33.73789978027344,-118.30496215820313,LOS ANGELES,UNINCORPORATED,-118.30494689941406,33.73792266845703
90803273,2018,2018-08-31,9575,2018-08-26,2100,021879,NA,7,2,7,1942,0,1,1,NA,2,052,I-5 N/B (GOLDEN STATE FREEWAY),SUNLAND BLVD.,10,N,N,A,-,Y,NA,NA,5,NA,NA,NA,NA,NA,N,Y,4,0,2,2,A,-,03,22350,NA,N,C,C,A,A,H,-,C,D,0,NA,NA,NA,NA,Y,NA,A,01,0,0,2,0,0,0,0,0,0,-,-,34.22216033935547,-118.36647033691406,LOS ANGELES,LOS ANGELES,-118.36647033691406,34.222110748291016
9080328,2020,2020-06-17,1942,2020-03-15,2150,42170,1641,7,5,7,1942,0,0,0,P,0,19X99,REMICK AV,GAGER ST,0,NA,Y,A,-,N,NA,NA,NA,NA,NA,NA,NA,NA,NA,N,3,0,1,2,B,-,22,NA,NA,N,C,E,A,A,H,-,D,D,0,NA,NA,NA,NA,Y,NA,-,-,0,1,0,0,0,0,0,0,0,-,-,NA,NA,LOS ANGELES,LOS ANGELES,-118.42981719970705,34.253849029541016
90803294,2018,2018-08-31,9530,2018-08-21,1840,021842,NA,2,2,9,1900,0,3,5,NA,2,001,FIRESTONE BLVD.,ALAMEDA ST.,0,NA,Y,A,-,N,NA,NA,NA,NA,NA,NA,NA,NA,NA,N,4,0,1,2,A,-,08,22100,A,N,B,C,A,A,H,-,A,A,0,NA,NA,NA,NA,Y,NA,A,07,0,0,1,0,0,0,0,0,0,-,-,33.95777893066406,-118.23108673095705,LOS ANGELES,UNINCORPORATED,-118.2310791015625,33.95779037475586
90803297,2018,2018-08-31,9535,2018-08-29,0840,015636,NA,3,1,5,1952,0,1,1,NA,2,104,I-105 (CENTURY FREEWAY) E/B,I-710 N/B,600,E,N,A,-,Y,NA,NA,105,NA,NA,NA,NA,NA,E,Y,4,0,1,3,A,-,03,22350,NA,N,C,C,A,A,H,-,A,D,0,NA,NA,NA,NA,Y,NA,A,01,0,0,1,0,0,0,0,0,0,-,-,33.912010192871094,-118.1778564453125,LOS ANGELES,PARAMOUNT,-118.17787933349608,33.91194534301758
90803327,2018,2019-05-03,9550,2018-08-21,0006,021578,NA,2,3,6,1949,0,1,1,NA,2,651,I-605 N/B,FOSTER RD.,60,S,N,A,-,Y,NA,NA,605,NA,NA,NA,NA,NA,N,Y,3,0,3,4,A,-,03,22350,NA,N,D,C,E,A,H,-,C,D,0,Y,NA,NA,NA,Y,NA,A,01,0,3,0,0,1,0,0,0,0,-,-,33.90935134887695,-118.10488891601564,LOS ANGELES,NORWALK,-118.10487365722656,33.90934753417969
90803336,2018,2018-08-31,9530,2018-08-21,0720,021689,NA,2,1,9,1900,0,1,1,NA,2,120,I-110 N/B (HARBOR FREEWAY),228TH ST.,100,S,N,A,-,Y,NA,NA,110,NA,NA,NA,NA,NA,N,Y,3,0,1,4,A,-,03,22350,NA,N,C,C,A,A,H,-,A,D,0,NA,NA,NA,NA,Y,NA,D,22,0,1,0,0,0,0,0,0,0,-,-,33.81882858276367,-118.28726959228516,LOS ANGELES,UNINCORPORATED,-118.28720092773438,33.81882858276367