CASE_ID,ACCIDENT_YEAR,PROC_DATE,JURIS,COLLISION_DATE,COLLISION_TIME,OFFICER_ID,REPORTING_DISTRICT,DAY_OF_WEEK,CHP_SHIFT,POPULATION,CNTY_CITY_LOC,SPECIAL_COND,BEAT_TYPE,CHP_BEAT_TYPE,CITY_DIVISION_LAPD,CHP_BEAT_CLASS,BEAT_NUMBER,PRIMARY_RD,SECONDARY_RD,DISTANCE,DIRECTION,INTERSECTION,WEATHER_1,WEATHER_2,STATE_HWY_IND,CALTRANS_COUNTY,CALTRANS_DISTRICT,STATE_ROUTE,ROUTE_SUFFIX,POSTMILE_PREFIX,POSTMILE,LOCATION_TYPE,RAMP_INTERSECTION,SIDE_OF_HWY,TOW_AWAY,COLLISION_SEVERITY,NUMBER_KILLED,NUMBER_INJURED,PARTY_COUNT,PRIMARY_COLL_FACTOR,PCF_CODE_OF_VIOL,PCF_VIOL_CATEGORY,PCF_VIOLATION,PCF_VIOL_SUBSECTION,HIT_AND_RUN,TYPE_OF_COLLISION,MVIW,PED_ACTION,ROAD_SURFACE,ROAD_COND_1,ROAD_COND_2,LIGHTING,CONTROL_DEVICE,CHP_ROAD_TYPE,PEDESTRIAN_ACCIDENT,BICYCLE_ACCIDENT,MOTORCYCLE_ACCIDENT,TRUCK_ACCIDENT,NOT_PRIVATE_PROPERTY,ALCOHOL_INVOLVED,STWD_VEHTYPE_AT_FAULT,CHP_VEHTYPE_AT_FAULT,COUNT_SEVERE_INJ,COUNT_VISIBLE_INJ,COUNT_COMPLAINT_PAIN,COUNT_PED_KILLED,COUNT_PED_INJURED,COUNT_BICYCLIST_KILLED,COUNT_BICYCLIST_INJURED,COUNT_MC_KILLED,COUNT_MC_INJURED,PRIMARY_RAMP,SECONDARY_RAMP,LATITUDE,LONGITUDE,COUNTY,CITY,POINT_X,POINT_Y
9080571,2020,2020-05-15,1942,2020-01-27,1900,41809,0269,1,5,7,1942,0,0,0,B,0,2A69,COLUMBIA AV,LINWOOD AV,0,NA,Y,C,-,N,NA,NA,NA,NA,NA,NA,NA,NA,NA,N,4,0,1,2,A,-,17,21228,A,N,G,B,E,A,H,-,A,D,0,Y,NA,NA,NA,Y,NA,A,01,0,0,1,0,1,0,0,0,0,-,-,NA,NA,LOS ANGELES,LOS ANGELES,-118.26941680908205,34.051361083984375
9080572,2020,2020-05-28,1900,2020-02-09,0202,619888,0987,7,5,4,1979,0,0,0,NA,0,91J EM,SUNSET BL,QUEENS RD,46,W,N,A,-,N,NA,NA,NA,NA,NA,NA,NA,NA,NA,Y,4,0,3,2,A,-,01,23152,A,N,C,C,A,A,H,-,C,A,0,NA,NA,NA,NA,Y,Y,A,01,0,0,3,0,0,0,0,0,0,-,-,NA,NA,LOS ANGELES,WEST HOLLYWOOD,-118.37489318847656,34.0947265625
9080574,2020,2020-05-19,1942,2020-01-04,1155,40289,1352,6,5,7,1942,0,0,0,M,0,13A61,E VERNON AV,SAN PEDRO PL,0,NA,Y,A,-,N,NA,NA,NA,NA,NA,NA,NA,NA,NA,Y,4,0,2,3,A,-,12,21453,A,N,D,C,A,A,H,-,A,A,0,NA,NA,NA,NA,Y,NA,A,07,0,0,2,0,0,0,0,0,0,-,-,NA,NA,LOS ANGELES,LOS ANGELES,-118.27263641357422,34.00382995605469
90805745,2018,2018-09-05,9530,2018-08-23,0000,022051,NA,4,3,7,1942,0,1,3,NA,2,310,SR-91 W/B TO I-110 N/B,FIGUEROA ST.,50,E,N,A,-,Y,NA,NA,91,NA,NA,NA,R,NA,W,Y,3,0,1,2,A,-,03,22350,NA,N,C,C,A,A,H,-,C,D,0,NA,NA,Y,NA,Y,NA,C,02,0,1,0,0,0,0,0,0,1,-,-,33.87329864501953,-118.28179931640624,LOS ANGELES,LOS ANGELES,-118.28179931640624,33.87329864501953
9080575,2020,2020-05-15,1942,2020-01-21,0945,39395,0219,2,5,7,1942,0,0,0,B,0,2A39,W SUNSET BL,MARION AV,250,W,N,B,-,N,NA,NA,NA,NA,NA,NA,NA,NA,NA,N,3,0,1,2,A,-,17,22517,NA,N,H,G,A,A,H,-,A,D,0,NA,Y,NA,NA,Y,NA,A,01,0,1,0,0,0,0,1,0,0,-,-,NA,NA,LOS ANGELES,LOS ANGELES,-118.25038146972656,34.068870544433594
90805750,2018,2018-09-05,9565,2018-08-27,2044,020264,NA,1,2,7,1942,0,1,1,NA,2,083,I-10 E/B (SANTA MONICA FWY),NATIONAL BLVD,25,E,N,A,-,Y,NA,NA,10,NA,NA,NA,NA,NA,E,Y,4,0,3,3,A,-,03,22350,NA,N,C,C,A,A,H,-,C,D,0,NA,NA,NA,NA,Y,NA,A,07,0,0,3,0,0,0,0,0,0,-,-,34.029598236083984,-118.40296173095705,LOS ANGELES,LOS ANGELES,-118.40296936035156,34.029537200927734
90805752,2018,2018-09-05,9525,2018-08-23,2050,019062,NA,4,2,6,1955,0,1,3,NA,2,571,SR-57 S/B (ORANGE FWY),POMONA BLVD,400,N,N,A,-,Y,NA,NA,57,NA,NA,NA,NA,NA,S,Y,4,0,1,2,A,-,07,21658,A,N,C,C,A,A,H,-,C,D,0,NA,NA,NA,Y,Y,NA,A,01,0,0,1,0,0,0,0,0,0,-,-,34.0538215637207,-117.80310821533205,LOS ANGELES,POMONA,-117.80313873291016,34.053810119628906
90805760,2018,2018-09-05,9525,2018-08-23,1939,019062,NA,4,2,4,1960,0,1,3,NA,2,572,SR-57 N/B (ORANGE FWY),CIENEGA AVE,60,S,N,A,-,Y,NA,NA,57,NA,NA,NA,NA,NA,N,Y,3,0,2,2,A,-,03,22350,NA,N,C,C,A,A,H,-,C,D,0,NA,NA,NA,NA,Y,NA,A,01,0,1,1,0,0,0,0,0,0,-,-,34.10227966308594,-117.81942749023438,LOS ANGELES,SAN DIMAS,-117.81951904296876,34.102264404296875
9080578,2020,2020-05-19,1942,2020-01-04,1955,31713,1383,6,5,7,1942,0,0,0,M,0,13A93,E GAGE AV,S MAIN ST,360,W,N,A,-,N,NA,NA,NA,NA,NA,NA,NA,NA,NA,Y,4,0,1,2,A,-,01,23152,A,N,C,D,A,A,H,-,C,D,0,NA,NA,NA,NA,Y,Y,A,01,0,0,1,0,0,0,0,0,0,-,-,NA,NA,LOS ANGELES,LOS ANGELES,-118.2739486694336,33.982421875
9080579,2020,2020-05-15,1942,2020-01-31,2350,39062,1134,5,5,7,1942,0,0,0,K,0,11A89,DIVISION ST,CYPRESS AV,14,S,N,A,-,N,NA,NA,NA,NA,NA,NA,NA,NA,NA,N,3,0,1,2,A,-,03,22350,NA,F,H,G,A,A,H,-,C,B,0,NA,Y,NA,NA,Y,NA,L,04,0,1,0,0,0,0,1,0,0,-,-,NA,NA,LOS ANGELES,LOS ANGELES,-118.236328125,34.102630615234375
90805808,2018,2018-09-05,9530,2018-07-15,0340,021582,NA,7,3,7,1942,0,1,1,NA,2,110,INTERSTATE-110 NORTHBOUND,135TH STREET,820,N,N,A,-,Y,NA,NA,110,NA,NA,NA,NA,NA,N,Y,1,1,0,2,A,-,03,22350,NA,N,C,C,A,A,H,-,D,D,0,NA,NA,NA,Y,Y,NA,A,01,0,0,0,0,0,0,0,0,0,-,-,33.91167068481445,-118.28636169433594,LOS ANGELES,LOS ANGELES,-118.28648376464844,33.91167068481445
90805815,2018,2018-09-05,9525,2018-08-28,1505,021250,NA,2,2,6,1975,0,1,1,NA,2,104,I-10 W/B (SAN BERNARDINO FWY),PACIFIC AVE,500,E,N,A,-,Y,NA,NA,10,NA,NA,NA,NA,NA,W,N,4,0,2,2,A,-,03,22350,NA,N,C,C,A,A,D,E,A,D,0,NA,NA,NA,NA,Y,NA,A,01,0,0,2,0,0,0,0,0,0,-,-,34.07212829589844,-117.9423370361328,LOS ANGELES,WEST COVINA,-117.94236755371094,34.07233428955078
9080582,2020,2020-05-19,1942,2020-01-25,1445,40008,1307,6,5,7,1942,0,0,0,M,0,13A9,EAST 7TH ST,GLADYS AV,35,E,N,A,-,N,NA,NA,NA,NA,NA,NA,NA,NA,NA,N,4,0,1,2,A,-,17,21228,NA,N,A,C,A,A,H,-,A,D,0,NA,NA,NA,NA,Y,NA,M,96,0,0,1,0,0,0,0,0,0,-,-,NA,NA,LOS ANGELES,LOS ANGELES,-118.24382019042967,34.03861999511719
90805824,2018,2018-09-05,9525,2018-08-28,1545,019062,NA,2,2,6,1975,0,1,1,NA,2,105,I-10 W/B (SAN BERNARDINO FWY),VINCENT AVE,600,E,N,A,-,Y,NA,NA,10,NA,NA,NA,NA,NA,W,N,4,0,1,2,A,-,03,22350,NA,N,C,C,A,A,D,E,A,D,0,NA,NA,NA,NA,Y,NA,A,01,0,0,1,0,0,0,0,0,0,-,-,34.072391510009766,-117.9218292236328,LOS ANGELES,WEST COVINA,-117.9218292236328,34.07236862182617
90805825,2018,2018-09-05,9530,2018-08-23,0815,022060,NA,4,1,6,1972,0,1,1,NA,2,400,I-405 S/B (SAN DIEGO FREEWAY),NORMANDIE AVE.,300,N,N,A,-,Y,NA,NA,NA,NA,NA,NA,NA,NA,NA,Y,4,0,2,3,A,-,03,22350,NA,N,C,C,A,A,H,-,A,D,0,NA,NA,NA,NA,Y,NA,A,01,0,0,2,0,0,0,0,0,0,-,-,33.859718322753906,-118.30039215087892,LOS ANGELES,TORRANCE,-118.29924011230467,33.8597297668457
90805826,2018,2018-09-05,9575,2018-09-01,1426,021283,NA,6,2,6,1953,0,1,1,NA,2,063,I-210 E/B (FOOTHILL FREEWAY),ORANGE GROVE BLVD.,900,W,N,A,-,Y,NA,NA,210,NA,NA,NA,NA,NA,E,Y,4,0,2,2,A,-,03,22350,NA,N,C,C,A,A,H,-,A,D,0,NA,NA,NA,NA,Y,NA,A,01,0,0,2,0,0,0,0,0,0,-,-,34.157161712646484,-118.15852355957033,LOS ANGELES,PASADENA,-118.15850067138672,34.15716552734375
90805829,2018,2018-09-05,9565,2018-08-26,0655,021004,NA,7,1,5,1928,0,1,1,NA,2,060,I-405 S/B (SAN DIEGO FREEWAY),MARINE AVE.,319,N,N,B,-,Y,NA,NA,405,NA,NA,NA,NA,NA,S,Y,4,0,1,3,A,-,07,21658,A,N,B,C,A,A,H,-,A,D,0,NA,NA,NA,NA,Y,NA,A,01,0,0,1,0,0,0,0,0,0,-,-,33.8949089050293,-118.36705017089844,LOS ANGELES,HAWTHORNE,-118.36705017089844,33.89490509033203
9080583,2020,2020-06-23,1942,2020-01-31,1800,42617,13,5,5,7,1942,0,0,0,M,0,13X17,ADAMS,HILL,50,W,N,A,-,N,NA,NA,NA,NA,NA,NA,NA,NA,NA,NA,4,0,1,2,A,-,08,22107,NA,N,A,C,A,A,H,-,E,D,0,NA,NA,NA,NA,Y,NA,A,01,0,0,1,0,0,0,0,0,0,-,-,NA,NA,LOS ANGELES,LOS ANGELES,-118.27098083496094,34.02588653564453
90805838,2018,2018-09-05,9550,2018-09-01,1355,022012,NA,6,1,9,1900,0,1,1,NA,2,650,I-605 S/B TO ROSE HILL ROAD,ROSE HILLS ROAD,180,N,N,A,-,Y,NA,NA,NA,NA,NA,NA,NA,NA,NA,Y,3,0,1,1,A,-,08,22107,NA,N,E,I,A,A,H,-,A,D,0,NA,NA,Y,NA,Y,NA,C,02,0,1,0,0,0,0,0,0,1,-,-,34.17169952392578,-118.31038665771484,LOS ANGELES,UNINCORPORATED,-118.05242919921876,34.01829147338867
90805855,2018,2018-09-05,9530,2018-08-23,0900,022084,NA,4,1,7,1942,0,1,1,NA,2,110,I-110 N/B (HARBOR FREEWAY),REDONDO BEACH BLVD.,1954,S,N,A,-,Y,NA,NA,110,NA,NA,NA,NA,NA,N,Y,4,0,1,3,A,-,03,22350,NA,N,C,C,A,A,H,-,A,D,0,NA,NA,NA,NA,Y,NA,A,07,0,0,1,0,0,0,0,0,0,-,-,33.88819885253906,-118.28549957275392,LOS ANGELES,LOS ANGELES,-118.2854232788086,33.88820266723633
9080586,2020,2020-05-19,1942,2020-01-31,1735,34426,1345,5,5,7,1942,0,0,0,M,0,13A27,41ST ST,NAOMI AV,5,E,N,A,-,N,NA,NA,NA,NA,NA,NA,NA,NA,NA,N,4,0,1,2,A,-,11,21950,B,N,G,B,B,A,H,-,C,D,0,Y,NA,NA,NA,Y,NA,N,60,0,0,1,0,1,0,0,0,0,-,-,NA,NA,LOS ANGELES,LOS ANGELES,-118.25426483154295,34.00926208496094
90805868,2018,2018-09-05,9575,2018-09-02,2240,021254,NA,7,3,6,1953,0,1,1,NA,2,064,I-210 WB TO I-710 SB,WALNUT STREET,150,S,N,A,-,Y,NA,NA,210,NA,NA,NA,R,NA,W,N,2,0,1,1,A,-,01,23152,A,N,F,A,A,A,H,-,C,D,0,NA,NA,Y,NA,Y,Y,C,02,1,0,0,0,0,0,0,0,1,-,-,34.14786148071289,-118.1556396484375,LOS ANGELES,PASADENA,-118.1556396484375,34.14786148071289
9080587,2020,2020-05-15,1942,2020-01-25,0830,38050,1177,6,5,7,1942,0,0,0,K,0,11A89,N SAN FERNANDO RD,W AVENUE 26,15,N,N,A,-,N,NA,NA,NA,NA,NA,NA,NA,NA,NA,N,3,0,1,2,A,-,03,22350,NA,N,B,C,A,A,H,-,A,D,0,NA,NA,Y,NA,Y,NA,C,02,0,1,0,0,0,0,0,0,1,-,-,NA,NA,LOS ANGELES,LOS ANGELES,-118.22577667236328,34.086822509765625
90805884,2018,2018-09-05,9590,2018-09-04,1025,015982,NA,2,1,7,1942,0,1,1,NA,2,063,I-10 W/B (SMF) COLLECTOR RD,NORMANDIE AVE,50,W,N,A,-,Y,NA,NA,10,NA,NA,NA,NA,NA,W,Y,4,0,1,4,A,-,03,22350,NA,N,C,C,A,A,H,-,A,D,0,NA,NA,NA,NA,Y,NA,A,01,0,0,1,0,0,0,0,0,0,-,-,34.03731155395508,-118.30029296875,LOS ANGELES,LOS ANGELES,-118.30029296875,34.03716278076172
90805897,2018,2018-09-05,9565,2018-08-27,1515,020958,NA,1,2,7,1942,0,1,1,NA,2,082,I-10 EASTBOUND (SANTA MONICA FREEWAY),GATEWAY BOULEVARD,200,W,N,A,-,Y,NA,NA,10,NA,NA,NA,NA,NA,E,N,4,0,2,2,A,-,08,22107,NA,N,C,C,A,A,H,-,A,D,0,NA,NA,NA,NA,Y,NA,A,01,0,0,2,0,0,0,0,0,0,-,-,34.02956008911133,-118.44367218017578,LOS ANGELES,LOS ANGELES,-118.44367218017578,34.02958679199219
9080590,2020,2020-05-19,1942,2020-01-15,1130,38357,1325,3,5,7,1942,0,0,0,M,0,13A27,S NAOMI AV,E 28TH ST,0,NA,Y,A,-,N,NA,NA,NA,NA,NA,NA,NA,NA,NA,N,4,0,4,2,A,-,09,21802,A,N,D,C,A,A,H,-,A,D,0,NA,NA,NA,NA,Y,NA,A,01,0,0,4,0,0,0,0,0,0,-,-,NA,NA,LOS ANGELES,LOS ANGELES,-118.253662109375,34.01586151123047
9080591,2020,2020-05-15,1942,2020-01-21,1825,43177,1317,2,5,7,1942,0,0,0,M,0,13X94,HOOPER AV,15TH ST,0,NA,Y,A,-,N,NA,NA,NA,NA,NA,NA,NA,NA,NA,N,2,0,1,2,A,-,12,21453,A,N,D,J,A,A,H,-,C,A,0,NA,NA,Y,NA,Y,NA,C,03,1,0,0,0,0,0,0,0,1,-,-,NA,NA,LOS ANGELES,LOS ANGELES,-118.24417877197266,34.02482986450195
90805934,2018,2018-09-05,9575,2018-09-02,1600,020918,NA,7,2,7,1942,0,1,3,NA,2,044,SR-134 E/B (VENTURA FREEWAY),PASS AVE.,1320,W,N,A,-,Y,NA,NA,134,NA,NA,NA,NA,NA,E,N,4,0,1,2,A,-,07,21658,A,N,B,C,A,A,H,-,A,D,0,NA,NA,NA,NA,Y,NA,A,01,0,0,1,0,0,0,0,0,0,-,-,34.153438568115234,-118.34934997558594,LOS ANGELES,LOS ANGELES,-118.34935760498048,34.15349197387695
90805936,2018,2018-09-05,9575,2018-09-03,0205,021340,NA,1,3,3,1991,0,1,1,NA,2,063,I-210 W/B (FOOTHILL FREEWAY),FOOTHILL BLVD.,350,E,N,A,-,Y,NA,NA,NA,NA,NA,NA,NA,NA,NA,Y,3,0,1,1,A,-,01,23152,A,N,E,I,A,A,D,-,C,D,0,NA,NA,NA,NA,Y,Y,A,07,0,1,0,0,0,0,0,0,0,-,-,34.1962890625,-118.18415832519533,LOS ANGELES,LA CANADA-FLINTRIDGE,-118.204833984375,34.20708084106445
90805939,2018,2018-09-05,9590,2018-08-23,1530,018580,NA,4,2,7,1942,0,1,1,NA,2,052,I-110 N/B (HARBOR FREEWAY),3RD STREET,258,N,N,A,-,Y,NA,NA,110,NA,NA,NA,NA,NA,N,N,3,0,1,3,A,-,07,21658,A,N,B,C,A,A,H,-,A,D,0,NA,NA,Y,NA,Y,NA,D,22,0,1,0,0,0,0,0,0,1,-,-,34.05664825439453,-118.2553482055664,LOS ANGELES,LOS ANGELES,-118.25537109375,34.05667495727539
9080594,2020,2020-05-19,1942,2020-01-09,0715,40275,1309,4,5,7,1942,0,0,0,M,0,13A9,MATEO ST,VIOLET ST,0,NA,Y,A,-,N,NA,NA,NA,NA,NA,NA,NA,NA,NA,Y,4,0,1,2,A,-,12,22450,A,N,D,C,A,A,H,-,A,C,0,NA,NA,NA,NA,Y,NA,A,07,0,0,1,0,0,0,0,0,0,-,-,NA,NA,LOS ANGELES,LOS ANGELES,-118.23227691650392,34.0325813293457
90805944,2018,2018-09-05,9565,2018-08-29,2155,021163,NA,3,2,5,1965,0,1,1,NA,2,081,I-10 E/B (SAN DIEGO FREEWAY),STEWART ST.,470,E,N,A,-,Y,NA,NA,10,NA,NA,NA,NA,NA,E,Y,4,0,1,2,A,-,03,22350,NA,N,C,C,A,A,H,-,D,D,0,NA,NA,NA,NA,Y,NA,A,01,0,0,1,0,0,0,0,0,0,-,-,34.0265998840332,-118.46111297607422,LOS ANGELES,SANTA MONICA,-118.46109771728516,34.02655792236328
90805948,2018,2019-06-05,9590,2018-08-26,0250,021654,NA,7,3,7,1942,0,1,1,NA,2,081,I-5 S/B (GSF) TO 4TH STREET,1ST STREET,150,S,N,A,-,Y,NA,NA,5,NA,NA,NA,R,NA,S,Y,3,0,3,2,A,-,08,22107,NA,N,B,C,A,A,H,-,C,A,0,NA,NA,NA,NA,Y,Y,A,07,0,2,1,0,0,0,0,0,0,-,-,34.04547119140625,-118.21539306640624,LOS ANGELES,LOS ANGELES,-118.21539306640624,34.04547119140625
9080595,2020,2020-05-15,1942,2020-01-04,1610,34426,1323,6,5,7,1942,0,0,0,M,0,13A13,E ADAMS BL,GRIFFITH AV,0,NA,Y,A,-,N,NA,NA,NA,NA,NA,NA,NA,NA,NA,N,4,0,1,2,A,-,09,21801,A,N,D,C,A,A,H,-,A,A,0,NA,NA,NA,NA,Y,NA,A,01,0,0,1,0,0,0,0,0,0,-,-,NA,NA,LOS ANGELES,LOS ANGELES,-118.25747680664064,34.01987838745117
9080598,2020,2020-06-11,1942,2020-01-22,1430,42224,NEWT,3,5,7,1942,0,0,0,NA,0,13X17,ALAMEDA ST,BAY ST,0,NA,Y,A,-,N,NA,NA,NA,NA,NA,NA,NA,NA,NA,Y,4,0,1,2,A,-,12,21453,A,N,B,C,A,A,H,-,A,A,0,NA,NA,NA,NA,Y,NA,-,-,0,0,1,0,0,0,0,0,0,-,-,NA,NA,LOS ANGELES,LOS ANGELES,-118.23882293701172,34.031761169433594
90805983,2018,2018-09-05,9565,2018-08-29,0805,015587,NA,3,1,7,1942,0,1,1,NA,2,064,I-405 S/B (SAN DIEGO FREEWAY),SEPULVEDA BLVD,528,S,N,A,-,Y,NA,NA,405,NA,NA,NA,NA,NA,S,Y,4,0,1,3,A,-,03,22350,NA,N,C,C,A,A,H,-,A,D,0,NA,NA,NA,NA,Y,NA,A,07,0,0,1,0,0,0,0,0,0,-,-,34.09468078613281,-118.47657775878906,LOS ANGELES,LOS ANGELES,-118.47631072998048,34.09474182128906
9080599,2020,2020-05-15,1942,2020-01-17,0145,41640,1169,5,5,7,1942,0,0,0,K,0,11A37,CARLOTA BL,AVE 55,7,W,N,C,-,N,NA,NA,NA,NA,NA,NA,NA,NA,NA,Y,3,0,1,1,A,-,-,NA,NA,M,E,I,A,B,H,-,C,D,0,NA,NA,NA,NA,Y,NA,A,01,0,1,0,0,0,0,0,0,0,-,-,NA,NA,LOS ANGELES,LOS ANGELES,-118.19444274902344,34.102989196777344
90806011,2018,2018-09-05,9525,2018-08-31,0804,020216,NA,5,1,4,1905,0,1,1,NA,2,204,I-210 W/B (FOOTHILL FWY),VERNON AVE.,60,E,N,A,-,Y,NA,NA,210,NA,NA,NA,NA,NA,W,Y,4,0,1,2,A,-,03,22350,NA,N,C,C,A,A,H,-,A,D,0,NA,NA,NA,NA,Y,NA,A,01,0,0,1,0,0,0,0,0,0,-,-,34.12712860107422,-117.91673278808594,LOS ANGELES,AZUSA,-117.91678619384766,34.12705612182617
9080602,2020,2020-05-19,1942,2020-01-24,1715,43344,1341,5,5,7,1942,0,0,0,M,0,NA,BROADWAY,MARTIN LUTHER KING JR BL,0,NA,Y,A,-,N,NA,NA,NA,NA,NA,NA,NA,NA,NA,Y,4,0,3,2,A,-,12,21453,A,N,A,C,A,A,-,-,C,A,0,NA,NA,NA,NA,Y,NA,A,07,0,0,3,0,0,0,0,0,0,-,-,NA,NA,LOS ANGELES,LOS ANGELES,-118.27886199951172,34.0111083984375
9080603,2020,2020-05-15,1942,2020-01-27,0710,38357,1372,1,5,7,1942,0,0,0,M,0,13A85,S MAIN ST,E 54TH ST,0,NA,Y,A,-,N,NA,NA,NA,NA,NA,NA,NA,NA,NA,Y,3,0,3,2,A,-,09,21801,A,N,A,C,A,A,H,-,A,D,0,NA,NA,NA,NA,Y,NA,A,01,0,1,2,0,0,0,0,0,0,-,-,NA,NA,LOS ANGELES,LOS ANGELES,-118.2739715576172,33.99333190917969
90806034,2018,2018-09-05,9525,2018-08-30,0736,020544,NA,4,1,1,1934,0,1,1,NA,2,214,I-210 E/B (FOOTHILL FWY),IRWINDALE AVE,528,E,N,A,-,Y,NA,NA,210,NA,NA,NA,NA,NA,E,Y,4,0,1,4,A,-,07,21658,A,N,B,C,A,A,H,-,A,D,0,NA,NA,NA,NA,Y,NA,A,01,0,0,1,0,0,0,0,0,0,-,-,34.130191802978516,-117.93170166015624,LOS ANGELES,IRWINDALE,-117.93170166015624,34.13020324707031
90806041,2018,2018-09-05,9525,2018-08-31,0815,020532,NA,5,1,1,1934,0,1,1,NA,2,652,I-605 N/B (SAN GABRIEL RIVER FWY),ARROW HIGHWAY,1056,N,N,A,-,Y,NA,NA,605,NA,NA,NA,NA,NA,N,Y,4,0,1,2,A,-,03,22350,NA,N,C,C,A,A,H,-,A,D,0,NA,NA,NA,NA,Y,NA,A,01,0,0,1,0,0,0,0,0,0,-,-,34.1260986328125,-117.96418762207033,LOS ANGELES,IRWINDALE,-117.9642333984375,34.12614059448242
90806045,2018,2018-09-05,9575,2018-09-04,0730,021878,NA,2,1,7,1942,0,1,3,NA,2,070,SR-118 W/B (RONALD REAGAN FREEWAY),LAUREL CANYON BOULEVARD,1500,E,N,A,-,Y,NA,NA,118,NA,NA,NA,NA,NA,W,N,4,0,1,3,A,-,03,22350,NA,N,C,C,A,A,H,-,A,D,0,NA,NA,NA,NA,Y,NA,A,01,0,0,1,0,0,0,0,0,0,-,-,34.26816940307617,-118.4359130859375,LOS ANGELES,LOS ANGELES,-118.43593597412108,34.26824951171875
90806046,2018,2018-09-05,9565,2018-08-19,1418,021915,NA,7,2,9,1900,0,3,5,NA,2,003,ANGELES VISTA BLVD,W 48TH ST.,0,NA,Y,A,-,N,NA,NA,NA,NA,NA,NA,NA,NA,NA,Y,3,0,2,2,A,-,09,21802,A,N,D,C,A,A,H,-,A,A,0,NA,NA,NA,NA,Y,NA,A,07,0,1,1,0,0,0,0,0,0,-,-,34.0000114440918,-118.3344497680664,LOS ANGELES,UNINCORPORATED,-118.33448028564452,34.00001907348633
9080606,2020,2020-06-11,1942,2020-01-21,1400,43115,1322,2,5,7,1942,0,0,0,M,0,13A27,MAPLE,21ST ST,20,S,N,A,-,N,NA,NA,NA,NA,NA,NA,NA,NA,NA,N,4,0,1,2,A,-,08,22100,5,N,A,C,A,A,H,-,A,D,0,NA,NA,NA,NA,Y,NA,A,01,0,0,1,0,0,0,0,0,0,-,-,NA,NA,LOS ANGELES,LOS ANGELES,-118.26277160644533,34.02766036987305
9080607,2020,2020-05-15,1942,2020-01-27,1800,34458,1324,1,5,7,1942,0,0,0,M,0,13A27,HOOPER AV,E 21ST ST,0,NA,Y,A,-,N,NA,NA,NA,NA,NA,NA,NA,NA,NA,N,4,0,1,2,A,-,10,21950,A,N,G,B,B,A,H,-,C,A,0,Y,NA,NA,NA,Y,NA,A,07,0,0,1,0,1,0,0,0,0,-,-,NA,NA,LOS ANGELES,LOS ANGELES,-118.24738311767578,34.01969909667969
90806079,2018,2018-09-05,9530,2018-08-24,0716,021689,NA,5,1,9,1900,0,1,1,NA,2,210,I-105 W/B (GLENN ANDERSON FWY),SUCCESS AVE.,200,E,N,A,-,Y,NA,NA,105,NA,NA,NA,NA,NA,W,N,3,0,1,2,A,-,07,21658,A,N,B,C,A,A,H,-,A,D,0,NA,NA,Y,NA,Y,NA,A,01,0,1,0,0,0,0,0,0,1,-,-,33.92892074584961,-118.24887084960938,LOS ANGELES,UNINCORPORATED,-118.24887084960938,33.928890228271484
9080610,2020,2020-05-19,1942,2020-01-25,0250,42563,131,6,5,7,1942,0,0,0,M,0,13A93,CENTRAL AV,16TH ST,0,NA,Y,A,-,N,NA,NA,NA,NA,NA,NA,NA,NA,NA,N,4,0,4,2,A,-,12,21453,A,F,G,C,A,A,H,-,C,A,0,NA,NA,Y,NA,Y,NA,-,99,0,0,4,0,0,0,0,0,4,-,-,NA,NA,LOS ANGELES,LOS ANGELES,-118.24878692626952,34.02642059326172
90806102,2018,2018-09-05,9590,2018-03-04,0034,021606,NA,7,3,7,1942,0,1,1,NA,2,053,I-110 SOUTHBOUND (HARBOR FREEWAY),WASHINGTON BOULEVARD,153,S,N,B,-,Y,NA,NA,110,NA,NA,NA,NA,NA,S,Y,1,1,0,1,A,-,08,22107,NA,N,F,A,A,A,H,-,C,D,0,NA,NA,Y,NA,Y,NA,C,02,0,0,0,0,0,0,0,1,0,-,-,34.03371810913086,-118.27477264404295,LOS ANGELES,LOS ANGELES,-118.27471160888672,34.03371810913086
9080611,2020,2020-05-15,1942,2020-01-30,1655,40008,1322,4,5,7,1942,0,0,0,M,0,13A13,TRINITY ST,E ADAMS BL,0,NA,Y,A,-,N,NA,NA,NA,NA,NA,NA,NA,NA,NA,Y,4,0,1,2,A,-,09,21802,A,N,D,C,A,A,H,-,A,-,0,NA,NA,NA,NA,Y,NA,A,01,0,0,1,0,0,0,0,0,0,-,-,NA,NA,LOS ANGELES,LOS ANGELES,-118.26326751708984,34.02244186401367
90806127,2018,2018-09-05,9590,2018-08-24,2020,017520,NA,5,2,7,1942,0,1,1,NA,2,050,I-110 N/B (HAF),MANCHESTER AVE,200,S,N,A,-,Y,NA,NA,NA,NA,NA,NA,NA,NA,NA,N,4,0,1,1,A,-,08,22107,NA,N,E,I,A,A,H,-,C,D,0,NA,NA,NA,NA,Y,NA,D,22,0,0,1,0,0,0,0,0,0,-,-,33.16521072387695,-118.55162048339844,LOS ANGELES,LOS ANGELES,-118.28066253662108,33.95954132080078
9080614,2020,2020-05-19,1942,2020-01-31,2145,31379,1383,5,5,7,1942,0,0,0,M,0,13A43,GAGE AV,SAN PEDRO ST,0,NA,Y,A,-,N,NA,NA,NA,NA,NA,NA,NA,NA,NA,Y,3,0,1,4,A,-,12,21453,A,N,B,C,A,A,H,-,C,A,0,NA,NA,NA,NA,Y,NA,A,01,0,1,0,0,0,0,0,0,0,-,-,NA,NA,LOS ANGELES,LOS ANGELES,-118.2695770263672,33.98244094848633