CASE_ID,ACCIDENT_YEAR,PROC_DATE,JURIS,COLLISION_DATE,COLLISION_TIME,OFFICER_ID,REPORTING_DISTRICT,DAY_OF_WEEK,CHP_SHIFT,POPULATION,CNTY_CITY_LOC,SPECIAL_COND,BEAT_TYPE,CHP_BEAT_TYPE,CITY_DIVISION_LAPD,CHP_BEAT_CLASS,BEAT_NUMBER,PRIMARY_RD,SECONDARY_RD,DISTANCE,DIRECTION,INTERSECTION,WEATHER_1,WEATHER_2,STATE_HWY_IND,CALTRANS_COUNTY,CALTRANS_DISTRICT,STATE_ROUTE,ROUTE_SUFFIX,POSTMILE_PREFIX,POSTMILE,LOCATION_TYPE,RAMP_INTERSECTION,SIDE_OF_HWY,TOW_AWAY,COLLISION_SEVERITY,NUMBER_KILLED,NUMBER_INJURED,PARTY_COUNT,PRIMARY_COLL_FACTOR,PCF_CODE_OF_VIOL,PCF_VIOL_CATEGORY,PCF_VIOLATION,PCF_VIOL_SUBSECTION,HIT_AND_RUN,TYPE_OF_COLLISION,MVIW,PED_ACTION,ROAD_SURFACE,ROAD_COND_1,ROAD_COND_2,LIGHTING,CONTROL_DEVICE,CHP_ROAD_TYPE,PEDESTRIAN_ACCIDENT,BICYCLE_ACCIDENT,MOTORCYCLE_ACCIDENT,TRUCK_ACCIDENT,NOT_PRIVATE_PROPERTY,ALCOHOL_INVOLVED,STWD_VEHTYPE_AT_FAULT,CHP_VEHTYPE_AT_FAULT,COUNT_SEVERE_INJ,COUNT_VISIBLE_INJ,COUNT_COMPLAINT_PAIN,COUNT_PED_KILLED,COUNT_PED_INJURED,COUNT_BICYCLIST_KILLED,COUNT_BICYCLIST_INJURED,COUNT_MC_KILLED,COUNT_MC_INJURED,PRIMARY_RAMP,SECONDARY_RAMP,LATITUDE,LONGITUDE,COUNTY,CITY,POINT_X,POINT_Y
9080741,2020,2020-05-22,1942,2020-02-28,1530,43036,1802,5,5,7,1942,0,0,0,R,0,18A1,BROADWAY AV,93RD ST,0,NA,Y,A,-,N,NA,NA,NA,NA,NA,NA,NA,NA,NA,Y,4,0,1,2,A,-,08,22107,NA,N,D,C,A,A,H,-,A,D,0,NA,NA,NA,NA,Y,NA,A,01,0,0,1,0,0,0,0,0,0,-,-,NA,NA,LOS ANGELES,LOS ANGELES,-118.27839660644533,33.95188903808594
90807413,2018,2018-09-06,9580,2018-08-24,1010,022036,NA,5,1,7,1942,0,1,2,NA,2,102,US-101 N/B (VENTURA FREEWAY),BALBOA BLVD,2112,S,N,A,-,Y,NA,NA,101,NA,NA,NA,NA,NA,N,N,4,0,1,3,A,-,07,21658,A,N,B,C,A,A,H,-,A,D,0,NA,NA,NA,Y,Y,NA,G,27,0,0,1,0,0,0,0,0,0,-,-,34.167301177978516,-118.49590301513672,LOS ANGELES,LOS ANGELES,-118.49586486816406,34.167354583740234
9080742,2020,2020-05-21,1942,2020-02-27,0930,43280,1463,4,5,7,1942,0,0,0,N,0,14A67,PLATA VISTA DR,W JEFFERSON BL,10,S,N,A,-,N,NA,NA,NA,NA,NA,NA,NA,NA,NA,N,3,0,1,2,A,-,05,21650,1,N,D,G,A,A,H,-,A,A,0,NA,Y,NA,NA,Y,Y,L,04,0,1,0,0,0,0,1,0,0,-,-,NA,NA,LOS ANGELES,LOS ANGELES,-118.427746,33.973296
90807424,2018,2018-09-06,9580,2018-08-24,1630,021627,NA,5,2,7,1942,0,1,1,NA,2,404,I-405 N/B (SAN DIEGO FWY),SEPULVEDA BLVD,3696,S,N,A,-,Y,NA,NA,405,NA,NA,NA,NA,NA,N,N,4,0,1,3,A,-,03,22350,NA,N,C,C,A,A,H,-,A,D,0,NA,NA,NA,NA,Y,NA,D,22,0,0,1,0,0,0,0,0,0,-,-,34.1375617980957,-118.47112274169922,LOS ANGELES,LOS ANGELES,-118.47124481201172,34.13758087158203
90807429,2018,2018-09-06,9580,2018-08-25,1310,022080,NA,6,1,7,1942,0,1,2,NA,2,101,US-101 S/B (VENTURA FREEWAY),WOODMAN AVE,100,S,N,A,-,Y,NA,NA,101,NA,NA,NA,NA,NA,S,N,4,0,2,2,A,-,03,22350,NA,N,C,C,A,A,H,-,A,D,0,NA,NA,NA,NA,Y,NA,A,07,0,0,2,0,0,0,0,0,0,-,-,34.15586853027344,-118.42865753173828,LOS ANGELES,LOS ANGELES,-118.4286651611328,34.155517578125
90807445,2018,2018-09-06,9580,2018-08-26,2100,017371,NA,7,2,3,1989,0,1,2,NA,2,107,US-101 S/B (VENTURA FREEWAY),PARKWAY CALABASAS,200,S,N,A,-,Y,NA,NA,101,NA,NA,NA,NA,NA,S,Y,4,0,1,2,A,-,03,22350,NA,M,C,C,A,A,H,-,C,D,0,NA,NA,NA,NA,Y,NA,-,99,0,0,1,0,0,0,0,0,0,-,-,34.153560638427734,-118.6513671875,LOS ANGELES,CALABASAS,-118.65137481689452,34.15357208251953
9080745,2020,2020-05-22,1942,2020-02-28,1100,43952,1881,5,5,7,1942,0,0,0,R,0,18A97,REDONDO BEACH AV,ORCHARD AV,0,NA,Y,A,-,N,NA,NA,NA,NA,NA,NA,NA,NA,NA,Y,4,0,1,2,A,-,09,21800,A,N,D,C,A,A,H,-,A,D,0,NA,NA,Y,NA,Y,NA,A,01,0,0,1,0,0,0,0,0,1,-,-,NA,NA,LOS ANGELES,LOS ANGELES,-118.288330078125,33.892578125
90807451,2018,2018-09-06,9580,2018-08-26,1135,020153,NA,7,1,7,1942,0,1,2,NA,2,105,US-101 S/B (VENTURA FREEWAY),FALLBROOK AVE,900,N,N,A,-,Y,NA,NA,101,NA,NA,NA,NA,NA,S,Y,4,0,3,3,A,-,03,22350,NA,N,C,C,A,A,H,-,A,D,0,NA,NA,NA,NA,Y,NA,D,22,0,0,3,0,0,0,0,0,0,-,-,34.16368865966797,-118.6256103515625,LOS ANGELES,LOS ANGELES,-118.6256103515625,34.163700103759766
90807453,2018,2018-09-06,9580,2018-08-26,0930,022080,NA,7,1,9,1900,0,3,5,NA,1,010,SR-23 S/B (WESTLAKE BLVD),COUNTRY RANCH RD,1320,N,N,A,-,N,NA,NA,23,NA,NA,NA,NA,NA,S,Y,3,0,1,1,A,-,03,22350,NA,N,E,I,A,A,H,-,A,D,0,NA,NA,Y,NA,Y,NA,C,02,0,1,0,0,0,0,0,0,1,-,-,34.121490478515625,-118.85459136962892,LOS ANGELES,UNINCORPORATED,-118.85456848144533,34.121707916259766
9080746,2020,2020-05-21,1942,2020-02-29,0437,37839,1454,6,5,7,1942,0,0,0,N,0,14A45,LINCOLN BL,CULVER LOOP,50,N,N,A,-,N,NA,NA,NA,NA,NA,NA,NA,NA,NA,N,3,0,1,2,A,-,14,21201,D,N,D,G,A,A,H,-,C,A,0,NA,Y,NA,NA,Y,NA,L,04,0,1,0,0,0,0,1,0,0,-,-,NA,NA,LOS ANGELES,LOS ANGELES,-118.43315887451172,33.97612380981445
90807467,2018,2018-09-06,9580,2018-08-26,1930,021627,NA,7,2,7,1942,0,1,1,NA,2,407,I-405 S/B (SAN DIEGO FWY),NORDHOFF ST,1056,S,N,A,-,Y,NA,NA,405,NA,NA,NA,NA,NA,S,Y,4,0,1,2,A,-,08,22107,NA,F,B,C,A,A,H,-,A,D,0,NA,NA,NA,NA,Y,NA,A,01,0,0,1,0,0,0,0,0,0,-,-,34.233070373535156,-118.47328948974608,LOS ANGELES,LOS ANGELES,-118.47320556640624,34.233070373535156
90807474,2018,2018-09-06,9580,2018-08-26,2020,022019,NA,7,2,7,1942,0,1,2,NA,2,103,US-101 S/B (VENTURA FREEWAY),I-405,750,S,N,A,-,Y,NA,NA,101,NA,NA,NA,NA,NA,S,Y,4,0,2,2,A,-,01,23152,A,N,B,C,A,A,H,-,C,D,0,NA,NA,NA,NA,Y,Y,A,07,0,0,2,0,0,0,0,0,0,-,-,34.159400939941406,-118.46669769287108,LOS ANGELES,LOS ANGELES,-118.46669769287108,34.1593132019043
90807484,2018,2018-09-06,9550,2018-09-05,1845,020928,NA,3,2,9,1900,0,3,5,NA,2,005,PATHFINDER ROAD,PASO REAL AVE,0,NA,Y,A,-,N,NA,NA,NA,NA,NA,NA,NA,NA,NA,N,4,0,2,2,A,-,09,21802,A,N,B,C,A,A,H,-,A,A,0,NA,NA,NA,NA,Y,NA,A,01,0,0,2,0,0,0,0,0,0,-,-,33.97529983520508,-117.8892822265625,LOS ANGELES,UNINCORPORATED,-117.88921356201172,33.975250244140625
90807485,2018,2018-09-06,9565,2018-08-26,0645,021729,NA,7,1,9,1900,0,3,5,NA,2,002,123RD ST.,BERENDO AVE,100,W,N,A,-,N,NA,NA,NA,NA,NA,NA,NA,NA,NA,Y,3,0,1,4,A,-,08,22107,NA,N,B,C,A,A,H,-,A,D,0,NA,NA,NA,NA,Y,NA,D,22,0,1,0,0,0,0,0,0,0,-,-,33.92118835449219,-118.29493713378906,LOS ANGELES,UNINCORPORATED,-118.29437255859376,33.921173095703125
90807489,2018,2018-09-06,9565,2018-09-02,2020,021371,NA,7,2,7,1942,0,1,1,NA,2,063,I-405 N/B (SAN DIEGO FWY),SUNSET BLVD,2400,S,N,A,-,Y,NA,NA,405,NA,NA,NA,NA,NA,N,Y,4,0,2,2,A,-,03,22350,NA,N,C,C,A,A,H,-,C,D,0,NA,NA,NA,NA,Y,Y,A,07,0,0,2,0,0,0,0,0,0,-,-,34.06731033325195,-118.46180725097656,LOS ANGELES,LOS ANGELES,-118.46175384521484,34.067359924316406
9080749,2020,2020-05-22,1942,2020-02-27,1844,32142,1827,4,5,7,1942,0,0,0,R,0,18U4,92ND ST,GRAHAM AV,0,NA,Y,A,-,N,NA,NA,NA,NA,NA,NA,NA,NA,NA,N,4,0,1,2,A,-,09,21801,A,N,B,C,A,A,H,-,C,D,0,NA,NA,NA,NA,Y,NA,A,01,0,0,1,0,0,0,0,0,0,-,-,NA,NA,LOS ANGELES,LOS ANGELES,-118.24302673339844,33.953269958496094
90807492,2018,2018-09-06,9550,2018-09-05,0610,015746,NA,3,1,9,1900,0,1,3,NA,2,602,STATE ROUTE 60  WESTBOUND,FAIRWAY DRIVE,1750,W,N,B,-,Y,NA,NA,60,NA,NA,NA,NA,NA,W,Y,4,0,1,3,A,-,03,22350,NA,N,C,C,A,A,H,-,D,D,0,NA,NA,NA,NA,Y,NA,A,01,0,0,1,0,0,0,0,0,0,-,-,33.99580001831055,-117.87580108642578,LOS ANGELES,UNINCORPORATED,-117.87576293945313,33.99557113647461
90807493,2018,2018-09-06,9565,2018-08-25,1610,022056,NA,6,2,7,1942,0,1,1,NA,2,063,I-405 N/B (SAN DIEGO FREEWAY),OLYMPIC BOULEVARD,100,N,N,A,-,Y,NA,NA,405,NA,NA,NA,NA,NA,N,Y,3,0,1,2,A,-,03,22350,NA,N,C,C,A,A,H,-,A,D,0,NA,NA,NA,NA,Y,NA,A,01,0,1,0,0,0,0,0,0,0,-,-,34.04069137573242,-118.44107818603516,LOS ANGELES,LOS ANGELES,-118.44110107421876,34.04066848754883
90807501,2018,2019-06-14,9565,2018-08-27,1350,022153,NA,1,1,9,1900,0,3,5,NA,2,003,VISTA DE ORO AVENUE,PRESIDIO DRIVE,0,NA,Y,A,-,N,NA,NA,NA,NA,NA,NA,NA,NA,NA,N,3,0,1,2,A,-,10,21950,A,N,G,B,B,A,H,-,A,D,0,Y,NA,NA,NA,Y,NA,A,01,0,1,0,0,1,0,0,0,0,-,-,33.996421813964844,-118.3430404663086,LOS ANGELES,UNINCORPORATED,-118.34303283691406,33.996429443359375
90807513,2018,2018-09-06,9565,2018-08-21,0745,022014,NA,2,1,9,1900,0,3,5,NA,2,002,HARVARD BLVD,120TH ST,0,NA,Y,A,-,N,NA,NA,NA,NA,NA,NA,NA,NA,NA,Y,4,0,1,3,A,-,12,22450,A,N,D,C,A,A,H,-,A,A,0,NA,NA,NA,NA,Y,NA,A,01,0,0,1,0,0,0,0,0,0,-,-,33.923980712890625,-118.3066864013672,LOS ANGELES,UNINCORPORATED,-118.30673980712892,33.92403030395508
9080753,2020,2020-05-22,1942,2020-02-25,2030,43780,1804,2,5,7,1942,0,0,0,R,0,185Z22,CENTRAL,88TH PL,0,NA,Y,A,-,N,NA,NA,NA,NA,NA,NA,NA,NA,NA,N,3,0,3,2,A,-,12,21453,A,N,D,C,A,A,H,-,A,A,0,NA,NA,NA,NA,Y,NA,A,01,0,1,2,0,0,0,0,0,0,-,-,NA,NA,LOS ANGELES,LOS ANGELES,-118.25641632080078,33.9565315246582
90807540,2018,2018-09-06,9565,2018-08-30,0840,021575,NA,4,1,6,1933,0,1,1,NA,2,060,I-405 SOUTHBOUND (SAN DIEGO FREEWAY),HILLCREST BOULEVARD,250,S,N,A,-,Y,NA,NA,405,NA,NA,NA,NA,NA,S,N,3,0,1,1,A,-,08,22107,NA,N,E,I,A,A,H,-,A,D,0,NA,NA,NA,NA,Y,NA,A,01,0,1,0,0,0,0,0,0,0,-,-,33.955711364746094,-118.36943817138672,LOS ANGELES,INGLEWOOD,-118.36951446533205,33.955711364746094
90807549,2018,2018-09-06,9565,2018-08-08,1645,021926,NA,3,2,9,1900,0,3,5,NA,2,002,W. 98TH ST (1000 BLOCK),S. VERMONT AVE (9800 BLOCK),20,W,N,A,-,N,NA,NA,NA,NA,NA,NA,NA,NA,NA,N,4,0,1,2,A,-,03,22350,NA,N,D,G,A,A,H,-,A,D,0,NA,Y,NA,NA,Y,NA,L,04,0,0,1,0,0,0,1,0,0,-,-,33.94717025756836,-118.29158782958984,LOS ANGELES,UNINCORPORATED,-118.29196166992188,33.94709777832031
90807562,2018,2018-09-07,9550,2018-08-26,2235,021578,NA,7,3,5,1935,0,1,1,NA,2,652,I-605 S/B,CARSON ST.,1500,S,N,A,-,Y,NA,NA,NA,NA,NA,NA,NA,NA,NA,Y,3,0,1,2,A,-,01,23152,A,N,C,C,A,A,H,-,C,D,0,NA,NA,Y,NA,Y,Y,C,02,0,1,0,0,0,0,0,0,1,-,-,33.825828552246094,-118.08219909667967,LOS ANGELES,LAKEWOOD,-118.08419799804688,33.83137893676758
9080757,2020,2020-05-22,1942,2020-02-15,0215,42187,1822,6,5,7,1942,0,0,0,R,0,18A1,CENTURY BL,MAIN ST,0,NA,Y,A,-,N,NA,NA,NA,NA,NA,NA,NA,NA,NA,Y,4,0,1,2,A,-,08,22107,NA,N,B,C,A,A,H,-,C,A,0,NA,NA,NA,NA,Y,NA,A,01,0,0,1,0,0,0,0,0,0,-,-,NA,NA,LOS ANGELES,LOS ANGELES,-118.27388763427734,33.945560455322266
90807580,2018,2018-09-07,9525,2018-08-29,0745,018761,NA,3,1,9,1900,0,3,5,NA,2,002,HOLLENBECK ST.,COVINA BLVD,0,NA,Y,A,-,N,NA,NA,NA,NA,NA,NA,NA,NA,NA,Y,3,0,1,2,A,-,12,21453,A,N,D,C,A,A,H,-,A,A,0,NA,NA,Y,NA,Y,NA,A,01,0,1,0,0,0,0,0,0,1,-,-,34.09941864013672,-117.8990478515625,LOS ANGELES,UNINCORPORATED,-117.89897918701172,34.09939956665039
90807589,2018,2018-10-16,9565,2018-08-05,0835,021775,NA,7,1,9,1900,0,3,5,NA,2,003,LA BREA AVE.,SLAUSON AVE.,90,S,N,A,-,N,NA,NA,NA,NA,NA,NA,NA,NA,NA,Y,3,0,1,2,A,-,09,21804,A,N,D,C,A,A,H,-,A,D,0,NA,NA,NA,NA,Y,Y,A,01,0,1,0,0,0,0,0,0,0,-,-,33.9881706237793,-118.35854339599608,LOS ANGELES,UNINCORPORATED,-118.35854339599608,33.98831558227539
90807598,2018,2018-09-07,9530,2018-08-19,0100,021642,NA,7,3,9,1900,0,3,5,NA,2,002,SAN PEDRO ST.,135TH ST.,0,NA,Y,A,-,N,NA,NA,NA,NA,NA,NA,NA,NA,NA,Y,4,0,1,3,A,-,12,21453,A,F,D,C,A,A,H,-,D,A,0,NA,NA,NA,NA,Y,NA,-,99,0,0,1,0,0,0,0,0,0,-,-,33.9091796875,-118.26966857910156,LOS ANGELES,UNINCORPORATED,-118.26966857910156,33.90916061401367
9080761,2020,2020-05-22,1942,2020-02-21,1030,37344,1837,5,5,7,1942,0,0,0,R,0,18A35,COMPTON AV,110TH ST,250,N,N,A,-,N,NA,NA,NA,NA,NA,NA,NA,NA,NA,N,4,0,1,2,A,-,00,22102,A,N,C,C,A,A,H,-,A,D,0,NA,NA,NA,NA,Y,NA,A,01,0,0,1,0,0,0,0,0,0,-,-,NA,NA,LOS ANGELES,LOS ANGELES,-118.2462921142578,33.936485290527344
90807613,2018,2018-09-07,9565,2018-09-06,1930,021473,NA,4,2,7,1942,0,1,1,NA,2,064,I-405 N/B (SAN DIEGO FWY),SEPULVEDA BLVD,500,N,N,B,-,Y,NA,NA,405,NA,NA,NA,NA,NA,N,Y,4,0,2,2,A,-,07,21658,A,N,B,C,A,A,H,-,C,D,0,NA,NA,NA,NA,Y,NA,A,07,0,0,2,0,0,0,0,0,0,-,-,34.098079681396484,-118.47757720947266,LOS ANGELES,LOS ANGELES,-118.47769927978516,34.0980339050293
90807615,2018,2018-09-07,9565,2018-09-04,1630,016545,NA,2,2,4,1918,0,1,1,NA,2,061,I-405 S/B(SAN DIEGO FWY),WASHINGTON BL,1000,S,N,B,-,Y,NA,NA,NA,NA,NA,NA,NA,NA,NA,N,4,0,1,4,A,-,03,22350,NA,N,C,C,A,A,H,-,A,D,0,NA,NA,NA,NA,Y,NA,A,01,0,0,1,0,0,0,0,0,0,-,-,33.97911071777344,-118.93456268310548,LOS ANGELES,CULVER CITY,-118.411865234375,34.00364685058594
90807625,2018,2018-09-07,9530,2018-08-26,2045,021582,NA,7,2,9,1900,0,3,5,NA,2,002,135TH ST. (400 BLOCK),METTLER AVE.,0,NA,Y,A,-,N,NA,NA,NA,NA,NA,NA,NA,NA,NA,Y,3,0,3,2,A,-,03,22350,NA,N,C,C,A,A,H,-,C,D,0,NA,NA,NA,NA,Y,NA,A,01,0,2,1,0,0,0,0,0,0,-,-,33.90911102294922,-118.26647186279295,LOS ANGELES,UNINCORPORATED,-118.2664794921875,33.909149169921875
9080765,2020,2020-08-11,1942,2020-02-29,1900,44049,1207,6,5,7,1942,0,0,0,L,0,12A45,S HOOVER ST,W 46TH ST,0,NA,Y,A,-,N,NA,NA,NA,NA,NA,NA,NA,NA,NA,N,4,0,1,4,A,-,08,22107,NA,N,D,C,A,A,H,-,C,D,0,NA,NA,NA,NA,Y,NA,-,-,0,0,1,0,0,0,0,0,0,-,-,NA,NA,LOS ANGELES,LOS ANGELES,-118.28714752197266,34.00170135498047
90807652,2018,2018-09-07,9540,2018-08-30,1750,018805,NA,4,2,9,1900,0,2,4,NA,1,102,HASLEY CANYON ROAD,CAMBRIDGE AVENUE,0,NA,Y,A,-,N,NA,NA,NA,NA,NA,NA,NA,NA,NA,Y,3,0,2,2,A,-,17,21451,A,N,D,C,A,A,H,-,B,A,0,NA,NA,NA,NA,Y,NA,A,01,0,1,1,0,0,0,0,0,0,-,-,34.45481872558594,-118.62135314941406,LOS ANGELES,UNINCORPORATED,-118.62142944335938,34.45494079589844
90807656,2018,2018-09-07,9540,2018-08-31,1234,013893,NA,5,1,9,1900,0,1,1,NA,2,508,I-5 NORTHBOUND (GOLDEN STATE FWY),PARKER RD,2112,S,N,A,-,Y,NA,NA,5,NA,NA,NA,NA,NA,N,Y,2,0,1,1,A,-,08,22107,NA,N,E,I,A,A,D,E,A,A,0,NA,NA,NA,NA,Y,NA,A,07,1,0,0,0,0,0,0,0,0,-,-,34.48434066772461,-118.61528778076172,LOS ANGELES,UNINCORPORATED,-118.61534881591795,34.484310150146484
9080769,2020,2020-05-22,1942,2020-02-29,0600,34959,679,6,5,7,1942,0,0,0,NA,0,6A79,KINGSLEY DR,ROMAINE ST,149,S,N,A,-,N,NA,NA,NA,NA,NA,NA,NA,NA,NA,Y,3,0,1,2,A,-,08,22107,NA,N,C,E,A,A,H,-,B,D,0,NA,NA,NA,NA,Y,NA,A,01,0,1,0,0,0,0,0,0,0,-,-,NA,NA,LOS ANGELES,LOS ANGELES,-118.30328369140624,34.088111877441406
90807717,2018,2018-09-07,9565,2018-08-29,1741,022104,NA,3,2,6,1933,0,1,1,NA,2,060,I-405 N/B (SAN DIEGO FREEWAY),HILLCREST BLVD.,300,N,N,A,-,Y,NA,NA,405,NA,NA,NA,NA,NA,N,Y,4,0,3,3,A,-,03,22350,NA,N,C,C,A,A,H,-,A,D,0,NA,NA,NA,NA,Y,NA,A,01,0,0,3,0,0,0,0,0,0,-,-,33.957271575927734,-118.3693389892578,LOS ANGELES,INGLEWOOD,-118.36924743652344,33.95726776123047
90807719,2018,2018-09-07,9535,2018-08-29,2350,019363,NA,3,3,5,1901,0,1,1,NA,2,421,I-10 W/B TO GARFIELD AVE,GARFIELD AVE,300,E,N,A,-,Y,NA,NA,10,NA,NA,NA,R,NA,W,N,4,0,1,1,A,-,08,22107,NA,N,E,I,A,A,H,-,C,D,0,NA,NA,NA,NA,Y,NA,A,01,0,0,1,0,0,0,0,0,0,-,-,34.07408905029297,-118.1232681274414,LOS ANGELES,ALHAMBRA,-118.1232681274414,34.07408905029297
9080773,2020,2020-05-22,1942,2020-02-26,1725,42587,648,3,5,7,1942,0,0,0,NA,0,6A79,SUNSET BL,WILTON PL,0,NA,Y,A,-,N,NA,NA,NA,NA,NA,NA,NA,NA,NA,Y,3,0,4,2,A,-,09,21801,A,N,D,C,A,A,H,-,A,D,0,NA,NA,NA,NA,Y,NA,A,01,0,3,1,0,0,0,0,0,0,-,-,NA,NA,LOS ANGELES,LOS ANGELES,-118.3135986328125,34.098079681396484
90807747,2018,2018-09-11,9535,2018-08-30,2343,020816,NA,4,3,9,1900,0,1,3,NA,2,066,SR-164 (ROSEMEAD BLVD.) (500 BLOCK),SAN GABRIEL BLVD,1430,S,N,A,-,Y,NA,NA,164,NA,NA,NA,NA,NA,NA,Y,4,0,1,1,A,-,01,23152,A,N,E,I,A,A,H,-,D,D,0,NA,NA,NA,NA,Y,Y,D,22,0,0,1,0,0,0,0,0,0,-,-,34.025001525878906,-118.07032775878906,LOS ANGELES,UNINCORPORATED,-118.07025146484376,34.02495574951172
90807757,2018,2018-09-07,9530,2018-08-27,1440,022051,NA,1,2,9,1900,0,3,5,NA,2,007,1ST ST.,BANDINI ST.,0,NA,Y,A,-,N,NA,NA,NA,NA,NA,NA,NA,NA,NA,Y,3,0,1,2,A,-,12,21453,A,N,D,C,A,A,H,-,A,A,0,NA,NA,Y,NA,Y,NA,A,01,0,1,0,0,0,0,0,0,1,-,-,33.74340057373047,-118.29889678955078,LOS ANGELES,UNINCORPORATED,-118.2989501953125,33.74333953857422
90807759,2018,2018-09-07,9580,2018-08-27,0430,018297,NA,1,3,7,1942,0,1,2,NA,2,104,US-101 N/B (VENTURA FREEWAY),DE SOTO AVE,140,S,N,A,-,Y,NA,NA,101,NA,NA,NA,NA,NA,N,Y,3,0,4,9,A,-,03,22350,NA,N,C,C,A,A,H,-,C,D,0,NA,NA,NA,NA,Y,NA,A,01,0,1,3,0,0,0,0,0,0,-,-,34.16814041137695,-118.58757781982422,LOS ANGELES,LOS ANGELES,-118.58758544921876,34.16808319091797
9080777,2020,2020-05-22,1942,2020-02-27,1550,38168,639,4,5,7,1942,0,0,0,NA,0,6A49,HOLLYWOOD BL,N KINGSLEY DR,0,NA,Y,B,-,N,NA,NA,NA,NA,NA,NA,NA,NA,NA,Y,3,0,1,2,A,-,21,22106,NA,N,B,C,A,A,H,-,A,D,0,NA,NA,NA,NA,Y,NA,A,01,0,1,0,0,0,0,0,0,0,-,-,NA,NA,LOS ANGELES,LOS ANGELES,-118.30352020263672,34.101749420166016
90807770,2018,2018-09-07,9580,2018-08-27,1810,021079,NA,1,2,7,1942,0,1,2,NA,2,102,US-101 N/B (VENTURA FREEWAY),VAN NUYS BLVD,2000,N,N,A,-,Y,NA,NA,101,NA,NA,NA,NA,NA,N,N,4,0,1,2,A,-,03,22350,NA,N,C,C,A,A,H,-,A,D,0,NA,NA,NA,NA,Y,NA,A,01,0,0,1,0,0,0,0,0,0,-,-,34.15824890136719,-118.4562530517578,LOS ANGELES,LOS ANGELES,-118.4562530517578,34.158241271972656
90807784,2018,2018-09-07,9530,2018-08-27,1755,022130,NA,1,2,9,1900,0,3,5,NA,2,002,MONA BLVD.,119TH ST.,0,NA,Y,A,-,N,NA,NA,NA,NA,NA,NA,NA,NA,NA,Y,3,0,3,2,A,-,09,21802,A,N,D,C,A,A,H,-,A,D,0,NA,NA,NA,NA,Y,NA,A,01,0,3,0,0,0,0,0,0,0,-,-,33.92457962036133,-118.22927856445313,LOS ANGELES,UNINCORPORATED,-118.22936248779295,33.924598693847656
90807795,2018,2018-09-07,9580,2018-08-28,1000,016413,NA,2,1,7,1942,0,1,2,NA,2,101,US-101 S/B (VENTURA FREEWAY),COLDWATER CANYON AVE,528,N,N,A,-,Y,NA,NA,101,NA,NA,NA,NA,NA,S,N,4,0,1,2,A,-,03,22350,NA,N,C,C,A,A,H,-,A,D,0,NA,NA,NA,NA,Y,NA,A,01,0,0,1,0,0,0,0,0,0,-,-,34.156471252441406,-118.41565704345705,LOS ANGELES,LOS ANGELES,-118.41565704345705,34.156646728515625
90807801,2018,2018-09-07,9525,2018-08-30,0732,018992,NA,4,1,6,1975,0,1,1,NA,2,103,I-10 W/B (SAN BERNARDINO FWY),PACIFIC AVE,750,E,N,A,-,Y,NA,NA,10,NA,NA,NA,NA,NA,W,Y,4,0,1,2,A,-,07,21658,A,M,B,C,A,A,D,E,A,D,0,NA,NA,NA,NA,Y,NA,A,01,0,0,1,0,0,0,0,0,0,-,-,34.07244110107422,-117.94049835205078,LOS ANGELES,WEST COVINA,-117.94050598144533,34.07251739501953
9080781,2020,2020-05-22,1942,2020-02-26,1020,42252,0636,3,5,7,1942,0,0,0,F,0,6A15,9TH ST,YUCCA ST,70,S,N,A,-,N,NA,NA,NA,NA,NA,NA,NA,NA,NA,N,3,0,1,2,A,-,04,21703,NA,N,C,G,A,A,H,-,A,A,0,NA,Y,NA,NA,Y,NA,L,04,0,1,0,0,0,0,1,0,0,-,-,NA,NA,LOS ANGELES,LOS ANGELES,NA,NA
90807810,2018,2018-09-07,9535,2018-09-04,0525,020818,NA,2,3,3,1914,0,1,1,NA,2,072,I-710 (LONG BEACH FREEWAY) N/B,WASHINGTON BLVD,1250,N,N,A,-,Y,NA,NA,710,NA,NA,NA,NA,NA,N,Y,4,0,1,2,A,-,03,22350,NA,M,C,C,A,A,H,-,C,D,0,NA,NA,NA,NA,Y,NA,A,01,0,0,1,0,0,0,0,0,0,-,-,34.00822067260742,-118.17224884033205,LOS ANGELES,COMMERCE,-118.17226409912108,34.00822067260742
90807811,2018,2018-09-07,9530,2018-08-27,1815,020935,NA,1,2,9,1900,0,3,5,NA,2,002,WILLOWBROOK AVE (12600 BLOCK),EL SEGUNDO BLVD.,75,N,N,A,-,N,NA,NA,NA,NA,NA,NA,NA,NA,NA,N,3,0,1,2,A,-,05,21650,NA,N,D,G,A,A,H,-,A,D,0,NA,Y,NA,NA,Y,NA,L,04,0,1,0,0,0,0,1,0,0,-,-,33.916709899902344,-118.23143768310548,LOS ANGELES,UNINCORPORATED,-118.23178100585938,33.916385650634766
90807822,2018,2018-09-07,9565,2018-09-02,1205,015275,NA,7,1,7,1942,0,1,1,NA,2,062,I-405 N/B (PHILIP DENNIS ORTIZ MRL HWY),VENICE BOULEVARD,528,N,N,B,-,Y,NA,NA,405,NA,NA,NA,NA,NA,N,N,4,0,1,3,A,-,03,22350,NA,N,C,C,A,A,H,-,A,D,0,NA,NA,NA,NA,Y,NA,A,01,0,0,1,0,0,0,0,0,0,-,-,34.014591217041016,-118.42002105712892,LOS ANGELES,LOS ANGELES,-118.4201431274414,34.014495849609375