CASE_ID,ACCIDENT_YEAR,PROC_DATE,JURIS,COLLISION_DATE,COLLISION_TIME,OFFICER_ID,REPORTING_DISTRICT,DAY_OF_WEEK,CHP_SHIFT,POPULATION,CNTY_CITY_LOC,SPECIAL_COND,BEAT_TYPE,CHP_BEAT_TYPE,CITY_DIVISION_LAPD,CHP_BEAT_CLASS,BEAT_NUMBER,PRIMARY_RD,SECONDARY_RD,DISTANCE,DIRECTION,INTERSECTION,WEATHER_1,WEATHER_2,STATE_HWY_IND,CALTRANS_COUNTY,CALTRANS_DISTRICT,STATE_ROUTE,ROUTE_SUFFIX,POSTMILE_PREFIX,POSTMILE,LOCATION_TYPE,RAMP_INTERSECTION,SIDE_OF_HWY,TOW_AWAY,COLLISION_SEVERITY,NUMBER_KILLED,NUMBER_INJURED,PARTY_COUNT,PRIMARY_COLL_FACTOR,PCF_CODE_OF_VIOL,PCF_VIOL_CATEGORY,PCF_VIOLATION,PCF_VIOL_SUBSECTION,HIT_AND_RUN,TYPE_OF_COLLISION,MVIW,PED_ACTION,ROAD_SURFACE,ROAD_COND_1,ROAD_COND_2,LIGHTING,CONTROL_DEVICE,CHP_ROAD_TYPE,PEDESTRIAN_ACCIDENT,BICYCLE_ACCIDENT,MOTORCYCLE_ACCIDENT,TRUCK_ACCIDENT,NOT_PRIVATE_PROPERTY,ALCOHOL_INVOLVED,STWD_VEHTYPE_AT_FAULT,CHP_VEHTYPE_AT_FAULT,COUNT_SEVERE_INJ,COUNT_VISIBLE_INJ,COUNT_COMPLAINT_PAIN,COUNT_PED_KILLED,COUNT_PED_INJURED,COUNT_BICYCLIST_KILLED,COUNT_BICYCLIST_INJURED,COUNT_MC_KILLED,COUNT_MC_INJURED,PRIMARY_RAMP,SECONDARY_RAMP,LATITUDE,LONGITUDE,COUNTY,CITY,POINT_X,POINT_Y
90809647,2018,2018-09-11,9575,2018-08-31,2205,021254,NA,5,3,7,1942,0,1,1,NA,2,050,I-5 S/B FROM COLORADO ST FWY EXT.,COLORADO ST FWY EXT,150,N,N,A,-,Y,NA,NA,5,NA,NA,NA,R,NA,S,Y,3,0,1,1,A,-,08,22107,NA,N,E,I,A,A,H,-,D,D,0,NA,NA,NA,NA,Y,NA,A,01,0,1,0,0,0,0,0,0,0,-,-,34.1409912109375,-118.27700805664064,LOS ANGELES,LOS ANGELES,-118.27700805664064,34.1409912109375
9080965,2020,2020-06-11,1942,2020-02-10,0545,32535,1347,1,5,7,1942,0,0,0,M,0,13A27,ALAMEDA,MARTIN LUTHER KING,0,NA,Y,A,-,N,NA,NA,NA,NA,NA,NA,NA,NA,NA,Y,4,0,1,2,A,-,08,22107,NA,N,B,C,A,A,H,-,C,D,0,NA,NA,Y,Y,Y,NA,F,25,0,0,1,0,0,0,0,0,1,-,-,NA,NA,LOS ANGELES,LOS ANGELES,-118.2265625,33.938201904296875
90809650,2018,2018-09-11,9525,2018-08-30,2245,020907,NA,4,3,5,1990,0,1,3,NA,2,604,SR-60  E/B TO SR-57 N/B,DIAMOND BAR BLVD.,550,W,N,A,-,Y,NA,NA,60,NA,NA,NA,R,NA,E,Y,3,0,1,1,A,-,03,22350,NA,N,F,A,A,A,H,-,C,D,0,NA,NA,Y,NA,Y,NA,C,02,0,1,0,0,0,0,0,0,1,-,-,34.018470764160156,-117.81580352783205,LOS ANGELES,DIAMOND BAR,-117.81580352783205,34.018470764160156
90809651,2018,2018-09-11,9590,2018-09-07,1635,021190,NA,5,2,7,1942,0,1,1,NA,2,051,I-110 S/B (HAF),VERNON AVENUE,1100,S,N,A,-,Y,NA,NA,110,NA,NA,NA,NA,NA,S,N,4,0,1,2,A,-,03,22350,NA,N,C,D,A,A,H,-,A,D,0,NA,NA,NA,NA,Y,NA,A,01,0,0,1,0,0,0,0,0,0,-,-,34.00048828125,-118.28108215332033,LOS ANGELES,LOS ANGELES,-118.28105926513672,34.000492095947266
90809655,2018,2018-09-11,9535,2018-09-02,1200,017598,NA,7,1,5,1969,0,1,1,NA,2,074,I-710 N/B FROM IMPERIAL HWY E/B,IMPERIAL HWY,150,N,N,B,-,Y,NA,NA,710,NA,NA,NA,R,NA,N,Y,3,0,2,1,A,-,03,22350,NA,N,E,I,A,A,H,-,A,A,0,NA,NA,NA,NA,Y,NA,A,01,0,2,0,0,0,0,0,0,0,-,-,33.93286895751953,-118.1778564453125,LOS ANGELES,SOUTH GATE,-118.1778564453125,33.93286895751953
90809663,2018,2018-09-11,9590,2018-09-07,2025,021667,NA,5,2,7,1942,0,1,1,NA,2,013,SR-110 S/B (GOLDEN STATE FREEWAY),PASADENA AVENUE,100,N,N,A,-,Y,NA,NA,110,NA,NA,NA,NA,NA,S,Y,4,0,1,2,A,-,01,23152,A,N,C,C,A,A,H,-,C,D,0,NA,NA,NA,NA,Y,Y,A,07,0,0,1,0,0,0,0,0,0,-,-,34.08700180053711,-118.21116638183594,LOS ANGELES,LOS ANGELES,-118.21115112304688,34.08695983886719
90809670,2018,2018-09-11,9530,2018-08-24,0935,022043,NA,5,1,7,1942,0,1,1,NA,2,200,I-105 W/B (GLENN ANDERSON FWY),AVALON BLVD.,400,W,N,A,-,Y,NA,NA,105,NA,NA,NA,NA,NA,W,Y,4,0,1,3,A,-,07,21658,A,N,C,C,A,A,H,-,A,D,0,NA,NA,Y,NA,Y,NA,-,99,0,0,1,0,0,0,0,0,1,-,-,33.92774963378906,-118.26763916015624,LOS ANGELES,LOS ANGELES,-118.26763916015624,33.927650451660156
90809675,2018,2018-09-11,9535,2018-08-27,0925,017148,NA,1,1,9,1900,0,2,4,NA,2,014,E CESAR E CHAVEZ AVE (4500 BLOCK),FORD BLVD,20,E,N,A,-,N,NA,NA,NA,NA,NA,NA,NA,NA,NA,N,4,0,1,2,A,-,03,22350,NA,N,C,C,A,A,H,-,A,D,0,NA,NA,NA,NA,Y,NA,A,08,0,0,1,0,0,0,0,0,0,-,-,34.04059982299805,-118.16905975341795,LOS ANGELES,UNINCORPORATED,-118.1691436767578,34.04058837890625
90809678,2018,2018-09-11,9535,2018-08-30,1706,021976,NA,4,2,5,1906,0,1,1,NA,2,654,I-605 N/B (SAN GABRIEL RIVER FWY),VALLEY BLVD,1500,S,N,A,-,Y,NA,NA,NA,NA,NA,NA,NA,NA,NA,Y,3,0,1,1,A,-,08,22107,NA,N,E,I,A,A,H,-,A,D,0,NA,NA,NA,NA,Y,NA,A,01,0,1,0,0,0,0,0,0,0,-,-,34.05038070678711,-118.00647735595705,LOS ANGELES,BALDWIN PARK,-118.00624847412108,34.050594329833984
9080968,2020,2020-07-14,1942,2020-03-04,1910,38185,1617,3,5,7,1942,0,0,0,P,0,16A35,SHERMAN GROVE AV,KYLE ST,70,N,N,B,-,N,NA,NA,NA,NA,NA,NA,NA,NA,NA,N,4,0,1,3,A,-,03,22350,NA,N,B,E,A,A,H,-,C,A,0,NA,NA,NA,NA,Y,NA,A,01,0,0,1,0,0,0,0,0,0,-,-,NA,NA,LOS ANGELES,LOS ANGELES,-118.32008361816406,34.265403747558594
90809692,2018,2018-09-11,9535,2018-08-29,0125,018749,NA,3,3,5,1943,0,1,1,NA,2,074,I-710 (LONG BEACH FREEWAY) N/B,I-105,800,S,N,A,-,Y,NA,NA,710,NA,NA,NA,NA,NA,N,Y,4,0,2,1,A,-,08,22107,NA,N,E,I,A,A,H,-,C,D,0,NA,NA,NA,NA,Y,NA,A,01,0,0,2,0,0,0,0,0,0,-,-,33.908119201660156,-118.1814422607422,LOS ANGELES,LYNWOOD,-118.18142700195313,33.908111572265625
90809697,2018,2018-09-11,9565,2018-09-05,0945,017574,NA,3,1,7,1942,0,1,1,NA,2,062,INTERSTATE 405 NB,PALMS BLVD.,200,S,N,A,-,Y,NA,NA,405,NA,NA,NA,NA,NA,N,N,3,0,1,2,A,-,07,21658,A,N,C,C,A,A,H,-,A,D,0,NA,NA,NA,NA,Y,NA,A,07,0,1,0,0,0,0,0,0,0,-,-,34.01599884033203,-118.4219970703125,LOS ANGELES,LOS ANGELES,-118.4215850830078,34.016326904296875
9080971,2020,2020-06-09,1942,2020-02-03,0655,42926,1325,1,5,7,1942,0,0,0,M,0,13A27,E 28TH ST,S CENTRAL AV,0,NA,Y,G,-,N,NA,NA,NA,NA,NA,NA,NA,NA,NA,Y,3,0,7,2,A,-,09,21802,A,N,D,C,A,A,B,-,A,A,0,NA,NA,NA,NA,Y,NA,A,07,0,3,4,0,0,0,0,0,0,-,-,NA,NA,LOS ANGELES,LOS ANGELES,-118.25578308105467,34.01675033569336
90809727,2018,2018-09-11,9565,2018-09-02,0650,021575,NA,7,1,9,1900,0,2,4,NA,1,054,ADMIRALTY WAY,MARVIN BRAUDE BIKE PATH,0,NA,Y,B,-,N,NA,NA,NA,NA,NA,NA,NA,NA,NA,Y,3,0,1,2,A,-,12,21453,A,N,H,G,A,A,H,-,A,A,0,NA,Y,NA,NA,Y,NA,A,01,0,1,0,0,0,0,1,0,0,-,-,33.98326873779297,-118.44326782226564,LOS ANGELES,UNINCORPORATED,-118.443304,33.983299
9080973,2020,2020-06-10,1942,2020-02-27,1534,40730,1331,4,5,7,1942,0,0,0,M,0,13A41,HOPE ST,JEFFERSON BL,0,NA,Y,A,-,N,NA,NA,NA,NA,NA,NA,NA,NA,NA,N,4,0,1,2,A,-,10,21950,A,N,G,B,B,A,H,-,A,A,0,Y,NA,NA,NA,Y,NA,D,22,0,0,1,0,1,0,0,0,0,-,-,NA,NA,LOS ANGELES,LOS ANGELES,-118.27764892578124,34.02090835571289
9080974,2020,2020-07-17,1942,2020-02-08,1438,39833,1321,6,5,7,1942,0,0,0,M,0,NA,HILL,23RD ST,100,S,N,A,-,N,NA,NA,NA,NA,NA,NA,NA,NA,NA,N,4,0,2,2,A,-,03,22350,NA,N,C,C,A,A,-,-,A,A,0,NA,NA,NA,NA,Y,NA,D,22,0,0,2,0,0,0,0,0,0,-,-,NA,NA,LOS ANGELES,LOS ANGELES,-118.26922607421876,34.02828598022461
90809745,2018,2018-09-11,9590,2018-09-02,1320,022102,NA,7,1,7,1942,0,1,1,NA,2,082,I-5 N/B (GOLDEN STATE FREEWAY),RIVERSIDE DR.,3000,S,N,A,-,Y,NA,NA,5,NA,NA,NA,NA,NA,N,Y,4,0,1,3,A,-,03,22350,NA,N,C,C,A,A,H,-,A,D,0,NA,NA,NA,NA,Y,NA,A,07,0,0,1,0,0,0,0,0,0,-,-,34.08829116821289,-118.23574829101564,LOS ANGELES,LOS ANGELES,-118.2357940673828,34.08821487426758
9080975,2020,2020-06-15,1942,2020-02-23,2130,41677,1322,7,5,7,1942,0,0,0,M,0,13X28-,25TH ST,SAN PEDRO ST,380,E,N,A,-,N,NA,NA,NA,NA,NA,NA,NA,NA,NA,N,4,0,2,4,A,-,03,22350,NA,N,C,C,A,A,-,-,C,D,0,NA,NA,NA,NA,Y,Y,-,99,0,0,2,0,0,0,0,0,0,-,-,NA,NA,LOS ANGELES,LOS ANGELES,-118.25966644287108,34.02198028564453
90809752,2018,2018-09-11,9530,2018-08-29,1735,021871,NA,3,2,9,1900,0,3,5,NA,2,001,COMPTON AVE.,87TH PL.,0,NA,Y,A,-,N,NA,NA,NA,NA,NA,NA,NA,NA,NA,N,4,0,1,2,A,-,09,21802,A,N,D,C,A,A,H,-,A,A,0,NA,NA,NA,NA,Y,NA,A,01,0,0,1,0,0,0,0,0,0,-,-,33.95817947387695,-118.24745941162108,LOS ANGELES,UNINCORPORATED,-118.2473373413086,33.95820999145508
90809767,2018,2018-09-11,9590,2018-09-07,1935,022102,NA,5,2,7,1942,0,1,1,NA,2,084,I-5 N/B (GOLDEN STATE FREEWAY),COLORADO ST.,2000,S,N,A,-,Y,NA,NA,5,NA,NA,NA,NA,NA,N,N,4,0,1,2,A,-,03,22350,NA,N,C,C,A,A,H,-,C,D,0,NA,NA,NA,NA,Y,NA,A,01,0,0,1,0,0,0,0,0,0,-,-,34.136478424072266,-118.2761001586914,LOS ANGELES,LOS ANGELES,-118.27602386474608,34.13650131225586
9080977,2020,2020-06-11,1942,2020-02-08,1445,34426,1313,6,5,7,1942,0,0,0,M,0,13A13,S SAN PEDRO ST,E 16TH ST,156,N,N,A,-,N,NA,NA,NA,NA,NA,NA,NA,NA,NA,N,4,0,2,2,A,-,03,22350,NA,F,C,C,A,A,H,-,A,D,0,NA,NA,NA,NA,Y,NA,D,22,0,0,2,0,0,0,0,0,0,-,-,NA,NA,LOS ANGELES,LOS ANGELES,-118.25572967529295,34.03025817871094
9080978,2020,2020-07-08,1942,2020-02-07,1304,44110,4213,5,5,7,1942,0,0,0,NA,0,NA,18TH ST,PALOMA,10,E,N,A,-,N,NA,NA,NA,NA,NA,NA,NA,NA,NA,N,4,0,1,2,D,-,00,NA,NA,N,G,B,F,A,H,-,A,A,0,Y,NA,NA,Y,Y,Y,-,-,0,0,1,0,1,0,0,0,0,-,-,NA,NA,LOS ANGELES,LOS ANGELES,-118.25177001953124,34.026214599609375
90809785,2018,2018-09-11,9590,2018-08-30,1210,022041,NA,4,1,7,1942,0,1,1,NA,2,081,I-5 S/B (GOLDEN STATE FREEWAY),4TH STREET,800,S,N,A,-,Y,NA,NA,5,NA,NA,NA,NA,NA,S,N,4,0,1,2,D,-,00,NA,NA,N,C,C,A,A,H,-,A,D,0,NA,NA,NA,NA,Y,NA,-,-,0,0,1,0,0,0,0,0,0,-,-,34.03615951538086,-118.22067260742188,LOS ANGELES,LOS ANGELES,-118.22077178955078,34.03620529174805
9080979,2020,2020-05-19,1942,2020-02-25,1613,37143,1354,2,5,7,1942,0,0,0,M,0,24MX10,MAIN ST,43RD ST,0,NA,Y,A,-,N,NA,NA,NA,NA,NA,NA,NA,NA,NA,Y,4,0,1,2,A,-,09,21801,A,N,D,C,A,A,H,-,A,D,0,NA,NA,NA,NA,Y,NA,D,22,0,0,1,0,0,0,0,0,0,-,-,NA,NA,LOS ANGELES,LOS ANGELES,-118.27400970458984,34.00564193725586
90809796,2018,2018-09-11,9530,2018-08-29,1830,022083,NA,3,2,7,1941,0,1,1,NA,2,420,I-405 N/B (SAN DIEGO FREEWAY),BELLFLOWER BLVD.,1500,N,N,A,-,Y,NA,NA,405,NA,NA,NA,NA,NA,N,Y,2,0,1,6,A,-,03,22350,NA,N,C,C,A,A,H,-,A,D,0,NA,NA,NA,NA,Y,NA,A,01,1,0,0,0,0,0,0,0,0,-,-,33.802799224853516,-118.13040924072266,LOS ANGELES,LONG BEACH,-118.13040924072266,33.80287170410156
9080980,2020,2020-07-14,1942,2020-03-10,1315,40165,1622,2,5,7,1942,0,0,0,P,0,16A23,VAN NUYS BL,TELFAIR AV,20,E,N,B,-,N,NA,NA,NA,NA,NA,NA,NA,NA,NA,N,4,0,3,2,A,-,04,21703,NA,N,C,C,A,B,H,-,A,D,0,NA,NA,NA,NA,Y,NA,A,01,0,0,3,0,0,0,0,0,0,-,-,NA,NA,LOS ANGELES,LOS ANGELES,-118.42552185058594,34.26361846923828
90809812,2018,2018-09-20,9550,2018-08-30,2230,021451,NA,4,3,5,1908,0,1,3,NA,2,091,STATE ROUTE 91 W/B,LAKEWOOD BOULEVARD,1500,E,N,A,-,Y,NA,NA,91,NA,NA,NA,NA,NA,W,Y,4,0,1,3,A,-,08,22107,NA,N,E,I,A,A,H,-,D,D,0,NA,NA,NA,NA,Y,NA,A,01,0,0,1,0,0,0,0,0,0,-,-,33.8773193359375,-118.13517761230467,LOS ANGELES,BELLFLOWER,-118.13517761230467,33.8773078918457
90809817,2018,2018-09-11,9535,2018-08-31,1520,020855,NA,5,2,5,1959,0,1,1,NA,2,400,I-10 (SAN BERNARDINO FREEWAY) E/B,WALNUT GROVE AVE,850,E,N,A,-,Y,NA,NA,10,NA,NA,NA,NA,NA,E,Y,4,0,2,3,A,-,03,22350,NA,N,C,C,A,A,H,-,A,D,0,NA,NA,NA,NA,Y,NA,A,01,0,0,2,0,0,0,0,0,0,-,-,34.07209014892578,-118.07894897460938,LOS ANGELES,ROSEMEAD,-118.07894897460938,34.07200241088867
9080982,2020,2020-06-09,1942,2020-02-19,1500,40865,1395,3,5,7,1942,0,0,0,M,0,13A93,E 67TH ST,S SAN PEDRO ST,0,NA,Y,A,-,N,NA,NA,NA,NA,NA,NA,NA,NA,NA,N,3,0,1,2,A,-,03,22350,NA,N,C,E,A,A,H,-,A,A,0,NA,NA,NA,NA,Y,NA,A,07,0,1,0,0,0,0,0,0,0,-,-,NA,NA,LOS ANGELES,LOS ANGELES,-118.26956939697266,33.978790283203125
90809825,2018,2018-10-23,9530,2018-08-29,1630,022030,NA,3,2,7,1942,0,1,1,NA,2,200,I-105 E/B (GLENN ANDERSON FWY),VERMONT AVE.,170,E,N,A,-,Y,NA,NA,105,NA,NA,NA,NA,NA,E,N,4,0,1,2,A,-,07,21658,A,N,B,C,A,A,H,-,A,D,0,NA,NA,NA,NA,Y,Y,A,01,0,0,1,0,0,0,0,0,0,-,-,33.92844009399414,-118.29094696044922,LOS ANGELES,LOS ANGELES,-118.29094696044922,33.92849349975586
9080983,2020,2020-08-03,1942,2020-02-05,0055,36814,1311,3,5,7,1942,0,0,0,M,0,13A13,S FIGUEROA ST,W 23RD ST,25,N,N,A,-,N,NA,NA,NA,NA,NA,NA,NA,NA,NA,N,4,0,1,2,A,-,03,22350,NA,N,C,C,A,A,H,-,C,A,0,NA,NA,NA,NA,Y,NA,D,22,0,0,1,0,0,0,0,0,0,-,-,NA,NA,LOS ANGELES,LOS ANGELES,-118.27432250976564,34.03084945678711
90809836,2018,2018-09-11,9565,2018-09-10,0820,017060,NA,1,1,9,1900,0,3,5,NA,2,004,134TH ST.,ERIEL AVE.,500,W,N,A,-,N,NA,NA,NA,NA,NA,NA,NA,NA,NA,N,4,0,1,2,A,-,06,21751,NA,N,B,C,A,A,H,-,A,D,0,NA,NA,NA,NA,Y,NA,A,01,0,0,1,0,0,0,0,0,0,-,-,33.917869567871094,-118.3285675048828,LOS ANGELES,UNINCORPORATED,-118.32900238037108,33.91075134277344
90809841,2018,2018-09-11,9565,2018-09-04,0750,017574,NA,2,1,9,1900,0,2,4,NA,1,032,SLAUSON AVE,LADERA PARK AVE,245,W,N,B,-,N,NA,NA,NA,NA,NA,NA,NA,NA,NA,Y,3,0,1,2,A,-,08,22102,NA,N,D,C,A,A,H,-,A,D,0,NA,NA,NA,NA,Y,NA,A,01,0,1,0,0,0,0,0,0,0,-,-,33.97999954223633,-118.36000061035156,LOS ANGELES,UNINCORPORATED,-118.36045837402344,33.988197326660156
90809852,2018,2018-09-11,9530,2018-08-29,1515,021875,NA,3,2,7,1941,0,1,1,NA,2,071,I-710 S/B (LONG BEACH FREEWAY),DEL AMO BLVD.,2112,S,N,A,-,Y,NA,NA,710,NA,NA,NA,NA,NA,S,Y,3,0,1,3,A,-,07,21658,A,N,B,C,A,A,H,-,A,D,0,NA,NA,NA,Y,Y,NA,A,07,0,1,0,0,0,0,0,0,0,-,-,33.83980178833008,-118.20723724365234,LOS ANGELES,LONG BEACH,-118.20736694335938,33.8398323059082
90809891,2018,2018-09-11,9530,2018-08-29,1705,021842,NA,3,2,5,1977,0,1,1,NA,2,410,I-405 S/B (SAN DIEGO FREEWAY),WILMINGTON AVE.,1000,N,N,A,-,Y,NA,NA,405,NA,NA,NA,NA,NA,S,N,4,0,3,2,A,-,03,22350,NA,N,C,C,A,A,H,-,A,D,0,NA,NA,NA,NA,Y,NA,D,22,0,0,3,0,0,0,0,0,0,-,-,33.82583999633789,-118.24810028076172,LOS ANGELES,CARSON,-118.24810028076172,33.825828552246094
90809897,2018,2018-09-11,9565,2018-08-30,1915,021632,NA,4,2,9,1900,0,3,5,NA,2,005,LINCOLN BOULEVARD NORTHBOUND,FIJI WAY,40,S,N,A,-,N,NA,NA,NA,NA,NA,NA,NA,NA,NA,N,4,0,2,4,A,-,21,22106,NA,N,C,C,A,A,H,-,B,A,0,NA,NA,NA,NA,Y,NA,A,07,0,0,2,0,0,0,0,0,0,-,-,33.978389739990234,-118.43634796142578,LOS ANGELES,UNINCORPORATED,-118.43648529052734,33.97846221923828
90809899,2018,2018-09-11,9590,2018-09-03,1800,020879,NA,1,2,7,1942,0,1,2,NA,2,072,US-101 N/B (HOLLYWOOD FREEWAY),LANKERSHIM BLVD,500,S,N,A,-,Y,NA,NA,101,NA,NA,NA,NA,NA,N,Y,4,0,1,2,A,-,07,21658,A,F,C,C,A,A,H,-,A,D,0,NA,NA,NA,NA,Y,NA,-,99,0,0,1,0,0,0,0,0,0,-,-,34.13650131225586,-118.36074829101564,LOS ANGELES,LOS ANGELES,-118.36080932617188,34.136409759521484
90809904,2018,2018-09-11,9530,2018-08-29,0750,021059,NA,3,1,7,1942,0,1,1,NA,2,120,I-110 S/B (HARBOR FREEWAY),"L"" ST.""",500,S,N,A,-,Y,NA,NA,110,NA,NA,NA,NA,NA,S,Y,4,0,1,3,A,-,03,22350,NA,N,C,C,A,A,H,-,A,D,0,NA,NA,NA,NA,Y,NA,A,07,0,0,1,0,0,0,0,0,0,-,-,33.78451919555664,-118.28115081787108,LOS ANGELES,LOS ANGELES,-118.28107452392578,33.78453063964844
9080991,2020,2020-06-10,1942,2020-02-03,1325,39395,1307,1,5,7,1942,0,0,0,M,0,13A9,EAST 7TH ST,S CENTRAL AV,0,NA,Y,A,-,N,NA,NA,NA,NA,NA,NA,NA,NA,NA,N,3,0,1,2,A,-,08,22100,A,N,B,C,A,A,H,-,A,A,0,NA,NA,NA,Y,Y,NA,F,25,0,1,0,0,0,0,0,0,0,-,-,NA,NA,LOS ANGELES,LOS ANGELES,-118.24117279052734,34.03676986694336
90809933,2018,2018-09-11,9565,2018-08-14,0745,022057,NA,2,1,9,1900,0,2,4,NA,2,023,WESTERN AVENUE,120TH ST,140,S,N,A,-,Y,NA,NA,NA,NA,NA,NA,NA,NA,NA,N,3,0,1,2,A,-,11,21954,A,N,G,B,D,A,H,-,A,A,0,Y,NA,NA,NA,Y,NA,N,60,0,1,0,0,1,0,0,0,0,-,-,33.92351150512695,-118.30896759033205,LOS ANGELES,UNINCORPORATED,-118.3090591430664,33.92364501953125
9080995,2020,2020-08-03,1942,2020-02-17,1120,44124,1317,1,5,7,1942,0,0,0,M,0,13A9,WASHINGTON BL,NAOMI AV,0,NA,Y,A,-,N,NA,NA,NA,NA,NA,NA,NA,NA,NA,N,4,0,1,2,A,-,12,21453,A,N,D,G,A,A,H,-,A,A,0,NA,Y,NA,NA,Y,NA,L,04,0,0,1,0,0,0,1,0,0,-,-,NA,NA,LOS ANGELES,LOS ANGELES,-118.24803924560548,34.02299880981445
9080996,2020,2020-06-17,1942,2020-03-04,1205,37613,1613,3,5,7,1942,0,0,0,P,0,16A23,GLENOAKS BL,PIERCE ST,104,S,N,A,-,N,NA,NA,NA,NA,NA,NA,NA,NA,NA,Y,4,0,2,4,A,-,09,21801,A,N,D,C,A,A,H,-,A,D,0,NA,NA,NA,NA,Y,NA,A,07,0,0,2,0,0,0,0,0,0,-,-,NA,NA,LOS ANGELES,LOS ANGELES,-118.40827941894533,34.270477294921875
90809967,2018,2018-09-11,9575,2018-09-03,1547,021283,NA,1,2,9,1900,0,3,5,NA,2,003,LITTLE TUJUNGA CANYON RD.,LOS ANGELES CITY RD.,40,S,N,A,-,N,NA,NA,NA,NA,NA,NA,NA,NA,NA,Y,3,0,1,2,A,-,03,22350,NA,N,E,J,A,A,H,-,A,D,0,NA,NA,Y,NA,Y,NA,C,02,0,1,0,0,0,0,0,0,1,-,-,34.3101692199707,-118.34562683105467,LOS ANGELES,UNINCORPORATED,-118.34553527832033,34.31037902832031
9080998,2020,2020-07-17,1942,2020-02-06,1115,34458,1134,4,5,7,1942,0,0,0,K,0,11A89,W AVENUE 33,CAZADOR ST,479,N,N,A,-,N,NA,NA,NA,NA,NA,NA,NA,NA,NA,Y,3,0,1,3,A,-,06,21750,A,N,B,C,A,A,H,-,A,A,0,NA,NA,Y,NA,Y,NA,C,02,0,1,0,0,0,0,0,0,1,-,-,NA,NA,LOS ANGELES,LOS ANGELES,-118.23245239257813,34.107112884521484
90809984,2018,2018-09-11,9525,2018-09-03,1510,021074,NA,1,2,1,1934,0,1,1,NA,2,203,I-210 W/B (FOOTHILL FWY),IRWINDALE AVE,528,E,N,A,-,Y,NA,NA,210,NA,NA,NA,NA,NA,W,N,4,0,5,2,A,-,03,22350,NA,N,C,C,A,A,H,-,A,D,0,NA,NA,NA,NA,Y,NA,A,01,0,0,5,0,0,0,0,0,0,-,-,34.130340576171875,-117.93161010742188,LOS ANGELES,IRWINDALE,-117.93163299560548,34.13043212890625
90809987,2018,2018-09-11,9545,2018-09-06,1530,017751,NA,4,2,9,1900,0,1,3,NA,2,031,SR-14 N/B,RED ROVER MINE ROAD,1233,S,N,A,-,Y,NA,NA,14,NA,NA,NA,NA,NA,N,Y,4,0,1,1,A,-,08,22107,NA,N,E,I,A,A,H,-,A,A,0,NA,NA,NA,NA,Y,NA,D,22,0,0,1,0,0,0,0,0,0,-,-,34.498809814453125,-118.22228240966795,LOS ANGELES,UNINCORPORATED,-118.22234344482422,34.49870300292969
90809988,2018,2018-09-11,9525,2018-08-31,1155,017506,NA,5,1,9,1900,0,3,5,NA,2,005,MT. BALDY ROAD,SHINN RD.,11616,N,N,A,-,N,NA,NA,NA,NA,NA,NA,NA,NA,NA,Y,3,0,1,1,A,-,03,22350,NA,N,E,I,A,A,H,-,A,D,0,NA,NA,NA,Y,Y,NA,F,21,0,1,0,0,0,0,0,0,0,-,-,34.21139907836914,-117.67639923095705,LOS ANGELES,UNINCORPORATED,-117.67649841308594,34.20550537109375
9080999,2020,2020-07-22,1942,2020-02-21,0900,43175,RD130,5,5,7,1942,0,0,0,NA,0,13A9,LAWRENCE ST,14TH ST,0,NA,Y,A,-,N,NA,NA,NA,NA,NA,NA,NA,NA,NA,Y,4,0,1,4,A,-,09,21800,A,N,D,C,A,A,H,-,A,C,0,NA,NA,NA,NA,Y,NA,A,01,0,0,1,0,0,0,0,0,0,-,-,NA,NA,LOS ANGELES,LOS ANGELES,-118.237060546875,34.024940490722656
90810004,2018,2018-09-11,9590,2018-08-24,1235,021429,NA,5,1,7,1942,0,1,1,NA,2,041,I-5 S/B (SANTA ANA FREEWAY),LORENA STREET,600,S,N,A,-,Y,NA,NA,5,NA,NA,NA,NA,NA,S,Y,4,0,1,6,A,-,08,22107,NA,N,B,C,A,A,H,-,A,D,0,NA,NA,NA,Y,Y,NA,A,01,0,0,1,0,0,0,0,0,0,-,-,34.02349853515625,-118.20130157470705,LOS ANGELES,LOS ANGELES,-118.20131683349608,34.023468017578125
90810016,2018,2018-09-11,9550,2018-09-07,2350,021150,NA,5,3,9,1900,0,1,3,NA,2,601,SR 60 WB,AZUSA AVENUE,2000,E,N,A,-,Y,NA,NA,NA,NA,NA,NA,NA,NA,NA,Y,4,0,4,4,A,-,03,22350,NA,N,C,C,A,A,H,-,C,D,0,NA,NA,NA,NA,Y,NA,A,01,0,0,4,0,0,0,0,0,0,-,-,33.996158599853516,-117.92430877685548,LOS ANGELES,UNINCORPORATED,-117.92470550537108,33.996219635009766
90810017,2018,2018-09-11,9580,2018-08-29,0300,021236,NA,3,3,7,1942,0,1,3,NA,2,170,SR-170 N/B (HOLLYWOOD FWY.),STRATHERN ST,500,S,N,A,-,Y,NA,NA,170,NA,NA,NA,NA,NA,N,Y,3,0,1,1,A,-,01,23152,A,N,E,I,A,A,H,-,C,D,0,NA,NA,NA,NA,Y,Y,A,07,0,1,0,0,0,0,0,0,0,-,-,34.217769622802734,-118.40870666503906,LOS ANGELES,LOS ANGELES,-118.40896606445313,34.21770095825195