CASE_ID,ACCIDENT_YEAR,PROC_DATE,JURIS,COLLISION_DATE,COLLISION_TIME,OFFICER_ID,REPORTING_DISTRICT,DAY_OF_WEEK,CHP_SHIFT,POPULATION,CNTY_CITY_LOC,SPECIAL_COND,BEAT_TYPE,CHP_BEAT_TYPE,CITY_DIVISION_LAPD,CHP_BEAT_CLASS,BEAT_NUMBER,PRIMARY_RD,SECONDARY_RD,DISTANCE,DIRECTION,INTERSECTION,WEATHER_1,WEATHER_2,STATE_HWY_IND,CALTRANS_COUNTY,CALTRANS_DISTRICT,STATE_ROUTE,ROUTE_SUFFIX,POSTMILE_PREFIX,POSTMILE,LOCATION_TYPE,RAMP_INTERSECTION,SIDE_OF_HWY,TOW_AWAY,COLLISION_SEVERITY,NUMBER_KILLED,NUMBER_INJURED,PARTY_COUNT,PRIMARY_COLL_FACTOR,PCF_CODE_OF_VIOL,PCF_VIOL_CATEGORY,PCF_VIOLATION,PCF_VIOL_SUBSECTION,HIT_AND_RUN,TYPE_OF_COLLISION,MVIW,PED_ACTION,ROAD_SURFACE,ROAD_COND_1,ROAD_COND_2,LIGHTING,CONTROL_DEVICE,CHP_ROAD_TYPE,PEDESTRIAN_ACCIDENT,BICYCLE_ACCIDENT,MOTORCYCLE_ACCIDENT,TRUCK_ACCIDENT,NOT_PRIVATE_PROPERTY,ALCOHOL_INVOLVED,STWD_VEHTYPE_AT_FAULT,CHP_VEHTYPE_AT_FAULT,COUNT_SEVERE_INJ,COUNT_VISIBLE_INJ,COUNT_COMPLAINT_PAIN,COUNT_PED_KILLED,COUNT_PED_INJURED,COUNT_BICYCLIST_KILLED,COUNT_BICYCLIST_INJURED,COUNT_MC_KILLED,COUNT_MC_INJURED,PRIMARY_RAMP,SECONDARY_RAMP,LATITUDE,LONGITUDE,COUNTY,CITY,POINT_X,POINT_Y
90825015,2018,2018-10-01,9590,2018-09-27,1110,021072,NA,4,1,7,1942,0,1,2,NA,2,073,US-101 S/B (HOLLYWOOD FREEWAY),SANTAMONICA BLVD.,400,S,N,A,-,Y,NA,NA,101,NA,NA,NA,NA,NA,S,Y,3,0,2,3,A,-,03,22350,NA,N,C,C,A,A,H,-,A,D,0,NA,NA,NA,Y,Y,NA,F,26,0,1,1,0,0,0,0,0,0,-,-,34.09000015258789,-118.30612182617188,LOS ANGELES,LOS ANGELES,-118.30611419677734,34.090003967285156
90825018,2018,2018-10-01,9590,2018-09-19,0330,022102,NA,3,3,7,1942,0,1,1,NA,2,065,I-10 W/B (SANTA MONICA FREEWAY),LONG BEACH AVE.,100,E,N,A,-,Y,NA,NA,10,NA,NA,NA,NA,NA,W,Y,4,0,1,2,A,-,03,22350,NA,F,C,C,A,A,H,-,E,D,0,NA,NA,NA,NA,Y,NA,A,01,0,0,1,0,0,0,0,0,0,-,-,34.02391052246094,-118.24149322509766,LOS ANGELES,LOS ANGELES,-118.2415008544922,34.023963928222656
90825058,2018,2018-10-01,9530,2018-09-20,1120,020523,NA,4,1,9,1900,0,3,5,NA,2,005,MANHATTAN BEACH BLVD (2900 BLOCK),CRENSHAW BLVD.,30,W,N,A,-,N,NA,NA,NA,NA,NA,NA,NA,NA,NA,N,4,0,1,2,A,-,08,22107,NA,N,B,C,A,A,H,-,A,D,0,NA,NA,NA,NA,Y,NA,A,01,0,0,1,0,0,0,0,0,0,-,-,33.88740158081055,-118.32689666748048,LOS ANGELES,UNINCORPORATED,-118.3266372680664,33.88739013671875
90825063,2018,2018-10-01,9530,2018-09-21,1915,020935,NA,5,2,7,1941,0,1,1,NA,2,071,I-710 N/B (LONG BEACH FREEWAY),DEL AMO BLVD.,850,N,N,A,-,Y,NA,NA,710,NA,NA,NA,NA,NA,N,Y,3,0,1,1,A,-,03,22350,NA,N,E,I,A,A,H,-,C,D,0,NA,NA,NA,NA,Y,NA,A,01,0,1,0,0,0,0,0,0,0,-,-,33.87091064453125,-118.19465637207033,LOS ANGELES,LONG BEACH,-118.19434356689452,33.870784759521484
90825076,2018,2018-10-01,9530,2018-09-25,0550,020427,NA,2,3,9,1900,0,1,3,NA,2,310,SR-91 E/B (ARTESIA FREEWAY),ALAMEDA ST.,720,W,N,A,-,Y,NA,NA,NA,NA,NA,NA,NA,NA,NA,Y,3,0,4,4,A,-,03,22350,NA,N,C,C,A,A,H,-,D,D,0,NA,NA,NA,NA,Y,NA,A,01,0,1,3,0,0,0,0,0,0,-,-,33.873538970947266,-118.21923828125,LOS ANGELES,UNINCORPORATED,-118.21918487548828,33.87353515625
90825079,2018,2018-10-01,9530,2018-09-26,1435,021842,NA,3,2,7,1942,0,1,1,NA,2,110,I-110 S/B (HARBOR FREEWAY),182ND ST.,100,S,N,A,-,Y,NA,NA,110,NA,NA,NA,NA,NA,S,Y,3,0,1,2,A,-,07,21658,A,N,B,C,A,A,H,-,A,D,0,NA,NA,Y,NA,Y,NA,A,01,0,1,0,0,0,0,0,0,1,-,-,33.869651794433594,-118.28501129150392,LOS ANGELES,LOS ANGELES,-118.28507232666016,33.869651794433594
90825089,2018,2018-10-01,9535,2018-09-16,0144,021773,NA,7,3,5,1959,0,1,1,NA,2,400,I-10 (SAN BERNARDINO FREEWAY) E/B,SR-164 (ROSEMEAD BLVD),1500,W,N,A,-,Y,NA,NA,10,NA,NA,NA,NA,NA,E,Y,3,0,4,3,A,-,08,22107,NA,N,C,C,A,A,H,-,C,D,0,NA,NA,NA,NA,Y,NA,A,07,0,2,2,0,0,0,0,0,0,-,-,34.07204818725586,-118.07723999023438,LOS ANGELES,ROSEMEAD,-118.07723999023438,34.07202911376953
90825090,2018,2018-10-02,9535,2018-09-16,0200,020825,NA,7,3,5,1906,0,1,1,NA,2,651,I-605 SB TO VALLEY BLVD OFF-RAMP,VALLEY BOULEVARD,230,S,N,A,-,Y,NA,NA,605,NA,NA,NA,R,NA,S,Y,3,0,1,1,A,-,01,23152,A,N,E,I,A,A,H,-,C,D,0,NA,NA,NA,NA,Y,Y,A,01,0,1,0,0,0,0,0,0,0,-,-,34.05390930175781,-118.00505065917967,LOS ANGELES,BALDWIN PARK,-118.00505065917967,34.05390930175781
90825091,2018,2018-10-01,9575,2018-09-16,1330,021685,NA,7,1,7,1942,0,1,1,NA,2,061,I-210 W/B (FOOTHILL FREEWAY),FOOTHILL BOULEVARD,10,W,N,A,-,Y,NA,NA,210,NA,NA,NA,NA,NA,W,Y,2,0,4,2,A,-,07,21658,A,N,B,C,A,A,H,-,A,D,0,NA,NA,NA,NA,Y,NA,A,01,1,2,1,0,0,0,0,0,0,-,-,34.274810791015625,-118.38060760498048,LOS ANGELES,LOS ANGELES,-118.38056182861328,34.2750244140625
90825092,2018,2018-10-02,9535,2018-09-16,1905,020347,NA,7,2,9,1900,0,3,5,NA,2,001,MEDFORD ST (3200 BLOCK),FISHBURN AVE,220,W,N,A,-,N,NA,NA,NA,NA,NA,NA,NA,NA,NA,Y,3,0,1,1,A,-,01,23152,A,N,E,I,A,A,H,-,C,D,0,NA,NA,NA,NA,Y,Y,D,22,0,1,0,0,0,0,0,0,0,-,-,34.061100006103516,-118.19159698486328,LOS ANGELES,UNINCORPORATED,-118.19135284423828,34.06096649169922
90825101,2018,2018-10-01,9535,2018-09-18,1435,019135,NA,2,2,3,1914,0,1,1,NA,2,072,I-710 (LONG BEACH FREEWAY) N/B,WASHINGTON BLVD,400,N,N,A,-,Y,NA,NA,710,NA,NA,NA,NA,NA,N,Y,3,0,1,2,A,-,03,22350,NA,N,E,I,A,A,H,-,A,D,0,NA,NA,NA,Y,Y,NA,A,07,0,1,0,0,0,0,0,0,0,-,-,34.006038665771484,-118.17230987548828,LOS ANGELES,COMMERCE,-118.17250823974608,34.006080627441406
90825105,2018,2018-10-01,9525,2018-09-21,0605,021931,NA,5,1,6,1955,0,1,3,NA,2,572,SR-57 N/B TO I-10,I-10,500,S,N,A,-,Y,NA,NA,57,NA,NA,NA,R,NA,N,Y,4,0,1,2,A,-,07,21658,A,N,B,C,A,A,H,-,B,D,0,NA,NA,NA,Y,Y,NA,G,25,0,0,1,0,0,0,0,0,0,-,-,34.06005859375,-117.80477142333984,LOS ANGELES,POMONA,-117.80477142333984,34.06005859375
90825109,2018,2018-10-01,9525,2018-09-16,0527,020216,NA,7,3,9,1900,0,3,5,NA,2,002,CIENEGA AVE. (21000 BLOCK),SUNFLOWER AVE.,589,E,N,A,-,N,NA,NA,NA,NA,NA,NA,NA,NA,NA,Y,3,0,1,5,A,-,01,23152,A,N,B,E,A,A,H,-,C,D,0,NA,NA,NA,NA,Y,Y,A,01,0,1,0,0,0,0,0,0,0,-,-,34.103050231933594,-117.84538269042967,LOS ANGELES,UNINCORPORATED,-117.84446716308594,34.10306167602539
9082511,2020,2020-07-09,1942,2020-03-22,1450,37679,1823,7,5,7,1942,0,0,0,R,0,25TL58,E CENTURY BL,AVALON BL,130,E,N,C,-,N,NA,NA,NA,NA,NA,NA,NA,NA,NA,Y,3,0,5,2,A,-,21,22106,NA,N,C,C,A,B,H,-,A,D,0,NA,NA,NA,NA,Y,NA,D,22,0,2,3,0,0,0,0,0,0,-,-,NA,NA,LOS ANGELES,LOS ANGELES,-118.26475524902344,33.94561004638672
90825111,2018,2018-10-01,9590,2018-09-24,0540,015575,NA,1,3,7,1942,0,1,1,NA,2,052,I-110 N/B (HARBOR FREEWAY),3OTH STREET,180,N,N,A,-,Y,NA,NA,110,NA,NA,NA,NA,NA,N,Y,4,0,1,4,A,-,03,22350,NA,N,C,C,A,A,H,-,C,D,0,NA,NA,NA,NA,Y,NA,A,01,0,0,1,0,0,0,0,0,0,-,-,34.02449035644531,-118.27606201171876,LOS ANGELES,LOS ANGELES,-118.27613830566406,34.024532318115234
90825113,2018,2018-10-01,9525,2018-09-10,1727,022009,NA,1,2,1,1934,0,1,1,NA,2,204,I-210 E/B TO IRWINDALE AVE,IRWINDALE AVE,43,W,N,A,-,Y,NA,NA,210,NA,NA,NA,R,NA,E,Y,3,0,3,3,A,-,01,23152,A,N,C,C,A,A,H,-,A,D,0,NA,NA,NA,NA,Y,Y,A,01,0,1,2,0,0,0,0,0,0,-,-,34.129329681396484,-117.93389892578124,LOS ANGELES,IRWINDALE,-117.93389892578124,34.129329681396484
90825141,2018,2018-10-01,9540,2018-09-27,0155,021464,NA,4,3,6,1985,0,1,3,NA,1,142,SR-14 N/B (ANTELOPE VALLEY FWY.),NEWHALL AVE,1000,S,N,A,-,Y,NA,NA,14,NA,NA,NA,NA,NA,N,Y,3,0,4,2,A,-,01,23152,A,F,C,C,A,A,H,-,D,D,0,NA,NA,NA,NA,Y,Y,A,07,0,1,3,0,0,0,0,0,0,-,-,34.35498809814453,-118.50576019287108,LOS ANGELES,SANTA CLARITA,-118.50568389892578,34.35501480102539
9082515,2020,2021-02-10,1942,2020-03-23,1605,42539,1837,1,5,7,1942,0,0,0,R,0,18A35,WILMINGTON AV,E 114TH ST,0,NA,Y,B,-,N,NA,NA,NA,NA,NA,NA,NA,NA,NA,N,4,0,1,2,A,-,12,22451,B,N,D,F,A,A,H,-,A,A,0,NA,NA,NA,NA,Y,NA,A,01,0,0,1,0,0,0,0,0,0,-,-,NA,NA,LOS ANGELES,LOS ANGELES,-118.23908996582033,33.93151092529297
90825154,2018,2018-10-01,9565,2018-09-17,1750,022153,NA,1,2,5,1965,0,1,3,NA,2,080,I-10 W/B TO 4TH STREET,5TH ST,200,E,N,A,-,Y,NA,NA,NA,NA,NA,NA,NA,NA,NA,N,4,0,1,2,A,-,03,22350,NA,N,C,C,A,A,H,-,A,D,0,NA,NA,NA,NA,Y,NA,A,01,0,0,1,0,0,0,0,0,0,-,-,34.01266098022461,-118.49044799804688,LOS ANGELES,SANTA MONICA,NA,NA
90825156,2018,2018-10-01,9525,2018-09-21,1720,020505,NA,5,2,6,1955,0,1,3,NA,2,072,SR-71 N/B (CHINO VALLEY FWY),MISSION BLVD,1056,N,N,A,-,Y,NA,NA,71,NA,NA,NA,NA,NA,N,N,4,0,1,2,A,-,03,22350,NA,N,C,C,A,A,H,-,A,D,0,NA,NA,NA,NA,Y,NA,D,22,0,0,1,0,0,0,0,0,0,-,-,34.05609130859375,-117.7837371826172,LOS ANGELES,POMONA,-117.78372955322266,34.05610275268555
90825163,2018,2018-10-01,9540,2018-09-27,0726,019254,NA,4,1,9,1900,0,1,3,NA,2,146,SR-14 N/B (ANTELOPE VALLEY FREEWAY),PURITAN MINE ROAD,430,S,N,A,-,Y,NA,NA,14,NA,NA,NA,NA,NA,N,Y,3,0,1,1,A,-,08,22107,NA,N,E,I,A,A,H,-,A,D,0,NA,NA,NA,NA,Y,NA,A,01,0,1,0,0,0,0,0,0,0,-,-,34.50436019897461,-118.2451400756836,LOS ANGELES,UNINCORPORATED,-118.24512481689452,34.504417419433594
9082517,2020,2020-07-09,1928,2020-03-24,2014,50365,514,2,5,5,1928,0,0,0,NA,0,504,RAMONA AV,141ST ST,0,NA,Y,A,-,N,NA,NA,NA,NA,NA,NA,NA,NA,NA,Y,3,0,2,4,A,-,01,23152,A,N,B,E,A,A,H,-,C,A,0,NA,NA,NA,NA,Y,Y,D,22,0,2,0,0,0,0,0,0,0,-,-,33.90372848510742,-118.35710906982422,LOS ANGELES,HAWTHORNE,-118.3572235107422,33.90370178222656
90825172,2018,2018-10-01,9525,2018-09-21,1922,020505,NA,5,2,6,1955,0,1,3,NA,2,571,SR-57 S/B (ORANGE FWY),TEMPLE AVE,200,N,N,A,-,Y,NA,NA,NA,NA,NA,NA,NA,NA,NA,Y,4,0,2,3,A,-,01,23152,A,N,C,C,A,A,H,-,C,D,0,NA,NA,NA,NA,Y,Y,D,22,0,0,2,0,0,0,0,0,0,-,-,34.045719146728516,-117.8018798828125,LOS ANGELES,POMONA,-117.80088043212892,34.04405975341797
90825173,2018,2018-10-01,9540,2018-09-27,1145,013644,NA,4,1,9,1900,0,2,4,NA,2,081,THE OLD ROAD,VALENCIA BL.,0,NA,Y,A,-,N,NA,NA,NA,NA,NA,NA,NA,NA,NA,N,3,0,1,2,A,-,12,21453,A,N,D,C,A,A,H,-,A,A,0,NA,NA,NA,NA,Y,NA,A,01,0,1,0,0,0,0,0,0,0,-,-,34.40747833251953,-118.57962036132813,LOS ANGELES,UNINCORPORATED,-118.57984924316406,34.40755081176758
90825183,2018,2018-10-01,9545,2018-09-19,2318,019414,NA,3,3,9,1900,0,3,5,NA,2,004,90TH ST  E,AVENUE N,1056,S,N,A,-,N,NA,NA,NA,NA,NA,NA,NA,NA,NA,Y,4,0,1,2,A,-,05,21650,NA,N,B,C,A,A,H,-,D,D,0,NA,NA,NA,NA,Y,NA,A,01,0,0,1,0,0,0,0,0,0,-,-,34.627601623535156,-117.96961975097656,LOS ANGELES,UNINCORPORATED,-117.96955871582033,34.62844467163086
90825188,2018,2018-11-19,9525,2018-09-21,1721,018402,NA,5,2,5,1990,0,1,3,NA,2,574,SR-57 N/B (ORANGE FWY),SR-60,2640,S,N,A,-,Y,NA,NA,57,NA,NA,NA,NA,NA,N,Y,3,0,1,2,A,-,03,22350,NA,N,C,C,A,A,H,-,A,D,0,NA,NA,Y,NA,Y,NA,C,02,0,1,0,0,0,0,0,0,1,-,-,33.99639129638672,-117.83999633789064,LOS ANGELES,DIAMOND BAR,-117.83999633789064,33.99638366699219
9082519,2020,2020-07-09,1942,2020-03-15,2250,42741,1822,7,5,7,1942,0,0,0,R,0,18A17,MAIN ST,101ST ST,0,NA,Y,A,-,N,NA,NA,NA,NA,NA,NA,NA,NA,NA,Y,4,0,1,3,A,-,08,22105,NA,N,A,C,A,A,H,-,C,A,0,NA,NA,NA,NA,Y,NA,A,07,0,0,1,0,0,0,0,0,0,-,-,NA,NA,LOS ANGELES,LOS ANGELES,-118.2738800048828,33.94466018676758
90825194,2018,2018-10-01,9575,2018-09-22,1020,021878,NA,6,1,6,1953,0,1,1,NA,2,064,I-210 W/B (FOOTHILL FREEWAY),ALLEN AVENUE,215,E,N,A,-,Y,NA,NA,210,NA,NA,NA,NA,NA,W,Y,4,0,3,4,A,-,03,22350,NA,N,C,C,A,A,H,-,A,D,0,NA,NA,NA,NA,Y,NA,A,01,0,0,3,0,0,0,0,0,0,-,-,34.152591705322266,-118.11226654052734,LOS ANGELES,PASADENA,-118.11227416992188,34.15263748168945
90825197,2018,2018-10-01,9565,2018-09-15,2010,021915,NA,6,2,9,1900,0,2,4,NA,2,042,LENNOX BOULEVARD,HAWTHORNE BLVD,140,E,N,A,-,N,NA,NA,NA,NA,NA,NA,NA,NA,NA,Y,3,0,1,1,A,-,03,22350,NA,M,E,I,A,A,H,-,C,A,0,NA,NA,NA,NA,Y,NA,A,07,0,1,0,0,0,0,0,0,0,-,-,33.9381103515625,-118.35196685791016,LOS ANGELES,UNINCORPORATED,-118.35225677490234,33.93818283081055
90825200,2018,2018-10-01,9590,2018-09-21,1300,022102,NA,5,1,7,1942,0,1,1,NA,2,085,I-5 S/B (GOLDEN STATE FREEWAY),GLENDALE BLVD.,1350,S,N,A,-,Y,NA,NA,5,NA,NA,NA,NA,NA,S,Y,3,0,1,1,A,-,08,22107,NA,N,B,I,A,A,H,-,A,D,0,NA,NA,NA,NA,Y,NA,A,01,0,1,0,0,0,0,0,0,0,-,-,34.10982894897461,-118.26199340820313,LOS ANGELES,LOS ANGELES,-118.26203918457033,34.10973358154297
9082521,2020,2020-07-09,1928,2020-03-07,1311,50407,526,6,5,5,1928,0,0,0,NA,0,501,HAWTHORNE BL,116TH ST,100,S,N,A,-,N,NA,NA,NA,NA,NA,NA,NA,NA,NA,N,4,0,1,2,A,-,04,21703,NA,N,C,C,A,A,H,-,A,D,0,NA,NA,NA,NA,Y,NA,D,22,0,0,1,0,0,0,0,0,0,-,-,NA,NA,LOS ANGELES,HAWTHORNE,-118.35272216796876,33.928855895996094
90825215,2018,2018-10-01,9540,2018-09-27,0637,013644,NA,4,1,9,1900,0,2,4,NA,2,010,THE OLD ROAD,CHIQUELLA LANE,185,N,N,A,-,N,NA,NA,NA,NA,NA,NA,NA,NA,NA,N,4,0,1,2,A,-,09,21804,A,N,C,C,A,A,H,-,A,D,0,NA,NA,Y,NA,Y,NA,A,07,0,0,1,0,0,0,0,0,1,-,-,34.37668991088867,-118.56549835205078,LOS ANGELES,UNINCORPORATED,-118.56658172607422,34.377384185791016
90825223,2018,2018-10-01,9575,2018-09-22,1450,021932,NA,6,2,6,1953,0,1,1,NA,2,064,I-210 E/B (FOOTHILL FREEWAY),SAN GABRIEL BLVD,400,E,N,A,-,Y,NA,NA,210,NA,NA,NA,NA,NA,E,Y,3,0,1,1,A,-,07,21658,A,N,F,A,A,A,H,-,A,D,0,NA,NA,Y,NA,Y,NA,C,02,0,1,0,0,0,0,0,0,1,-,-,34.15203857421875,-118.09284210205078,LOS ANGELES,PASADENA,-118.09283447265624,34.152076721191406
90825225,2018,2018-10-01,9565,2018-09-17,1845,022099,NA,1,2,9,1900,0,2,4,NA,2,022,EL SEGUNDO BLVD,NORMANDIE AVE,0,NA,Y,A,-,N,NA,NA,NA,NA,NA,NA,NA,NA,NA,Y,4,0,1,4,A,-,12,21453,A,N,D,C,A,A,H,-,A,A,0,NA,NA,NA,NA,Y,NA,A,01,0,0,1,0,0,0,0,0,0,-,-,33.916481018066406,-118.3003387451172,LOS ANGELES,UNINCORPORATED,-118.30039215087892,33.91643142700195
90825226,2018,2018-10-01,9565,2018-09-18,1610,016545,NA,2,2,7,1942,0,1,1,NA,2,062,I-405 S/B(SAN DIEGO FWY),NATIONAL BLVD,1000,N,N,A,-,Y,NA,NA,NA,NA,NA,NA,NA,NA,NA,N,4,0,1,2,A,-,08,22107,NA,N,B,I,A,A,H,-,A,D,0,NA,NA,NA,NA,Y,NA,A,01,0,0,1,0,0,0,0,0,0,-,-,33.98765182495117,-118.98902130126952,LOS ANGELES,LOS ANGELES,-118.43193817138672,34.029090881347656
90825258,2018,2018-10-01,9540,2018-09-24,0640,018208,NA,1,1,6,1985,0,1,3,NA,1,145,SR-14 S/B (ANTELOPE VALLEY FREEWAY),VIA PRINCESSA,288,N,N,A,-,Y,NA,NA,14,NA,NA,NA,NA,NA,S,N,4,0,1,2,A,-,07,21658,A,N,F,A,A,A,H,-,A,D,0,NA,NA,Y,NA,Y,NA,A,01,0,0,1,0,0,0,0,0,1,-,-,34.40224075317383,-118.45564270019533,LOS ANGELES,SANTA CLARITA,-118.45567321777344,34.40229415893555
90825268,2018,2018-10-01,9530,2018-09-20,0835,022122,NA,4,1,7,1942,0,1,1,NA,2,200,I-105 E/B (GLENN ANDERSON FWY),CENTRAL AVE.,2000,W,N,A,-,Y,NA,NA,105,NA,NA,NA,NA,NA,E,N,4,0,1,3,A,-,03,22350,NA,N,C,C,A,A,H,-,A,D,0,NA,NA,NA,NA,Y,NA,A,07,0,0,1,0,0,0,0,0,0,-,-,33.927310943603516,-118.26042938232422,LOS ANGELES,LOS ANGELES,-118.26042938232422,33.92730712890625
9082529,2020,2020-07-09,1928,2020-03-03,0752,50376,524,2,5,5,1928,0,0,0,NA,0,502,CIMARRON ST,116TH ST,0,N,N,A,-,N,NA,NA,NA,NA,NA,NA,NA,NA,NA,NA,4,0,1,2,A,-,11,21954,A,N,G,B,D,A,H,-,A,A,0,Y,NA,NA,NA,Y,NA,N,60,0,0,1,0,1,0,0,0,0,-,-,33.92803955078125,-118.31507873535156,LOS ANGELES,HAWTHORNE,-118.31517028808594,33.92803955078125
90825292,2018,2018-10-01,9590,2018-09-23,0523,016546,NA,7,3,7,1942,0,1,1,NA,2,010,SR-110 N/B (ARROYO SECO PARKWAY),COLLEGE ST.,60,N,N,A,-,Y,NA,NA,110,NA,NA,NA,NA,NA,N,Y,4,0,1,3,A,-,03,22350,NA,N,C,C,A,A,D,-,C,D,0,NA,NA,NA,NA,Y,NA,A,01,0,0,1,0,0,0,0,0,0,-,-,34.06591033935547,-118.24169158935548,LOS ANGELES,LOS ANGELES,-118.2417449951172,34.06601333618164
90825329,2018,2018-11-08,9565,2018-09-04,1915,016545,NA,2,2,4,1918,0,1,1,NA,2,061,I-405 S/B (SAN DIEGO FWY),WASHINGTON BL,1000,S,N,A,-,Y,NA,NA,405,NA,NA,NA,NA,NA,S,N,4,0,1,1,A,-,08,22107,NA,N,F,A,A,A,H,-,A,D,0,NA,NA,Y,NA,Y,NA,C,02,0,0,1,0,0,0,0,0,1,-,-,34.004791259765625,-118.41272735595705,LOS ANGELES,CULVER CITY,-118.4127197265625,34.00479507446289
90825348,2018,2018-10-01,9590,2018-09-24,0001,021906,NA,1,3,7,1942,0,1,1,NA,2,082,I-5 N/B (GOLDEN STATE FREEWAY),MAIN STREET,110,N,N,A,-,Y,NA,NA,5,NA,NA,NA,NA,NA,N,Y,3,0,2,2,A,-,03,22350,NA,N,C,C,A,A,H,-,C,D,0,NA,NA,NA,NA,Y,NA,A,01,0,2,0,0,0,0,0,0,0,-,-,34.066619873046875,-118.21623992919922,LOS ANGELES,LOS ANGELES,-118.21619415283205,34.06662368774414
90825352,2018,2018-10-01,9590,2018-09-24,1822,021190,NA,1,2,7,1942,0,1,1,NA,2,050,I-110 N/B (HAF),67TH STREET,57,N,N,A,-,Y,NA,NA,110,NA,NA,NA,NA,NA,N,Y,2,0,1,1,A,-,03,22350,NA,N,F,I,A,A,H,-,A,D,0,NA,NA,Y,NA,Y,NA,C,02,1,0,0,0,0,0,0,0,1,-,-,33.976539611816406,-118.2808074951172,LOS ANGELES,LOS ANGELES,-118.28072357177734,33.976539611816406
90825362,2018,2018-10-01,9590,2018-09-22,0024,021906,NA,6,3,7,1942,0,1,1,NA,2,010,SR-110 N/B (ARROYO SECO PARKWAY),AVENUE 19,50,N,N,A,-,Y,NA,NA,110,NA,NA,NA,NA,NA,N,N,3,0,1,2,A,-,11,21954,A,N,G,B,E,A,H,-,C,D,0,Y,NA,NA,NA,Y,NA,N,60,0,1,0,0,1,0,0,0,0,-,-,34.08053970336914,-118.22557830810548,LOS ANGELES,LOS ANGELES,-118.2255859375,34.080543518066406
90825371,2018,2018-10-01,9535,2018-09-20,1850,017943,NA,4,2,5,1959,0,1,1,NA,2,400,I-10 (SAN BERNARDINO FREEWAY) E/B,SAN GABRIEL BLVD,400,E,N,A,-,Y,NA,NA,NA,NA,NA,NA,NA,NA,NA,Y,4,0,1,2,A,-,03,22350,NA,N,C,C,A,A,H,-,B,D,0,NA,NA,NA,NA,Y,NA,A,01,0,0,1,0,0,0,0,0,0,-,-,34.02180862426758,-118.08814239501952,LOS ANGELES,ROSEMEAD,-118.0893096923828,34.07189178466797
90825374,2018,2018-10-01,9590,2018-09-25,1645,022136,NA,2,2,7,1942,0,1,1,NA,2,085,I-5 S/B (GOLDEN STATE FREEWAY),LOS FELIZ BLVD.,800,N,N,A,-,Y,NA,NA,5,NA,NA,NA,NA,NA,S,N,4,0,1,2,A,-,07,21658,A,N,B,C,A,A,H,-,A,D,0,NA,NA,Y,NA,Y,NA,A,01,0,0,1,0,0,0,0,0,1,-,-,34.12302017211914,-118.27236938476564,LOS ANGELES,LOS ANGELES,-118.27240753173828,34.123008728027344
90825380,2018,2018-10-01,9550,2018-09-20,1130,018187,NA,4,1,9,1900,0,3,5,NA,2,002,LAMBERT RD (WESTBOUND),COLIMA RD,11,E,N,A,-,N,NA,NA,NA,NA,NA,NA,NA,NA,NA,Y,4,0,1,2,A,-,21,22106,NA,N,C,C,A,A,H,-,A,A,0,NA,NA,NA,NA,Y,NA,A,01,0,0,1,0,0,0,0,0,0,-,-,33.942020416259766,-118.01145935058594,LOS ANGELES,UNINCORPORATED,-118.01166534423828,33.94209289550781
90825397,2018,2018-10-01,9565,2018-09-18,1810,022099,NA,2,2,7,1942,0,1,1,NA,2,082,I-10 E/B (SANTA MONICA FWY),BUNDY DR,400,E,N,A,-,Y,NA,NA,10,NA,NA,NA,NA,NA,E,Y,4,0,1,3,A,-,07,21658,A,N,B,C,A,A,H,-,A,D,0,NA,NA,Y,NA,Y,NA,A,01,0,0,1,0,0,0,0,0,1,-,-,34.02981948852539,-118.44251251220705,LOS ANGELES,LOS ANGELES,-118.44251251220705,34.029842376708984
90825414,2018,2018-10-01,9545,2018-09-22,1100,018758,NA,6,1,9,1900,0,1,3,NA,1,046,SR-2,BIG ROCK CREEK RD,0,NA,Y,A,-,Y,NA,NA,2,NA,NA,NA,NA,NA,NA,Y,2,0,1,2,A,-,09,21801,A,N,A,C,A,A,H,-,A,D,0,NA,NA,Y,NA,Y,NA,A,01,1,0,0,0,0,0,0,0,1,-,-,34.37337112426758,-117.75202178955078,LOS ANGELES,UNINCORPORATED,-117.75202178955078,34.373390197753906
90825428,2018,2018-10-01,9550,2018-09-21,1140,021943,NA,5,1,5,1908,0,1,3,NA,2,091,STATE ROUTE 91 EASTBOUND,BELLFLOWER BOULEVARD,205,W,N,A,-,Y,NA,NA,91,NA,NA,NA,NA,NA,E,Y,4,0,1,3,A,-,08,22107,NA,N,E,I,A,A,H,-,A,D,0,NA,NA,NA,NA,Y,NA,A,01,0,0,1,0,0,0,0,0,0,-,-,33.875980377197266,-118.1269302368164,LOS ANGELES,BELLFLOWER,-118.1269302368164,33.87607192993164
90825430,2018,2018-10-01,9540,2018-09-22,2114,021308,NA,6,2,9,1900,0,1,3,NA,2,146,SR-14 N/B (ANTELOPE VALLEY FREEWAY),AGUA DULCE CYN RD,528,S,N,A,-,Y,NA,NA,14,NA,NA,NA,NA,NA,N,Y,4,0,1,2,A,-,07,21658,A,N,B,C,A,A,H,-,C,D,0,NA,NA,NA,NA,Y,NA,D,22,0,0,1,0,0,0,0,0,0,-,-,34.46601867675781,-118.337646484375,LOS ANGELES,UNINCORPORATED,-118.337646484375,34.466007232666016