CASE_ID,ACCIDENT_YEAR,PROC_DATE,JURIS,COLLISION_DATE,COLLISION_TIME,OFFICER_ID,REPORTING_DISTRICT,DAY_OF_WEEK,CHP_SHIFT,POPULATION,CNTY_CITY_LOC,SPECIAL_COND,BEAT_TYPE,CHP_BEAT_TYPE,CITY_DIVISION_LAPD,CHP_BEAT_CLASS,BEAT_NUMBER,PRIMARY_RD,SECONDARY_RD,DISTANCE,DIRECTION,INTERSECTION,WEATHER_1,WEATHER_2,STATE_HWY_IND,CALTRANS_COUNTY,CALTRANS_DISTRICT,STATE_ROUTE,ROUTE_SUFFIX,POSTMILE_PREFIX,POSTMILE,LOCATION_TYPE,RAMP_INTERSECTION,SIDE_OF_HWY,TOW_AWAY,COLLISION_SEVERITY,NUMBER_KILLED,NUMBER_INJURED,PARTY_COUNT,PRIMARY_COLL_FACTOR,PCF_CODE_OF_VIOL,PCF_VIOL_CATEGORY,PCF_VIOLATION,PCF_VIOL_SUBSECTION,HIT_AND_RUN,TYPE_OF_COLLISION,MVIW,PED_ACTION,ROAD_SURFACE,ROAD_COND_1,ROAD_COND_2,LIGHTING,CONTROL_DEVICE,CHP_ROAD_TYPE,PEDESTRIAN_ACCIDENT,BICYCLE_ACCIDENT,MOTORCYCLE_ACCIDENT,TRUCK_ACCIDENT,NOT_PRIVATE_PROPERTY,ALCOHOL_INVOLVED,STWD_VEHTYPE_AT_FAULT,CHP_VEHTYPE_AT_FAULT,COUNT_SEVERE_INJ,COUNT_VISIBLE_INJ,COUNT_COMPLAINT_PAIN,COUNT_PED_KILLED,COUNT_PED_INJURED,COUNT_BICYCLIST_KILLED,COUNT_BICYCLIST_INJURED,COUNT_MC_KILLED,COUNT_MC_INJURED,PRIMARY_RAMP,SECONDARY_RAMP,LATITUDE,LONGITUDE,COUNTY,CITY,POINT_X,POINT_Y
9082725,2020,2020-07-14,1900,2020-03-11,1014,644792,1137,3,5,6,1992,0,0,0,NA,0,112T4,AVENUE 0-8,20TH ST EAST,124,E,N,A,-,N,NA,NA,NA,NA,NA,NA,NA,NA,NA,N,3,0,1,2,A,-,06,21760,B,N,B,G,A,A,H,-,A,D,0,NA,Y,NA,NA,Y,NA,A,01,0,1,0,0,0,0,1,0,0,-,-,NA,NA,LOS ANGELES,LANCASTER,NA,NA
90827257,2018,2018-10-03,9580,2018-09-23,0540,020334,NA,7,3,9,1900,0,1,3,NA,2,119,SR-118 W/B (RONALD REAGAN FWY.),ROCKY PEAK RD.,1800,E,N,B,-,Y,NA,NA,118,NA,NA,NA,NA,NA,W,Y,2,0,2,2,A,-,01,23152,A,N,C,C,A,A,H,-,D,D,0,NA,NA,NA,NA,Y,Y,A,01,1,0,1,0,0,0,0,0,0,-,-,34.27312088012695,-118.62931060791016,LOS ANGELES,UNINCORPORATED,-118.6293716430664,34.27320098876953
90827258,2018,2018-10-03,9540,2018-09-15,0045,021802,NA,6,3,7,1942,0,1,1,NA,2,210,I-210 W/B (FOOTHILL FWY) TO HUBBARD ST.,HUBBARD ST,50,E,N,A,-,Y,NA,NA,210,NA,NA,NA,R,NA,W,Y,4,0,2,3,A,-,01,23152,A,N,C,D,A,A,H,-,C,A,0,NA,NA,NA,NA,Y,Y,A,01,0,0,2,0,0,0,0,0,0,-,-,34.308380126953125,-118.4288330078125,LOS ANGELES,LOS ANGELES,-118.4288330078125,34.308380126953125
90827260,2018,2018-10-03,9530,2018-09-22,1345,022109,NA,6,1,9,1900,0,3,5,NA,2,001,7300 SEVILLE AVENUE,WALNUT ST.,40,S,N,A,-,N,NA,NA,NA,NA,NA,NA,NA,NA,NA,N,4,0,1,2,A,-,08,22107,NA,N,D,C,A,A,H,-,A,D,0,NA,NA,NA,NA,Y,NA,A,01,0,0,1,0,0,0,0,0,0,-,-,33.97291946411133,-118.22242736816406,LOS ANGELES,UNINCORPORATED,-118.22245025634766,33.97291946411133
9082728,2020,2020-07-13,1900,2020-03-02,0850,472724,0635,1,5,6,1985,0,0,0,NA,0,61T1,BAINBURY ST,GAILXY AV,0,NA,Y,A,-,N,NA,NA,NA,NA,NA,NA,NA,NA,NA,N,4,0,1,2,A,-,10,21950,A,N,G,B,B,A,H,-,A,D,0,Y,NA,NA,NA,Y,NA,A,08,0,0,1,0,1,0,0,0,0,-,-,34.427520751953125,-118.4285125732422,LOS ANGELES,SANTA CLARITA,-118.42919921875,34.42667007446289
90827288,2018,2018-10-03,9530,2018-09-23,1058,020923,NA,7,1,7,1941,0,1,1,NA,2,420,I-405 N/B (SAN DIEGO FREEWAY),PACIFIC PL.,20,N,N,A,-,Y,NA,NA,405,NA,NA,NA,NA,NA,N,Y,4,0,6,3,A,-,03,22350,NA,N,C,C,A,A,H,-,A,D,0,NA,NA,NA,NA,Y,NA,D,22,0,0,6,0,0,0,0,0,0,-,-,33.82368850708008,-118.19936370849608,LOS ANGELES,LONG BEACH,-118.19938659667967,33.823638916015625
90827298,2018,2018-10-03,9545,2018-10-01,1637,020655,NA,1,2,9,1900,0,3,5,NA,2,003,SIERRA HWY,OLD SIERRA HWY,385,S,N,A,-,N,NA,NA,NA,NA,NA,NA,NA,NA,NA,Y,4,0,1,2,A,-,03,22350,NA,N,C,C,A,A,H,-,A,D,0,NA,NA,NA,NA,Y,NA,D,22,0,0,1,0,0,0,0,0,0,-,-,34.48733901977539,-118.14289093017578,LOS ANGELES,UNINCORPORATED,-118.14283752441406,34.48741149902344
90827302,2018,2018-10-03,9550,2018-09-26,1100,020969,NA,3,1,9,1900,0,2,4,NA,1,041,AZUSA AVENUE (N/B),PEPPER BROOK WAY,150,N,N,A,-,N,NA,NA,NA,NA,NA,NA,NA,NA,NA,N,4,0,1,2,A,-,07,21658,A,N,B,C,A,A,H,-,A,D,0,NA,NA,NA,NA,Y,NA,A,01,0,0,1,0,0,0,0,0,0,-,-,33.99396896362305,-117.93135833740234,LOS ANGELES,UNINCORPORATED,-117.9315948486328,33.99387741088867
9082732,2020,2020-07-13,1900,2020-03-05,1245,612439,0641,4,5,6,1985,0,0,0,NA,0,64T1,BOUQUET CANYON RD,CAMARGO DR,0,NA,Y,A,-,N,NA,NA,NA,NA,NA,NA,NA,NA,NA,Y,3,0,3,2,A,-,09,21802,A,N,D,C,A,A,H,-,A,A,0,NA,NA,NA,NA,Y,NA,A,07,0,1,2,0,0,0,0,0,0,-,-,34.46670150756836,-118.51399993896484,LOS ANGELES,SANTA CLARITA,-118.5271224975586,34.43415069580078
9082733,2020,2020-07-14,1900,2020-03-20,1139,551435,1120,5,5,6,1992,0,0,0,NA,0,112T2,AVENUE H,15TH ST WEST,0,NA,Y,A,-,N,NA,NA,NA,NA,NA,NA,NA,NA,NA,Y,3,0,2,2,A,-,09,21802,A,N,D,C,A,A,H,-,A,A,0,NA,NA,NA,NA,Y,NA,A,01,0,1,1,0,0,0,0,0,0,-,-,NA,NA,LOS ANGELES,LANCASTER,-118.15733337402344,34.71860122680664
9082735,2020,2020-06-29,1900,2020-03-01,1600,437628,1810,7,5,2,1904,0,0,0,NA,0,184,WRIGLEY TERRACE RD,PEBBLY BEACH RD,1588,S,N,A,-,N,NA,NA,NA,NA,NA,NA,NA,NA,NA,Y,3,0,4,1,A,-,03,22350,NA,N,F,A,A,A,A,B,A,D,0,NA,NA,NA,NA,Y,Y,M,96,0,4,0,0,0,0,0,0,0,-,-,33.334861755371094,-118.31465911865234,LOS ANGELES,AVALON,-118.31465911865234,33.334861755371094
90827354,2018,2018-10-03,9530,2018-09-23,0319,021310,NA,7,3,5,1977,0,1,1,NA,2,410,I-405 S/B (SAN DIEGO FREEWAY),WILMINGTON AVE.,2640,N,N,A,-,Y,NA,NA,405,NA,NA,NA,NA,NA,S,Y,3,0,1,1,A,-,01,23152,A,N,E,I,A,A,H,-,D,D,0,NA,NA,NA,NA,Y,Y,A,01,0,1,0,0,0,0,0,0,0,-,-,33.82632827758789,-118.24996185302734,LOS ANGELES,CARSON,-118.24996948242188,33.8263053894043
9082736,2020,2020-07-13,1900,2020-03-02,1715,407357,0622,1,5,6,1985,0,0,0,NA,0,62T1,SANDALIA DR,ESTABAN DR,210,N,N,A,-,N,NA,NA,NA,NA,NA,NA,NA,NA,NA,N,3,0,1,2,A,-,09,21804,A,N,B,G,A,A,H,-,B,D,0,NA,Y,NA,NA,Y,NA,L,04,0,1,0,0,0,0,1,0,0,-,-,34.141021728515625,-118.5443115234375,LOS ANGELES,SANTA CLARITA,-118.54389190673828,34.41102981567383
9082737,2020,2020-07-14,1900,2020-03-27,1836,610418,1125,5,5,6,1992,0,0,0,NA,0,111T1,13TH ST WEST,WEST IVYTON ST,79,N,N,A,-,N,NA,NA,NA,NA,NA,NA,NA,NA,NA,Y,4,0,1,1,A,-,03,22350,NA,N,E,I,A,A,H,-,A,D,0,NA,NA,NA,NA,Y,NA,A,07,0,0,1,0,0,0,0,0,0,-,-,NA,NA,LOS ANGELES,LANCASTER,-118.15341186523438,34.70210266113281
90827376,2018,2018-10-03,9580,2018-09-21,0905,019573,NA,5,1,7,1942,0,1,2,NA,2,101,US-101 S/B (VENTURA FREEWAY),LAUREL CANYON BLVD,20,S,N,A,-,Y,NA,NA,101,NA,NA,NA,NA,NA,S,N,4,0,3,4,A,-,03,22350,NA,N,C,C,A,A,H,-,A,D,0,NA,NA,NA,NA,Y,NA,D,22,0,0,3,0,0,0,0,0,0,-,-,34.154300689697266,-118.39600372314452,LOS ANGELES,LOS ANGELES,-118.39600372314452,34.15433883666992
9082739,2020,2020-06-29,1906,2020-03-13,1602,4441,NA,5,5,5,1906,0,0,0,NA,0,003,MERCED AV,VINELAND AV,0,NA,Y,C,-,N,NA,NA,NA,NA,NA,NA,NA,NA,NA,Y,4,0,2,3,A,-,09,21801,NA,N,D,C,A,B,H,-,A,A,0,NA,NA,NA,NA,Y,NA,A,01,0,0,2,0,0,0,0,0,0,-,-,NA,NA,LOS ANGELES,BALDWIN PARK,-117.96505737304688,34.07527160644531
90827394,2018,2018-10-03,9580,2018-09-22,0608,019952,NA,6,1,7,1942,0,1,2,NA,2,101,US-101 S/B (HOLLYWOOD FREEWAY),VINELAND AVE,250,N,N,A,-,Y,NA,NA,101,NA,NA,NA,NA,NA,S,Y,4,0,1,4,C,-,18,NA,NA,N,B,C,A,A,H,-,D,D,0,NA,NA,NA,NA,Y,NA,-,-,0,0,1,0,0,0,0,0,0,-,-,34.14720153808594,-118.37079620361328,LOS ANGELES,LOS ANGELES,-118.37083435058594,34.14715576171875
9082740,2020,2020-07-13,1900,2020-03-05,1200,623669,0644,4,5,6,1985,0,0,0,NA,0,62T1,CREEKSIDE RD,VALENCIA BL,0,NA,Y,A,-,N,NA,NA,NA,NA,NA,NA,NA,NA,NA,Y,4,0,1,2,A,-,12,21453,A,N,D,C,A,A,H,-,A,A,0,NA,NA,NA,NA,Y,NA,A,01,0,0,1,0,0,0,0,0,0,-,-,34.41748809814453,-118.54908752441406,LOS ANGELES,SANTA CLARITA,-118.54926300048828,34.417510986328125
90827403,2018,2018-10-03,9580,2018-09-23,0323,019876,NA,7,3,7,1942,0,1,2,NA,2,105,US-101 S/B (VENTURA FREEWAY),DE SOTO AVE,2640,S,N,A,-,Y,NA,NA,101,NA,NA,NA,NA,NA,S,Y,4,0,1,1,C,-,18,NA,NA,N,E,I,A,A,H,-,D,D,0,NA,NA,NA,NA,Y,NA,-,-,0,0,1,0,0,0,0,0,0,-,-,34.16896057128906,-118.57916259765624,LOS ANGELES,LOS ANGELES,-118.57917785644533,34.16901779174805
90827407,2018,2018-10-03,9580,2018-09-23,1920,021607,NA,7,2,7,1942,0,1,1,NA,2,407,I-405 S/B TO DEVONSHIRE ST.,DEVONSHIRE ST,250,N,N,B,-,Y,NA,NA,405,NA,NA,NA,R,NA,S,N,4,0,1,1,A,-,08,22107,NA,N,E,I,A,A,H,-,D,D,0,NA,NA,NA,NA,Y,NA,A,01,0,0,1,0,0,0,0,0,0,-,-,34.25817108154297,-118.47354125976564,LOS ANGELES,LOS ANGELES,-118.47354125976564,34.25817108154297
9082741,2020,2020-07-14,1900,2020-03-16,1645,629461,1123,1,5,6,1992,0,0,0,NA,0,112T1,10TH ST WEST,AVENUE J,187.2,S,N,A,-,N,NA,NA,NA,NA,NA,NA,NA,NA,NA,Y,4,0,3,2,A,-,03,22350,NA,N,C,C,A,A,H,-,A,A,0,NA,NA,NA,NA,Y,NA,A,07,0,0,3,0,0,0,0,0,0,-,-,NA,NA,LOS ANGELES,LANCASTER,-118.14801788330078,34.68893814086914
90827415,2018,2018-10-03,9545,2018-10-02,0700,018862,NA,2,1,9,1900,0,3,5,NA,1,005,AVENUE O,162ND ST  E,0,NA,Y,A,-,N,NA,NA,NA,NA,NA,NA,NA,NA,NA,Y,4,0,3,2,A,-,09,21802,A,N,D,C,A,A,H,-,A,A,0,NA,NA,NA,NA,Y,NA,A,01,0,0,3,0,0,0,0,0,0,-,-,34.616458892822266,-117.84031677246094,LOS ANGELES,UNINCORPORATED,-117.84031677246094,34.61648178100586
90827418,2018,2018-10-03,9580,2018-09-23,1659,022103,NA,7,2,7,1942,0,1,2,NA,2,102,US-101 N/B (VENTURA FREEWAY),SEPULVEDA BLVD,2112,S,N,A,-,Y,NA,NA,101,NA,NA,NA,NA,NA,N,Y,3,0,4,2,A,-,03,22350,NA,N,C,C,A,A,H,-,A,D,0,NA,NA,NA,NA,Y,NA,A,01,0,1,3,0,0,0,0,0,0,-,-,34.15821838378906,-118.4557876586914,LOS ANGELES,LOS ANGELES,-118.455810546875,34.15812301635742
90827420,2018,2018-10-03,9565,2018-09-22,1040,022056,NA,6,1,9,1900,0,2,4,NA,2,024,IMPERIAL HIGHWAY,WESTERN AVENUE,200,E,N,A,-,N,NA,NA,NA,NA,NA,NA,NA,NA,NA,N,4,0,1,2,A,-,03,22350,NA,F,C,C,A,A,H,-,A,D,0,NA,NA,NA,NA,Y,NA,D,22,0,0,1,0,0,0,0,0,0,-,-,33.93104934692383,-118.308349609375,LOS ANGELES,UNINCORPORATED,-118.30847930908205,33.9310188293457
90827423,2018,2018-10-03,9590,2018-10-02,0730,017520,NA,2,1,7,1942,0,1,1,NA,2,050,I-110 N/B (HAF),MANCHESTER AVE,200,S,N,A,-,Y,NA,NA,NA,NA,NA,NA,NA,NA,NA,N,4,0,1,3,A,-,03,22350,NA,N,C,C,A,A,H,-,A,D,0,NA,NA,NA,NA,Y,NA,A,01,0,0,1,0,0,0,0,0,0,-,-,33.264869689941406,-118.21546936035156,LOS ANGELES,LOS ANGELES,-118.28066253662108,33.95954132080078
9082743,2020,2020-06-29,1906,2020-03-02,1650,4429,NA,1,5,5,1906,0,0,0,NA,0,001,BALDWIN PARK BL,TRACY ST,525,S,N,A,-,N,NA,NA,NA,NA,NA,NA,NA,NA,NA,Y,4,0,2,3,A,-,03,22350,NA,N,C,C,A,A,H,-,A,D,0,NA,NA,NA,NA,Y,NA,A,01,0,0,2,0,0,0,0,0,0,-,-,NA,NA,LOS ANGELES,BALDWIN PARK,-117.98086547851564,34.06847381591797
9082744,2020,2020-07-13,1900,2020-03-12,1520,610508,0610,4,5,6,1985,0,0,0,NA,0,61T1,SOLEDAD CANYON RD,HONBY AV,35,W,N,C,-,N,NA,NA,NA,NA,NA,NA,NA,NA,NA,Y,4,0,1,2,A,-,08,22100,A,N,D,C,A,B,H,-,A,D,0,NA,NA,NA,NA,Y,NA,A,07,0,0,1,0,0,0,0,0,0,-,-,34.42129898071289,-118.49430084228516,LOS ANGELES,SANTA CLARITA,-118.4941635131836,34.42134475708008
90827444,2018,2018-10-03,9580,2018-09-23,1325,022036,NA,7,1,7,1942,0,1,2,NA,2,102,US-101 N/B (VENTURA FREEWAY),KESTER AVE,750,N,N,A,-,Y,NA,NA,101,NA,NA,NA,NA,NA,N,Y,4,0,1,3,A,-,03,22350,NA,N,C,C,A,A,H,-,A,D,0,NA,NA,NA,NA,Y,NA,A,07,0,0,1,0,0,0,0,0,0,-,-,34.159400939941406,-118.46009826660156,LOS ANGELES,LOS ANGELES,-118.46010589599608,34.15935134887695
90827449,2018,2018-10-03,9580,2018-09-21,1910,021963,NA,5,2,7,1942,0,1,3,NA,2,171,SR-170 S/B (HOLLYWOOD FWY.),ROSCOE BLVD,1056,S,N,A,-,Y,NA,NA,170,NA,NA,NA,NA,NA,S,N,4,0,2,2,A,-,03,22350,NA,N,C,C,A,A,H,-,C,D,0,NA,NA,NA,NA,Y,NA,A,01,0,0,2,0,0,0,0,0,0,-,-,34.21868896484375,-118.40950775146484,LOS ANGELES,LOS ANGELES,-118.40947723388672,34.21870040893555
9082745,2020,2020-07-14,1900,2020-03-19,2122,551435,1132,4,5,6,1992,0,0,0,NA,0,NA,KETTERING ST,5TH ST EAST,0,NA,Y,A,-,N,NA,NA,NA,NA,NA,NA,NA,NA,NA,Y,3,0,2,2,A,-,12,22450,A,M,D,C,A,A,H,-,C,A,0,NA,NA,NA,NA,Y,NA,A,01,0,1,1,0,0,0,0,0,0,-,-,NA,NA,LOS ANGELES,LANCASTER,-118.12149810791016,34.70037078857422
9082747,2020,2020-06-29,1906,2020-03-05,1245,4429,NA,4,5,5,1906,0,0,0,NA,0,003,KENOAK DR,SHARONS WY,69,E,N,A,-,N,NA,NA,NA,NA,NA,NA,NA,NA,NA,N,3,0,1,3,A,-,08,22107,NA,N,A,E,A,A,H,-,A,D,0,NA,NA,NA,NA,Y,NA,A,01,0,1,0,0,0,0,0,0,0,-,-,NA,NA,LOS ANGELES,BALDWIN PARK,-117.94532012939452,34.08818054199219
90827472,2018,2018-10-03,9525,2018-09-24,0600,018505,NA,1,1,4,1960,0,1,3,NA,2,572,SR-57 NB TO AUTO CENTRE DR.,AUTO CENTRE DR.,500,S,N,B,-,Y,NA,NA,57,NA,NA,NA,R,NA,N,Y,3,0,1,2,A,-,03,22350,NA,N,C,C,A,A,H,-,B,D,0,NA,NA,NA,NA,Y,NA,A,01,0,1,0,0,0,0,0,0,0,-,-,34.115509033203125,-117.82363891601564,LOS ANGELES,SAN DIMAS,-117.82363891601564,34.115509033203125
9082748,2020,2020-07-16,1900,2020-03-03,1915,612439,0641,2,5,6,1985,0,0,0,NA,0,64T7,BOUQUET CANYON RD,URBANDALE AV,0,NA,Y,A,-,N,NA,NA,NA,NA,NA,NA,NA,NA,NA,N,4,0,2,2,A,-,12,21453,A,N,D,C,A,A,H,-,C,A,0,NA,NA,NA,NA,Y,NA,-,-,0,0,2,0,0,0,0,0,0,-,-,34.44609832763672,-118.50569915771484,LOS ANGELES,SANTA CLARITA,-118.5057373046875,34.445980072021484
90827482,2018,2018-10-03,9550,2018-09-26,1440,022139,NA,3,2,9,1900,0,3,5,NA,2,003,VALENCIA AVENUE,POPLAR AVENUE,0,NA,Y,A,-,N,NA,NA,NA,NA,NA,NA,NA,NA,NA,N,4,0,3,2,A,-,09,21802,A,N,D,C,A,A,H,-,A,A,0,NA,NA,NA,NA,Y,NA,A,01,0,0,3,0,0,0,0,0,0,-,-,34.018409729003906,-117.97641754150392,LOS ANGELES,UNINCORPORATED,-117.9762725830078,34.018310546875
90827485,2018,2018-10-03,9565,2018-09-26,0940,021729,NA,3,1,9,1900,0,1,1,NA,2,012,I-105 W/B,BUDLONG AVE,100,W,N,A,-,Y,NA,NA,105,NA,NA,NA,NA,NA,W,Y,3,0,1,2,A,-,07,21658,A,N,F,A,A,A,H,-,A,D,0,NA,NA,Y,NA,Y,NA,A,01,0,1,0,0,0,0,0,0,1,-,-,33.92782974243164,-118.29786682128906,LOS ANGELES,UNINCORPORATED,-118.29795837402344,33.9282112121582
90827486,2018,2018-10-03,9590,2018-09-28,2002,022091,NA,5,2,7,1942,0,1,2,NA,2,070,US-101 N/B (HOLLYWOOD FREEWAY),SILVER LAKE BLVD,500,S,N,A,-,Y,NA,NA,101,NA,NA,NA,NA,NA,N,N,4,0,2,2,A,-,03,22350,NA,N,C,C,A,A,H,-,B,D,0,NA,NA,NA,NA,Y,NA,A,01,0,0,2,0,0,0,0,0,0,-,-,34.07633972167969,-118.27799224853516,LOS ANGELES,LOS ANGELES,-118.27799224853516,34.07632064819336
9082749,2020,2020-07-14,1900,2020-03-11,1900,622126,112T1,3,5,6,1992,0,0,0,NA,0,112T1,10TH ST WEST,NORBERRY ST,0,NA,Y,A,-,N,NA,NA,NA,NA,NA,NA,NA,NA,NA,Y,4,0,1,2,A,-,12,21453,A,N,F,C,A,A,H,-,A,D,0,NA,NA,NA,NA,Y,NA,A,01,0,0,1,0,0,0,0,0,0,-,-,NA,NA,LOS ANGELES,LANCASTER,-118.14804840087892,34.692501068115234
90827497,2018,2018-10-03,9535,2018-09-22,1110,022085,NA,6,1,9,1900,0,2,4,NA,2,014,CESAR E. CHAVEZ AVE. (3400 BLOCK),ALMA AVE.,20,E,N,A,-,N,NA,NA,NA,NA,NA,NA,NA,NA,NA,Y,4,0,3,2,A,-,07,21658,A,N,B,C,A,A,H,-,A,D,0,NA,NA,NA,NA,Y,NA,D,22,0,0,3,0,0,0,0,0,0,-,-,34.04051971435547,-118.19129943847656,LOS ANGELES,UNINCORPORATED,-118.19134521484376,34.04050064086914
9082750,2020,2020-07-24,1900,2020-03-30,1650,618405,2115,1,5,5,1943,0,0,0,NA,0,212T3,POPE AV,CORTLAND ST,120,S,N,A,-,N,NA,NA,NA,NA,NA,NA,NA,NA,NA,Y,4,0,1,2,A,-,21,22106,NA,N,D,C,A,A,H,-,A,D,0,NA,NA,NA,NA,Y,NA,A,01,0,0,1,0,0,0,0,0,0,-,-,33.91740036010742,-118.18689727783205,LOS ANGELES,LYNWOOD,-118.18675994873048,33.91791915893555
90827511,2018,2018-10-03,9525,2018-09-24,1015,019188,NA,1,1,9,1900,0,3,5,NA,2,003,AZUSA AVE,WING LN.,538,N,N,A,-,N,NA,NA,NA,NA,NA,NA,NA,NA,NA,Y,4,0,1,1,A,-,08,22107,NA,N,E,I,A,A,H,-,A,D,0,NA,NA,NA,NA,Y,NA,A,08,0,0,1,0,0,0,0,0,0,-,-,34.02867889404297,-117.91618347167967,LOS ANGELES,UNINCORPORATED,-117.91661834716795,34.027400970458984
90827512,2018,2018-10-03,9535,2018-09-22,1651,022100,NA,6,2,4,1907,0,1,1,NA,2,073,I-710 (LONG BEACH FREEWAY) S/B,GAGE AVE,750,S,N,A,-,Y,NA,NA,710,NA,NA,NA,NA,NA,S,N,4,0,1,2,A,-,03,22350,NA,N,C,C,A,A,H,-,A,D,0,NA,NA,NA,NA,Y,NA,A,01,0,0,1,0,0,0,0,0,0,-,-,33.973751068115234,-118.16802978515624,LOS ANGELES,BELL,-118.1679458618164,33.9737434387207
9082752,2020,2020-07-13,1900,2020-03-05,1651,604456,0644,4,5,6,1985,0,0,0,NA,0,66B,MCBEAN PKWY,MAGIC MOUNTAIN PKWY,0,NA,Y,A,-,N,NA,NA,NA,NA,NA,NA,NA,NA,NA,Y,4,0,1,2,A,-,03,22350,NA,N,C,C,A,A,H,-,A,A,0,NA,NA,NA,NA,Y,NA,A,08,0,0,1,0,0,0,0,0,0,-,-,34.419898986816406,-118.56279754638672,LOS ANGELES,SANTA CLARITA,-118.56287384033205,34.41987991333008
90827523,2018,2018-10-03,9525,2018-09-24,1140,018364,NA,1,1,4,1960,0,1,3,NA,2,572,SR-57 N/B (ORANGE FWY),I-10,2640,N,N,A,-,Y,NA,NA,57,NA,NA,NA,NA,NA,N,Y,4,0,1,2,A,-,07,21658,A,N,C,C,A,A,H,-,A,D,0,NA,NA,NA,NA,Y,NA,A,01,0,0,1,0,0,0,0,0,0,-,-,34.073211669921875,-117.80937957763672,LOS ANGELES,SAN DIMAS,-117.80938720703124,34.07320785522461
90827536,2018,2018-10-03,9550,2018-09-26,0942,021934,NA,3,1,9,1900,0,1,3,NA,2,091,SR-91 WB,INTERSTATE 605 (SAN GABRIEL RIVER FREEWA,200,W,N,A,-,Y,NA,NA,NA,NA,NA,NA,NA,NA,NA,Y,4,0,2,3,A,-,03,22350,NA,N,C,C,A,A,H,-,A,D,0,NA,NA,NA,NA,Y,NA,A,08,0,0,2,0,0,0,0,0,0,-,-,33.87641143798828,-118.10337066650392,LOS ANGELES,UNINCORPORATED,-118.10303497314452,33.87642288208008
90827546,2018,2018-10-03,9525,2018-09-24,1406,019291,NA,1,2,3,1921,0,1,1,NA,2,202,I-210 E/B (FOOTHILL FWY),MOUNTAIN AVE,1056,E,N,A,-,Y,NA,NA,210,NA,NA,NA,NA,NA,E,Y,4,0,3,3,A,-,03,22350,NA,N,C,C,A,A,H,-,A,D,0,NA,NA,NA,NA,Y,NA,A,08,0,0,3,0,0,0,0,0,0,-,-,34.13539123535156,-117.98330688476564,LOS ANGELES,DUARTE,-117.98331451416016,34.13533020019531
9082756,2020,2020-07-13,1900,2020-03-06,0830,618139,0635,5,5,6,1985,0,0,0,NA,0,63T1,MAMMOTH LN,CATSKILLS CT,66,N,N,A,-,N,NA,NA,NA,NA,NA,NA,NA,NA,NA,Y,3,0,1,1,A,-,08,22107,NA,N,E,I,A,A,H,-,A,D,0,NA,NA,NA,NA,Y,NA,A,01,0,1,0,0,0,0,0,0,0,-,-,34.43901824951172,-118.38633728027344,LOS ANGELES,SANTA CLARITA,-118.38623046875,34.439125061035156
9082758,2020,2020-07-27,1900,2020-03-20,1724,624326,2116,5,5,5,1943,0,0,0,NA,0,212T3,IMPERIAL HWY,MONA BL,0,NA,Y,B,-,N,NA,NA,NA,NA,NA,NA,NA,NA,NA,Y,4,0,1,2,A,-,05,21202,A,N,H,G,A,A,H,-,A,A,0,NA,Y,NA,NA,Y,NA,L,04,0,0,1,0,0,0,1,0,0,-,-,NA,NA,LOS ANGELES,LYNWOOD,-118.2303466796875,33.92900085449219
90827596,2018,2018-10-05,9525,2018-09-21,1155,016679,NA,5,1,5,1990,0,1,3,NA,2,574,SR-57 N/B (ORANGE FWY),PATHFINDER RD.,75,S,N,A,-,Y,NA,NA,57,NA,NA,NA,NA,NA,N,Y,4,0,1,3,A,-,03,22350,NA,N,C,C,A,A,H,-,A,D,0,NA,NA,NA,NA,Y,NA,A,01,0,0,1,0,0,0,0,0,0,-,-,33.98421096801758,-117.84271240234376,LOS ANGELES,DIAMOND BAR,-117.84264373779295,33.98422622680664
9082760,2020,2020-07-13,1900,2020-03-09,1257,644792,1124,1,5,6,1992,0,0,0,NA,0,112T4,AVENUE K,SIERRA HWY,18,W,N,A,-,N,NA,NA,NA,NA,NA,NA,NA,NA,NA,N,4,0,1,2,A,-,03,22350,NA,N,C,C,A,A,H,-,A,A,0,NA,NA,NA,NA,Y,NA,A,01,0,0,1,0,0,0,0,0,0,-,-,NA,NA,LOS ANGELES,LANCASTER,-118.1330108642578,34.67498016357422
90827604,2018,2018-10-03,9580,2018-09-22,2000,022090,NA,6,2,7,1942,0,1,2,NA,2,102,US-101 N/B (VENTURA FREEWAY),VAN NUYS BLVD,1320,S,N,A,-,Y,NA,NA,101,NA,NA,NA,NA,NA,N,N,4,0,2,2,A,-,03,22350,NA,N,C,C,A,A,H,-,D,D,0,NA,NA,NA,NA,Y,NA,A,01,0,0,2,0,0,0,0,0,0,-,-,34.15541076660156,-118.4450912475586,LOS ANGELES,LOS ANGELES,-118.44503784179688,34.15557861328125