CASE_ID,ACCIDENT_YEAR,PROC_DATE,JURIS,COLLISION_DATE,COLLISION_TIME,OFFICER_ID,REPORTING_DISTRICT,DAY_OF_WEEK,CHP_SHIFT,POPULATION,CNTY_CITY_LOC,SPECIAL_COND,BEAT_TYPE,CHP_BEAT_TYPE,CITY_DIVISION_LAPD,CHP_BEAT_CLASS,BEAT_NUMBER,PRIMARY_RD,SECONDARY_RD,DISTANCE,DIRECTION,INTERSECTION,WEATHER_1,WEATHER_2,STATE_HWY_IND,CALTRANS_COUNTY,CALTRANS_DISTRICT,STATE_ROUTE,ROUTE_SUFFIX,POSTMILE_PREFIX,POSTMILE,LOCATION_TYPE,RAMP_INTERSECTION,SIDE_OF_HWY,TOW_AWAY,COLLISION_SEVERITY,NUMBER_KILLED,NUMBER_INJURED,PARTY_COUNT,PRIMARY_COLL_FACTOR,PCF_CODE_OF_VIOL,PCF_VIOL_CATEGORY,PCF_VIOLATION,PCF_VIOL_SUBSECTION,HIT_AND_RUN,TYPE_OF_COLLISION,MVIW,PED_ACTION,ROAD_SURFACE,ROAD_COND_1,ROAD_COND_2,LIGHTING,CONTROL_DEVICE,CHP_ROAD_TYPE,PEDESTRIAN_ACCIDENT,BICYCLE_ACCIDENT,MOTORCYCLE_ACCIDENT,TRUCK_ACCIDENT,NOT_PRIVATE_PROPERTY,ALCOHOL_INVOLVED,STWD_VEHTYPE_AT_FAULT,CHP_VEHTYPE_AT_FAULT,COUNT_SEVERE_INJ,COUNT_VISIBLE_INJ,COUNT_COMPLAINT_PAIN,COUNT_PED_KILLED,COUNT_PED_INJURED,COUNT_BICYCLIST_KILLED,COUNT_BICYCLIST_INJURED,COUNT_MC_KILLED,COUNT_MC_INJURED,PRIMARY_RAMP,SECONDARY_RAMP,LATITUDE,LONGITUDE,COUNTY,CITY,POINT_X,POINT_Y
90829241,2018,2018-10-05,9550,2018-09-28,0925,021943,NA,5,1,5,1908,0,1,3,NA,2,091,STATE ROUTE 91 W/B,INTERSTATE 605 (SAN GABRIEL RIVER FREEWA,700,W,N,A,-,Y,NA,NA,91,NA,NA,NA,NA,NA,W,Y,3,0,2,2,A,-,03,22350,NA,N,C,C,A,A,H,-,A,D,0,NA,NA,NA,Y,Y,NA,A,07,0,1,1,0,0,0,0,0,0,-,-,33.87689971923828,-118.10849761962892,LOS ANGELES,BELLFLOWER,-118.10850524902344,33.87687301635742
9082927,2020,2020-07-08,1975,2020-03-08,0823,442,CITRU,7,5,6,1975,0,0,0,NA,0,001,LARK ELLEN AV,WORKMAN AV,0,NA,Y,A,-,N,NA,NA,NA,NA,NA,NA,NA,NA,NA,Y,4,0,1,2,A,-,12,21453,A,N,D,C,A,A,H,-,A,A,0,NA,NA,NA,NA,Y,NA,A,01,0,0,1,0,0,0,0,0,0,-,-,NA,NA,LOS ANGELES,WEST COVINA,-117.91655731201172,34.0755615234375
90829272,2018,2018-10-05,9575,2018-09-26,0521,014187,NA,3,3,5,1902,0,1,1,NA,2,065,I-210 E/B (FOOTHILL FREEWAY),2ND AVENUE,99,E,N,A,-,Y,NA,NA,210,NA,NA,NA,NA,NA,E,Y,2,0,1,1,A,-,03,22350,NA,N,E,J,A,A,H,-,D,D,0,NA,NA,Y,NA,Y,NA,C,02,1,0,0,0,0,0,0,0,1,-,-,34.145111083984375,-118.0256118774414,LOS ANGELES,ARCADIA,-118.02562713623048,34.14507293701172
90829285,2018,2018-10-05,9575,2018-09-27,1730,019976,NA,4,2,6,1925,0,1,3,NA,2,042,SR-134 E/B (VENTURA FREEWAY),BRAND BOULEVARD,1000,E,N,A,-,Y,NA,NA,134,NA,NA,NA,NA,NA,E,N,4,0,1,3,A,-,03,22350,NA,N,C,C,A,A,H,-,A,D,0,NA,NA,NA,NA,Y,NA,D,22,0,0,1,0,0,0,0,0,0,-,-,34.15629959106445,-118.24949645996094,LOS ANGELES,GLENDALE,-118.24949645996094,34.156280517578125
90829291,2018,2018-10-05,9525,2018-09-27,1847,021713,NA,4,2,9,1900,0,3,5,NA,2,004,TEMPLE AVE   (14700 BLOCK),BROADMOOR AVE,20,E,N,A,-,N,NA,NA,NA,NA,NA,NA,NA,NA,NA,N,4,0,1,2,A,-,03,22350,NA,N,C,C,A,A,H,-,B,D,0,NA,NA,NA,NA,Y,NA,A,01,0,0,1,0,0,0,0,0,0,-,-,34.03921890258789,-117.96602630615234,LOS ANGELES,UNINCORPORATED,-117.96611785888672,34.039005279541016
90829298,2018,2018-10-05,9525,2018-09-30,1747,021138,NA,7,2,5,1990,0,1,3,NA,2,601,SR-60 W/B (POMONA FWY),LEMON AVE,100,W,N,A,-,Y,NA,NA,60,NA,NA,NA,NA,NA,W,Y,3,0,1,2,A,-,07,21658,A,N,C,C,A,A,H,-,A,D,0,NA,NA,Y,NA,Y,NA,A,01,0,1,0,0,0,0,0,0,1,-,-,33.99872970581055,-117.85578918457033,LOS ANGELES,DIAMOND BAR,-117.85578918457033,33.99873733520508
90829304,2018,2018-10-05,9525,2018-09-28,1535,021355,NA,5,2,9,1900,0,3,5,NA,2,003,LARK ELLEN AVE. (1600 BLOCK),DOUBLEGROVE ST.,15,N,N,A,-,N,NA,NA,NA,NA,NA,NA,NA,NA,NA,N,3,0,2,2,A,-,03,22350,NA,N,C,C,A,A,H,-,A,D,0,NA,NA,NA,NA,Y,NA,A,01,0,2,0,0,0,0,0,0,0,-,-,34.04819869995117,-117.9169692993164,LOS ANGELES,UNINCORPORATED,-117.91698455810548,34.0482177734375
90829316,2018,2018-10-05,9565,2018-09-20,1140,022104,NA,4,1,9,1900,0,2,4,NA,2,021,W. 98TH ST.,VERMONT AVE. (SOUTHBOUND),0,NA,Y,A,-,N,NA,NA,NA,NA,NA,NA,NA,NA,NA,N,4,0,1,2,A,-,09,21802,A,N,D,C,A,A,H,-,A,A,0,NA,NA,NA,NA,Y,NA,A,01,0,0,1,0,0,0,0,0,0,-,-,33.94709014892578,-118.29196166992188,LOS ANGELES,UNINCORPORATED,-118.29190063476564,33.94710922241211
90829317,2018,2018-10-05,9565,2018-09-28,1320,021303,NA,5,1,7,1942,0,1,1,NA,2,060,I-405 S/B (SAN DIEGO FWY),ROSECRANS AVE,150,N,N,A,-,Y,NA,NA,NA,NA,NA,NA,NA,NA,NA,Y,4,0,1,3,A,-,03,22350,NA,N,C,C,A,A,H,-,A,D,0,NA,NA,NA,NA,Y,NA,A,07,0,0,1,0,0,0,0,0,0,-,-,33.90195083618164,-118.3706512451172,LOS ANGELES,LOS ANGELES,-118.37053680419922,33.90230178833008
90829322,2018,2018-10-05,9575,2018-09-29,1820,021006,NA,6,2,7,1942,0,1,3,NA,2,044,SR-134 W/B (VENTURA FREEWAY),CAHUENGA BLVD.,1000,E,N,A,-,Y,NA,NA,134,NA,NA,NA,NA,NA,W,N,4,0,1,4,A,-,07,21658,A,M,B,C,A,A,H,-,A,D,0,NA,NA,NA,NA,Y,NA,-,99,0,0,1,0,0,0,0,0,0,-,-,34.15311813354492,-118.35423278808594,LOS ANGELES,LOS ANGELES,-118.3542251586914,34.15309524536133
90829325,2018,2018-10-05,9590,2018-10-04,0315,020348,NA,4,3,7,1942,0,1,1,NA,2,051,I-110 SB (HARBOR FREEWAY),COLDEN AVE.,50,S,N,B,-,N,NA,NA,110,NA,NA,NA,NA,NA,S,N,4,0,1,2,A,-,03,22350,NA,N,C,C,A,A,H,-,C,D,0,NA,NA,NA,NA,Y,NA,A,01,0,0,1,0,0,0,0,0,0,-,-,33.95092010498047,-118.28028106689452,LOS ANGELES,LOS ANGELES,-118.28022003173828,33.950931549072266
90829329,2018,2018-10-05,9565,2018-09-29,2233,021855,NA,6,3,9,1900,0,1,1,NA,2,060,I-405 SB TO I-105,LENNOX BLVD,570,S,N,A,-,Y,NA,NA,405,NA,NA,NA,R,NA,S,Y,4,0,1,2,A,-,03,22350,NA,N,C,C,A,A,H,-,C,D,0,NA,NA,NA,NA,Y,NA,A,01,0,0,1,0,0,0,0,0,0,-,-,33.93613052368164,-118.36879730224608,LOS ANGELES,UNINCORPORATED,-118.36879730224608,33.93613052368164
90829332,2018,2018-10-05,9565,2018-09-26,1650,019420,NA,3,2,7,1942,0,1,1,NA,2,063,I-405 S/B (SANTA MONICA FWY),SANTA MONICA BLVD,900,S,N,A,-,Y,NA,NA,405,NA,NA,NA,NA,NA,S,N,3,0,1,2,A,-,07,21658,A,N,B,C,A,A,H,-,A,D,0,NA,NA,Y,NA,Y,NA,A,01,0,1,0,0,0,0,0,0,1,-,-,34.042991638183594,-118.44338989257813,LOS ANGELES,LOS ANGELES,-118.44338989257813,34.042991638183594
90829333,2018,2018-10-05,9590,2018-09-29,1320,021179,NA,6,1,7,1942,0,1,1,NA,2,050,I-110 N/B (HARBOR FREEWAY),MANCHESTER AVENUE,1500,N,N,A,-,Y,NA,NA,110,NA,NA,NA,NA,NA,N,N,4,0,1,4,A,-,03,22350,NA,N,C,C,A,A,H,-,A,D,0,NA,NA,NA,NA,Y,NA,A,01,0,0,1,0,0,0,0,0,0,-,-,33.96406936645508,-118.28070831298828,LOS ANGELES,LOS ANGELES,-118.28073120117188,33.96406936645508
90829343,2018,2018-10-05,9590,2018-09-30,1910,021789,NA,7,2,7,1942,0,1,2,NA,2,070,US-101 N/B (HOLLYWOOD FREEWAY),SILVERLAKE BLVD,100,N,N,A,-,Y,NA,NA,101,NA,NA,NA,NA,NA,N,N,4,0,1,2,A,-,03,22350,NA,N,C,C,A,A,H,-,A,D,0,NA,NA,NA,NA,Y,NA,A,01,0,0,1,0,0,0,0,0,0,-,-,34.07741928100586,-118.28206634521484,LOS ANGELES,LOS ANGELES,-118.28208160400392,34.077369689941406
90829344,2018,2018-10-05,9565,2018-09-28,1725,021951,NA,5,2,7,1942,0,1,1,NA,2,063,I-405 N/B (SAN DIEGO FWY),OHIO AVE,15,S,N,A,-,Y,NA,NA,405,NA,NA,NA,NA,NA,N,N,4,0,1,2,A,-,03,22350,NA,N,C,C,A,A,H,-,A,B,0,NA,NA,NA,NA,Y,NA,A,01,0,0,1,0,0,0,0,0,0,-,-,34.049198150634766,-118.44841003417967,LOS ANGELES,LOS ANGELES,-118.44831085205078,34.04925537109375
90829352,2018,2019-04-09,9530,2018-10-03,2130,021108,NA,3,2,9,1900,0,3,5,NA,2,005,REDONDO BEACH BLVD (3300 BLOCK),STADIUM WAY,155,W,N,B,-,N,NA,NA,NA,NA,NA,NA,NA,NA,NA,Y,4,0,1,2,A,-,03,22350,NA,N,C,C,A,A,H,-,C,D,0,NA,NA,NA,NA,Y,NA,A,01,0,0,1,0,0,0,0,0,0,-,-,33.88124084472656,-118.33161163330078,LOS ANGELES,UNINCORPORATED,-118.33146667480467,33.881317138671875
90829369,2018,2018-10-05,9590,2018-09-25,2320,021835,NA,2,3,7,1942,0,1,2,NA,2,072,US-101 N/B (HOLLYWOOD FREEWAY),CAHUENGA BLVD,25,S,N,A,-,Y,NA,NA,101,NA,NA,NA,NA,NA,N,Y,3,0,2,3,A,-,03,22350,NA,N,C,C,A,A,H,-,C,D,0,NA,NA,NA,NA,Y,NA,A,01,0,1,1,0,0,0,0,0,0,-,-,34.10850143432617,-118.33159637451172,LOS ANGELES,LOS ANGELES,-118.3315887451172,34.108524322509766
90829386,2018,2018-10-05,9565,2018-10-01,1127,015587,NA,1,1,7,1942,0,1,1,NA,2,064,I-405 S/B (SAN DIEGO FREEWAY),GETTY CENTER DR,200,S,N,A,-,Y,NA,NA,405,NA,NA,NA,NA,NA,S,N,4,0,1,2,A,-,03,22350,NA,N,C,C,A,A,H,-,A,D,0,NA,NA,NA,NA,Y,NA,A,01,0,0,1,0,0,0,0,0,0,-,-,34.08797836303711,-118.47535705566406,LOS ANGELES,LOS ANGELES,-118.475341796875,34.087982177734375
90829389,2018,2018-10-05,9525,2018-09-29,1600,021250,NA,6,2,6,1955,0,1,1,NA,2,110,I-10 E/B (SAN BERNARDINO FWY),TOWNE AVE,1800,E,N,A,-,Y,NA,NA,10,NA,NA,NA,NA,NA,E,Y,4,0,4,2,A,-,03,22350,NA,N,C,C,A,A,H,-,A,D,0,NA,NA,NA,NA,Y,NA,D,22,0,0,4,0,0,0,0,0,0,-,-,34.081199645996094,-117.7338409423828,LOS ANGELES,POMONA,-117.73383331298828,34.081180572509766
9082939,2020,2020-07-08,1900,2020-03-18,1357,630161,2318,3,5,5,1919,0,0,0,NA,0,230A,166TH ST,BLOOMFIELD AV,0,NA,Y,A,-,N,NA,NA,NA,NA,NA,NA,NA,NA,NA,Y,4,0,1,3,A,-,09,21801,A,N,B,C,A,A,H,-,A,A,0,NA,NA,NA,NA,Y,NA,A,07,0,0,1,0,0,0,0,0,0,-,-,NA,NA,LOS ANGELES,CERRITOS,-118.06407928466795,33.880470275878906
90829392,2018,2018-10-05,9565,2018-10-01,1110,017060,NA,1,1,9,1900,0,3,5,NA,2,002,IMPERIAL HIGHWAY W/B,DENKER AVE.,25,W,N,A,-,N,NA,NA,NA,NA,NA,NA,NA,NA,NA,N,4,0,1,2,A,-,03,22350,NA,N,C,C,A,A,H,-,A,D,0,NA,NA,NA,NA,Y,NA,A,01,0,0,1,0,0,0,0,0,0,-,-,33.931060791015625,-118.30500793457033,LOS ANGELES,UNINCORPORATED,-118.3048095703125,33.9310302734375
90829393,2018,2018-10-05,9540,2018-08-27,1207,014339,NA,1,1,7,1942,0,1,1,NA,1,503,I-5 S/B TO I-210 E/B,I-5 (GSF),338,E,N,A,-,Y,NA,NA,5,NA,NA,NA,R,NA,S,Y,1,1,0,2,A,-,08,22107,NA,N,C,E,A,A,H,-,A,D,0,NA,NA,NA,Y,Y,NA,A,01,0,0,0,0,0,0,0,0,0,-,-,34.31632995605469,-118.48883819580078,LOS ANGELES,LOS ANGELES,-118.48883819580078,34.31632995605469
90829407,2018,2018-10-05,9575,2018-09-30,0015,021640,NA,7,3,9,1900,0,3,5,NA,2,003,LITTLE TUJUNGA CNY RD.,FOOTHILL BLVD.,26928,N,N,A,-,N,NA,NA,NA,NA,NA,NA,NA,NA,NA,N,2,0,2,1,A,-,08,22107,NA,N,E,I,A,A,H,-,D,D,0,NA,NA,NA,NA,Y,NA,A,01,1,1,0,0,0,0,0,0,0,-,-,34.33222961425781,-118.34278869628906,LOS ANGELES,UNINCORPORATED,-118.34290313720705,34.329872131347656
90829419,2018,2018-10-05,9530,2018-09-26,1315,014701,NA,3,1,5,1977,0,1,1,NA,2,410,I-405 S/B (SAN DIEGO FREEWAY),WILMINGTON AVE.,610,S,N,A,-,Y,NA,NA,405,NA,NA,NA,NA,NA,S,Y,4,0,1,2,A,-,03,22350,NA,N,C,C,A,A,H,-,A,D,0,NA,NA,NA,Y,Y,NA,F,55,0,0,1,0,0,0,0,0,0,-,-,33.82572937011719,-118.23956298828124,LOS ANGELES,CARSON,-118.23956298828124,33.82575988769531
9082943,2020,2020-07-08,1900,2020-03-16,1556,536384,2318,1,5,5,1919,0,0,0,NA,0,230T,BLOOMFIELD AV,ARTESIA BL,440,N,N,A,-,N,NA,NA,NA,NA,NA,NA,NA,NA,NA,Y,4,0,1,1,A,-,08,22107,NA,N,D,I,A,B,H,-,A,A,0,NA,NA,NA,NA,Y,NA,A,07,0,0,1,0,0,0,0,0,0,-,-,NA,NA,LOS ANGELES,CERRITOS,-118.0639419555664,33.87442398071289
9082944,2020,2020-07-07,1941,2020-03-15,1318,11514,NA,7,5,7,1941,0,0,0,NA,0,NA,10TH ST,CHESTNUT AV,0,NA,Y,A,-,N,NA,NA,NA,NA,NA,NA,NA,NA,NA,N,4,0,2,2,A,-,09,21802,A,N,D,C,A,A,H,-,A,D,0,NA,NA,NA,NA,Y,NA,-,-,0,0,2,0,0,0,0,0,0,-,-,NA,NA,LOS ANGELES,LONG BEACH,-118.19634246826172,33.77898025512695
9082947,2020,2020-07-08,1900,2020-03-09,0945,405645,2311,1,5,5,1919,0,0,0,NA,0,230T,GRIDLEY RD,186TH ST,75,S,N,B,-,N,NA,NA,NA,NA,NA,NA,NA,NA,NA,Y,4,0,1,2,A,-,09,21804,A,N,D,C,A,A,H,-,A,D,0,NA,NA,NA,NA,Y,NA,A,01,0,0,1,0,0,0,0,0,0,-,-,NA,NA,LOS ANGELES,CERRITOS,-118.09101104736328,33.86289596557617
90829471,2018,2018-10-05,9525,2018-09-28,1407,021713,NA,5,2,5,1906,0,1,1,NA,2,104,I-10 E/B (SAN BERNARDINO FWY),PUENTE AVE,1584,E,N,A,-,Y,NA,NA,10,NA,NA,NA,NA,NA,E,N,4,0,1,2,A,-,03,22350,NA,N,C,C,A,A,D,E,A,D,0,NA,NA,NA,Y,Y,NA,G,25,0,0,1,0,0,0,0,0,0,-,-,34.070640563964844,-117.95681762695313,LOS ANGELES,BALDWIN PARK,-117.95681762695313,34.07062530517578
90829473,2018,2018-10-05,9530,2018-09-26,0225,022122,NA,3,3,7,1941,0,1,1,NA,2,072,I-710 N/B (LONG BEACH FREEWAY),PACIFIC COAST HWY.,1700,S,N,A,-,Y,NA,NA,710,NA,NA,NA,NA,NA,N,Y,4,0,2,2,A,-,07,21658,A,N,B,C,A,A,H,-,D,D,0,NA,NA,NA,NA,Y,NA,A,01,0,0,2,0,0,0,0,0,0,-,-,33.78535079956055,-118.20758056640624,LOS ANGELES,LONG BEACH,-118.2075424194336,33.78535079956055
9082948,2020,2020-08-11,1941,2020-03-15,0115,11571,NA,7,5,7,1941,0,0,0,NA,0,NA,LONG BEACH BL,WILLOW ST,0,NA,Y,A,-,N,NA,NA,NA,NA,NA,NA,NA,NA,NA,N,3,0,1,2,A,-,12,21453,A,N,D,G,A,A,H,-,C,A,0,NA,Y,NA,NA,Y,NA,L,NA,0,1,0,0,0,0,1,0,0,-,-,NA,NA,LOS ANGELES,LONG BEACH,-118.18946075439452,33.804439544677734
90829483,2018,2018-10-05,9530,2018-09-26,1800,020956,NA,3,2,9,1900,0,3,5,NA,2,002,124TH ST.,SAN PEDRO ST.,0,NA,Y,A,-,N,NA,NA,NA,NA,NA,NA,NA,NA,NA,Y,4,0,1,2,A,-,09,21802,A,N,D,C,A,A,H,-,B,D,0,NA,NA,NA,NA,Y,NA,A,01,0,0,1,0,0,0,0,0,0,-,-,33.55121994018555,-118.16104888916016,LOS ANGELES,UNINCORPORATED,-118.26959991455078,33.92007064819336
90829494,2018,2018-10-05,9525,2018-09-30,1900,021355,NA,7,2,6,1955,0,1,3,NA,2,613,SR-60 W/B (POMONA FWY),PHILLIPS RANCH RD.,1584,W,N,A,-,Y,NA,NA,60,NA,NA,NA,NA,NA,W,Y,3,0,2,2,A,-,03,22350,NA,N,C,C,A,A,H,-,A,D,0,NA,NA,Y,NA,Y,NA,C,02,0,1,1,0,0,0,0,0,1,-,-,34.02587127685547,-117.78199005126952,LOS ANGELES,POMONA,-117.78199005126952,34.0258674621582
9082951,2020,2020-07-09,1900,2020-03-08,0750,536383,2314,7,5,5,1919,0,0,0,NA,0,230B,BLOOMFIELD AV,SOUTH ST,0,NA,Y,A,-,N,NA,NA,NA,NA,NA,NA,NA,NA,NA,Y,4,0,3,3,A,-,12,21453,A,N,D,C,A,A,H,-,A,A,0,NA,NA,NA,NA,Y,NA,A,01,0,0,3,0,0,0,0,0,0,-,-,NA,NA,LOS ANGELES,CERRITOS,-118.06369018554688,33.858638763427734
90829516,2018,2018-10-05,9575,2018-10-01,1415,014187,NA,1,2,6,1953,0,1,1,NA,2,065,I-210 E/B (FOOTHILL FREEWAY),MICHILLINDA AVENUE,1500,E,N,A,-,Y,NA,NA,NA,NA,NA,NA,NA,NA,NA,Y,3,0,1,3,A,-,03,22350,NA,N,B,C,A,A,H,-,A,D,0,NA,NA,NA,NA,Y,NA,A,01,0,1,0,0,0,0,0,0,0,-,-,34.1485710144043,-118.06104278564452,LOS ANGELES,PASADENA,-118.06283569335938,34.148590087890625
9082952,2020,2020-07-07,1941,2020-03-15,0028,11091,NA,7,5,7,1941,0,0,0,NA,0,NA,7TH ST,CORONADO AV,0,NA,Y,A,-,N,NA,NA,NA,NA,NA,NA,NA,NA,NA,Y,4,0,1,2,A,-,08,22107,NA,N,A,C,A,A,H,-,C,D,0,NA,NA,NA,NA,Y,NA,A,NA,0,0,1,0,0,0,0,0,0,-,-,NA,NA,LOS ANGELES,LONG BEACH,-118.15352630615234,33.77534866333008
90829545,2018,2018-10-05,9530,2018-09-26,1350,021252,NA,3,1,9,1900,0,3,5,NA,2,003,ATLANTIC AVE.,COMPTON BLVD.,0,NA,Y,A,-,N,NA,NA,NA,NA,NA,NA,NA,NA,NA,Y,3,0,2,2,A,-,09,21801,A,N,D,C,A,A,H,-,A,A,0,NA,NA,NA,NA,Y,NA,D,22,0,2,0,0,0,0,0,0,0,-,-,33.89617919921875,-118.19351196289064,LOS ANGELES,UNINCORPORATED,-118.19344329833984,33.89616012573242
9082955,2020,2020-07-09,1900,2020-03-05,1157,279485,2316,4,5,5,1919,0,0,0,NA,0,230T,183RD ST,PARK PLAZA DR,0,NA,Y,A,-,N,NA,NA,NA,NA,NA,NA,NA,NA,NA,Y,3,0,1,2,A,-,09,21801,A,N,D,C,A,A,H,-,A,D,0,NA,NA,NA,NA,Y,NA,A,01,0,1,0,0,0,0,0,0,0,-,-,NA,NA,LOS ANGELES,CERRITOS,-118.060713,33.865828
9082956,2020,2020-07-07,1941,2020-03-17,1829,11415,NA,2,5,7,1941,0,0,0,NA,0,NA,8TH ST,PINE AV,0,NA,Y,A,-,N,NA,NA,NA,NA,NA,NA,NA,NA,NA,N,4,0,1,2,A,-,12,21453,NA,N,B,J,A,A,H,-,A,A,0,NA,NA,Y,NA,Y,NA,C,NA,0,0,1,0,0,0,0,0,1,-,-,NA,NA,LOS ANGELES,LONG BEACH,-118.19236755371094,33.776580810546875
90829564,2018,2018-10-05,9580,2018-09-25,0915,022016,NA,2,1,7,1942,0,1,1,NA,2,407,I-405 S/B (SAN DIEGO FWY),NORDHOFF ST,528,N,N,B,-,Y,NA,NA,405,NA,NA,NA,NA,NA,S,Y,4,0,1,3,A,-,03,22350,NA,N,C,C,A,A,H,-,A,D,0,NA,NA,NA,NA,Y,NA,A,01,0,0,1,0,0,0,0,0,0,-,-,34.24134826660156,-118.47310638427734,LOS ANGELES,LOS ANGELES,-118.4731216430664,34.24134826660156
90829573,2018,2018-10-05,9580,2018-09-25,0600,019511,NA,2,1,7,1942,0,1,2,NA,2,103,US-101 S/B (VENTURA FREEWAY),HAYVENHURST AVE,2640,S,N,B,-,Y,NA,NA,101,NA,NA,NA,NA,NA,S,N,4,0,1,2,A,-,03,22350,NA,N,C,C,A,A,H,-,B,D,0,NA,NA,NA,NA,Y,NA,A,07,0,0,1,0,0,0,0,0,0,-,-,34.1650390625,-118.48628997802734,LOS ANGELES,LOS ANGELES,-118.48628997802734,34.1651496887207
90829578,2018,2018-10-05,9580,2018-09-25,0930,019511,NA,2,1,7,1942,0,1,2,NA,2,102,US-101 N/B TO I-405,I-405,200,S,N,B,-,Y,NA,NA,101,NA,NA,NA,R,NA,N,N,4,0,1,2,A,-,03,22350,NA,N,C,C,A,A,H,-,A,D,0,NA,NA,NA,NA,Y,NA,A,01,0,0,1,0,0,0,0,0,0,-,-,34.16046142578125,-118.46816253662108,LOS ANGELES,LOS ANGELES,-118.46816253662108,34.16046142578125
90829591,2018,2018-10-05,9580,2018-09-25,0955,022008,NA,2,1,7,1942,0,1,3,NA,2,171,SR-170 S/B (HOLLYWOOD FWY.),BURBANK BLVD,260,S,N,B,-,Y,NA,NA,170,NA,NA,NA,NA,NA,S,Y,4,0,2,3,A,-,03,22350,NA,M,C,C,A,A,H,-,A,D,0,NA,NA,NA,NA,Y,NA,A,01,0,0,2,0,0,0,0,0,0,-,-,34.17158889770508,-118.38838958740234,LOS ANGELES,LOS ANGELES,-118.38835144042967,34.1716423034668
90829593,2018,2018-10-05,9580,2018-09-25,0950,016413,NA,2,1,7,1942,0,1,1,NA,2,405,I-405 S/B (SAN DIEGO FWY),VICTORY BLVD,528,N,N,B,-,Y,NA,NA,405,NA,NA,NA,NA,NA,S,Y,4,0,1,3,A,-,03,22350,NA,N,C,C,A,A,H,-,A,D,0,NA,NA,NA,NA,Y,NA,D,22,0,0,1,0,0,0,0,0,0,-,-,34.19266128540039,-118.47453308105467,LOS ANGELES,LOS ANGELES,-118.47439575195313,34.19266128540039
90829595,2018,2018-10-05,9575,2018-10-02,1652,019931,NA,2,2,6,1953,0,1,1,NA,2,064,I-210 E/B (FOOTHILL FREEWAY),LOS ROBLES AVE.,175,W,N,B,-,Y,NA,NA,210,NA,NA,NA,NA,NA,E,Y,3,0,3,3,A,-,03,22350,NA,N,C,C,A,A,H,-,A,D,0,NA,NA,NA,NA,Y,NA,A,01,0,1,2,0,0,0,0,0,0,-,-,34.151668548583984,-118.13919830322266,LOS ANGELES,PASADENA,-118.13919830322266,34.15164566040039
90829599,2018,2018-10-05,9580,2018-09-25,1740,020451,NA,2,2,7,1942,0,1,1,NA,2,406,I-405 N/B (SDF) FROM ROSCOE BLVD.,ROSCOE BLVD,225,N,N,A,-,Y,NA,NA,405,NA,NA,NA,R,NA,N,N,4,0,1,2,A,-,03,22350,NA,N,C,C,A,A,H,-,A,D,0,NA,NA,NA,NA,Y,NA,A,01,0,0,1,0,0,0,0,0,0,-,-,34.223670959472656,-118.47295379638672,LOS ANGELES,LOS ANGELES,-118.47295379638672,34.223670959472656
9082960,2020,2020-07-07,1941,2020-03-17,1811,5615,NA,2,5,7,1941,0,0,0,NA,0,NA,LONG BEACH BL,20TH ST,0,NA,Y,A,-,N,NA,NA,NA,NA,NA,NA,NA,NA,NA,Y,3,0,2,2,D,-,00,NA,NA,N,D,C,A,A,H,-,B,A,0,NA,NA,NA,NA,Y,NA,-,-,0,1,1,0,0,0,0,0,0,-,-,NA,NA,LOS ANGELES,LONG BEACH,-118.18946838378906,33.79349899291992
90829628,2018,2018-10-05,9590,2018-09-26,0135,021883,NA,3,3,7,1942,0,1,1,NA,2,501,I-110 S/B (HARBOR FREEWAY),FLORENCE AVE.,1300,N,N,A,-,Y,NA,NA,110,NA,NA,NA,NA,NA,S,Y,4,0,1,1,A,-,08,22107,NA,N,E,I,A,A,H,-,D,D,0,NA,NA,NA,NA,Y,NA,A,01,0,0,1,0,0,0,0,0,0,-,-,33.978050231933594,-118.28086853027344,LOS ANGELES,LOS ANGELES,-118.28092956542967,33.978050231933594
90829631,2018,2018-10-05,9580,2018-09-25,1119,019319,NA,2,1,7,1942,0,1,1,NA,2,406,I-405 N/B (SAN DIEGO FWY),DEVONSHIRE ST,1584,S,N,A,-,Y,NA,NA,405,NA,NA,NA,NA,NA,N,N,4,0,2,3,A,-,07,21658,A,N,B,C,A,A,H,-,A,D,0,NA,NA,NA,Y,Y,NA,A,07,0,0,2,0,0,0,0,0,0,-,-,34.25223922729492,-118.4721221923828,LOS ANGELES,LOS ANGELES,-118.47217559814452,34.25223922729492
90829633,2018,2018-10-05,9530,2018-09-21,0745,021623,NA,5,1,9,1900,0,3,5,NA,2,002,SAN PEDRO ST.,132ND ST.,100,S,N,A,-,N,NA,NA,NA,NA,NA,NA,NA,NA,NA,N,3,0,1,2,A,-,08,22107,NA,F,B,B,E,A,H,-,A,D,0,Y,NA,NA,NA,Y,Y,-,99,0,1,0,0,1,0,0,0,0,-,-,33.911590576171875,-118.2696533203125,LOS ANGELES,UNINCORPORATED,-118.2696533203125,33.91251754760742