CASE_ID,ACCIDENT_YEAR,PROC_DATE,JURIS,COLLISION_DATE,COLLISION_TIME,OFFICER_ID,REPORTING_DISTRICT,DAY_OF_WEEK,CHP_SHIFT,POPULATION,CNTY_CITY_LOC,SPECIAL_COND,BEAT_TYPE,CHP_BEAT_TYPE,CITY_DIVISION_LAPD,CHP_BEAT_CLASS,BEAT_NUMBER,PRIMARY_RD,SECONDARY_RD,DISTANCE,DIRECTION,INTERSECTION,WEATHER_1,WEATHER_2,STATE_HWY_IND,CALTRANS_COUNTY,CALTRANS_DISTRICT,STATE_ROUTE,ROUTE_SUFFIX,POSTMILE_PREFIX,POSTMILE,LOCATION_TYPE,RAMP_INTERSECTION,SIDE_OF_HWY,TOW_AWAY,COLLISION_SEVERITY,NUMBER_KILLED,NUMBER_INJURED,PARTY_COUNT,PRIMARY_COLL_FACTOR,PCF_CODE_OF_VIOL,PCF_VIOL_CATEGORY,PCF_VIOLATION,PCF_VIOL_SUBSECTION,HIT_AND_RUN,TYPE_OF_COLLISION,MVIW,PED_ACTION,ROAD_SURFACE,ROAD_COND_1,ROAD_COND_2,LIGHTING,CONTROL_DEVICE,CHP_ROAD_TYPE,PEDESTRIAN_ACCIDENT,BICYCLE_ACCIDENT,MOTORCYCLE_ACCIDENT,TRUCK_ACCIDENT,NOT_PRIVATE_PROPERTY,ALCOHOL_INVOLVED,STWD_VEHTYPE_AT_FAULT,CHP_VEHTYPE_AT_FAULT,COUNT_SEVERE_INJ,COUNT_VISIBLE_INJ,COUNT_COMPLAINT_PAIN,COUNT_PED_KILLED,COUNT_PED_INJURED,COUNT_BICYCLIST_KILLED,COUNT_BICYCLIST_INJURED,COUNT_MC_KILLED,COUNT_MC_INJURED,PRIMARY_RAMP,SECONDARY_RAMP,LATITUDE,LONGITUDE,COUNTY,CITY,POINT_X,POINT_Y
90833777,2018,2018-10-11,9580,2018-10-05,1400,021603,NA,5,2,7,1942,0,1,1,NA,2,406,I-405 N/B (SAN DIEGO FWY),ROSCOE BLVD,1200,S,N,A,-,Y,NA,NA,405,NA,NA,NA,NA,NA,N,N,3,0,1,2,A,-,08,22107,NA,N,A,C,A,A,H,-,A,D,0,NA,NA,NA,NA,Y,NA,D,22,0,1,0,0,0,0,0,0,0,-,-,34.21805953979492,-118.47321319580078,LOS ANGELES,LOS ANGELES,-118.4731216430664,34.21805953979492
9083378,2020,2020-07-20,1900,2020-03-15,1040,514671,2608,7,5,6,1950,0,0,0,NA,0,264T1,AVENUE S,37TH ST EAST,0,NA,Y,A,-,N,NA,NA,NA,NA,NA,NA,NA,NA,NA,N,4,0,1,2,A,-,12,21453,A,N,D,C,A,A,H,-,A,A,0,NA,NA,NA,NA,Y,Y,A,01,0,0,1,0,0,0,0,0,0,-,-,34.55812072753906,-118.06182861328124,LOS ANGELES,PALMDALE,-118.06260681152344,34.55812072753906
90833780,2018,2018-10-11,9580,2018-10-02,1725,021780,NA,2,2,7,1942,0,1,2,NA,2,102,US-101 N/B (VENTURA FREEWAY),WHITE OAK AVE,1214,S,N,A,-,Y,NA,NA,101,NA,NA,NA,NA,NA,N,N,4,0,1,2,A,-,03,22350,NA,N,C,C,A,A,H,-,A,D,0,NA,NA,NA,NA,Y,NA,A,01,0,0,1,0,0,0,0,0,0,-,-,34.17127990722656,-118.51444244384766,LOS ANGELES,LOS ANGELES,-118.51444244384766,34.17128372192383
9083381,2020,2020-07-01,1942,2020-03-26,0630,36761,0326,4,5,7,1942,0,0,0,C,0,3A19,ADAMS BL,WESTERN AV,0,NA,Y,A,-,N,NA,NA,NA,NA,NA,NA,NA,NA,NA,N,3,0,1,2,A,-,03,22350,NA,F,G,B,F,A,H,-,B,A,0,Y,NA,NA,NA,Y,NA,-,99,0,1,0,0,1,0,0,0,0,-,-,NA,NA,LOS ANGELES,LOS ANGELES,-118.30898284912108,34.03269958496094
90833815,2018,2018-10-11,9565,2018-10-03,0713,017713,NA,3,1,9,1900,0,3,5,NA,2,003,NORTHRIDGE DR.,OVERDALE DR.,0,NA,Y,B,-,N,NA,NA,NA,NA,NA,NA,NA,NA,NA,Y,3,0,1,2,A,-,09,21802,A,N,D,C,A,A,H,-,A,A,0,NA,NA,NA,NA,Y,NA,A,01,0,1,0,0,0,0,0,0,0,-,-,33.944679260253906,-118.35501861572266,LOS ANGELES,UNINCORPORATED,-118.35501098632813,33.99467849731445
9083382,2020,2020-10-13,1900,2020-03-12,1100,622009,2610,4,5,6,1950,0,0,0,NA,0,262T1,10TH ST EAST,AVENUE Q-4,0,NA,Y,C,-,N,NA,NA,NA,NA,NA,NA,NA,NA,NA,N,4,0,1,2,A,-,08,22107,NA,N,D,C,A,B,H,-,A,A,0,NA,NA,NA,NA,Y,NA,A,01,0,0,1,0,0,0,0,0,0,-,-,34.58319854736328,-118.11190032958984,LOS ANGELES,PALMDALE,-118.1119384765625,34.58319854736328
9083385,2020,2020-07-01,1942,2020-03-22,1600,37724,0379,7,5,7,1942,0,0,0,C,0,3A99,W MARTIN LUTHER KING JR BL,S BUDLONG AV,0,NA,Y,C,-,N,NA,NA,NA,NA,NA,NA,NA,NA,NA,Y,4,0,1,2,A,-,09,21801,A,N,D,C,A,B,H,-,A,A,0,NA,NA,NA,NA,Y,NA,A,01,0,0,1,0,0,0,0,0,0,-,-,NA,NA,LOS ANGELES,LOS ANGELES,-118.2958984375,34.01087188720703
9083386,2020,2020-07-20,1900,2020-03-09,1546,625597,2621,1,5,6,1950,0,0,0,NA,0,262T1,AVENUE M,20TH ST EAST,0,NA,Y,A,-,N,NA,NA,NA,NA,NA,NA,NA,NA,NA,Y,3,0,1,2,A,-,09,21801,A,N,D,C,A,A,H,-,A,A,0,NA,NA,NA,NA,Y,NA,A,01,0,1,0,0,0,0,0,0,0,-,-,34.645999908447266,-118.09439849853516,LOS ANGELES,PALMDALE,-118.09442138671876,34.64598083496094
90833881,2018,2018-10-11,9565,2018-10-06,1925,022104,NA,6,2,7,1942,0,1,1,NA,2,082,I-10 (SANTA MONICA FREEWAY) E/B,GATEWAY BLVD.,125,E,N,A,-,Y,NA,NA,10,NA,NA,NA,NA,NA,E,N,4,0,2,2,A,-,03,22350,NA,N,C,C,A,A,H,-,C,D,0,NA,NA,NA,NA,Y,NA,A,07,0,0,2,0,0,0,0,0,0,-,-,34.02983093261719,-118.44235229492188,LOS ANGELES,LOS ANGELES,-118.4423599243164,34.02987289428711
90833897,2018,2018-10-11,9575,2018-10-01,1405,021685,NA,1,2,9,1900,0,1,1,NA,2,062,I-210 W/B (FOOTHILL FREEWAY),ROSEMONT AVENUE,115,W,N,A,-,Y,NA,NA,210,NA,NA,NA,NA,NA,W,Y,4,0,1,2,A,-,07,21658,A,N,B,C,A,A,D,-,A,D,0,NA,NA,NA,NA,Y,NA,A,01,0,0,1,0,0,0,0,0,0,-,-,34.21561050415039,-118.23445129394533,LOS ANGELES,UNINCORPORATED,-118.23445129394533,34.21560287475586
9083390,2020,2020-07-20,1900,2020-03-13,2030,615106,2619,5,5,6,1950,0,0,0,NA,0,262T1,DIVISION ST,AVENUE P,764,N,N,A,-,N,NA,NA,NA,NA,NA,NA,NA,NA,NA,N,4,0,1,2,A,-,11,21954,A,N,G,B,D,A,H,-,C,D,0,Y,NA,NA,NA,Y,NA,N,60,0,0,1,0,1,0,0,0,0,-,-,34.60340118408203,-118.12989807128906,LOS ANGELES,PALMDALE,-118.1299285888672,34.60383605957031
90833919,2018,2019-06-26,9580,2018-10-05,1450,021780,NA,5,2,9,1900,0,3,5,NA,1,010,CRAGS RD. (28900 BLOCK),LOOKOUT DR,42,E,N,A,-,N,NA,NA,NA,NA,NA,NA,NA,NA,NA,N,4,0,2,2,A,-,09,21804,A,N,D,C,A,A,H,-,A,D,0,NA,NA,NA,NA,Y,NA,A,01,0,0,2,0,0,0,0,0,0,-,-,34.1037483215332,-118.7567901611328,LOS ANGELES,UNINCORPORATED,-118.75714111328124,34.103919982910156
90833928,2018,2018-10-11,9590,2018-10-09,2200,022089,NA,2,3,7,1942,0,1,1,NA,2,052,I-110 N/B (HAF),3RD ST.,20,S,N,A,-,Y,NA,NA,110,NA,NA,NA,NA,NA,N,N,3,0,1,3,A,-,03,22350,NA,M,C,C,A,A,H,-,C,D,0,NA,NA,NA,NA,Y,NA,A,07,0,1,0,0,0,0,0,0,0,-,-,34.056060791015625,-118.25601196289064,LOS ANGELES,LOS ANGELES,-118.25597381591795,34.05602264404297
9083393,2020,2020-07-01,1942,2020-03-30,1400,40690,0399,1,5,7,1942,0,0,0,C,0,3A99,W MARTIN LUTHER KING BL,S FIGUEROA ST,0,NA,Y,A,-,N,NA,NA,NA,NA,NA,NA,NA,NA,NA,Y,4,0,5,2,A,-,07,21658,A,N,B,C,A,A,H,-,A,D,0,NA,NA,NA,NA,Y,NA,A,08,0,0,5,0,0,0,0,0,0,-,-,NA,NA,LOS ANGELES,LOS ANGELES,-118.2827377319336,34.011131286621094
90833938,2018,2018-10-11,9550,2018-10-06,1155,020688,NA,6,1,7,1941,0,1,3,NA,2,090,STATE ROUTE 91 (ARTESIA FREEWAY),ATLANTIC AVENUE,100,E,N,B,-,Y,NA,NA,91,NA,NA,NA,NA,NA,NA,N,3,0,1,2,A,-,03,22350,NA,N,C,C,A,A,H,-,A,D,0,NA,NA,NA,Y,Y,NA,G,25,0,1,0,0,0,0,0,0,0,-,-,33.876739501953125,-118.18401336669922,LOS ANGELES,LONG BEACH,-118.18401336669922,33.87684631347656
90833939,2018,2018-10-11,9565,2018-10-07,1715,022099,NA,7,2,4,1918,0,1,1,NA,2,061,I-405 S/B (SAN DIEGO FWY),BRADDOCK DR,100,S,N,A,-,Y,NA,NA,405,NA,NA,NA,NA,NA,S,Y,4,0,1,3,A,-,03,22350,NA,N,C,C,A,A,H,-,A,D,0,NA,NA,NA,NA,Y,NA,D,22,0,0,1,0,0,0,0,0,0,-,-,34.00075149536133,-118.40975952148438,LOS ANGELES,CULVER CITY,-118.4096221923828,34.0008544921875
90833954,2018,2018-10-11,9550,2018-10-08,0742,016299,NA,1,1,6,1949,0,1,1,NA,2,651,INTERSTATE 605 SOUTHBOUND,EXCELSIOR DRIVE,50,N,N,A,B,Y,NA,NA,605,NA,NA,NA,NA,NA,S,N,4,0,3,3,A,-,04,21703,NA,N,C,C,A,A,H,-,A,D,0,NA,NA,NA,NA,Y,NA,A,01,0,0,3,0,0,0,0,0,0,-,-,33.89659881591797,-118.10518646240234,LOS ANGELES,NORWALK,-118.10504913330078,33.8966064453125
90833959,2018,2018-10-11,9535,2018-10-01,1545,021000,NA,1,2,3,1914,0,1,1,NA,2,500,I-5 (SANTA ANA FREEWAY) N/B,SIMONS R.R. U.P.,18,S,N,A,-,Y,NA,NA,5,NA,NA,NA,NA,NA,N,Y,4,0,3,2,A,-,08,22107,NA,N,E,I,A,A,H,-,A,D,0,NA,NA,NA,NA,Y,NA,A,01,0,0,3,0,0,0,0,0,0,-,-,33.9905891418457,-118.14012908935548,LOS ANGELES,COMMERCE,-118.14023590087892,33.9904899597168
9083397,2020,2020-07-01,1942,2020-03-18,2200,43270,0392,3,5,7,1942,0,0,0,C,0,3A73,W 50TH ST,11TH AV,0,NA,Y,A,-,N,NA,NA,NA,NA,NA,NA,NA,NA,NA,Y,4,0,1,1,A,-,03,22350,NA,N,E,I,A,-,H,-,C,A,0,NA,NA,NA,NA,Y,NA,A,01,0,0,1,0,0,0,0,0,0,-,-,NA,NA,LOS ANGELES,LOS ANGELES,-118.32937622070313,33.998138427734375
90833992,2018,2018-10-11,9565,2018-09-29,0625,022014,NA,6,1,9,1900,0,3,5,NA,2,003,STOCKER STREET,PRESIDIO DR,27,W,N,A,-,N,NA,NA,NA,NA,NA,NA,NA,NA,NA,Y,4,0,1,1,A,-,08,22107,NA,N,E,I,A,A,H,-,A,D,0,NA,NA,NA,NA,Y,NA,A,01,0,0,1,0,0,0,0,0,0,-,-,34.004638671875,-118.34142303466795,LOS ANGELES,UNINCORPORATED,-118.34138488769533,34.00468444824219
90834019,2018,2018-10-11,9565,2018-10-08,0945,016945,NA,1,1,7,1942,0,1,1,NA,2,063,I-405 N/B (SAN DIEGO FWY),OHIO AVE,530,N,N,A,-,Y,NA,NA,405,NA,NA,NA,NA,NA,N,N,4,0,1,2,A,-,07,21658,A,N,B,C,A,A,H,-,A,D,0,NA,NA,NA,NA,Y,NA,A,07,0,0,1,0,0,0,0,0,0,-,-,34.05025100708008,-118.44920349121094,LOS ANGELES,LOS ANGELES,-118.44883728027344,34.05038070678711
90834023,2018,2018-10-11,9580,2018-10-01,0745,021491,NA,1,1,7,1942,1,4,S,NA,2,901,17120 VANOWEN STREET,BALBOA BLVD,1056,W,N,A,-,N,NA,NA,NA,NA,NA,NA,NA,NA,NA,N,4,0,2,1,C,-,18,NA,NA,N,H,A,A,A,H,-,A,D,0,NA,NA,NA,NA,Y,NA,-,-,0,0,2,0,0,0,0,0,0,-,-,34.19160079956055,-118.5048599243164,LOS ANGELES,LOS ANGELES,-118.50460815429688,34.19386291503906
90834033,2018,2018-10-11,9580,2018-10-01,0935,022036,NA,1,1,7,1942,0,1,2,NA,2,103,US-101 S/B TO I-405,I-405 S/B (SAN DIEGO FWY),750,N,N,A,-,Y,NA,NA,101,NA,NA,NA,R,NA,S,Y,3,0,1,2,A,-,03,22350,NA,N,C,C,A,A,H,-,A,D,0,NA,NA,Y,NA,Y,NA,C,02,0,1,0,0,0,0,0,0,1,-,-,34.16170120239258,-118.47149658203124,LOS ANGELES,LOS ANGELES,-118.47149658203124,34.16170120239258
90834034,2018,2018-10-11,9535,2018-10-03,0713,015636,NA,3,1,4,1907,0,1,1,NA,2,072,I-710 (LONG BEACH FREEWAY) N/B,FLORENCE AVE,30,S,N,B,-,Y,NA,NA,710,NA,NA,NA,NA,NA,N,Y,4,0,1,2,A,-,03,22350,NA,N,C,C,A,A,H,-,A,D,0,NA,NA,Y,NA,Y,NA,C,02,0,0,1,0,0,0,0,0,1,-,-,33.967918395996094,-118.16776275634766,LOS ANGELES,BELL,-118.1677017211914,33.9679069519043
90834057,2018,2018-10-11,9340,2018-10-02,2100,021807,NA,2,2,7,1942,0,1,S,NA,2,170,SR-170 NB FROM SHERMAN WAY EB,SHERMAN WAY,375,S,N,A,-,Y,NA,NA,170,NA,NA,NA,R,NA,N,Y,4,0,2,3,A,-,03,22350,NA,N,E,J,A,A,H,-,D,D,0,NA,NA,NA,NA,Y,NA,A,01,0,0,2,0,0,0,0,0,0,-,-,34.20000076293945,-118.4030990600586,LOS ANGELES,LOS ANGELES,-118.4030990600586,34.20000076293945
90834090,2018,2018-10-11,9525,2018-10-08,0830,015445,NA,1,1,5,1990,0,1,3,NA,2,571,SR-57 S/B (ORANGE FWY),SUNSET CROSSING ROAD,2000,S,N,A,-,Y,NA,NA,57,NA,NA,NA,NA,NA,S,Y,4,0,1,3,A,-,03,22350,NA,N,C,C,A,A,H,-,A,D,0,NA,NA,NA,NA,Y,NA,A,01,0,0,1,0,0,0,0,0,0,-,-,34.02370834350586,-117.81291198730467,LOS ANGELES,DIAMOND BAR,-117.81299591064452,34.023738861083984
90834132,2018,2018-10-11,9535,2018-10-01,0925,017302,NA,1,1,9,1900,0,3,5,NA,2,001,MICHIGAN AVE,MARIANNA AVE,0,NA,Y,A,-,N,NA,NA,NA,NA,NA,NA,NA,NA,NA,N,3,0,1,2,A,-,09,21802,A,N,D,G,A,A,H,-,A,A,0,NA,Y,NA,NA,Y,NA,L,04,0,1,0,0,0,0,1,0,0,-,-,34.03850173950195,-118.17584991455078,LOS ANGELES,UNINCORPORATED,-118.17575073242188,34.03868865966797
9083417,2020,2020-07-01,1900,2020-03-04,0710,489417,2608,3,5,6,1950,0,0,0,NA,0,262T1,AVENUE R,HASTINGS ST,710,E,N,A,-,N,NA,NA,NA,NA,NA,NA,NA,NA,NA,N,4,0,1,2,A,-,09,21804,A,N,D,C,A,A,H,-,A,D,0,NA,NA,NA,NA,Y,NA,A,01,0,0,1,0,0,0,0,0,0,-,-,34.573001861572266,-118.08899688720705,LOS ANGELES,PALMDALE,-118.0891571044922,34.57271957397461
90834179,2018,2018-10-11,9590,2018-10-07,0611,016230,NA,7,1,7,1942,0,1,1,NA,2,040,I-5 NB SAF,GRANDE VISTA AVENUE,70,S,N,A,-,Y,NA,NA,5,NA,NA,NA,NA,NA,N,Y,4,0,2,4,A,-,03,22350,NA,N,C,C,A,A,D,-,C,A,0,NA,NA,NA,NA,Y,NA,A,01,0,0,2,0,0,0,0,0,0,-,-,34.02587890625,-118.20668792724608,LOS ANGELES,LOS ANGELES,-118.20671844482422,34.02579879760742
90834196,2018,2018-10-11,9580,2018-10-05,1810,022158,NA,5,2,7,1942,0,1,3,NA,2,116,SR-118 E/B (RONALD REAGAN FWY.),WOODLEY AVE,600,W,N,A,-,Y,NA,NA,118,NA,NA,NA,NA,NA,E,Y,3,0,3,3,A,-,03,22350,NA,N,C,C,A,A,H,-,B,D,0,NA,NA,NA,NA,Y,NA,D,22,0,1,2,0,0,0,0,0,0,-,-,34.27009963989258,-118.4878387451172,LOS ANGELES,LOS ANGELES,-118.4878387451172,34.27009963989258
90834197,2018,2018-10-11,9535,2018-10-01,1840,020818,NA,1,2,5,1943,0,1,1,NA,2,104,I-105 TO I-710 S/B,ROSECRANS AVE,455,N,N,A,-,Y,NA,NA,NA,NA,NA,NA,NA,NA,NA,Y,3,0,1,1,A,-,08,22107,NA,N,E,I,A,A,H,-,B,D,0,NA,NA,NA,NA,Y,NA,D,22,0,1,0,0,0,0,0,0,0,-,-,33.90481185913086,-118.18489074707033,LOS ANGELES,LYNWOOD,NA,NA
9083421,2020,2020-07-01,1900,2020-03-04,1150,489417,2608,3,5,6,1950,0,0,0,NA,0,262T1,AVENUE S-14,26TH ST EAST,150,W,N,A,-,N,NA,NA,NA,NA,NA,NA,NA,NA,NA,Y,3,0,1,2,A,-,09,21804,A,N,F,C,A,A,H,-,A,D,0,NA,NA,NA,NA,Y,NA,A,01,0,1,0,0,0,0,0,0,0,-,-,34.55799865722656,-118.08599853515624,LOS ANGELES,PALMDALE,NA,NA
90834211,2018,2018-10-11,9580,2018-10-02,2105,021554,NA,2,2,7,1942,0,1,3,NA,2,117,SR-118 W/B (RONALD REAGAN FWY.),BALBOA BLVD,1780,W,N,A,-,Y,NA,NA,118,NA,NA,NA,NA,NA,W,Y,3,0,1,1,A,-,08,22107,NA,N,F,A,A,A,H,-,D,D,0,NA,NA,Y,NA,Y,NA,C,02,0,1,0,0,0,0,0,0,1,-,-,34.27804183959961,-118.50814056396484,LOS ANGELES,LOS ANGELES,-118.50814056396484,34.278018951416016
90834227,2018,2018-12-26,9590,2018-10-07,1030,019008,NA,7,1,7,1942,0,1,1,NA,2,081,I-5 SB (GOLDEN STATE FREEWAY),WHITTIER BLVD,300,S,N,B,-,Y,NA,NA,NA,NA,NA,NA,NA,NA,NA,Y,4,0,1,4,A,-,03,22350,NA,N,C,C,A,A,H,-,A,D,0,NA,NA,NA,NA,Y,NA,A,01,0,0,1,0,0,0,0,0,0,-,-,34.03538131713867,-118.21996307373048,LOS ANGELES,LOS ANGELES,-118.22087860107422,34.03568649291992
9083425,2020,2020-07-01,1900,2020-03-05,2137,615106,2619,4,5,6,1950,0,0,0,NA,0,262T1,10TH ST W,TECHNOLOGY DR,0,NA,Y,A,-,N,NA,NA,NA,NA,NA,NA,NA,NA,NA,N,4,0,1,2,A,-,09,21801,A,N,D,C,A,A,H,-,A,A,0,NA,NA,NA,NA,Y,NA,A,01,0,0,1,0,0,0,0,0,0,-,-,34.59450149536133,-118.14759826660156,LOS ANGELES,PALMDALE,-118.14762115478516,34.5944709777832
90834284,2018,2018-10-11,9550,2018-10-02,1540,020959,NA,2,2,9,1900,0,2,4,NA,1,052,COLIMA ROAD,PEPPERDALE DR.,0,NA,Y,B,-,N,NA,NA,NA,NA,NA,NA,NA,NA,NA,Y,3,0,1,2,A,-,09,21801,A,N,D,C,A,A,H,-,A,D,0,NA,NA,Y,NA,Y,NA,A,07,0,1,0,0,0,0,0,0,1,-,-,33.98632049560547,-117.8724365234375,LOS ANGELES,UNINCORPORATED,-117.87248229980467,33.98617935180664
90834288,2018,2018-10-11,9550,2018-10-04,1805,020959,NA,4,2,9,1900,0,1,3,NA,2,602,STATE ROUTE 60 (POMONA FREEWAY),NOGALES STREET,80,W,N,B,-,Y,NA,NA,60,NA,NA,NA,NA,NA,NA,Y,3,0,1,4,A,-,03,22350,NA,N,C,C,A,A,H,-,A,D,0,NA,NA,NA,NA,Y,NA,D,22,0,1,0,0,0,0,0,0,0,-,-,33.99427032470703,-117.8890380859375,LOS ANGELES,UNINCORPORATED,-117.8890380859375,33.994266510009766
9083429,2020,2020-07-01,1900,2020-03-02,1610,626632,2601,1,5,6,1950,0,0,0,NA,0,263T1,AVENUE R 10,25TH ST E,691,W,N,A,-,N,NA,NA,NA,NA,NA,NA,NA,NA,NA,Y,4,0,1,2,A,-,09,21804,A,N,B,C,A,A,H,-,A,D,0,NA,NA,NA,NA,Y,NA,A,07,0,0,1,0,0,0,0,0,0,-,-,34.57273864746094,-118.08757781982422,LOS ANGELES,PALMDALE,NA,NA
90834295,2018,2018-10-11,9535,2018-10-03,2325,021381,NA,3,3,3,1914,0,1,1,NA,2,073,I-710 (LONG BEACH FREEWAY) S/B,WASHINGTON BLVD.,1200,N,N,A,-,Y,NA,NA,710,NA,NA,NA,NA,NA,S,Y,4,0,1,2,A,-,03,22350,NA,N,C,C,A,A,H,-,C,D,0,NA,NA,NA,NA,Y,NA,A,01,0,0,1,0,0,0,0,0,0,-,-,34.008270263671875,-118.17253875732422,LOS ANGELES,COMMERCE,-118.17246246337892,34.00826644897461
90834318,2018,2018-10-11,9535,2018-10-04,0750,015636,NA,4,1,5,1901,0,1,1,NA,2,070,I-710 (LONG BEACH FREEWAY) N/B,HELLMAN AVE,300,S,N,B,-,Y,NA,NA,710,NA,NA,NA,NA,NA,N,N,4,0,1,2,A,-,03,22350,NA,N,C,C,A,A,H,-,A,D,0,NA,NA,NA,NA,Y,NA,A,01,0,0,1,0,0,0,0,0,0,-,-,34.068328857421875,-118.16265106201172,LOS ANGELES,ALHAMBRA,-118.16271209716795,34.068359375
90834319,2018,2018-10-11,9535,2018-10-04,0855,017954,NA,4,1,9,1900,0,2,4,NA,2,014,CESAR E. CHAVEZ AVE.,HUMPHREYS AVE.,0,NA,Y,B,-,N,NA,NA,NA,NA,NA,NA,NA,NA,NA,N,3,0,1,2,A,-,10,21950,A,N,G,B,B,A,H,-,A,A,0,Y,NA,NA,NA,Y,NA,D,22,0,1,0,0,1,0,0,0,0,-,-,34.0405387878418,-118.17127990722656,LOS ANGELES,UNINCORPORATED,-118.17137908935548,34.04058074951172
90834324,2018,2018-10-11,9535,2018-10-04,1355,022059,NA,4,1,4,1907,0,1,1,NA,2,072,I-710 (LONG BEACH FREEWAY) N/B,SLAUSON AVE,500,S,N,A,-,Y,NA,NA,710,NA,NA,NA,NA,NA,N,N,4,0,3,2,A,-,03,22350,NA,N,C,C,A,A,H,-,A,D,0,NA,NA,NA,NA,Y,NA,A,01,0,0,3,0,0,0,0,0,0,-,-,33.984649658203125,-118.16857147216795,LOS ANGELES,BELL,-118.16864776611328,33.984622955322266
9083433,2020,2020-07-01,1900,2020-03-06,0825,601485,2608,5,5,6,1950,0,0,0,NA,0,261T1,AVENUE S,28TH ST E,170,E,N,A,-,N,NA,NA,NA,NA,NA,NA,NA,NA,NA,N,4,0,1,2,A,-,04,21703,NA,N,C,C,A,A,H,-,A,D,0,NA,NA,NA,NA,Y,NA,A,07,0,0,1,0,0,0,0,0,0,-,-,34.55807113647461,-118.07817840576172,LOS ANGELES,PALMDALE,-118.07895660400392,34.55810546875
90834336,2018,2018-10-11,9550,2018-10-05,1420,021410,NA,5,2,9,1900,0,1,1,NA,2,650,I-605 NB,WASHINGTON BLVD.,500,S,N,A,-,Y,NA,NA,605,NA,NA,NA,NA,NA,N,N,4,0,1,2,A,-,03,22350,NA,N,C,C,A,A,H,-,A,D,0,NA,NA,NA,NA,Y,NA,A,01,0,0,1,0,0,0,0,0,0,-,-,33.97209930419922,-118.08070373535156,LOS ANGELES,UNINCORPORATED,-118.08068084716795,33.97209167480469
90834360,2018,2018-10-12,9550,2018-10-05,1545,020551,NA,5,2,6,1949,0,1,1,NA,2,501,I-5 SOUTHBOUND,ROSECRANS AVE.,1000,N,N,A,-,Y,NA,NA,5,NA,NA,NA,NA,NA,S,Y,4,0,1,2,A,-,03,22350,NA,N,C,C,A,A,H,-,A,D,0,NA,NA,NA,NA,Y,NA,A,01,0,0,1,0,0,0,0,0,0,-,-,33.90623092651367,-118.066650390625,LOS ANGELES,NORWALK,-118.0665283203125,33.90635299682617
90834363,2018,2018-10-12,9550,2018-10-05,1750,021196,NA,5,2,5,1919,0,1,3,NA,2,092,SR-91 E/B,183RD,500,W,N,A,-,Y,NA,NA,91,NA,NA,NA,NA,NA,E,Y,3,0,4,3,A,-,03,22350,NA,N,C,C,A,A,H,-,A,D,0,NA,NA,NA,NA,Y,NA,A,08,0,1,3,0,0,0,0,0,0,-,-,33.86756896972656,-118.05194854736328,LOS ANGELES,CERRITOS,-118.05193328857422,33.86759567260742
90834364,2018,2018-10-12,9550,2018-10-05,0007,016761,NA,5,3,6,1949,0,1,1,NA,2,651,I-605 S/B (SAN GABRIEL RIVER FREEWAY),ROSECRANS AVENUE,150,N,N,A,-,Y,NA,NA,605,NA,NA,NA,NA,NA,S,Y,4,0,1,2,D,-,00,NA,NA,N,C,C,A,A,H,-,D,D,0,NA,NA,NA,NA,Y,NA,-,-,0,0,1,0,0,0,0,0,0,-,-,33.902191162109375,-118.10530090332033,LOS ANGELES,NORWALK,-118.10537719726564,33.90218734741211
9083437,2020,2020-07-01,1900,2020-03-01,1105,513465,2612,7,5,6,1950,0,0,0,NA,0,262T1,10TH ST W,MARKETPLACE DR,0,NA,Y,A,-,N,NA,NA,NA,NA,NA,NA,NA,NA,NA,Y,3,0,1,3,A,-,12,21453,A,N,A,C,A,A,H,-,A,A,0,NA,NA,NA,NA,Y,NA,A,01,0,1,0,0,0,0,0,0,0,-,-,NA,NA,LOS ANGELES,PALMDALE,-118.14763641357422,34.59803009033203
90834373,2018,2018-10-12,9535,2018-10-05,1205,013259,NA,5,1,5,1906,0,1,1,NA,2,650,I-605 N/B (SAN GABRIEL RIVER FREEWAY),I-10 (SBF),579,S,N,A,-,Y,NA,NA,NA,NA,NA,NA,NA,NA,NA,N,4,0,1,2,A,-,04,21703,NA,N,C,C,A,A,H,-,A,D,0,NA,NA,NA,NA,Y,NA,A,01,0,0,1,0,0,0,0,0,0,-,-,34.034568786621094,-118.17505645751952,LOS ANGELES,BALDWIN PARK,-118.00003814697266,34.06499099731445
90834385,2018,2018-10-12,9575,2018-10-02,0915,017589,NA,2,1,7,1942,0,1,1,NA,2,053,I-5 S/B (GOLDEN STATE FREEWAY),BRANFORD STREET,600,S,N,A,-,Y,NA,NA,5,NA,NA,NA,NA,NA,S,N,4,0,1,3,A,-,03,22350,NA,N,C,C,A,A,H,-,A,D,0,NA,NA,NA,NA,Y,NA,A,01,0,0,1,0,0,0,0,0,0,-,-,34.236289978027344,-118.41368103027344,LOS ANGELES,LOS ANGELES,-118.41366577148438,34.236305236816406