CASE_ID,ACCIDENT_YEAR,PROC_DATE,JURIS,COLLISION_DATE,COLLISION_TIME,OFFICER_ID,REPORTING_DISTRICT,DAY_OF_WEEK,CHP_SHIFT,POPULATION,CNTY_CITY_LOC,SPECIAL_COND,BEAT_TYPE,CHP_BEAT_TYPE,CITY_DIVISION_LAPD,CHP_BEAT_CLASS,BEAT_NUMBER,PRIMARY_RD,SECONDARY_RD,DISTANCE,DIRECTION,INTERSECTION,WEATHER_1,WEATHER_2,STATE_HWY_IND,CALTRANS_COUNTY,CALTRANS_DISTRICT,STATE_ROUTE,ROUTE_SUFFIX,POSTMILE_PREFIX,POSTMILE,LOCATION_TYPE,RAMP_INTERSECTION,SIDE_OF_HWY,TOW_AWAY,COLLISION_SEVERITY,NUMBER_KILLED,NUMBER_INJURED,PARTY_COUNT,PRIMARY_COLL_FACTOR,PCF_CODE_OF_VIOL,PCF_VIOL_CATEGORY,PCF_VIOLATION,PCF_VIOL_SUBSECTION,HIT_AND_RUN,TYPE_OF_COLLISION,MVIW,PED_ACTION,ROAD_SURFACE,ROAD_COND_1,ROAD_COND_2,LIGHTING,CONTROL_DEVICE,CHP_ROAD_TYPE,PEDESTRIAN_ACCIDENT,BICYCLE_ACCIDENT,MOTORCYCLE_ACCIDENT,TRUCK_ACCIDENT,NOT_PRIVATE_PROPERTY,ALCOHOL_INVOLVED,STWD_VEHTYPE_AT_FAULT,CHP_VEHTYPE_AT_FAULT,COUNT_SEVERE_INJ,COUNT_VISIBLE_INJ,COUNT_COMPLAINT_PAIN,COUNT_PED_KILLED,COUNT_PED_INJURED,COUNT_BICYCLIST_KILLED,COUNT_BICYCLIST_INJURED,COUNT_MC_KILLED,COUNT_MC_INJURED,PRIMARY_RAMP,SECONDARY_RAMP,LATITUDE,LONGITUDE,COUNTY,CITY,POINT_X,POINT_Y
90835741,2018,2018-10-15,9565,2018-10-02,1448,022097,NA,2,2,9,1900,0,3,5,NA,2,004,105TH ST,HAWTHORNE BLVD,400,E,N,A,-,N,NA,NA,NA,NA,NA,NA,NA,NA,NA,N,4,0,2,3,A,-,21,22106,NA,N,H,C,A,A,H,-,A,D,0,NA,NA,NA,NA,Y,NA,A,01,0,0,2,0,0,0,0,0,0,-,-,33.94091033935547,-118.35064697265624,LOS ANGELES,UNINCORPORATED,-118.35124206542967,33.94089126586914
9083576,2018,2020-05-09,1900,2018-10-10,2300,602242,2841,3,5,5,1915,0,0,0,NA,0,284B,ALAMEDA ST W,REEVE ST,16,S,N,A,-,N,NA,NA,NA,NA,NA,NA,NA,NA,NA,Y,4,0,1,1,C,-,18,NA,NA,N,E,I,A,A,H,-,C,D,0,NA,NA,NA,NA,Y,NA,-,-,0,0,1,0,0,0,0,0,0,-,-,NA,NA,LOS ANGELES,COMPTON,-118.21891021728516,33.88654708862305
90835781,2018,2018-10-15,9575,2018-10-13,1823,021006,NA,6,2,7,1942,0,1,3,NA,2,043,SR-134 E/B (VENTURA FREEWAY),RIVERSIDE DR.,1000,E,N,B,-,Y,NA,NA,134,NA,NA,NA,NA,NA,E,N,4,0,2,2,A,-,03,22350,NA,N,C,C,A,A,H,-,C,D,0,NA,NA,NA,NA,Y,NA,A,01,0,0,2,0,0,0,0,0,0,-,-,34.15412139892578,-118.28840637207033,LOS ANGELES,LOS ANGELES,-118.28842163085938,34.15409469604492
9083580,2019,2020-05-09,1972,2019-11-12,1610,14197,NA,2,5,6,1972,0,0,0,NA,0,NA,CRENSHAW BL,AIRPORT DR,0,NA,Y,A,-,N,NA,NA,NA,NA,NA,NA,NA,NA,NA,Y,4,0,2,3,A,-,12,21453,A,N,D,C,A,A,H,-,A,A,0,NA,NA,NA,NA,Y,NA,A,NA,0,0,2,0,0,0,0,0,0,-,-,NA,NA,LOS ANGELES,TORRANCE,-118.33052825927734,33.7938117980957
90835802,2018,2018-10-15,9530,2018-10-03,1350,022122,NA,3,1,6,1972,0,1,1,NA,2,400,I-405 S/B (SAN DIEGO FREEWAY),CRENSHAW BLVD.,1300,N,N,B,-,Y,NA,NA,405,NA,NA,NA,NA,NA,S,Y,4,0,1,4,A,-,03,22350,NA,N,C,C,A,A,H,-,A,D,0,NA,NA,NA,NA,Y,NA,A,07,0,0,1,0,0,0,0,0,0,-,-,33.86585998535156,-118.33096313476564,LOS ANGELES,TORRANCE,-118.33096313476564,33.86583709716797
90835804,2018,2018-10-15,9590,2018-10-04,1400,022136,NA,4,2,7,1942,0,1,1,NA,2,052,I-110 S/B (HARBOR FREEWAY),8TH ST,35,N,N,A,-,Y,NA,NA,110,NA,NA,NA,NA,NA,S,N,4,0,2,4,A,-,03,22350,NA,N,C,C,A,A,H,-,A,D,0,NA,NA,NA,NA,Y,NA,A,01,0,0,2,0,0,0,0,0,0,-,-,34.0496711730957,-118.26377105712892,LOS ANGELES,LOS ANGELES,-118.26380920410156,34.04973220825195
90835811,2018,2018-10-15,9590,2018-10-12,2330,021926,NA,5,3,7,1942,0,1,1,NA,2,080,I-5 S/B (GOLDEN STATE FREEWAY),I-10 (SBF),200,S,N,A,-,Y,NA,NA,5,NA,NA,NA,NA,NA,S,N,4,0,1,3,A,-,08,22107,NA,N,B,C,A,A,H,-,D,D,0,NA,NA,NA,Y,Y,NA,A,01,0,0,1,0,0,0,0,0,0,-,-,34.06023025512695,-118.21514129638672,LOS ANGELES,LOS ANGELES,-118.21508026123048,34.06025314331055
90835813,2018,2018-12-31,9590,2018-09-28,1725,021917,NA,5,2,7,1942,0,1,1,NA,2,011,SR-110 S/B (ARROYO SECO PARKWAY),PASADENA AVENUE,300,S,N,A,-,Y,NA,NA,110,NA,NA,NA,NA,NA,S,Y,3,0,3,3,A,-,08,22107,NA,N,E,C,A,A,H,-,A,D,0,NA,NA,NA,NA,Y,NA,A,01,0,1,2,0,0,0,0,0,0,-,-,34.08646011352539,-118.21378326416016,LOS ANGELES,LOS ANGELES,-118.21377563476564,34.08644485473633
90835832,2018,2018-10-15,9575,2018-10-04,0555,021849,NA,4,3,7,1942,0,1,1,NA,2,053,I-5 S/B FROM TERRA BELLA ST.,TERRA BELLA ST.,8,S,N,A,-,Y,NA,NA,5,NA,NA,NA,R,NA,S,N,2,0,1,2,A,-,05,21650,NA,N,H,G,A,A,H,-,C,A,0,NA,Y,NA,NA,Y,NA,L,04,1,0,0,0,0,0,1,0,0,-,-,34.25032043457031,-118.42900848388672,LOS ANGELES,LOS ANGELES,-118.42900848388672,34.25032043457031
9083584,2019,2020-05-09,1972,2019-11-07,1101,16610,NA,4,5,6,1972,0,0,0,NA,0,NA,CARSON ST,ARLINGTON AV,0,NA,Y,A,-,N,NA,NA,NA,NA,NA,NA,NA,NA,NA,Y,4,0,1,2,A,-,12,21453,A,N,D,C,A,A,H,-,A,A,0,NA,NA,NA,NA,Y,NA,M,NA,0,0,1,0,0,0,0,0,0,-,-,NA,NA,LOS ANGELES,TORRANCE,-118.31781768798828,33.8314208984375
90835875,2018,2018-10-15,9525,2018-10-04,1025,018729,NA,4,1,1,1934,0,1,1,NA,2,203,I-210 W/B (FOOTHILL FWY),I-605 FWY,1584,E,N,B,-,Y,NA,NA,210,NA,NA,NA,NA,NA,W,Y,4,0,1,2,A,-,03,22350,NA,N,C,C,A,A,H,-,A,D,0,NA,NA,NA,NA,Y,NA,A,01,0,0,1,0,0,0,0,0,0,-,-,34.13283920288086,-117.95165252685548,LOS ANGELES,IRWINDALE,-117.9516372680664,34.132869720458984
90835890,2018,2018-10-15,9525,2018-10-15,0320,021451,NA,1,3,9,1900,0,1,3,NA,1,024,SR-39 (SAN GABRIEL CANYON RD.),OLD SAN GABRIEL CANYON ROAD,5280,N,N,A,-,N,NA,NA,39,NA,NA,NA,NA,NA,NA,Y,3,0,1,1,A,-,01,23152,A,N,E,I,A,A,H,-,D,D,0,NA,NA,NA,NA,Y,Y,A,01,0,1,0,0,0,0,0,0,0,-,-,34.17372131347656,-117.8867416381836,LOS ANGELES,UNINCORPORATED,-117.88672637939452,34.1737174987793
90835911,2018,2018-10-15,9565,2018-10-06,2115,021819,NA,6,2,9,1900,0,3,5,NA,2,004,INGLEWOOD AVE.,111TH ST,431,N,N,A,-,N,NA,NA,NA,NA,NA,NA,NA,NA,NA,N,2,0,1,2,A,-,08,22107,NA,N,D,G,A,A,H,-,C,D,0,NA,Y,NA,NA,Y,NA,L,04,1,0,0,0,0,0,1,0,0,-,-,33.93571090698242,-118.36126708984376,LOS ANGELES,UNINCORPORATED,-118.36133575439452,33.935691833496094
90835929,2018,2018-10-15,9530,2018-10-07,0230,022132,NA,7,3,7,1941,0,1,1,NA,2,072,I-710 S/B (LONG BEACH FREEWAY),PACIFIC COAST HWY.,1070,N,N,A,-,Y,NA,NA,710,NA,NA,NA,NA,NA,S,Y,3,0,2,1,A,-,01,23152,A,N,E,I,A,A,H,-,C,D,0,NA,NA,NA,NA,Y,Y,A,01,0,2,0,0,0,0,0,0,0,-,-,33.792179107666016,-118.20762634277344,LOS ANGELES,LONG BEACH,-118.20772552490234,33.79220199584961
90835931,2018,2018-10-15,9575,2018-10-03,1900,020182,NA,3,2,7,1942,0,1,1,NA,2,053,I-5 N/B (GOLDEN STATE FREEWAY),OSBORNE ST.,300,S,N,A,-,Y,NA,NA,5,NA,NA,NA,NA,NA,N,N,4,0,2,2,A,-,03,22350,NA,M,C,C,A,A,H,-,B,D,0,NA,NA,NA,NA,Y,NA,-,99,0,0,2,0,0,0,0,0,0,-,-,34.244468688964844,-118.42186737060548,LOS ANGELES,LOS ANGELES,-118.42195129394533,34.244388580322266
90835943,2018,2018-10-15,9565,2018-10-04,2149,021951,NA,4,2,7,1942,0,1,1,NA,2,062,I-405 N/B (SAN DIEGO FWY) TO I-10 FWY,NATIONAL BLVD,10,N,N,A,-,Y,NA,NA,405,NA,NA,NA,R,NA,N,Y,4,0,1,4,A,-,03,22350,NA,M,C,C,A,A,H,-,C,D,0,NA,NA,NA,NA,Y,NA,D,22,0,0,1,0,0,0,0,0,0,-,-,34.0264892578125,-118.4293975830078,LOS ANGELES,LOS ANGELES,-118.4293975830078,34.0264892578125
90835947,2018,2018-10-15,9550,2018-10-03,1210,016237,NA,3,1,5,1919,0,1,1,NA,2,652,INTERSTATE 605 NORTHBOUND,DEL AMO BOULEVARD,1000,S,N,A,-,Y,NA,NA,NA,NA,NA,NA,NA,NA,NA,Y,3,0,1,2,A,-,07,21658,A,N,B,C,A,A,H,-,A,D,0,NA,NA,NA,NA,Y,NA,A,01,0,1,0,0,0,0,0,0,0,-,-,33.84471130371094,-118.08847808837892,LOS ANGELES,CERRITOS,-118.09224700927734,33.84587860107422
90835952,2018,2018-10-15,9590,2018-10-11,0945,016230,NA,4,1,7,1942,0,1,1,NA,2,065,I-10 W/B SMF,LOS ANGELES RIVER,170,W,N,A,-,Y,NA,NA,10,NA,NA,NA,NA,NA,W,N,4,0,1,2,A,-,08,22107,NA,N,B,C,A,A,H,-,A,D,0,NA,NA,NA,Y,Y,NA,A,01,0,0,1,0,0,0,0,0,0,-,-,34.02878189086914,-118.22737121582033,LOS ANGELES,LOS ANGELES,-118.22743988037108,34.02910614013672
90835973,2018,2018-10-15,9590,2018-10-06,1420,021757,NA,6,2,7,1942,0,1,1,NA,2,014,SR-110 N/B (ARROYO SECO PARKWAY),MARMION WAY,100,N,N,A,-,Y,NA,NA,110,NA,NA,NA,NA,NA,N,Y,3,0,1,1,A,-,08,22107,NA,N,E,I,A,A,H,-,A,D,0,NA,NA,NA,NA,Y,NA,A,01,0,1,0,0,0,0,0,0,0,-,-,34.1130485534668,-118.17684936523438,LOS ANGELES,LOS ANGELES,-118.17681884765624,34.11301040649414
90835978,2018,2018-10-15,9575,2018-10-14,1752,021006,NA,7,2,6,1912,0,1,3,NA,2,044,SR-134 W/B (VENTURA FREEWAY),CAHUENGA BLVD.,500,E,N,A,-,Y,NA,NA,NA,NA,NA,NA,NA,NA,NA,Y,3,0,4,2,A,-,07,21658,A,N,B,C,A,A,H,-,A,D,0,NA,NA,NA,NA,Y,NA,A,07,0,2,2,0,0,0,0,0,0,-,-,34.152809143066406,-118.35501098632813,LOS ANGELES,BURBANK,-118.35986328125,34.153236389160156
90835996,2018,2018-10-15,9590,2018-10-04,1955,021667,NA,4,2,7,1942,0,1,1,NA,2,083,I-5 S/B (GOLDEN STATE FREEWAY),NEWELL STREET,500,S,N,A,-,Y,NA,NA,5,NA,NA,NA,NA,NA,S,Y,4,0,1,2,A,-,08,22107,NA,N,B,C,A,A,H,-,A,D,0,NA,NA,NA,NA,Y,NA,A,07,0,0,1,0,0,0,0,0,0,-,-,34.098960876464844,-118.24732208251952,LOS ANGELES,LOS ANGELES,-118.24730682373048,34.09897232055664
90836005,2018,2018-10-15,9590,2018-10-08,1458,022088,NA,1,2,7,1942,0,1,2,NA,2,072,US-101 NORTHBOUND (HOLLYWOOD FREEWAY),ARGYLE AVE.,200,N,N,A,-,Y,NA,NA,101,NA,NA,NA,NA,NA,N,N,3,0,1,2,A,-,03,22350,NA,N,C,C,A,A,H,-,A,D,0,NA,NA,NA,NA,Y,NA,D,22,0,1,0,0,0,0,0,0,0,-,-,34.10533142089844,-118.32636260986328,LOS ANGELES,LOS ANGELES,-118.32632446289064,34.105384826660156
90836016,2018,2018-10-15,9545,2018-10-06,2350,021518,NA,6,3,9,1900,0,1,3,NA,2,021,SR-14 SOUTHBOUND,VINCENT SUMMIT UNDERCROSSING,1584,N,N,A,-,Y,NA,NA,14,NA,NA,NA,NA,NA,S,Y,3,0,2,1,A,-,01,23152,A,N,E,I,A,A,H,-,D,D,0,NA,NA,NA,NA,Y,Y,A,07,0,1,1,0,0,0,0,0,0,-,-,34.51982116699219,-118.11102294921876,LOS ANGELES,UNINCORPORATED,-118.11085510253906,34.51983642578125
90836023,2018,2018-10-15,9565,2018-10-05,0915,022056,NA,5,1,5,1928,0,1,1,NA,2,060,I-405 N/B (SAN DIEGO FREEWAY),MARINE AVENUE,100,N,N,A,-,Y,NA,NA,405,NA,NA,NA,NA,NA,N,Y,3,0,2,4,A,-,03,22350,NA,N,C,C,A,A,H,-,A,D,0,NA,NA,NA,NA,Y,NA,A,01,0,1,1,0,0,0,0,0,0,-,-,33.89482879638672,-118.3666534423828,LOS ANGELES,HAWTHORNE,-118.36660003662108,33.894893646240234
90836042,2018,2018-10-15,9535,2018-10-03,1142,015636,NA,3,1,5,1952,0,1,1,NA,2,075,I-710 (LONG BEACH FREEWAY) S/B,COMPTON BLVD,51,N,N,B,-,Y,NA,NA,710,NA,NA,NA,NA,NA,S,Y,3,0,1,2,A,-,03,22350,NA,N,C,E,A,A,H,-,A,D,0,NA,NA,NA,Y,Y,NA,A,01,0,1,0,0,0,0,0,0,0,-,-,33.89643859863281,-118.1877212524414,LOS ANGELES,PARAMOUNT,-118.1876983642578,33.89643478393555
90836044,2018,2018-10-15,9590,2018-10-06,1600,021122,NA,6,2,7,1942,0,1,1,NA,2,081,I-5 S/B (GOLDEN STATE FREEWAY),WHITTIER BLVD.,800,S,N,A,-,Y,NA,NA,5,NA,NA,NA,NA,NA,S,N,4,0,1,2,A,-,03,22350,NA,N,C,C,A,A,H,-,A,D,0,NA,NA,NA,NA,Y,NA,A,07,0,0,1,0,0,0,0,0,0,-,-,34.035770416259766,-118.220947265625,LOS ANGELES,LOS ANGELES,-118.2209701538086,34.0357780456543
90836047,2018,2018-10-15,9550,2018-10-08,0536,015329,NA,1,3,5,1919,0,1,3,NA,2,092,STATE ROUTE 91 E/B (ARTESIA FREEWAY),PIONEER BOULEVARD,800,E,N,A,-,Y,NA,NA,91,NA,NA,NA,NA,NA,E,Y,4,0,1,2,A,-,03,22350,NA,N,C,C,A,A,H,-,D,D,0,NA,NA,NA,NA,Y,NA,A,01,0,0,1,0,0,0,0,0,0,-,-,33.87641143798828,-118.07872772216795,LOS ANGELES,CERRITOS,-118.07872772216795,33.87647247314453
90836057,2018,2018-10-15,9580,2018-09-23,1055,019544,NA,7,1,9,1900,0,2,4,NA,1,131,MULHOLLAND HWY,KANAN RD,4224,E,N,A,-,N,NA,NA,NA,NA,NA,NA,NA,NA,NA,Y,2,0,2,1,A,-,03,22350,NA,N,F,A,A,A,H,-,A,D,0,NA,NA,Y,NA,Y,NA,C,02,1,0,1,0,0,0,0,0,2,-,-,34.099700927734375,-118.79920196533205,LOS ANGELES,UNINCORPORATED,-118.803955078125,34.10033416748047
90836074,2018,2018-10-15,9535,2018-10-07,2333,022017,NA,7,3,3,1914,0,1,1,NA,2,500,I-5 (SANTA ANA FREEWAY) N/B,I-710,1000,S,N,A,-,Y,NA,NA,5,NA,NA,NA,NA,NA,N,Y,4,0,1,2,A,-,01,23152,A,N,C,C,A,A,H,-,D,D,0,NA,NA,NA,NA,Y,Y,A,01,0,0,1,0,0,0,0,0,0,-,-,34.01398849487305,-118.16683197021484,LOS ANGELES,COMMERCE,-118.16682434082033,34.01399612426758
90836080,2018,2018-10-15,9535,2018-10-06,1815,020943,NA,6,2,5,1959,0,1,1,NA,2,400,I-10 (SAN BERNARDINO FREEWAY) E/B,DEL MAR AVE.,1000,E,N,A,-,Y,NA,NA,10,NA,NA,NA,NA,NA,E,Y,4,0,2,4,A,-,01,23152,A,N,B,C,A,A,H,-,A,D,0,NA,NA,NA,NA,Y,Y,A,01,0,0,2,0,0,0,0,0,0,-,-,34.071781158447266,-118.09629821777344,LOS ANGELES,ROSEMEAD,-118.09629821777344,34.0717887878418
90836086,2018,2018-10-15,9565,2018-10-08,1540,021729,NA,1,2,4,1918,0,1,1,NA,2,061,I-405 N/B,VENICE BLVD.,50,S,N,A,-,Y,NA,NA,405,NA,NA,NA,NA,NA,N,Y,4,0,1,4,A,-,03,22350,NA,N,C,C,A,A,H,-,A,D,0,NA,NA,NA,NA,Y,NA,A,01,0,0,1,0,0,0,0,0,0,-,-,34.012020111083984,-118.41813659667967,LOS ANGELES,CULVER CITY,-118.41815948486328,34.01200485229492
90836088,2018,2018-10-15,9550,2018-10-08,1300,015449,NA,1,1,9,1900,0,2,4,NA,1,013,NORWALK BLVD.,SLAUSON AVENUE,0,NA,Y,A,-,N,NA,NA,NA,NA,NA,NA,NA,NA,NA,Y,3,0,1,2,A,-,09,21801,A,N,A,C,A,A,H,-,A,A,0,NA,NA,NA,NA,Y,NA,A,01,0,1,0,0,0,0,0,0,0,-,-,33.96477127075195,-118.07047271728516,LOS ANGELES,UNINCORPORATED,-118.07058715820313,33.964698791503906
90836095,2018,2018-10-15,9575,2018-10-14,1600,021685,NA,7,2,9,1900,0,2,4,NA,2,330,MT WILSON RED BOX ROAD,MT LOWE FIRE RD.,1440,N,N,A,-,N,NA,NA,NA,NA,NA,NA,NA,NA,NA,Y,4,0,1,1,A,-,08,22107,NA,N,E,I,A,A,H,-,A,D,0,NA,NA,NA,NA,Y,NA,A,01,0,0,1,0,0,0,0,0,0,-,-,34.24332809448242,-118.0919189453125,LOS ANGELES,UNINCORPORATED,-118.09220123291016,34.24444580078125
90836164,2018,2018-10-15,9550,2018-10-05,1841,021934,NA,5,2,9,1900,0,1,1,NA,2,651,I-605 NB,ROSECRANS AVE,2000,S,N,A,-,Y,NA,NA,NA,NA,NA,NA,NA,NA,NA,Y,4,0,5,2,A,-,03,22350,NA,N,C,C,A,A,H,-,D,D,0,NA,NA,NA,NA,Y,NA,A,01,0,0,5,0,0,0,0,0,0,-,-,33.89670944213867,-118.10491180419922,LOS ANGELES,UNINCORPORATED,-118.10477447509766,33.896671295166016
90836179,2018,2018-10-15,9550,2018-10-06,1320,019346,NA,6,1,3,1964,0,1,1,NA,2,500,I-5NB TO I-605NB,I-5,100,N,N,A,-,Y,NA,NA,5,NA,NA,NA,R,NA,NA,Y,4,0,1,1,A,-,08,22107,NA,N,E,I,A,A,H,-,A,D,0,NA,NA,NA,NA,Y,NA,D,22,0,0,1,0,0,0,0,0,0,-,-,33.94308090209961,-118.09529113769533,LOS ANGELES,SANTA FE SPRINGS,-118.09529113769533,33.94308090209961
90836184,2018,2018-10-15,9530,2018-10-03,1850,020956,NA,3,2,9,1900,0,3,5,NA,2,001,GRAHAM AVE. (8700 BLOCK),87TH ST.,380,S,N,B,-,N,NA,NA,NA,NA,NA,NA,NA,NA,NA,N,3,0,1,2,A,-,21,22106,NA,N,G,B,D,A,H,-,B,D,0,Y,NA,NA,NA,Y,NA,J,48,0,1,0,0,1,0,0,0,0,-,-,33.57284927368164,-118.14483642578124,LOS ANGELES,UNINCORPORATED,-118.24307250976564,33.95746612548828
90836243,2018,2018-10-15,9525,2018-10-03,1535,019062,NA,3,2,6,1955,0,1,1,NA,2,107,I-10 W/B (SAN BERNARDINO FWY),VIA VERDE,1056,E,N,B,-,Y,NA,NA,NA,NA,NA,NA,NA,NA,NA,Y,3,0,1,1,C,-,18,NA,NA,N,E,J,A,A,D,E,A,D,0,NA,NA,NA,NA,Y,NA,-,-,0,1,0,0,0,0,0,0,0,-,-,34.064151763916016,-117.82608032226564,LOS ANGELES,POMONA,NA,NA
90836279,2018,2018-10-15,9535,2018-10-07,1601,022059,NA,7,2,9,1900,0,3,5,NA,2,002,VERONA STREET,MCBRIDE AVENUE,0,NA,Y,A,-,N,NA,NA,NA,NA,NA,NA,NA,NA,NA,N,4,0,3,3,A,-,09,21802,A,N,D,C,A,A,H,-,A,A,0,NA,NA,NA,NA,Y,NA,D,22,0,0,3,0,0,0,0,0,0,-,-,34.02106857299805,-118.16954803466795,LOS ANGELES,UNINCORPORATED,-118.16957092285156,34.02109909057617
90836316,2018,2018-10-15,9525,2018-10-05,1850,022009,NA,5,2,5,1990,0,1,3,NA,2,603,SR-60 W/B (POMONA FWY),GRAND AVE,528,E,N,A,-,Y,NA,NA,60,NA,NA,NA,NA,NA,W,Y,4,0,1,3,A,-,03,22350,NA,F,C,C,A,A,H,-,B,D,0,NA,NA,NA,NA,Y,NA,A,01,0,0,1,0,0,0,0,0,0,-,-,34.0119514465332,-117.82173919677734,LOS ANGELES,DIAMOND BAR,-117.8217315673828,34.011940002441406
90836349,2018,2018-10-15,9580,2018-10-04,1645,021554,NA,4,2,7,1942,0,1,3,NA,2,171,SR-170 S/B (HOLLYWOOD FWY.),MAGNOLIA BLVD,286,S,N,B,-,Y,NA,NA,170,NA,NA,NA,NA,NA,S,N,4,0,1,2,A,-,03,22350,NA,N,C,C,A,A,H,-,A,D,0,NA,NA,NA,NA,Y,NA,A,01,0,0,1,0,0,0,0,0,0,-,-,34.16434097290039,-118.38260650634766,LOS ANGELES,LOS ANGELES,-118.38257598876952,34.16435241699219
90836351,2018,2018-10-15,9550,2018-10-08,1309,021100,NA,1,1,3,1964,0,1,1,NA,2,651,I-605 N/B,FLORENCE AVENUE,2500,S,N,A,-,Y,NA,NA,NA,NA,NA,NA,NA,NA,NA,N,4,0,1,2,A,-,03,22350,NA,F,C,C,A,A,H,-,A,D,0,NA,NA,NA,NA,Y,NA,-,99,0,0,1,0,0,0,0,0,0,-,-,33.937740325927734,-118.09813690185548,LOS ANGELES,SANTA FE SPRINGS,-118.10150909423828,33.93153762817383
90836382,2018,2018-10-15,9545,2018-10-07,1745,021851,NA,7,2,9,1900,0,1,3,NA,2,031,SR-14 N/B,MOUNTAIN SPRINGS RD,528,S,N,A,-,Y,NA,NA,14,NA,NA,NA,NA,NA,N,Y,3,0,3,1,A,-,08,22107,NA,N,E,I,A,A,H,-,A,D,0,NA,NA,NA,NA,Y,NA,A,01,0,1,2,0,0,0,0,0,0,-,-,34.50096893310547,-118.11984252929688,LOS ANGELES,UNINCORPORATED,-118.11985778808594,34.5009880065918
90836413,2018,2018-10-15,9580,2018-09-30,1735,022090,NA,7,2,7,1942,0,1,3,NA,2,171,SR-170 S/B (HOLLYWOOD FWY.),OXNARD ST,1320,N,N,A,-,Y,NA,NA,170,NA,NA,NA,NA,NA,S,Y,4,0,1,2,A,-,01,23152,A,N,C,C,A,A,H,-,A,D,0,NA,NA,NA,NA,Y,Y,D,22,0,0,1,0,0,0,0,0,0,-,-,34.18355178833008,-118.39910125732422,LOS ANGELES,LOS ANGELES,-118.39918518066406,34.18344497680664
90836456,2018,2018-10-15,9545,2018-10-04,0755,013963,NA,4,1,9,1900,0,3,5,NA,2,001,70TH ST  E,AVENUE H,100,S,N,A,-,N,NA,NA,NA,NA,NA,NA,NA,NA,NA,Y,4,0,2,2,A,-,21,22106,NA,N,D,C,A,A,H,-,A,D,0,NA,NA,NA,NA,Y,NA,A,01,0,0,2,0,0,0,0,0,0,-,-,34.71889114379883,-118.00547790527344,LOS ANGELES,UNINCORPORATED,-118.00542449951172,34.719017028808594
90836464,2018,2018-10-15,9550,2018-10-08,1520,021977,NA,1,2,3,1964,0,1,1,NA,2,651,INTERSTATE 605 TO INTERSTATE 5,FLORENCE AVENUE,870,S,N,A,-,Y,NA,NA,NA,NA,NA,NA,NA,NA,NA,Y,4,0,1,3,A,-,03,22350,NA,N,C,C,A,A,H,-,A,D,0,NA,NA,NA,NA,Y,NA,A,01,0,0,1,0,0,0,0,0,0,-,-,33.93537902832031,-118.09912109375,LOS ANGELES,SANTA FE SPRINGS,-118.0995864868164,33.93574523925781
90836487,2018,2018-10-15,9590,2018-10-03,1447,021124,NA,3,2,7,1942,1,1,1,NA,2,061,I-10 W/B (SANTA MONICA FREEWAY),ARLINGTON AVENUE,513,E,N,B,-,Y,NA,NA,10,NA,NA,NA,NA,NA,W,Y,4,0,2,10,A,-,07,21658,A,F,B,C,A,A,H,-,A,D,0,NA,NA,NA,NA,Y,NA,A,01,0,0,2,0,0,0,0,0,0,-,-,34.03704071044922,-118.31597137451172,LOS ANGELES,LOS ANGELES,-118.3159637451172,34.037010192871094
90836514,2018,2018-10-16,9535,2018-10-13,1445,021131,NA,6,2,5,1943,0,1,1,NA,2,074,I-710 (LONG BEACH FREEWAY) N/B,I-105,100,N,N,A,-,Y,NA,NA,710,NA,NA,NA,NA,NA,N,N,4,0,1,2,A,-,03,22350,NA,N,C,C,A,A,H,-,A,D,0,NA,NA,NA,NA,Y,NA,A,01,0,0,1,0,0,0,0,0,0,-,-,33.91339874267578,-118.17993927001952,LOS ANGELES,LYNWOOD,-118.17982482910156,33.91337585449219
90836546,2018,2018-10-16,9590,2018-10-15,0740,013435,NA,1,1,7,1942,0,1,1,NA,2,052,I-110 N/B (HARBOR FREEWAY),EXPOSITION BOULEVARD,50,N,N,A,-,Y,NA,NA,110,NA,NA,NA,NA,NA,N,N,4,0,1,4,A,-,03,22350,NA,N,C,C,A,A,H,-,A,D,0,NA,NA,NA,NA,Y,NA,A,07,0,0,1,0,0,0,0,0,0,-,-,34.01818084716797,-118.27944946289064,LOS ANGELES,LOS ANGELES,-118.27971649169922,34.0183219909668
90836571,2018,2018-10-16,9575,2018-10-06,1000,021932,NA,6,1,9,1900,0,1,3,NA,2,302,ANGELES CREST HIGHWAY,MOUNT WILSON RED BOX RD,6864,E,N,A,-,Y,NA,NA,NA,NA,NA,NA,NA,NA,NA,Y,2,0,1,1,A,-,03,22350,NA,N,E,I,A,A,H,-,A,D,0,NA,NA,Y,NA,Y,NA,C,02,1,0,0,0,0,0,0,0,1,-,-,34.265689849853516,-118.08631134033205,LOS ANGELES,UNINCORPORATED,-118.08881378173828,34.26520538330078