CASE_ID,ACCIDENT_YEAR,PROC_DATE,JURIS,COLLISION_DATE,COLLISION_TIME,OFFICER_ID,REPORTING_DISTRICT,DAY_OF_WEEK,CHP_SHIFT,POPULATION,CNTY_CITY_LOC,SPECIAL_COND,BEAT_TYPE,CHP_BEAT_TYPE,CITY_DIVISION_LAPD,CHP_BEAT_CLASS,BEAT_NUMBER,PRIMARY_RD,SECONDARY_RD,DISTANCE,DIRECTION,INTERSECTION,WEATHER_1,WEATHER_2,STATE_HWY_IND,CALTRANS_COUNTY,CALTRANS_DISTRICT,STATE_ROUTE,ROUTE_SUFFIX,POSTMILE_PREFIX,POSTMILE,LOCATION_TYPE,RAMP_INTERSECTION,SIDE_OF_HWY,TOW_AWAY,COLLISION_SEVERITY,NUMBER_KILLED,NUMBER_INJURED,PARTY_COUNT,PRIMARY_COLL_FACTOR,PCF_CODE_OF_VIOL,PCF_VIOL_CATEGORY,PCF_VIOLATION,PCF_VIOL_SUBSECTION,HIT_AND_RUN,TYPE_OF_COLLISION,MVIW,PED_ACTION,ROAD_SURFACE,ROAD_COND_1,ROAD_COND_2,LIGHTING,CONTROL_DEVICE,CHP_ROAD_TYPE,PEDESTRIAN_ACCIDENT,BICYCLE_ACCIDENT,MOTORCYCLE_ACCIDENT,TRUCK_ACCIDENT,NOT_PRIVATE_PROPERTY,ALCOHOL_INVOLVED,STWD_VEHTYPE_AT_FAULT,CHP_VEHTYPE_AT_FAULT,COUNT_SEVERE_INJ,COUNT_VISIBLE_INJ,COUNT_COMPLAINT_PAIN,COUNT_PED_KILLED,COUNT_PED_INJURED,COUNT_BICYCLIST_KILLED,COUNT_BICYCLIST_INJURED,COUNT_MC_KILLED,COUNT_MC_INJURED,PRIMARY_RAMP,SECONDARY_RAMP,LATITUDE,LONGITUDE,COUNTY,CITY,POINT_X,POINT_Y
90844502,2018,2019-01-28,9590,2018-10-17,1755,019805,NA,3,2,7,1942,0,1,1,NA,2,085,I-5 S/B (GOLDEN STATE FREEWAY),FLETCHER DR.,250,S,N,A,-,Y,NA,NA,5,NA,NA,NA,NA,NA,S,Y,3,0,1,2,A,-,07,21658,A,N,B,C,A,A,H,-,B,D,0,NA,NA,Y,NA,Y,NA,A,01,0,1,0,0,0,0,0,0,1,-,-,34.10612106323242,-118.25504302978516,LOS ANGELES,LOS ANGELES,-118.25506591796876,34.106082916259766
90844538,2018,2018-10-25,9550,2018-10-18,1705,021311,NA,4,2,9,1900,0,2,4,NA,1,042,COLIMA ROAD,ALBATROSS ROAD,600,W,N,A,-,N,NA,NA,NA,NA,NA,NA,NA,NA,NA,Y,4,0,1,2,A,-,09,21804,A,N,D,C,A,A,H,-,A,A,0,NA,NA,NA,NA,Y,NA,A,07,0,0,1,0,0,0,0,0,0,-,-,33.99073028564453,-117.92672729492188,LOS ANGELES,UNINCORPORATED,-117.92628479003906,33.99063491821289
90844543,2018,2018-10-25,9565,2018-10-20,1950,020958,NA,6,2,4,1918,0,1,1,NA,2,061,I-405 SOUTHBOUND (SAN DIEGO FREEWAY),CULVER BOULEVARD,950,N,N,A,-,Y,NA,NA,405,NA,NA,NA,NA,NA,S,N,4,0,1,2,A,-,03,22350,NA,F,C,C,A,A,H,-,C,D,0,NA,NA,NA,NA,Y,NA,A,01,0,0,1,0,0,0,0,0,0,-,-,34.00518035888672,-118.41313934326172,LOS ANGELES,CULVER CITY,-118.41307067871094,34.00523376464844
90844557,2018,2018-10-25,9550,2018-10-19,1305,021311,NA,5,1,6,1920,0,1,1,NA,2,651,I-605 (SAN GABRIEL RIVER FWY) N/B,FIRESTONE BOULEVARD,50,N,N,A,-,Y,NA,NA,NA,NA,NA,NA,NA,NA,NA,N,3,0,1,1,A,-,08,22107,NA,N,F,A,A,A,H,-,A,D,0,NA,NA,Y,NA,Y,NA,C,02,0,1,0,0,0,0,0,0,1,-,-,33.9249382019043,-118.10392761230467,LOS ANGELES,DOWNEY,-118.1039810180664,33.92472457885742
90844560,2018,2018-10-25,9525,2018-10-20,1710,020823,NA,6,2,9,1900,0,3,5,NA,2,004,CALIFORNIA AVE,FAIRGROVE AVE,0,NA,Y,A,-,N,NA,NA,NA,NA,NA,NA,NA,NA,NA,Y,3,0,1,2,A,-,12,22450,A,N,D,C,A,A,H,-,A,A,0,NA,NA,NA,NA,Y,NA,A,07,0,1,0,0,0,0,0,0,0,-,-,34.04566955566406,-117.95435333251952,LOS ANGELES,UNINCORPORATED,-117.95436096191406,34.04566955566406
90844566,2018,2018-10-25,9580,2018-10-18,0130,021236,NA,4,3,7,1942,0,1,2,NA,2,104,US-101 N/B (VENTURA FREEWAY),SR-27 (TOPANGA CYN. BLVD.),800,S,N,A,-,Y,NA,NA,101,NA,NA,NA,NA,NA,N,N,4,0,3,2,A,-,03,22350,NA,F,C,C,A,A,H,-,C,D,0,NA,NA,NA,NA,Y,NA,-,99,0,0,3,0,0,0,0,0,0,-,-,34.170509338378906,-118.60315704345705,LOS ANGELES,LOS ANGELES,-118.60317230224608,34.170433044433594
90844576,2018,2018-10-25,9565,2018-10-20,1008,019540,NA,6,1,5,1928,0,1,1,NA,2,060,I-405 N/B (SAN DIEGO FREEWAY),MARINE AVE,300,N,N,A,-,Y,NA,NA,405,NA,NA,NA,NA,NA,N,Y,4,0,2,2,A,-,07,21658,A,N,C,C,A,A,H,-,A,D,0,NA,NA,NA,NA,Y,NA,A,07,0,0,2,0,0,0,0,0,0,-,-,33.89501190185547,-118.3667221069336,LOS ANGELES,HAWTHORNE,-118.36673736572266,33.894989013671875
90844578,2018,2018-10-25,9550,2018-10-19,1141,018854,NA,5,1,9,1900,0,1,3,NA,2,600,SR 60 W/B,CROSSROADS PKWY,250,E,N,A,-,Y,NA,NA,60,NA,NA,NA,NA,NA,W,Y,2,0,1,2,A,-,07,21658,A,N,B,C,A,A,H,-,A,D,0,NA,NA,Y,NA,Y,NA,A,07,1,0,0,0,0,0,0,0,1,-,-,34.03163146972656,-118.02195739746094,LOS ANGELES,UNINCORPORATED,-118.02194213867188,34.03166961669922
90844589,2018,2019-07-10,9535,2018-10-18,0915,017302,NA,4,1,5,1901,0,1,1,NA,2,421,I-10 (SAN BERNARDINO FREEWAY) W/B,ATLANTIC BLVD,1520,W,N,A,-,Y,NA,NA,10,NA,NA,NA,NA,NA,W,Y,4,0,1,3,A,-,03,22350,NA,N,C,C,A,A,H,-,A,D,0,NA,NA,NA,NA,Y,NA,A,08,0,0,1,0,0,0,0,0,0,-,-,34.071590423583984,-118.13709259033205,LOS ANGELES,ALHAMBRA,-118.13709259033205,34.07164001464844
90844592,2018,2018-10-25,9565,2018-10-20,1430,021761,NA,6,2,4,1918,0,1,1,NA,2,061,I-405 S/B (SAN DIEGO FWY),CULVER BLVD,500,N,N,A,-,Y,NA,NA,405,NA,NA,NA,NA,NA,S,Y,3,0,1,2,A,-,08,22107,NA,N,C,C,A,A,H,-,A,D,0,NA,NA,Y,NA,Y,NA,A,01,0,1,0,0,0,0,0,0,1,-,-,34.00489044189453,-118.41275787353516,LOS ANGELES,CULVER CITY,-118.41278076171876,34.0048713684082
90844600,2018,2018-10-25,9525,2018-10-23,1643,019291,NA,2,2,3,1921,0,1,1,NA,2,202,I-210 E/B (FOOTHILL FWY),BUENA VISTA ST,1000,E,N,A,-,Y,NA,NA,210,NA,NA,NA,NA,NA,E,N,4,0,1,2,D,-,00,NA,NA,N,C,C,A,A,H,-,A,D,0,NA,NA,NA,NA,Y,NA,-,-,0,0,1,0,0,0,0,0,0,-,-,34.13534927368164,-117.97524261474608,LOS ANGELES,DUARTE,-117.97523498535156,34.135257720947266
90844613,2018,2018-10-25,9550,2018-10-20,0355,021141,NA,6,3,6,1920,0,1,1,NA,2,151,INTERSTATE 105 W/B,LAKEWOOD BOULEVARD,50,E,N,A,-,Y,NA,NA,105,NA,NA,NA,NA,NA,W,Y,4,0,1,2,A,-,01,23152,A,N,C,C,A,A,H,-,C,D,0,NA,NA,NA,NA,Y,Y,A,01,0,0,1,0,0,0,0,0,0,-,-,33.913299560546875,-118.14002990722656,LOS ANGELES,DOWNEY,-118.14002990722656,33.91324234008789
90844636,2018,2018-10-25,9525,2018-10-24,0610,016677,NA,3,1,6,1955,0,1,3,NA,2,606,SR-60 E/B (POMONA FWY),PHILLIPS RANCH RD,600,E,N,A,-,Y,NA,NA,60,NA,NA,NA,NA,NA,E,Y,4,0,2,1,C,-,18,NA,NA,N,E,A,A,A,H,-,C,D,0,NA,NA,NA,Y,Y,NA,-,-,0,0,2,0,0,0,0,0,0,-,-,34.02349853515625,-117.76876068115234,LOS ANGELES,POMONA,-117.76876068115234,34.02353286743164
90844643,2018,2018-10-25,9565,2018-10-20,1745,022097,NA,6,2,7,1942,0,1,1,NA,2,061,I-405 N/B,HOWARD HUGHES PKY,400,N,N,A,-,Y,NA,NA,405,NA,NA,NA,NA,NA,N,N,4,0,2,2,A,-,03,22350,NA,N,C,C,A,A,H,-,B,D,0,NA,NA,NA,NA,Y,NA,D,22,0,0,2,0,0,0,0,0,0,-,-,33.976871490478516,-118.38790130615234,LOS ANGELES,LOS ANGELES,-118.38783264160156,33.97700500488281
90844644,2018,2018-10-25,9545,2018-10-16,1830,016124,NA,2,2,9,1900,0,3,5,NA,2,004,AVENUE J,104TH ST EAST,1056,E,N,A,-,N,NA,NA,NA,NA,NA,NA,NA,NA,NA,Y,3,0,1,2,A,-,06,21750,A,F,B,C,A,A,H,-,D,D,0,NA,NA,NA,NA,Y,Y,D,22,0,1,0,0,0,0,0,0,0,-,-,34.690128326416016,-117.93662261962892,LOS ANGELES,UNINCORPORATED,-117.94286346435548,34.690067291259766
90844658,2018,2018-10-25,9565,2018-10-20,1940,021761,NA,6,2,4,1918,0,1,1,NA,2,061,I-405 N/B (SAN DIEGO FWY),WASHINGTON PLACE,50,N,N,A,-,Y,NA,NA,405,NA,NA,NA,NA,NA,N,N,4,0,1,4,A,-,03,22350,NA,N,C,C,A,A,H,-,A,D,0,NA,NA,NA,NA,Y,NA,D,22,0,0,1,0,0,0,0,0,0,-,-,34.00851058959961,-118.41532135009766,LOS ANGELES,CULVER CITY,-118.41536712646484,34.00847244262695
90844670,2018,2018-10-25,9550,2018-10-20,1105,020025,NA,6,1,9,1900,0,3,5,NA,2,005,PATHFINDER ROAD,PASO REAL AVE,0,NA,Y,A,-,N,NA,NA,NA,NA,NA,NA,NA,NA,NA,Y,4,0,1,2,A,-,09,21802,A,N,D,C,A,A,H,-,A,A,0,NA,NA,NA,NA,Y,NA,A,01,0,0,1,0,0,0,0,0,0,-,-,33.975311279296875,-118.88925170898438,LOS ANGELES,UNINCORPORATED,-117.88921356201172,33.975250244140625
90844682,2018,2018-10-25,9565,2018-10-20,1844,022153,NA,6,2,7,1942,0,1,1,NA,2,063,I-405 S/B (SAN DIEGO FREEWAY),SANTA MONICA BLVD,300,S,N,A,-,Y,NA,NA,405,NA,NA,NA,NA,NA,S,N,3,0,1,3,A,-,03,22350,NA,N,C,C,A,A,H,-,C,D,0,NA,NA,NA,NA,Y,NA,A,07,0,1,0,0,0,0,0,0,0,-,-,34.04064178466797,-118.44130706787108,LOS ANGELES,LOS ANGELES,-118.44133758544922,34.04061508178711
90844694,2018,2018-10-25,9535,2018-10-21,1145,016276,NA,7,1,6,1975,0,1,1,NA,2,650,I-605 N/B (SAN GABRIEL RIVER FREEWAY),VALLEY BLVD.,665,N,N,A,-,Y,NA,NA,NA,NA,NA,NA,NA,NA,NA,N,4,0,1,2,A,-,03,22350,NA,N,C,C,A,A,H,-,A,D,0,NA,NA,NA,NA,Y,NA,D,22,0,0,1,0,0,0,0,0,0,-,-,34.05609893798828,-118.00311279296876,LOS ANGELES,WEST COVINA,-118.0032196044922,34.055965423583984
90844707,2018,2018-10-29,9530,2018-10-17,1915,022030,NA,3,2,5,1977,0,1,3,NA,2,310,SR-91 W/B (ARTESIA FREEWAY),AVALON BLVD.,490,W,N,A,-,Y,NA,NA,91,NA,NA,NA,NA,NA,W,N,4,0,1,2,A,-,03,22350,NA,N,C,C,A,A,H,-,B,D,0,NA,NA,NA,NA,Y,NA,A,01,0,0,1,0,0,0,0,0,0,-,-,33.87314987182617,-118.2680435180664,LOS ANGELES,CARSON,-118.26802825927734,33.87308883666992
90844712,2018,2018-10-25,9535,2018-10-21,1319,016915,NA,7,1,5,1906,0,1,1,NA,2,650,I-605 N/B (SAN GABRIEL RIVER FREEWAY),VALLEY BLVD,580,N,N,A,-,Y,NA,NA,605,NA,NA,NA,NA,NA,N,Y,4,0,1,2,A,-,03,22350,NA,N,C,C,A,A,H,-,A,D,0,NA,NA,NA,NA,Y,NA,A,01,0,0,1,0,0,0,0,0,0,-,-,34.055850982666016,-118.00318908691406,LOS ANGELES,BALDWIN PARK,-118.00324249267578,34.055877685546875
90844733,2018,2018-10-25,9530,2018-10-17,1000,021089,NA,3,1,7,1942,0,1,1,NA,2,400,I-405 N/B (SAN DIEGO FREEWAY),VERMONT AVE.,100,N,N,A,-,Y,NA,NA,NA,NA,NA,NA,NA,NA,NA,N,4,0,1,2,A,-,03,22350,NA,N,C,C,A,A,H,-,A,D,0,NA,NA,NA,NA,Y,NA,A,01,0,0,1,0,0,0,0,0,0,-,-,33.8626594543457,-118.29898834228516,LOS ANGELES,LOS ANGELES,-118.29085540771484,33.859588623046875
90844740,2018,2018-10-25,9590,2018-10-22,1252,018997,NA,1,1,7,1942,0,1,1,NA,2,085,I-5 S/B (GOLDEN STATE FREEWAY),GILROY ST.,100,S,N,A,-,Y,NA,NA,5,NA,NA,NA,NA,NA,S,N,4,0,1,2,A,-,03,22350,NA,N,C,C,A,A,H,-,A,D,0,NA,NA,NA,NA,Y,NA,A,01,0,0,1,0,0,0,0,0,0,-,-,34.10432815551758,-118.25257873535156,LOS ANGELES,LOS ANGELES,-118.25257873535156,34.104331970214844
90844744,2018,2018-10-25,9580,2018-10-15,1230,020153,NA,1,1,7,1942,0,1,2,NA,2,105,US-101 S/B (VENTURA FREEWAY),DE SOTO AVE,300,N,N,A,-,Y,NA,NA,101,NA,NA,NA,NA,NA,S,N,4,0,1,3,A,-,07,21658,A,N,B,C,A,A,H,-,A,D,0,NA,NA,NA,NA,Y,NA,D,22,0,0,1,0,0,0,0,0,0,-,-,34.168190002441406,-118.59066009521484,LOS ANGELES,LOS ANGELES,-118.59064483642578,34.168312072753906
90844768,2018,2018-10-25,9535,2018-10-22,0600,016276,NA,1,1,5,1959,0,1,1,NA,2,401,I-10 (SAN BERNARDINO FREEWAY) W/B,WALNUT GROVE AVE,700,E,N,B,-,Y,NA,NA,10,NA,NA,NA,NA,NA,W,N,4,0,1,2,A,-,03,22350,NA,N,C,C,A,A,H,-,C,D,0,NA,NA,NA,NA,Y,NA,A,01,0,0,1,0,0,0,0,0,0,-,-,34.072288513183594,-118.07920837402344,LOS ANGELES,ROSEMEAD,-118.07920837402344,34.07231903076172
90844772,2018,2018-10-25,9550,2018-10-20,0915,019293,NA,6,1,9,1900,0,2,4,NA,1,062,BREA CANYON CUT OFF ROAD,ESQUILINE AVE,0,NA,Y,A,-,N,NA,NA,NA,NA,NA,NA,NA,NA,NA,Y,4,0,2,2,A,-,09,21801,A,N,D,C,A,A,H,-,A,D,0,NA,NA,NA,NA,Y,NA,A,07,0,0,2,0,0,0,0,0,0,-,-,33.98284912109375,-117.86695098876952,LOS ANGELES,UNINCORPORATED,-117.86695098876952,33.98276901245117
90844775,2018,2018-10-25,9535,2018-10-20,1400,021131,NA,6,2,9,1900,0,3,5,NA,2,006,HILL DR. (8000 BLOCK),KENNYDALE AVE.,60,E,N,A,-,N,NA,NA,NA,NA,NA,NA,NA,NA,NA,N,4,0,3,3,A,-,03,22350,NA,N,C,C,A,A,H,-,A,D,0,NA,NA,NA,NA,Y,NA,A,01,0,0,3,0,0,0,0,0,0,-,-,34.045101165771484,-118.09182739257813,LOS ANGELES,UNINCORPORATED,-118.09187316894533,34.04501724243164
90844777,2018,2018-10-25,9530,2018-10-10,2255,021883,NA,3,3,7,1942,0,3,5,NA,2,001,9100 S.HOLMES AVENUE,1700 E. 92ND ST.,700,N,N,A,-,N,NA,NA,NA,NA,NA,NA,NA,NA,NA,Y,3,0,1,2,A,-,08,22107,NA,N,B,E,A,A,H,-,C,D,0,NA,NA,NA,NA,Y,NA,A,01,0,1,0,0,0,0,0,0,0,-,-,33.95460891723633,-118.24083709716795,LOS ANGELES,LOS ANGELES,NA,NA
90844806,2018,2018-10-25,9550,2018-09-11,1830,020025,NA,2,2,5,1976,0,1,1,NA,2,650,I-605 NB,WHITTIER BOULEVARD,50,N,N,A,-,Y,NA,NA,605,NA,NA,NA,NA,NA,N,N,4,0,1,2,A,-,03,22350,NA,F,C,C,A,A,H,-,A,D,0,NA,NA,NA,NA,Y,NA,A,01,0,0,1,0,0,0,0,0,0,-,-,33.99380874633789,-118.06905364990234,LOS ANGELES,WHITTIER,-118.0690460205078,33.99380874633789
90844819,2018,2018-10-25,9590,2018-10-18,0614,015985,NA,4,1,7,1942,0,1,3,NA,2,031,SR-60 WESTBOUND TO I-5 NORTHBOUND,EUCLID AVE,750,W,N,A,-,Y,NA,NA,60,NA,NA,NA,R,NA,W,N,4,0,1,2,A,-,03,22350,NA,N,C,C,A,A,H,-,A,D,0,NA,NA,NA,Y,Y,NA,F,26,0,0,1,0,0,0,0,0,0,-,-,34.029109954833984,-118.21111297607422,LOS ANGELES,LOS ANGELES,-118.21111297607422,34.029109954833984
90844852,2018,2018-10-25,9580,2018-10-15,1010,016413,NA,1,1,3,1989,0,1,2,NA,2,106,US-101 N/B (VENTURA FREEWAY),MUREAU RD,624,S,N,A,-,Y,NA,NA,101,NA,NA,NA,NA,NA,N,Y,3,0,1,1,A,-,08,22107,NA,N,E,I,A,A,H,-,A,D,0,NA,NA,NA,NA,Y,NA,D,22,0,1,0,0,0,0,0,0,0,-,-,34.150390625,-118.66259002685548,LOS ANGELES,CALABASAS,-118.66255950927734,34.15028381347656
90844857,2018,2018-10-25,9580,2018-10-15,0750,021491,NA,1,1,7,1942,0,1,3,NA,2,114,SR-118 E/B (RONALD REAGAN FWY.),SEPULVEDA BLVD,1056,E,N,A,-,Y,NA,NA,118,NA,NA,NA,NA,NA,E,Y,4,0,2,2,A,-,07,21658,A,N,B,C,A,A,H,-,A,D,0,NA,NA,NA,NA,Y,NA,A,01,0,0,2,0,0,0,0,0,0,-,-,34.265838623046875,-118.46534729003906,LOS ANGELES,LOS ANGELES,-118.46534729003906,34.26582336425781
90844861,2018,2018-10-25,9525,2018-10-20,0850,020552,NA,6,1,9,1900,0,3,5,NA,2,003,SAN JOSE AVE (19500 BLOCK),SENTOUS AVE,1600,E,N,A,-,N,NA,NA,NA,NA,NA,NA,NA,NA,NA,Y,4,0,1,2,A,-,09,21801,A,N,D,C,A,A,H,-,A,D,0,NA,NA,NA,NA,Y,NA,A,01,0,0,1,0,0,0,0,0,0,-,-,33.99930953979492,-117.87610626220705,LOS ANGELES,UNINCORPORATED,-117.87615203857422,33.999229431152344
90844866,2018,2018-10-25,9535,2018-10-18,1245,020851,NA,4,1,4,1907,0,1,1,NA,2,072,I-710 (LONG BEACH FREEWAY) N/B,ATLANTIC BLVD.,1000,S,N,A,-,Y,NA,NA,NA,NA,NA,NA,NA,NA,NA,Y,4,0,1,2,A,-,07,21658,A,N,B,C,A,A,H,-,A,D,0,NA,NA,NA,Y,Y,NA,G,25,0,0,1,0,0,0,0,0,0,-,-,33.99504089355469,-118.76650238037108,LOS ANGELES,BELL,-118.17674255371094,33.99495315551758
90844875,2018,2018-10-25,9530,2018-08-15,1045,014654,NA,3,1,7,1941,0,1,1,NA,2,430,I-405 N/B (SAN DIEGO FREEWAY),WOODRUFF AVE.,350,N,N,A,-,Y,NA,NA,405,NA,NA,NA,NA,NA,N,N,4,0,1,4,A,-,03,22350,NA,F,C,C,A,A,H,-,A,D,0,NA,NA,NA,NA,Y,NA,-,99,0,0,1,0,0,0,0,0,0,-,-,33.80234146118164,-118.11563110351564,LOS ANGELES,LONG BEACH,-118.11563110351564,33.80233383178711
90844896,2018,2018-10-25,9550,2018-10-20,1630,021196,NA,6,2,5,1908,0,1,3,NA,2,091,SR-91 E/B,I-605,3000,W,N,A,-,Y,NA,NA,91,NA,NA,NA,NA,NA,E,N,4,0,2,3,A,-,03,22350,NA,N,C,C,A,A,H,-,A,D,0,NA,NA,NA,NA,Y,NA,A,07,0,0,2,0,0,0,0,0,0,-,-,33.8768196105957,-118.11276245117188,LOS ANGELES,BELLFLOWER,-118.11276245117188,33.87681198120117
90844905,2018,2018-10-25,9580,2018-10-15,1411,020462,NA,1,2,9,1900,0,3,5,NA,1,020,OLD TOPANGA CANYON RD (100 BLOCK),OLD TOPANGA CANYON RD,5,W,N,A,-,Y,NA,NA,NA,NA,NA,NA,NA,NA,NA,N,3,0,1,2,A,-,08,22100,A,N,B,C,A,A,H,-,A,D,0,NA,NA,NA,NA,Y,NA,A,08,0,1,0,0,0,0,0,0,0,-,-,34.090641021728516,-118.60516357421876,LOS ANGELES,UNINCORPORATED,NA,NA
90844917,2018,2018-10-25,9580,2018-10-15,1740,022008,NA,1,2,7,1942,0,1,1,NA,2,407,I-405 S/B (SAN DIEGO FWY),PLUMMER ST,270,S,N,A,-,Y,NA,NA,405,NA,NA,NA,NA,NA,S,Y,4,0,2,3,A,-,03,22350,NA,M,C,C,A,A,H,-,A,D,0,NA,NA,NA,NA,Y,NA,A,01,0,0,2,0,0,0,0,0,0,-,-,34.24195861816406,-118.47319793701172,LOS ANGELES,LOS ANGELES,-118.4731216430664,34.24195861816406
90844927,2018,2018-10-25,9580,2018-10-16,0620,022036,NA,2,1,7,1942,0,1,2,NA,2,102,US-101 N/B (VENTURA FREEWAY),KESTER AVE,50,N,N,A,-,Y,NA,NA,101,NA,NA,NA,NA,NA,N,Y,4,0,2,2,A,-,03,22350,NA,N,C,C,A,A,H,-,A,D,0,NA,NA,NA,NA,Y,NA,A,07,0,0,2,0,0,0,0,0,0,-,-,34.15890121459961,-118.45780181884766,LOS ANGELES,LOS ANGELES,-118.45784759521484,34.15874481201172
90844930,2018,2018-10-25,9580,2018-10-16,0615,016413,NA,2,1,7,1942,0,1,2,NA,2,103,US-101 S/B (VENTURA FREEWAY),BALBOA BLVD,50,S,N,A,-,Y,NA,NA,101,NA,NA,NA,NA,NA,S,Y,4,0,2,6,A,-,03,22350,NA,N,C,C,A,A,H,-,D,D,0,NA,NA,NA,NA,Y,NA,A,07,0,0,2,0,0,0,0,0,0,-,-,34.16835021972656,-118.49803924560548,LOS ANGELES,LOS ANGELES,-118.49796295166016,34.16847229003906
90844954,2018,2018-10-25,9580,2018-10-15,1655,021607,NA,1,2,7,1942,0,1,2,NA,2,103,US-101 S/B (VENTURA FREEWAY),WOODMAN AVE,2640,N,N,A,-,Y,NA,NA,101,NA,NA,NA,NA,NA,S,N,4,0,1,2,A,-,03,22350,NA,N,C,C,A,A,H,-,A,D,0,NA,NA,NA,NA,Y,NA,A,01,0,0,1,0,0,0,0,0,0,-,-,34.15557861328125,-118.43953704833984,LOS ANGELES,LOS ANGELES,-118.43953704833984,34.155521392822266
90844960,2018,2018-10-25,9545,2018-10-16,0800,018090,NA,2,1,9,1900,0,2,4,NA,1,024,ELIZABETH LAKE RD,SAN FRANCISQUITO CANYON RD,5280,E,N,A,-,N,NA,NA,NA,NA,NA,NA,NA,NA,NA,N,3,0,1,2,A,-,06,21760,C,N,B,G,A,A,H,-,A,D,0,NA,Y,NA,NA,Y,NA,D,22,0,1,0,0,0,0,1,0,0,-,-,34.644290924072266,-118.36431121826172,LOS ANGELES,UNINCORPORATED,-118.36144256591795,34.64274215698242
90844980,2018,2018-10-25,9545,2018-10-17,0620,017229,NA,3,1,9,1900,0,3,5,NA,2,002,GODDE HILL ROAD,ELIZABETH LAKE ROAD,4752,N,N,A,-,N,NA,NA,NA,NA,NA,NA,NA,NA,NA,Y,4,0,1,1,A,-,08,22107,NA,N,E,I,A,A,H,-,D,D,0,NA,NA,NA,NA,Y,NA,D,22,0,0,1,0,0,0,0,0,0,-,-,34.61000061035156,-118.2461166381836,LOS ANGELES,UNINCORPORATED,-118.24633026123048,34.610084533691406
90845016,2018,2018-10-25,9535,2018-10-05,1425,021000,NA,5,2,9,1900,0,2,4,NA,2,014,CESAR E CHAVEZ AVE (3400 BLOCK),HICKS AVE,159,E,N,A,-,N,NA,NA,NA,NA,NA,NA,NA,NA,NA,N,4,0,1,2,A,-,09,21804,A,N,B,G,A,A,H,-,A,D,0,NA,Y,NA,NA,Y,NA,L,04,0,0,1,0,0,0,1,0,0,-,-,34.04058074951172,-118.18977355957033,LOS ANGELES,UNINCORPORATED,-118.1898193359375,34.04050827026367
90845027,2018,2018-10-25,9535,2018-10-24,0640,016175,NA,3,1,5,1959,0,1,1,NA,2,401,I-10 (SAN BERNARDINO FREEWAY) W/B,SR-164 (ROSEMEAD BLVD),1056,E,N,A,-,Y,NA,NA,10,NA,NA,NA,NA,NA,W,N,4,0,2,2,A,-,03,22350,NA,N,C,C,A,A,H,-,A,D,0,NA,NA,NA,NA,Y,NA,D,22,0,0,2,0,0,0,0,0,0,-,-,34.072418212890625,-118.0688705444336,LOS ANGELES,ROSEMEAD,-118.0688705444336,34.072444915771484
90846019,2018,2018-10-25,9525,2018-10-24,1328,020823,NA,3,1,1,1934,0,1,1,NA,2,651,I-605 S/B TO ARROW HIGHWAY,ARROW HIGHWAY,30,N,N,A,-,Y,NA,NA,605,NA,NA,NA,R,NA,S,Y,3,0,2,2,A,-,03,22350,NA,N,C,C,A,A,H,-,A,A,0,NA,NA,NA,Y,Y,NA,G,25,0,1,1,0,0,0,0,0,0,-,-,34.115169525146484,-117.97836303710938,LOS ANGELES,IRWINDALE,-117.97836303710938,34.115169525146484
90846020,2018,2018-10-25,9535,2018-10-16,1820,018138,NA,2,2,9,1900,0,1,1,NA,2,420,I-10 (SAN BERNARDINO FREEWAY) E/B,EASTERN AVE,45,E,N,A,-,Y,NA,NA,10,NA,NA,NA,NA,NA,E,N,3,0,1,2,A,-,03,22350,NA,N,F,A,A,A,H,-,A,D,0,NA,NA,Y,NA,Y,NA,C,02,0,1,0,0,0,0,0,0,1,-,-,34.06040954589844,-118.17305755615234,LOS ANGELES,UNINCORPORATED,-118.17313385009766,34.060577392578125
90846031,2018,2018-10-26,9525,2018-10-25,1630,015980,NA,4,2,5,1990,0,1,3,NA,2,604,SR-60 E/B (POMONA FWY),GRAND AVE,350,E,N,A,-,Y,NA,NA,60,NA,NA,NA,NA,NA,E,N,4,0,2,4,A,-,03,22350,NA,M,C,C,A,A,H,-,A,D,0,NA,NA,NA,NA,Y,NA,-,99,0,0,2,0,0,0,0,0,0,-,-,34.01087188720703,-117.82234954833984,LOS ANGELES,DIAMOND BAR,-117.82239532470705,34.01091384887695
90846042,2018,2018-10-26,9575,2018-10-19,1753,017491,NA,5,2,7,1942,0,1,1,NA,2,050,COLORADO STREET FWY. EXTENSION,LA RIVER,1186,E,N,A,-,Y,NA,NA,NA,NA,NA,NA,NA,NA,NA,Y,4,0,1,3,A,-,03,22350,NA,N,C,C,A,A,H,-,A,D,0,NA,NA,NA,NA,Y,NA,A,07,0,0,1,0,0,0,0,0,0,-,-,34.14175033569336,-118.27335357666016,LOS ANGELES,LOS ANGELES,NA,NA