CASE_ID,ACCIDENT_YEAR,PROC_DATE,JURIS,COLLISION_DATE,COLLISION_TIME,OFFICER_ID,REPORTING_DISTRICT,DAY_OF_WEEK,CHP_SHIFT,POPULATION,CNTY_CITY_LOC,SPECIAL_COND,BEAT_TYPE,CHP_BEAT_TYPE,CITY_DIVISION_LAPD,CHP_BEAT_CLASS,BEAT_NUMBER,PRIMARY_RD,SECONDARY_RD,DISTANCE,DIRECTION,INTERSECTION,WEATHER_1,WEATHER_2,STATE_HWY_IND,CALTRANS_COUNTY,CALTRANS_DISTRICT,STATE_ROUTE,ROUTE_SUFFIX,POSTMILE_PREFIX,POSTMILE,LOCATION_TYPE,RAMP_INTERSECTION,SIDE_OF_HWY,TOW_AWAY,COLLISION_SEVERITY,NUMBER_KILLED,NUMBER_INJURED,PARTY_COUNT,PRIMARY_COLL_FACTOR,PCF_CODE_OF_VIOL,PCF_VIOL_CATEGORY,PCF_VIOLATION,PCF_VIOL_SUBSECTION,HIT_AND_RUN,TYPE_OF_COLLISION,MVIW,PED_ACTION,ROAD_SURFACE,ROAD_COND_1,ROAD_COND_2,LIGHTING,CONTROL_DEVICE,CHP_ROAD_TYPE,PEDESTRIAN_ACCIDENT,BICYCLE_ACCIDENT,MOTORCYCLE_ACCIDENT,TRUCK_ACCIDENT,NOT_PRIVATE_PROPERTY,ALCOHOL_INVOLVED,STWD_VEHTYPE_AT_FAULT,CHP_VEHTYPE_AT_FAULT,COUNT_SEVERE_INJ,COUNT_VISIBLE_INJ,COUNT_COMPLAINT_PAIN,COUNT_PED_KILLED,COUNT_PED_INJURED,COUNT_BICYCLIST_KILLED,COUNT_BICYCLIST_INJURED,COUNT_MC_KILLED,COUNT_MC_INJURED,PRIMARY_RAMP,SECONDARY_RAMP,LATITUDE,LONGITUDE,COUNTY,CITY,POINT_X,POINT_Y
90851027,2018,2018-11-01,9550,2018-10-26,0542,019293,NA,5,3,9,1900,0,1,1,NA,2,650,I-605 SOUTHBOUND,TELEGRAPH ROAD,250,N,N,A,-,Y,NA,NA,NA,NA,NA,NA,NA,NA,NA,Y,3,0,1,2,A,-,03,22350,NA,N,C,C,A,A,H,-,C,D,0,NA,NA,Y,NA,Y,NA,C,02,0,1,0,0,0,0,0,0,1,-,-,33.95064926147461,-118.091552734375,LOS ANGELES,UNINCORPORATED,-118.09201049804688,33.9498291015625
90851070,2018,2018-11-01,9535,2018-10-26,1740,021131,NA,5,2,9,1900,0,1,3,NA,2,621,SR-60 (POMONA FREEWAY) W/B,SR-164 (ROSEMEAD BLVD.),300,E,N,A,-,Y,NA,NA,60,NA,NA,NA,NA,NA,W,N,4,0,1,2,A,-,03,22350,NA,N,C,C,A,A,H,-,A,D,0,NA,NA,Y,NA,Y,NA,C,02,0,0,1,0,0,0,0,0,1,-,-,34.041221618652344,-118.06432342529295,LOS ANGELES,UNINCORPORATED,-118.06432342529295,34.04139709472656
90851082,2018,2018-11-01,9530,2018-10-23,2320,021709,NA,2,3,7,1942,0,1,1,NA,2,200,I-105 E/B (GLENN ANDERSON FWY),SAN PEDRO ST.,50,E,N,A,-,Y,NA,NA,105,NA,NA,NA,NA,NA,E,Y,3,0,1,1,A,-,01,23152,A,N,E,I,A,A,H,-,C,D,0,NA,NA,NA,NA,Y,Y,A,01,0,1,0,0,0,0,0,0,0,-,-,33.9273681640625,-118.26864624023438,LOS ANGELES,LOS ANGELES,-118.26864624023438,33.927310943603516
90851083,2018,2018-11-01,9525,2018-10-29,0930,014593,NA,1,1,5,1990,0,1,3,NA,2,601,SR-60 W/B (POMONA FWY),BREA CANYON RD.,2112,E,N,A,-,Y,NA,NA,60,NA,NA,NA,NA,NA,W,Y,4,0,1,4,A,-,03,22350,NA,N,C,C,A,A,H,-,A,D,0,NA,NA,NA,NA,Y,NA,D,22,0,0,1,0,0,0,0,0,0,-,-,34.00164031982422,-117.837646484375,LOS ANGELES,DIAMOND BAR,-117.83765411376952,34.00168991088867
90851105,2018,2018-11-01,9530,2018-10-23,1932,020956,NA,2,2,9,1900,0,3,5,NA,2,001,SEVILLE AVE. (2600 BLOCK),OLIVE ST.,54,S,N,A,-,N,NA,NA,NA,NA,NA,NA,NA,NA,NA,Y,4,0,1,1,A,-,01,23152,F,N,E,I,A,A,H,-,C,D,0,NA,NA,NA,NA,Y,NA,A,01,0,0,1,0,0,0,0,0,0,-,-,33.96799850463867,-118.22242736816406,LOS ANGELES,UNINCORPORATED,-118.22244262695313,33.96790313720703
90851117,2018,2018-11-01,9525,2018-11-01,0520,016679,NA,4,3,5,1990,0,1,3,NA,2,603,SR-60 W/B (POMONA FWY),GRAND AVE.,5280,E,N,A,-,Y,NA,NA,60,NA,NA,NA,NA,NA,W,Y,4,0,2,2,A,-,07,21658,A,N,B,C,A,A,H,-,C,D,0,NA,NA,NA,Y,Y,NA,G,25,0,0,2,0,0,0,0,0,0,-,-,34.01491165161133,-117.81910705566406,LOS ANGELES,DIAMOND BAR,-117.81907653808594,34.01488494873047
9085113,2020,2020-07-28,1942,2020-03-12,1500,44162,1849,4,5,7,1942,0,0,0,R,0,18A49,WILMINGTON AV,110TH ST,125,N,N,C,-,N,NA,NA,NA,NA,NA,NA,NA,NA,NA,Y,4,0,1,3,A,-,04,21703,A,N,C,C,A,B,H,-,A,D,0,NA,NA,NA,NA,Y,NA,-,99,0,0,1,0,0,0,0,0,0,-,-,NA,NA,LOS ANGELES,LOS ANGELES,-118.2390365600586,33.93557357788086
90851149,2018,2018-11-01,9550,2018-10-24,0845,020014,NA,3,1,5,1919,0,1,1,NA,2,652,INTERSTATE 605 (SAN GABRIEL RIVER FREEW,ALONDRA BOULEVARD,200,S,N,B,-,Y,NA,NA,605,NA,NA,NA,NA,NA,NA,Y,4,0,1,2,A,-,03,22350,NA,F,C,C,A,A,H,-,A,D,0,NA,NA,NA,NA,Y,NA,A,01,0,0,1,0,0,0,0,0,0,-,-,33.88447189331055,-118.10417938232422,LOS ANGELES,CERRITOS,-118.10410308837892,33.88447570800781
90851160,2018,2018-11-01,9545,2018-10-30,0900,017305,NA,2,1,6,1950,0,1,3,NA,2,021,SR-14 S/B,AVENUE Q,42,S,N,A,-,Y,NA,NA,14,NA,NA,NA,NA,NA,S,N,4,0,1,2,A,-,03,22350,NA,N,C,C,A,A,H,-,A,D,0,NA,NA,NA,NA,Y,NA,A,01,0,0,1,0,0,0,0,0,0,-,-,34.58694839477539,-118.134033203125,LOS ANGELES,PALMDALE,-118.134033203125,34.58694839477539
90851204,2018,2018-11-01,9590,2018-10-26,2155,022006,NA,5,2,7,1942,0,1,1,NA,2,501,I-110 S/B (HAF) EXPRESS LANES,43RD ST,320,N,N,A,-,Y,NA,NA,110,NA,NA,NA,NA,NA,S,Y,4,0,2,2,A,-,03,22350,NA,N,C,C,A,A,H,-,C,D,0,NA,NA,NA,NA,Y,NA,A,07,0,0,2,0,0,0,0,0,0,-,-,34.0064811706543,-118.28114318847656,LOS ANGELES,LOS ANGELES,-118.28117370605467,34.0064811706543
90851216,2018,2018-11-01,9590,2018-10-19,1825,021583,NA,5,2,7,1942,0,1,2,NA,2,070,US-101 N/B (HOLLYWOOD FREEWAY),FIGUEROA STREET,1150,N,N,A,-,Y,NA,NA,101,NA,NA,NA,NA,NA,N,Y,4,0,1,3,A,-,03,22350,NA,N,C,C,A,A,H,-,A,D,0,NA,NA,NA,NA,Y,NA,A,01,0,0,1,0,0,0,0,0,0,-,-,34.06367111206055,-118.2496337890625,LOS ANGELES,LOS ANGELES,-118.24961090087892,34.06368637084961
90851232,2018,2018-11-01,9550,2018-10-27,0155,021141,NA,6,3,9,1900,0,2,4,NA,1,013,NORWALK BOULEVARD,WALNUT STREET,160,N,N,A,-,Y,NA,NA,NA,NA,NA,NA,NA,NA,NA,Y,3,0,1,2,A,-,01,23152,A,N,C,E,A,A,H,-,C,D,0,NA,NA,NA,NA,Y,Y,A,01,0,1,0,0,0,0,0,0,0,-,-,33.96271896362305,-118.07048034667967,LOS ANGELES,UNINCORPORATED,-118.0705795288086,33.96250534057617
90851241,2018,2018-11-01,9580,2018-10-23,1927,022008,NA,2,2,7,1942,0,1,3,NA,2,117,SR-118 W/B (RONALD REAGAN FWY.),RESEDA BLVD,285,W,N,A,-,Y,NA,NA,118,NA,NA,NA,NA,NA,W,Y,3,0,1,2,A,-,08,22107,NA,N,C,C,A,A,H,-,D,D,0,NA,NA,NA,NA,Y,NA,A,07,0,1,0,0,0,0,0,0,0,-,-,34.27479934692383,-118.53746795654295,LOS ANGELES,LOS ANGELES,-118.53749084472656,34.27489471435547
90851243,2018,2018-11-01,9550,2018-10-26,0910,020014,NA,5,1,9,1900,0,3,5,NA,2,002,COLIMA ROAD,TELEGRAPH ROAD,425,N,N,A,-,N,NA,NA,NA,NA,NA,NA,NA,NA,NA,Y,4,0,1,5,A,-,03,22350,NA,N,C,C,A,A,H,-,A,A,0,NA,NA,NA,NA,Y,NA,D,22,0,0,1,0,0,0,0,0,0,-,-,33.9261589050293,-118.02371215820313,LOS ANGELES,UNINCORPORATED,-118.02375030517578,33.926002502441406
90851265,2018,2018-11-01,9550,2018-10-29,0655,015449,NA,1,1,5,1919,0,1,3,NA,2,092,SR-91 W/B (ARTESIA FREEWAY),CARMENITA ROAD,50,W,N,E,-,Y,NA,NA,91,NA,NA,NA,NA,NA,W,Y,2,0,1,2,A,-,03,22350,NA,N,F,A,A,A,H,-,C,D,0,NA,NA,Y,NA,Y,NA,C,02,1,0,0,0,0,0,0,0,1,-,-,33.86404037475586,-118.04627990722656,LOS ANGELES,CERRITOS,-118.04630279541016,33.8640022277832
90851275,2018,2018-11-01,9580,2018-10-29,2004,022008,NA,1,2,7,1942,0,1,1,NA,2,406,I-405 N/B (SAN DIEGO FWY),NORDHOFF ST,1584,S,N,A,-,Y,NA,NA,405,NA,NA,NA,NA,NA,N,Y,4,0,1,3,A,-,01,23152,A,N,C,C,A,A,H,-,D,D,0,NA,NA,NA,NA,Y,Y,A,01,0,0,1,0,0,0,0,0,0,-,-,34.23040008544922,-118.4729232788086,LOS ANGELES,LOS ANGELES,-118.47299957275392,34.23040008544922
90851279,2018,2018-11-01,9580,2018-10-22,1850,021963,NA,1,2,7,1942,0,1,3,NA,2,116,SR-118 E/B (RONALD REAGAN FWY.),GAYNOR AVE,1056,E,N,A,-,Y,NA,NA,118,NA,NA,NA,NA,NA,E,N,4,0,1,2,A,-,08,22107,NA,N,C,C,A,A,H,-,C,D,0,NA,NA,NA,NA,Y,NA,A,08,0,0,1,0,0,0,0,0,0,-,-,34.26593017578125,-118.47956085205078,LOS ANGELES,LOS ANGELES,-118.47956085205078,34.26594924926758
90851280,2018,2018-11-01,9580,2018-10-22,1825,022103,NA,1,2,7,1942,0,1,1,NA,2,404,I-405 N/B (SAN DIEGO FWY),VICTORY BLVD,400,N,N,A,-,Y,NA,NA,405,NA,NA,NA,NA,NA,N,N,4,0,1,2,A,-,03,22350,NA,N,C,C,A,A,H,-,D,D,0,NA,NA,NA,NA,Y,NA,A,01,0,0,1,0,0,0,0,0,0,-,-,34.188148498535156,-118.47402191162108,LOS ANGELES,LOS ANGELES,-118.47409057617188,34.188148498535156
90851284,2018,2018-11-01,9580,2018-10-22,2028,022103,NA,1,2,7,1942,0,1,1,NA,2,404,I-405 N/B (SAN DIEGO FWY),VENTURA BLVD,1584,S,N,A,-,Y,NA,NA,405,NA,NA,NA,NA,NA,N,Y,4,0,2,2,A,-,03,22350,NA,N,C,C,A,A,H,-,D,D,0,NA,NA,NA,NA,Y,NA,A,01,0,0,2,0,0,0,0,0,0,-,-,34.14712142944336,-118.46988677978516,LOS ANGELES,LOS ANGELES,-118.46993255615234,34.14714050292969
90851286,2018,2018-11-01,9580,2018-10-22,1955,022008,NA,1,2,7,1942,0,1,1,NA,2,404,I-405 N/B (SAN DIEGO FWY),SHERMAN WAY,50,S,N,A,-,Y,NA,NA,405,NA,NA,NA,NA,NA,N,Y,4,0,3,2,A,-,03,22350,NA,N,C,C,A,A,H,-,D,D,0,NA,NA,NA,NA,Y,NA,A,01,0,0,3,0,0,0,0,0,0,-,-,34.20087814331055,-118.4735107421875,LOS ANGELES,LOS ANGELES,-118.47342681884766,34.20086669921875
90851287,2018,2018-11-08,9535,2018-10-22,1745,020818,NA,1,2,9,1900,0,2,4,NA,2,014,CESAR E CHAVEZ AVE,DITMAN AVE.,0,NA,Y,A,-,N,NA,NA,NA,NA,NA,NA,NA,NA,NA,Y,2,0,2,2,A,-,09,21802,A,F,D,C,A,A,H,-,A,A,0,NA,NA,NA,NA,Y,NA,A,01,1,1,0,0,0,0,0,0,0,-,-,34.04051971435547,-118.18921661376952,LOS ANGELES,UNINCORPORATED,-118.18927764892578,34.04050827026367
90851306,2018,2018-11-01,9535,2018-10-26,1715,018138,NA,5,2,6,1922,0,1,1,NA,2,400,I-10 (SAN BERNARDINO FREEWAY) E/B,BALDWIN AVE,30,W,N,A,-,Y,NA,NA,10,NA,NA,NA,NA,NA,E,Y,4,0,2,2,A,-,03,22350,NA,N,C,C,A,A,H,-,A,D,0,NA,NA,NA,NA,Y,NA,A,01,0,0,2,0,0,0,0,0,0,-,-,34.072288513183594,-118.05413818359376,LOS ANGELES,EL MONTE,-118.05413818359376,34.07227325439453
90851308,2018,2018-11-01,9535,2018-10-26,1920,021131,NA,5,2,3,1968,0,1,3,NA,2,620,SR-60 (POMONA FREEWAY) E/B,PECK RD.,1000,E,N,A,-,Y,NA,NA,60,NA,NA,NA,NA,NA,E,N,4,0,1,3,A,-,04,21703,NA,N,C,C,A,A,H,-,D,D,0,NA,NA,NA,NA,Y,NA,A,01,0,0,1,0,0,0,0,0,0,-,-,34.03696060180664,-118.0363311767578,LOS ANGELES,SOUTH EL MONTE,-118.0363311767578,34.03693389892578
90851313,2018,2018-11-01,9535,2018-10-27,0900,019363,NA,6,1,5,1901,0,1,1,NA,2,421,I-10 (SAN BERNARDINO FREEWAY) W/B,ALMANSOR ST OVPS,578,E,N,A,-,Y,NA,NA,10,NA,NA,NA,NA,NA,W,N,4,0,1,2,A,-,03,22350,NA,N,C,C,A,A,H,-,A,D,0,NA,NA,NA,NA,Y,NA,A,01,0,0,1,0,0,0,0,0,0,-,-,34.07194900512695,-118.1152801513672,LOS ANGELES,ALHAMBRA,-118.1152801513672,34.0718994140625
90851334,2018,2018-11-02,9550,2018-10-22,1430,022139,NA,1,2,6,1949,0,1,1,NA,2,651,I-605 NORTHBOUND,IMPERIAL HIGHWAY UNDERCROSSING,100,N,N,A,-,Y,NA,NA,NA,NA,NA,NA,NA,NA,NA,Y,3,0,1,2,A,-,08,22107,NA,N,C,C,A,A,H,-,A,D,0,NA,NA,Y,NA,Y,NA,A,01,0,1,0,0,0,0,0,0,1,-,-,33.91728973388672,-118.19465637207033,LOS ANGELES,NORWALK,NA,NA
90851357,2018,2018-11-02,9565,2018-10-25,1345,021892,NA,4,1,5,1928,0,1,1,NA,2,060,I-405 N/B (SAN DIEGO FREEWAY),MARINE AVE,100,N,N,A,-,Y,NA,NA,405,NA,NA,NA,NA,NA,N,Y,4,0,1,6,A,-,03,22350,NA,N,C,C,A,A,H,-,A,D,0,NA,NA,NA,NA,Y,NA,A,01,0,0,1,0,0,0,0,0,0,-,-,33.89530944824219,-118.3672103881836,LOS ANGELES,HAWTHORNE,-118.36720275878906,33.895320892333984
90851369,2018,2018-11-02,9565,2018-10-14,0110,021786,NA,7,3,9,1900,0,3,5,NA,2,002,EL SEGUNDO BLVD,WESTERN AVENUE,500,W,N,A,-,N,NA,NA,NA,NA,NA,NA,NA,NA,NA,Y,4,0,1,1,A,-,08,22107,NA,N,E,I,A,A,H,-,C,D,0,NA,NA,NA,NA,Y,Y,A,08,0,0,1,0,0,0,0,0,0,-,-,33.91653823852539,-118.31098175048828,LOS ANGELES,UNINCORPORATED,-118.31072235107422,33.91644287109375
90851372,2018,2018-11-02,9530,2018-10-23,0615,014701,NA,2,1,7,1941,0,1,1,NA,2,071,I-710 N/B (LONG BEACH FREEWAY),ARTESIA BLVD.,1584,S,N,B,-,Y,NA,NA,710,NA,NA,NA,NA,NA,N,Y,4,0,1,2,A,-,03,22350,NA,N,B,C,A,A,H,-,C,D,0,NA,NA,NA,NA,Y,NA,A,01,0,0,1,0,0,0,0,0,0,-,-,33.869720458984375,-118.19467163085938,LOS ANGELES,LONG BEACH,-118.19481658935548,33.86979293823242
90851373,2018,2018-11-02,9565,2018-10-25,0833,020209,NA,4,1,4,1918,0,1,1,NA,2,061,I-405 S/B (SAN DIEGO FREEWAY),VENICE BLVD,700,S,N,A,-,Y,NA,NA,405,NA,NA,NA,NA,NA,S,Y,4,0,1,3,A,-,03,22350,NA,N,C,C,A,A,H,-,A,D,0,NA,NA,NA,NA,Y,NA,A,01,0,0,1,0,0,0,0,0,0,-,-,34.01044845581055,-118.41738128662108,LOS ANGELES,CULVER CITY,-118.4172592163086,34.01054382324219
90851383,2018,2018-11-02,9590,2018-10-26,1225,016546,NA,5,1,7,1942,0,1,2,NA,2,073,US-101 S/B (HOLLYWOOD FWY),NORMANDIE AVE.,200,N,N,A,-,Y,NA,NA,101,NA,NA,NA,NA,NA,S,N,3,0,1,2,A,-,07,21658,A,N,C,C,A,A,H,-,A,D,0,NA,NA,Y,NA,Y,NA,C,02,0,1,0,0,0,0,0,0,1,-,-,34.08584976196289,-118.30210876464844,LOS ANGELES,LOS ANGELES,-118.30211639404295,34.085838317871094
90851393,2018,2018-11-02,9530,2018-10-23,1854,021871,NA,2,2,6,1972,0,1,1,NA,2,400,I-405 N/B (SAN DIEGO FREEWAY),ARTESIA BLVD.,800,S,N,A,-,Y,NA,NA,405,NA,NA,NA,NA,NA,N,Y,3,0,3,3,A,-,03,22350,NA,N,C,C,A,A,H,-,D,D,0,NA,NA,NA,NA,Y,NA,A,07,0,1,2,0,0,0,0,0,0,-,-,33.871299743652344,-118.34072875976564,LOS ANGELES,TORRANCE,-118.3408660888672,33.87119674682617
90851402,2018,2019-01-29,9565,2018-10-28,0230,021632,NA,7,3,9,1900,0,3,5,NA,2,004,120TH STREET,LA CIENEGA BOULEVARD,260,W,N,B,-,N,NA,NA,NA,NA,NA,NA,NA,NA,NA,Y,3,0,1,2,A,-,01,23152,A,N,C,E,A,A,H,-,C,D,0,NA,NA,NA,NA,Y,Y,A,01,0,1,0,0,0,0,0,0,0,-,-,33.923709869384766,-118.3711395263672,LOS ANGELES,UNINCORPORATED,-118.37093353271484,33.923622131347656
90851412,2018,2018-11-02,9530,2018-10-23,1906,021252,NA,2,2,5,1977,0,1,1,NA,2,410,I-405 S/B (SAN DIEGO FREEWAY),AVALON BLVD.,400,N,N,A,-,Y,NA,NA,405,NA,NA,NA,NA,NA,S,Y,4,0,1,3,A,-,03,22350,NA,N,C,C,A,A,H,-,C,D,0,NA,NA,NA,NA,Y,NA,A,01,0,0,1,0,0,0,0,0,0,-,-,33.84038162231445,-118.2644271850586,LOS ANGELES,CARSON,-118.26449584960938,33.84031677246094
90851417,2018,2018-11-02,9590,2018-10-26,0930,021671,NA,5,1,7,1942,0,1,1,NA,2,061,I-10 W/B (SANTA MONICA FREEWAY),LA CIENEGA BOULEVARD,50,E,N,A,-,Y,NA,NA,NA,NA,NA,NA,NA,NA,NA,Y,4,0,1,2,A,-,07,21658,A,N,B,C,A,A,H,-,A,D,0,NA,NA,Y,NA,Y,NA,A,01,0,0,1,0,0,0,0,0,1,-,-,34.03544998168945,-118.37763214111328,LOS ANGELES,LOS ANGELES,-118.3773193359375,34.03696823120117
90851459,2018,2018-11-02,9590,2018-10-25,2105,021823,NA,4,2,7,1942,0,1,1,NA,2,053,I-110 S/B (HAF) COLLECTOR ROAD,5TH ST,100,N,N,A,-,Y,NA,NA,110,NA,NA,NA,NA,NA,S,Y,3,0,1,3,A,-,03,22350,NA,N,C,C,A,A,H,-,C,D,0,NA,NA,NA,NA,Y,NA,A,01,0,1,0,0,0,0,0,0,0,-,-,34.05316925048828,-118.25895690917967,LOS ANGELES,LOS ANGELES,-118.25881958007813,34.053035736083984
9085147,2020,2020-06-15,1942,2020-02-20,1640,38634,LOS A,4,5,7,1942,0,0,0,NA,0,1645,OSBORNE ST,RALSTON AV,60,W,N,A,-,N,NA,NA,NA,NA,NA,NA,NA,NA,NA,N,4,0,1,3,A,-,08,22107,NA,N,C,B,-,A,H,-,B,D,0,Y,NA,NA,NA,Y,NA,-,NA,0,0,1,0,1,0,0,0,0,-,-,NA,NA,LOS ANGELES,LOS ANGELES,-118.4075164794922,34.255680084228516
90851474,2018,2018-11-02,9590,2018-10-28,1725,021912,NA,7,2,7,1942,0,1,1,NA,2,063,I-10 W/B (SANTA MONICA FREEWAY),GRAND AVE.,300,W,N,A,-,Y,NA,NA,10,NA,NA,NA,NA,NA,W,Y,4,0,1,2,A,-,03,22350,NA,N,C,C,A,A,H,-,A,D,0,NA,NA,NA,NA,Y,NA,A,01,0,0,1,0,0,0,0,0,0,-,-,34.03514099121094,-118.26793670654295,LOS ANGELES,LOS ANGELES,-118.26793670654295,34.03514862060547
90851487,2018,2018-11-02,9530,2018-10-23,0840,014701,NA,2,1,7,1941,0,1,1,NA,2,072,I-710 N/B (LONG BEACH FREEWAY),WARDLOW RD.,49,N,N,B,-,Y,NA,NA,710,NA,NA,NA,NA,NA,N,Y,3,0,2,5,A,-,03,22350,NA,N,C,C,A,A,H,-,A,D,0,NA,NA,NA,Y,Y,NA,A,01,0,1,1,0,0,0,0,0,0,-,-,33.821468353271484,-118.20675659179688,LOS ANGELES,LONG BEACH,-118.20687103271484,33.82147216796875
90851500,2018,2018-11-02,9530,2018-10-24,0520,013990,NA,3,3,7,1941,0,1,1,NA,2,071,I-710 N/B TO LONG BEACH BLVD,LONG BEACH BLVD.,528,S,N,A,-,Y,NA,NA,710,NA,NA,NA,R,NA,N,Y,3,0,1,2,A,-,07,21658,A,N,E,I,A,A,H,-,C,D,0,NA,NA,NA,NA,Y,NA,A,01,0,1,0,0,0,0,0,0,0,-,-,33.86048889160156,-118.20005035400392,LOS ANGELES,LONG BEACH,-118.20005035400392,33.86048889160156
9085151,2020,2020-06-15,1942,2020-02-22,1430,43344,1321,6,5,7,1942,0,0,0,M,0,13X17,HILL ST,23RD ST,0,NA,Y,A,-,N,NA,NA,NA,NA,NA,NA,NA,NA,NA,N,4,0,1,2,A,-,12,21453,A,N,G,B,A,A,H,-,A,A,0,NA,Y,NA,NA,Y,NA,A,01,0,0,1,0,0,0,1,0,0,-,-,NA,NA,LOS ANGELES,LOS ANGELES,-118.26907348632813,34.02853012084961
90851542,2018,2018-11-02,9565,2018-10-26,0600,013744,NA,5,1,7,1942,0,1,1,NA,2,083,I-10 E/B,MANNING AVE,528,W,N,B,-,Y,NA,NA,10,NA,NA,NA,NA,NA,E,N,4,0,1,2,A,-,08,22107,NA,M,B,C,A,A,H,-,D,D,0,NA,NA,NA,NA,Y,NA,D,22,0,0,1,0,0,0,0,0,0,-,-,34.0300407409668,-118.40802764892578,LOS ANGELES,LOS ANGELES,-118.40803527832033,34.029991149902344
90851553,2018,2018-11-02,9590,2018-10-26,1720,022102,NA,5,2,7,1942,0,1,1,NA,2,053,I-110 (HARBOR FREEWAY),11TH ST.,200,S,N,A,-,Y,NA,NA,110,NA,NA,NA,NA,NA,NA,N,4,0,1,2,A,-,03,22350,NA,N,C,C,A,A,H,-,E,D,0,NA,NA,NA,NA,Y,NA,A,01,0,0,1,0,0,0,0,0,0,-,-,34.04438018798828,-118.2722396850586,LOS ANGELES,LOS ANGELES,-118.2720184326172,34.04420471191406
90851561,2018,2018-11-02,9565,2018-10-27,1235,017060,NA,6,1,7,1942,0,1,1,NA,2,060,I-405 N/B (SAN DIEGO FREEWAY),HILLCREST BLVD.,500,N,N,A,-,Y,NA,NA,NA,NA,NA,NA,NA,NA,NA,N,4,0,2,2,A,-,03,22350,NA,N,C,C,A,A,H,-,A,D,0,NA,NA,NA,NA,Y,NA,D,22,0,0,2,0,0,0,0,0,0,-,-,33.95724105834961,-118.36930847167967,LOS ANGELES,LOS ANGELES,-118.36923980712892,33.957801818847656
90851585,2018,2018-11-02,9530,2018-10-24,0830,014701,NA,3,1,9,1900,0,3,5,NA,2,005,MARINE AVE. (3300 BLOCK),LEMOLI AVE.,26,W,N,A,-,N,NA,NA,NA,NA,NA,NA,NA,NA,NA,Y,4,0,1,2,A,-,03,22350,NA,N,C,C,A,A,H,-,A,A,0,NA,NA,NA,NA,Y,NA,A,01,0,0,1,0,0,0,0,0,0,-,-,33.89461898803711,-118.33103942871094,LOS ANGELES,UNINCORPORATED,-118.33095550537108,33.89466857910156
90851613,2018,2018-11-02,9530,2018-10-24,1605,018200,NA,3,2,2,1967,0,1,1,NA,2,420,I-405 SB FROM ATLANTIC AVE,ATLANTIC AVE.,260,S,N,A,-,Y,NA,NA,405,NA,NA,NA,R,NA,S,Y,2,0,1,2,A,-,03,22350,NA,N,C,C,A,A,H,-,A,A,0,NA,NA,NA,NA,Y,NA,D,22,1,0,0,0,0,0,0,0,0,-,-,33.81454086303711,-118.18399810791016,LOS ANGELES,SIGNAL HILL,-118.18399810791016,33.81454086303711
90851636,2018,2018-11-02,9550,2018-10-31,0605,018271,NA,3,1,3,1964,0,1,1,NA,2,650,INTERSTATE 605 (SAN GABRIEL RIVER FREEW,INTERSTATE 5 (SANTA ANA FREEWAY),500,N,N,A,-,Y,NA,NA,605,NA,NA,NA,NA,NA,NA,Y,4,0,1,3,A,-,08,22107,NA,N,B,C,A,A,H,-,C,D,0,NA,NA,NA,NA,Y,NA,D,22,0,0,1,0,0,0,0,0,0,-,-,33.94794845581055,-118.09317016601564,LOS ANGELES,SANTA FE SPRINGS,-118.0931396484375,33.94792938232422
90851655,2018,2018-11-02,9565,2018-10-01,1205,016945,NA,1,1,7,1942,0,1,1,NA,2,063,I-405 S/B (SAN DIEGO FWY),SANTA MONICA BLVD,0,NA,N,A,-,Y,NA,NA,405,NA,NA,NA,NA,NA,S,N,4,0,1,2,A,-,03,22350,NA,N,C,C,A,A,H,-,A,D,0,NA,NA,NA,NA,Y,NA,A,01,0,0,1,0,0,0,0,0,0,-,-,34.04610061645508,-118.4458465576172,LOS ANGELES,LOS ANGELES,-118.44597625732422,34.045989990234375
90851666,2018,2018-11-02,9565,2018-10-21,1505,022104,NA,7,2,4,1918,0,1,1,NA,2,061,I-405 (SOUTHBOUND),WASHINGTON BLVD.,800,S,N,A,-,Y,NA,NA,405,NA,NA,NA,NA,NA,NA,Y,4,0,1,3,A,-,03,22350,NA,N,F,C,A,A,H,-,A,D,0,NA,NA,Y,NA,Y,NA,C,02,0,0,1,0,0,0,0,0,1,-,-,34.00400161743164,-118.4120864868164,LOS ANGELES,CULVER CITY,-118.41209411621094,34.003997802734375
90851691,2018,2018-11-02,9525,2018-10-26,2320,021545,NA,5,3,4,1960,0,1,3,NA,2,571,SR-57 S/B (ORANGE FWY),I-10 W/B (SAN BERNARDINO FWY),800,N,N,A,-,Y,NA,NA,57,NA,NA,NA,NA,NA,S,Y,4,0,1,2,A,-,03,22350,NA,M,C,C,A,A,H,-,C,D,0,NA,NA,NA,NA,Y,NA,A,01,0,0,1,0,0,0,0,0,0,-,-,34.07392120361328,-117.81031036376952,LOS ANGELES,SAN DIMAS,-117.8103256225586,34.07390594482422