CASE_ID,ACCIDENT_YEAR,PROC_DATE,JURIS,COLLISION_DATE,COLLISION_TIME,OFFICER_ID,REPORTING_DISTRICT,DAY_OF_WEEK,CHP_SHIFT,POPULATION,CNTY_CITY_LOC,SPECIAL_COND,BEAT_TYPE,CHP_BEAT_TYPE,CITY_DIVISION_LAPD,CHP_BEAT_CLASS,BEAT_NUMBER,PRIMARY_RD,SECONDARY_RD,DISTANCE,DIRECTION,INTERSECTION,WEATHER_1,WEATHER_2,STATE_HWY_IND,CALTRANS_COUNTY,CALTRANS_DISTRICT,STATE_ROUTE,ROUTE_SUFFIX,POSTMILE_PREFIX,POSTMILE,LOCATION_TYPE,RAMP_INTERSECTION,SIDE_OF_HWY,TOW_AWAY,COLLISION_SEVERITY,NUMBER_KILLED,NUMBER_INJURED,PARTY_COUNT,PRIMARY_COLL_FACTOR,PCF_CODE_OF_VIOL,PCF_VIOL_CATEGORY,PCF_VIOLATION,PCF_VIOL_SUBSECTION,HIT_AND_RUN,TYPE_OF_COLLISION,MVIW,PED_ACTION,ROAD_SURFACE,ROAD_COND_1,ROAD_COND_2,LIGHTING,CONTROL_DEVICE,CHP_ROAD_TYPE,PEDESTRIAN_ACCIDENT,BICYCLE_ACCIDENT,MOTORCYCLE_ACCIDENT,TRUCK_ACCIDENT,NOT_PRIVATE_PROPERTY,ALCOHOL_INVOLVED,STWD_VEHTYPE_AT_FAULT,CHP_VEHTYPE_AT_FAULT,COUNT_SEVERE_INJ,COUNT_VISIBLE_INJ,COUNT_COMPLAINT_PAIN,COUNT_PED_KILLED,COUNT_PED_INJURED,COUNT_BICYCLIST_KILLED,COUNT_BICYCLIST_INJURED,COUNT_MC_KILLED,COUNT_MC_INJURED,PRIMARY_RAMP,SECONDARY_RAMP,LATITUDE,LONGITUDE,COUNTY,CITY,POINT_X,POINT_Y
90854651,2018,2018-11-07,9590,2018-10-25,1355,022102,NA,4,1,7,1942,0,1,1,NA,2,052,I-110 N/B (HARBOR FREEWAY),JAMES M. WOOD BLVD.,35,S,N,A,-,Y,NA,NA,110,NA,NA,NA,NA,NA,N,N,3,0,1,3,D,-,00,NA,NA,N,B,C,A,A,H,-,A,D,0,NA,NA,Y,NA,Y,NA,-,-,0,1,0,0,0,0,0,0,1,-,-,34.04771041870117,-118.26685333251952,LOS ANGELES,LOS ANGELES,-118.26683807373048,34.047691345214844
90854653,2018,2018-11-07,9575,2018-11-01,1443,020702,NA,4,2,7,1942,0,1,1,NA,2,050,I-5 S/B (GOLDEN STATE FREEWAY),WESTERN AVE.,500,S,N,A,-,Y,NA,NA,NA,NA,NA,NA,NA,NA,NA,Y,4,0,1,2,A,-,03,22350,NA,N,C,C,A,A,H,-,A,D,0,NA,NA,NA,NA,Y,NA,E,22,0,0,1,0,0,0,0,0,0,-,-,34.16310119628906,-118.29476928710938,LOS ANGELES,LOS ANGELES,-118.30911254882813,34.065311431884766
90854655,2018,2018-11-19,9565,2018-10-29,1345,021729,NA,1,1,9,1900,0,3,5,NA,2,003,OVERHILL DR S/B,SLAUSON AVE.,75,S,N,A,-,N,NA,NA,NA,NA,NA,NA,NA,NA,NA,N,4,0,1,2,A,-,21,22106,NA,N,G,B,E,A,H,-,A,D,0,Y,NA,NA,NA,Y,NA,A,01,0,0,1,0,1,0,0,0,0,-,-,33.98862075805664,-118.35424041748048,LOS ANGELES,UNINCORPORATED,-118.3541259765625,33.988685607910156
90854658,2018,2018-11-07,9575,2018-11-01,0745,017354,NA,4,1,7,1942,0,1,3,NA,2,043,SR-134 W/B (VENTURA FREEWAY),RIVERSIDE DR. (VICTORY BLVD.) O/C,350,E,N,A,-,Y,NA,NA,134,NA,NA,NA,NA,NA,W,N,4,0,1,2,A,-,03,22350,NA,N,C,C,A,A,H,-,A,D,0,NA,NA,NA,NA,Y,NA,A,01,0,0,1,0,0,0,0,0,0,-,-,34.155460357666016,-118.29266357421876,LOS ANGELES,LOS ANGELES,-118.29266357421876,34.155426025390625
90854659,2018,2018-11-07,9525,2018-10-31,0614,021007,NA,3,1,1,1934,0,1,1,NA,2,652,I-605 N/B (SAN GABRIEL RIVER FWY),ARROW HIGHWAY,900,N,N,A,-,Y,NA,NA,605,NA,NA,NA,NA,NA,N,Y,3,0,1,1,A,-,03,22350,NA,N,F,A,A,A,H,-,A,D,0,NA,NA,Y,NA,Y,NA,C,02,0,1,0,0,0,0,0,0,1,-,-,34.119110107421875,-117.97171020507813,LOS ANGELES,IRWINDALE,-117.97173309326172,34.119136810302734
90854662,2018,2018-11-07,9525,2018-11-02,1630,020823,NA,5,2,6,1975,0,1,1,NA,2,106,I-10 E/B (SAN BERNARDINO FWY),CITRUS ST.,1056,W,N,A,-,Y,NA,NA,10,NA,NA,NA,NA,NA,E,N,4,0,1,2,A,-,03,22350,NA,N,C,C,A,A,D,E,A,D,0,NA,NA,NA,NA,Y,NA,A,01,0,0,1,0,0,0,0,0,0,-,-,34.07196044921875,-117.89611053466795,LOS ANGELES,WEST COVINA,-117.89611053466795,34.07194900512695
90854666,2018,2018-11-07,9565,2018-10-29,2135,021163,NA,1,2,7,1942,0,1,1,NA,2,082,I-10 E/B (SANT MONICA FREEWAY),BARRINGTON AVE,170,W,N,A,-,Y,NA,NA,10,NA,NA,NA,NA,NA,E,Y,4,0,2,2,A,-,03,22350,NA,N,C,C,A,A,H,-,E,D,0,NA,NA,NA,NA,Y,NA,A,01,0,0,2,0,0,0,0,0,0,-,-,34.029380798339844,-118.444580078125,LOS ANGELES,LOS ANGELES,-118.444580078125,34.02937698364258
9085467,2020,2020-05-07,1910,2020-01-21,1545,04335,NA,2,5,4,1910,0,0,0,NA,0,009,DOHENY DR,BURTON WY,124,S,N,A,-,N,NA,NA,NA,NA,NA,NA,NA,NA,NA,N,4,0,1,2,A,-,03,22350,NA,N,C,C,A,A,H,-,A,A,0,NA,NA,NA,NA,Y,NA,A,07,0,0,1,0,0,0,0,0,0,-,-,34.07170867919922,-118.38970184326172,LOS ANGELES,BEVERLY HILLS,-118.38973236083984,34.07175064086914
90854681,2018,2018-11-07,9540,2018-10-27,0130,021370,NA,6,3,9,1900,0,1,3,NA,2,126,SR-126 W/B (HENRY MAYO DRIVE),CHIQUITO CANYON RD,0,NA,Y,A,-,Y,NA,NA,126,NA,NA,NA,NA,NA,W,Y,3,0,2,2,A,-,01,23152,G,F,D,C,A,A,H,-,C,A,0,NA,NA,NA,NA,Y,Y,A,01,0,2,0,0,0,0,0,0,0,-,-,34.419708251953125,-118.65685272216795,LOS ANGELES,UNINCORPORATED,-118.65692138671876,34.419769287109375
90854694,2018,2018-11-07,9545,2018-10-31,2200,021173,NA,3,3,9,1900,0,1,3,NA,1,012,SR-138,60TH ST  W,1955,W,N,A,-,Y,NA,NA,138,NA,NA,NA,NA,NA,NA,Y,2,0,1,2,A,-,05,21650,NA,N,A,C,A,A,H,-,D,D,0,NA,NA,NA,Y,Y,NA,A,01,1,0,0,0,0,0,0,0,0,-,-,34.77661895751953,-118.24379730224608,LOS ANGELES,UNINCORPORATED,-118.24379730224608,34.776607513427734
90854695,2018,2018-11-07,9525,2018-10-29,2243,021362,NA,1,3,4,1960,0,1,3,NA,2,571,SR-57 S/B (ORANGE FWY),VIA VERDE AVE,1200,S,N,A,-,Y,NA,NA,57,NA,NA,NA,NA,NA,S,Y,3,0,1,1,A,-,08,22107,NA,N,E,I,A,A,H,-,C,D,0,NA,NA,NA,NA,Y,NA,A,01,0,1,0,0,0,0,0,0,0,-,-,34.07556915283203,-117.81211853027344,LOS ANGELES,SAN DIMAS,-117.81201934814452,34.07566452026367
9085472,2020,2020-05-07,1910,2020-01-28,1316,03410,NA,2,5,4,1910,0,0,0,NA,0,006,ARDEN DR,N SANTA MONICA ALLEY,15,S,N,A,-,N,NA,NA,NA,NA,NA,NA,NA,NA,NA,Y,4,0,2,2,D,-,00,NA,NA,N,B,C,A,A,H,-,A,D,0,NA,NA,NA,NA,Y,NA,-,-,0,0,2,0,0,0,0,0,0,-,-,NA,NA,LOS ANGELES,BEVERLY HILLS,-118.39344024658205,34.078678131103516
90854720,2018,2018-11-07,9590,2018-11-06,0820,013179,NA,2,1,7,1942,0,1,1,NA,2,061,I-10 W/B (SANTA MONICA FREEWAY),6TH AVENUE O/C,200,W,N,A,-,Y,NA,NA,10,NA,NA,NA,NA,NA,W,N,4,0,1,2,A,-,03,22350,NA,N,C,C,A,A,H,-,A,D,0,NA,NA,NA,NA,Y,NA,A,01,0,0,1,0,0,0,0,0,0,-,-,34.035850524902344,-118.32486724853516,LOS ANGELES,LOS ANGELES,-118.32485961914064,34.03578567504883
90854722,2018,2018-11-07,9565,2018-10-24,1625,022104,NA,3,2,7,1942,0,1,1,NA,2,082,I-10 E/B (SANTA MONICA FREEWAY),MILITARY AVE.,750,W,N,A,-,Y,NA,NA,10,NA,NA,NA,NA,NA,E,Y,4,0,1,2,A,-,07,21658,A,N,B,C,A,A,H,-,A,D,0,NA,NA,Y,NA,Y,NA,A,07,0,0,1,0,0,0,0,0,1,-,-,34.03160095214844,-118.4303970336914,LOS ANGELES,LOS ANGELES,-118.4303970336914,34.03159713745117
90854734,2018,2018-11-07,9545,2018-11-02,1640,014790,NA,5,2,9,1900,0,3,5,NA,2,001,70TH ST  E,AVENUE G,0,NA,Y,A,-,N,NA,NA,NA,NA,NA,NA,NA,NA,NA,Y,2,0,2,2,A,-,12,22450,A,N,D,C,A,A,H,-,A,A,0,NA,NA,NA,NA,Y,NA,A,01,1,0,1,0,0,0,0,0,0,-,-,34.73405838012695,-118.00531768798828,LOS ANGELES,UNINCORPORATED,-118.00527954101564,34.73400115966797
90854736,2018,2018-11-07,9550,2018-10-31,0310,021943,NA,3,3,6,1949,0,1,1,NA,2,651,INTERSTATE 605 N/B,FIRESTONE BOULEVARD,50,N,N,A,-,Y,NA,NA,605,NA,NA,NA,NA,NA,N,Y,3,0,1,3,A,-,08,22107,NA,N,B,C,A,A,H,-,D,D,0,NA,NA,NA,Y,Y,NA,-,-,0,1,0,0,0,0,0,0,0,-,-,33.925201416015625,-118.10391235351564,LOS ANGELES,NORWALK,-118.10384368896484,33.92518615722656
9085474,2020,2020-05-07,1910,2020-01-17,1652,03494,NA,5,5,4,1910,0,0,0,NA,0,004,LINDEN DR,ELEVADO WY,0,NA,Y,A,-,N,NA,NA,NA,NA,NA,NA,NA,NA,NA,N,4,0,1,3,D,-,00,NA,NA,N,D,C,A,A,H,-,C,D,0,NA,NA,NA,NA,Y,NA,-,-,0,0,1,0,0,0,0,0,0,-,-,NA,NA,LOS ANGELES,BEVERLY HILLS,-118.413818359375,34.07128143310547
90854745,2018,2018-11-07,9535,2018-10-26,1030,014987,NA,5,1,3,1914,0,1,1,NA,2,500,I-5 (SANTA ANA FREEWAY) N/B,WASHINGTON BLVD,1500,N,N,A,-,Y,NA,NA,5,NA,NA,NA,NA,NA,N,Y,3,0,1,2,A,-,08,22107,NA,N,C,C,A,A,H,-,A,D,0,NA,NA,Y,NA,Y,NA,A,01,0,1,0,0,0,0,0,0,1,-,-,33.99736022949219,-118.14643096923828,LOS ANGELES,COMMERCE,-118.14649963378906,33.99732208251953
9085475,2020,2020-05-07,1910,2020-01-28,1321,03209,NA,2,5,4,1910,0,0,0,NA,0,005,SOUTH SANTA MONICA BL,MORENO DR,45,E,N,A,-,N,NA,NA,NA,NA,NA,NA,NA,NA,NA,Y,3,0,1,3,A,-,08,22107,NA,N,B,C,A,A,H,-,A,A,0,NA,NA,NA,NA,Y,NA,A,01,0,1,0,0,0,0,0,0,0,-,-,NA,NA,LOS ANGELES,BEVERLY HILLS,-118.4139404296875,34.06401062011719
90854756,2018,2018-11-07,9550,2018-10-28,0850,019293,NA,7,1,6,1949,0,1,1,NA,2,500,I-5 NORTHBOUND,IMPERIAL HIGHWAY,1000,N,N,A,-,Y,NA,NA,5,NA,NA,NA,NA,NA,N,Y,4,0,1,2,A,-,07,21658,A,N,C,C,A,A,H,-,A,D,0,NA,NA,NA,NA,Y,NA,A,01,0,0,1,0,0,0,0,0,0,-,-,33.91975021362305,-118.08194732666016,LOS ANGELES,NORWALK,-118.08173370361328,33.91990280151367
9085476,2020,2020-05-07,1910,2020-01-28,1440,03633,NA,2,5,4,1910,0,0,0,NA,0,004,BEVERLY DR,CARMELITA AV,0,NA,Y,A,-,N,NA,NA,NA,NA,NA,NA,NA,NA,NA,Y,4,0,1,2,A,-,09,21800,A,N,D,C,A,A,H,-,A,D,0,NA,NA,NA,NA,Y,NA,A,01,0,0,1,0,0,0,0,0,0,-,-,NA,NA,LOS ANGELES,BEVERLY HILLS,-118.4069366455078,34.07429885864258
90854761,2018,2018-11-07,9550,2018-11-01,1035,015329,NA,4,1,3,1903,0,1,3,NA,2,091,STATE ROUTE 91 W/B (ARTESIA FREEWAY),GRIDLEY RD.,600,E,N,A,-,Y,NA,NA,91,NA,NA,NA,NA,NA,W,Y,4,0,1,3,A,-,03,22350,NA,N,C,C,A,A,H,-,A,D,0,NA,NA,NA,NA,Y,NA,A,01,0,0,1,0,0,0,0,0,0,-,-,33.87648010253906,-118.08908081054688,LOS ANGELES,ARTESIA,-118.08908081054688,33.876426696777344
9085477,2020,2020-05-07,1910,2020-01-03,1755,05076,NA,5,5,4,1910,0,0,0,NA,0,009,LA CIENEGA BL,CLIFTON WY,0,NA,Y,A,-,N,NA,NA,NA,NA,NA,NA,NA,NA,NA,Y,4,0,2,2,D,-,00,NA,NA,N,D,C,A,A,H,-,C,A,0,NA,NA,NA,NA,Y,NA,-,-,0,0,2,0,0,0,0,0,0,-,-,34.06930160522461,-118.37629699707033,LOS ANGELES,BEVERLY HILLS,-118.37635040283205,34.06930923461914
90854777,2018,2018-11-07,9575,2018-11-01,2139,017414,NA,4,2,6,1925,0,1,3,NA,2,042,SR-134 W/B (VENTURA FREEWAY),SAN FERNANDO RD.,175,E,N,A,-,Y,NA,NA,134,NA,NA,NA,NA,NA,W,Y,3,0,1,1,A,-,08,22107,NA,N,E,I,A,A,H,-,C,D,0,NA,NA,NA,NA,Y,NA,A,07,0,1,0,0,0,0,0,0,0,-,-,34.154300689697266,-118.27500152587892,LOS ANGELES,GLENDALE,-118.27494049072266,34.15404510498047
90854781,2018,2018-11-07,9530,2018-10-26,1900,018385,NA,5,2,7,1942,0,1,1,NA,2,110,I-110 N/B (HAF) FROM REDONDO BEACH BLVD,REDONDO BEACH BLVD,150,S,N,A,-,Y,NA,NA,110,NA,NA,NA,R,NA,N,N,4,0,1,2,A,-,03,22350,NA,N,C,C,A,A,H,-,C,A,0,NA,NA,NA,NA,Y,NA,-,99,0,0,1,0,0,0,0,0,0,-,-,33.89213943481445,-118.28520965576172,LOS ANGELES,LOS ANGELES,-118.28520965576172,33.89213943481445
90854788,2018,2018-11-07,9530,2018-10-28,0950,020938,NA,7,1,5,1977,0,1,1,NA,2,410,I-405 N/B (SAN DIEGO FREEWAY),MCHELEN AVE,168,N,N,A,-,Y,NA,NA,405,NA,NA,NA,NA,NA,N,Y,4,0,1,2,A,-,07,21658,A,N,B,C,A,A,H,-,A,D,0,NA,NA,NA,Y,Y,NA,G,25,0,0,1,0,0,0,0,0,0,-,-,33.8254508972168,-118.22293090820313,LOS ANGELES,CARSON,-118.22293090820313,33.825347900390625
90854800,2018,2018-11-07,9545,2018-11-02,0830,018058,NA,5,1,6,1950,0,1,3,NA,2,021,SR-14 S/B ANTELOPE VALLEY FREEWAY,AVENUE N,1056,S,N,A,-,Y,NA,NA,14,NA,NA,NA,NA,NA,S,Y,4,0,2,1,A,-,08,22107,NA,N,E,I,A,A,H,-,A,D,0,NA,NA,NA,NA,Y,NA,A,08,0,0,2,0,0,0,0,0,0,-,-,34.62839889526367,-118.15352630615234,LOS ANGELES,PALMDALE,-118.15337371826172,34.62839889526367
90854808,2018,2018-11-07,9565,2018-10-25,1520,022104,NA,4,2,9,1900,0,3,5,NA,2,003,STOCKER STREET W/B,LA BREA AVE,185,W,N,A,-,N,NA,NA,NA,NA,NA,NA,NA,NA,NA,Y,4,0,1,2,A,-,03,22350,NA,N,C,C,A,A,H,-,A,D,0,NA,NA,NA,NA,Y,NA,A,01,0,0,1,0,0,0,0,0,0,-,-,33.9969482421875,-118.3586883544922,LOS ANGELES,UNINCORPORATED,-118.3585205078125,33.99689865112305
90854873,2018,2018-12-26,9550,2018-11-01,0925,015329,NA,4,1,5,1919,0,1,3,NA,2,092,STATE ROUTE 91 E/B (ARTESIA FREEWAY),BLOOMFIELD AVENUE,800,W,N,A,-,Y,NA,NA,91,NA,NA,NA,NA,NA,E,N,4,0,1,3,A,-,07,21658,A,N,C,C,A,A,H,-,A,D,0,NA,NA,NA,NA,Y,NA,A,07,0,0,1,0,0,0,0,0,0,-,-,33.875850677490234,-118.06522369384766,LOS ANGELES,CERRITOS,-118.0652084350586,33.875877380371094
90854881,2018,2018-11-07,9550,2018-10-28,1830,021977,NA,7,2,9,1900,0,3,5,NA,2,002,IMPERIAL HIGHWAY,SHOEMAKER AVENUE,55,E,N,A,-,N,NA,NA,NA,NA,NA,NA,NA,NA,NA,Y,4,0,3,3,A,-,08,22107,NA,N,B,C,A,A,H,-,C,D,0,NA,NA,NA,NA,Y,NA,A,07,0,0,3,0,0,0,0,0,0,-,-,33.91701889038086,-118.05496215820313,LOS ANGELES,UNINCORPORATED,-118.05506896972656,33.91703414916992
90854894,2018,2018-12-11,9565,2018-10-31,0940,019540,NA,3,1,7,1942,0,1,1,NA,2,082,I-10 W/B (SANTA MONICA FREEWAY),CENTINELA AVE,2000,W,N,A,-,Y,NA,NA,NA,NA,NA,NA,NA,NA,NA,Y,3,0,1,2,A,-,07,21658,A,N,C,C,A,A,H,-,A,D,0,NA,NA,Y,NA,Y,NA,A,01,0,1,0,0,0,0,0,0,1,-,-,34.02684020996094,-118.4604263305664,LOS ANGELES,LOS ANGELES,-118.45914459228516,34.02716064453125
90854899,2018,2018-11-07,9540,2018-10-29,0545,021349,NA,1,3,9,1900,0,2,4,NA,1,201,SIERRA HWY (14500 BLOCK),RUSH CANYON RD,3800,S,N,A,-,N,NA,NA,NA,NA,NA,NA,NA,NA,NA,Y,4,0,3,2,A,-,03,22350,NA,N,C,C,A,A,H,-,D,D,0,NA,NA,NA,NA,Y,NA,A,01,0,0,3,0,0,0,0,0,0,-,-,34.49003982543945,-118.38699340820313,LOS ANGELES,UNINCORPORATED,-118.38701629638672,34.49102020263672
90854901,2018,2018-11-07,9535,2018-10-29,1253,015797,NA,1,1,5,1948,0,1,1,NA,2,421,I-10 W/B (SAN BERNARDINO FWY),I-710,10,E,N,A,-,Y,NA,NA,NA,NA,NA,NA,NA,NA,NA,Y,3,0,2,3,A,-,03,22350,NA,N,C,C,A,A,H,-,A,D,0,NA,NA,NA,NA,Y,NA,A,01,0,1,1,0,0,0,0,0,0,-,-,34.03409957885742,-118.09539794921876,LOS ANGELES,MONTEREY PARK,-118.16526794433594,34.061256408691406
90854907,2018,2018-11-07,9535,2018-10-30,1150,016915,NA,2,1,4,1907,0,1,1,NA,2,072,I-710 N/B TO ATLANTIC BLVD,ATLANTIC BLVD,470,S,N,A,-,Y,NA,NA,710,NA,NA,NA,R,NA,N,N,4,0,1,2,A,-,03,22350,NA,N,C,C,A,A,H,-,A,D,0,NA,NA,NA,NA,Y,NA,A,07,0,0,1,0,0,0,0,0,0,-,-,33.99644088745117,-118.17665100097656,LOS ANGELES,BELL,-118.17665100097656,33.99644088745117
90854919,2018,2018-11-07,9540,2018-10-31,0910,021349,NA,3,1,7,1942,0,1,1,NA,1,501,I-5 S/B,ROXFORD ST,1600,S,N,A,-,Y,NA,NA,5,NA,NA,NA,NA,NA,S,Y,4,0,1,2,A,-,03,22350,NA,N,C,C,A,A,H,-,A,D,0,NA,NA,NA,NA,Y,NA,D,22,0,0,1,0,0,0,0,0,0,-,-,34.29949188232422,-118.47611236572266,LOS ANGELES,LOS ANGELES,-118.47608184814452,34.29951858520508
90854924,2018,2018-11-07,9535,2018-10-28,2040,020488,NA,7,2,9,1900,0,3,5,NA,2,002,OLYMPIC BLVD.,TELEGRAPH RD.,0,NA,Y,A,-,N,NA,NA,NA,NA,NA,NA,NA,NA,NA,Y,3,0,1,2,A,-,09,21801,A,N,D,C,A,A,H,-,A,A,0,NA,NA,NA,NA,Y,NA,A,01,0,1,0,0,0,0,0,0,0,-,-,34.01871109008789,-118.17723846435548,LOS ANGELES,UNINCORPORATED,-118.1772232055664,34.0189094543457
90854925,2018,2018-11-07,9535,2018-10-26,2250,021976,NA,5,3,4,1907,0,1,1,NA,2,072,I-710 (LONG BEACH FREEWAY) N/B,SLAUSON AVE U/P,540,S,N,A,-,Y,NA,NA,710,NA,NA,NA,NA,NA,N,N,4,0,2,3,A,-,03,22350,NA,M,C,C,A,A,H,-,C,D,0,NA,NA,NA,NA,Y,NA,A,01,0,0,2,0,0,0,0,0,0,-,-,33.98516082763672,-118.1688995361328,LOS ANGELES,BELL,-118.16886901855467,33.985172271728516
90854928,2018,2018-11-07,9550,2018-10-31,0850,015329,NA,3,1,3,1903,0,1,3,NA,2,091,STATE ROUTE 91 WESTBOUND,GRIDLEY ROAD,600,E,N,A,-,Y,NA,NA,91,NA,NA,NA,NA,NA,W,Y,4,0,2,3,A,-,03,22350,NA,N,C,C,A,A,H,-,A,D,0,NA,NA,NA,NA,Y,NA,A,01,0,0,2,0,0,0,0,0,0,-,-,33.87649154663086,-118.08992767333984,LOS ANGELES,ARTESIA,-118.08992767333984,33.876426696777344
90854942,2018,2019-07-16,9565,2018-10-26,2245,022014,NA,5,3,9,1900,0,2,4,NA,2,031,LA CIENEGA BLVD S/B,GORDON R. HAHN BRIDGE,100,S,N,B,-,N,NA,NA,NA,NA,NA,NA,NA,NA,NA,N,4,0,1,2,A,-,03,22350,NA,N,C,C,A,A,H,-,C,D,0,NA,NA,NA,NA,Y,NA,A,01,0,0,1,0,0,0,0,0,0,-,-,34.01177978515625,-118.37322235107422,LOS ANGELES,UNINCORPORATED,-118.37325286865234,34.012046813964844
90854962,2018,2018-11-07,9530,2018-10-28,0115,021642,NA,7,3,9,1900,0,3,5,NA,2,002,EL SEGUNDO BLVD. (2600 BLOCK),ALAMEDA ST.,296,W,N,E,-,N,NA,NA,NA,NA,NA,NA,NA,NA,NA,Y,3,0,1,3,A,-,01,23152,A,N,C,E,A,A,H,-,C,D,0,NA,NA,NA,NA,Y,Y,A,01,0,1,0,0,0,0,0,0,0,-,-,33.9161491394043,-118.22467041015624,LOS ANGELES,UNINCORPORATED,-118.22455596923828,33.91617202758789
90854993,2018,2018-11-07,9590,2018-11-02,1605,021622,NA,5,2,7,1942,0,1,1,NA,2,060,I-10 E/B (SANTA MONICA FREEWAY),6TH AVENUE,500,E,N,A,-,Y,NA,NA,10,NA,NA,NA,NA,NA,E,N,4,0,2,2,A,-,03,22350,NA,N,C,C,A,A,H,-,A,D,0,NA,NA,NA,NA,Y,NA,A,07,0,0,2,0,0,0,0,0,0,-,-,34.03593826293945,-118.3218994140625,LOS ANGELES,LOS ANGELES,-118.32191467285156,34.03602981567383
90855000,2018,2019-07-29,9535,2018-11-01,0850,017954,NA,4,1,9,1900,0,2,4,NA,2,022,OLYMPIC BLVD.,WILKINS AVE.,0,NA,Y,A,-,N,NA,NA,NA,NA,NA,NA,NA,NA,NA,N,4,0,1,2,A,-,09,21804,A,N,H,G,A,A,H,-,A,A,0,NA,Y,NA,NA,Y,NA,L,04,0,0,1,0,0,0,1,0,0,-,-,34.0188102722168,-118.17489624023438,LOS ANGELES,UNINCORPORATED,-118.17494964599608,34.0189094543457
90855021,2018,2018-11-07,9530,2018-10-26,0820,021493,NA,5,1,7,1942,0,1,1,NA,2,200,I-105 W/B (GLENN ANDERSON FWY),SAN PEDRO ST.,20,E,N,A,-,Y,NA,NA,105,NA,NA,NA,NA,NA,W,Y,4,0,1,2,A,-,07,21658,A,N,C,C,A,A,H,-,A,D,0,NA,NA,Y,NA,Y,NA,A,01,0,0,1,0,0,0,0,0,1,-,-,33.9276008605957,-118.26529693603516,LOS ANGELES,LOS ANGELES,-118.26529693603516,33.927650451660156
90855034,2018,2018-11-07,9530,2018-10-26,2000,022060,NA,5,2,9,1900,0,3,5,NA,2,001,WALNUT DR. (7200 BLOCK),FLORENCE AVE.,5,S,N,A,-,N,NA,NA,NA,NA,NA,NA,NA,NA,NA,N,4,0,1,2,A,-,09,21804,A,N,D,G,A,A,H,-,C,D,0,NA,Y,NA,NA,Y,NA,L,04,0,0,1,0,0,0,1,0,0,-,-,33.97454071044922,-118.23948669433594,LOS ANGELES,UNINCORPORATED,-118.23956298828124,33.97470474243164
90855040,2018,2018-11-07,9590,2018-11-06,0805,021040,NA,2,1,7,1942,0,1,1,NA,2,085,I-5 S/B (GOLDEN STATE FREEWAY),LOS FELIZ BLVD.,800,N,N,A,-,Y,NA,NA,5,NA,NA,NA,NA,NA,S,N,4,0,1,2,A,-,03,22350,NA,N,C,C,A,A,H,-,A,D,0,NA,NA,NA,NA,Y,NA,A,07,0,0,1,0,0,0,0,0,0,-,-,34.1274299621582,-118.27369689941406,LOS ANGELES,LOS ANGELES,-118.27366638183594,34.12744140625
90855044,2018,2018-11-07,9540,2018-10-28,0345,015381,NA,7,3,6,1985,0,1,1,NA,2,506,I-5 N/B (GOLDEN STATE FREEWAY),LYONS AVE.,2640,S,N,A,-,Y,NA,NA,5,NA,NA,NA,NA,NA,N,Y,3,0,2,1,A,-,01,23152,A,N,E,I,A,A,D,-,C,D,0,NA,NA,NA,NA,Y,Y,A,01,0,2,0,0,0,0,0,0,0,-,-,34.371578216552734,-118.56063079833984,LOS ANGELES,SANTA CLARITA,-118.56075286865234,34.37150192260742
90855055,2018,2018-11-07,9590,2018-11-06,0820,021040,NA,2,1,7,1942,0,1,3,NA,2,095,SR-2 W/B (GLENDALE FREEWAY),ESTARA AVENUE,600,E,N,A,-,Y,NA,NA,2,NA,NA,NA,NA,NA,W,N,4,0,2,2,A,-,03,22350,NA,N,C,C,A,A,H,-,A,D,0,NA,NA,NA,NA,Y,NA,A,07,0,0,2,0,0,0,0,0,0,-,-,34.11629104614258,-118.2384796142578,LOS ANGELES,LOS ANGELES,-118.23846435546876,34.11626434326172
90855076,2018,2018-11-07,9550,2018-11-02,0615,019939,NA,5,1,6,1949,0,1,1,NA,2,501,INTERSTATE 5 (SANTA ANA FREEWAY) S/B,SHOEMAKER AVENUE,150,N,N,A,-,Y,NA,NA,5,NA,NA,NA,NA,NA,S,Y,4,0,1,3,A,-,03,22350,NA,N,C,C,A,A,H,-,C,D,0,NA,NA,NA,NA,Y,NA,A,07,0,0,1,0,0,0,0,0,0,-,-,33.89878845214844,-118.05619049072266,LOS ANGELES,NORWALK,-118.05620574951172,33.898765563964844
90855088,2018,2018-11-07,9540,2018-10-28,1758,021820,NA,7,2,6,1985,0,1,3,NA,1,145,SR-14 S/B (ANTELOPE VALLEY FREEWAY),SAND CANYON ROAD,2640,S,N,A,-,Y,NA,NA,14,NA,NA,NA,NA,NA,S,Y,3,0,1,1,A,-,08,22107,NA,N,E,I,A,A,H,-,D,D,0,NA,NA,NA,NA,Y,Y,D,22,0,1,0,0,0,0,0,0,0,-,-,34.42203903198242,-118.43099975585938,LOS ANGELES,SANTA CLARITA,-118.43094635009766,34.42192459106445
90855121,2018,2018-11-07,9525,2018-10-27,1607,020719,NA,6,2,1,1934,0,1,1,NA,2,214,I-210 E/B (FOOTHILL FWY),I-605 N/B (SAN GABRIEL RIVER FWY),2640,E,N,A,-,Y,NA,NA,210,NA,NA,NA,NA,NA,E,Y,3,0,1,2,A,-,03,22350,NA,N,B,C,A,A,H,-,A,D,0,NA,NA,Y,NA,Y,NA,C,02,0,1,0,0,0,0,0,0,1,-,-,34.13174819946289,-117.94902801513672,LOS ANGELES,IRWINDALE,-117.94906616210938,34.13165283203125