CASE_ID,ACCIDENT_YEAR,PROC_DATE,JURIS,COLLISION_DATE,COLLISION_TIME,OFFICER_ID,REPORTING_DISTRICT,DAY_OF_WEEK,CHP_SHIFT,POPULATION,CNTY_CITY_LOC,SPECIAL_COND,BEAT_TYPE,CHP_BEAT_TYPE,CITY_DIVISION_LAPD,CHP_BEAT_CLASS,BEAT_NUMBER,PRIMARY_RD,SECONDARY_RD,DISTANCE,DIRECTION,INTERSECTION,WEATHER_1,WEATHER_2,STATE_HWY_IND,CALTRANS_COUNTY,CALTRANS_DISTRICT,STATE_ROUTE,ROUTE_SUFFIX,POSTMILE_PREFIX,POSTMILE,LOCATION_TYPE,RAMP_INTERSECTION,SIDE_OF_HWY,TOW_AWAY,COLLISION_SEVERITY,NUMBER_KILLED,NUMBER_INJURED,PARTY_COUNT,PRIMARY_COLL_FACTOR,PCF_CODE_OF_VIOL,PCF_VIOL_CATEGORY,PCF_VIOLATION,PCF_VIOL_SUBSECTION,HIT_AND_RUN,TYPE_OF_COLLISION,MVIW,PED_ACTION,ROAD_SURFACE,ROAD_COND_1,ROAD_COND_2,LIGHTING,CONTROL_DEVICE,CHP_ROAD_TYPE,PEDESTRIAN_ACCIDENT,BICYCLE_ACCIDENT,MOTORCYCLE_ACCIDENT,TRUCK_ACCIDENT,NOT_PRIVATE_PROPERTY,ALCOHOL_INVOLVED,STWD_VEHTYPE_AT_FAULT,CHP_VEHTYPE_AT_FAULT,COUNT_SEVERE_INJ,COUNT_VISIBLE_INJ,COUNT_COMPLAINT_PAIN,COUNT_PED_KILLED,COUNT_PED_INJURED,COUNT_BICYCLIST_KILLED,COUNT_BICYCLIST_INJURED,COUNT_MC_KILLED,COUNT_MC_INJURED,PRIMARY_RAMP,SECONDARY_RAMP,LATITUDE,LONGITUDE,COUNTY,CITY,POINT_X,POINT_Y
90857149,2018,2018-11-09,9535,2018-04-14,1550,021131,NA,6,2,5,1901,0,1,1,NA,2,421,I-10 (SAN BERNARDINO FREEWAY) W/B,WARWICK ROAD PEDESTRIAN OVERCROSSING,499,W,N,A,-,Y,NA,NA,10,NA,NA,NA,NA,NA,W,Y,1,1,0,2,A,-,08,22107,NA,N,E,I,A,A,H,-,A,D,0,NA,NA,Y,NA,Y,NA,C,02,0,0,0,0,0,0,0,1,0,-,-,34.06420135498047,-118.1593017578125,LOS ANGELES,ALHAMBRA,-118.15932464599608,34.06427764892578
9085715,2020,2020-07-28,1942,2020-04-29,1445,39048,1098,3,5,7,1942,0,0,0,J,0,8A13,MULHOLLAND DR,ELVIDO DR,60,E,N,A,-,N,NA,NA,NA,NA,NA,NA,NA,NA,NA,N,4,0,1,2,A,-,04,21703,NA,F,C,C,A,A,H,-,A,D,0,NA,NA,NA,NA,Y,NA,-,99,0,0,1,0,0,0,0,0,0,-,-,NA,NA,LOS ANGELES,LOS ANGELES,-118.48979949951172,34.13058853149414
9085716,2020,2020-07-28,1942,2020-04-28,0700,40937,1029,2,5,7,1942,0,0,0,J,0,10A39,HASKELL AV,SHERMAN WY,0,NA,Y,A,-,N,NA,NA,NA,NA,NA,NA,NA,NA,NA,N,4,0,1,2,A,-,08,22107,NA,F,B,C,A,A,H,-,A,D,0,NA,NA,NA,NA,Y,NA,-,99,0,0,1,0,0,0,0,0,0,-,-,NA,NA,LOS ANGELES,LOS ANGELES,-118.47489166259766,34.20125961303711
9085717,2020,2020-07-28,1942,2020-04-25,2210,43133,1832,6,5,7,1942,0,0,0,R,0,18A41,W 106TH ST,S BROADWAY,0,NA,Y,A,-,N,NA,NA,NA,NA,NA,NA,NA,NA,NA,Y,2,0,2,3,A,-,09,21802,A,N,D,C,A,A,H,-,C,A,0,NA,NA,Y,NA,Y,NA,A,01,1,1,0,0,0,0,0,0,1,-,-,NA,NA,LOS ANGELES,LOS ANGELES,-118.27838134765624,33.94010925292969
90857175,2018,2018-11-09,9525,2018-11-08,1205,018505,NA,4,1,6,1975,0,1,1,NA,2,103,I-10 W/B (SAN BERNARDINO FWY),PUENTE AVE,528,E,N,A,-,Y,NA,NA,10,NA,NA,NA,NA,NA,W,N,3,0,2,2,A,-,07,21658,A,N,B,C,A,A,D,E,A,D,0,NA,NA,NA,NA,Y,NA,A,07,0,2,0,0,0,0,0,0,0,-,-,34.070491790771484,-117.95990753173828,LOS ANGELES,WEST COVINA,-117.95990753173828,34.07049560546875
9085718,2020,2020-07-28,1942,2020-04-21,0920,35393,1822,2,5,7,1942,0,0,0,R,0,25TL21,CENTURY BL,BROADWAY,0,NA,Y,A,-,N,NA,NA,NA,NA,NA,NA,NA,NA,NA,N,4,0,2,2,A,-,12,21453,A,N,D,C,A,A,H,-,A,A,0,NA,NA,NA,NA,Y,NA,A,01,0,0,2,0,0,0,0,0,0,-,-,NA,NA,LOS ANGELES,LOS ANGELES,-118.27838897705078,33.94554901123047
9085719,2020,2020-07-28,1942,2020-04-23,0915,35393,1862,4,5,7,1942,0,0,0,R,0,25T21,119TH ST,MAIN ST,0,NA,Y,A,-,N,NA,NA,NA,NA,NA,NA,NA,NA,NA,N,4,0,2,2,A,-,09,21802,A,M,B,C,A,A,H,-,A,A,0,NA,NA,NA,NA,Y,NA,A,01,0,0,2,0,0,0,0,0,0,-,-,NA,NA,LOS ANGELES,LOS ANGELES,-118.2739028930664,33.9246711730957
90857197,2018,2018-11-09,9575,2018-11-06,1130,021302,NA,2,1,9,1900,0,2,4,NA,2,014,MONTROSE AVE,DEL MAR RD,75,W,N,A,-,N,NA,NA,NA,NA,NA,NA,NA,NA,NA,Y,4,0,1,2,A,-,07,21658,A,N,B,C,A,A,H,-,A,D,0,NA,NA,NA,NA,Y,NA,A,01,0,0,1,0,0,0,0,0,0,-,-,34.2105598449707,-118.23101806640624,LOS ANGELES,UNINCORPORATED,-118.23101043701172,34.21053695678711
9085720,2020,2020-07-28,1942,2020-04-23,1030,37146,1827,4,5,7,1942,0,0,0,R,0,25T23,GRAHAM AV,92ND ST,0,NA,Y,A,-,N,NA,NA,NA,NA,NA,NA,NA,NA,NA,Y,3,0,2,2,A,-,09,21802,A,N,D,C,A,A,H,-,A,A,0,NA,NA,NA,NA,Y,NA,A,01,0,1,1,0,0,0,0,0,0,-,-,NA,NA,LOS ANGELES,LOS ANGELES,-118.24302673339844,33.953269958496094
90857209,2018,2018-11-09,9530,2018-10-31,1610,022030,NA,3,2,7,1942,0,1,1,NA,2,200,I-105 E/B TO CENTRAL AVENUE,CENTRAL AVE.,60,W,N,A,-,Y,NA,NA,105,NA,NA,NA,R,NA,E,N,4,0,1,2,A,-,21,22106,NA,N,C,C,A,A,H,-,A,A,0,NA,NA,NA,NA,Y,NA,D,22,0,0,1,0,0,0,0,0,0,-,-,33.92747116088867,-118.25457000732422,LOS ANGELES,LOS ANGELES,-118.25457000732422,33.92747116088867
90857210,2018,2018-11-09,9575,2018-10-30,1845,020182,NA,2,2,6,1912,0,1,1,NA,2,051,I-5 N/B (GOLDEN STATE FREEWAY),BURBANK BLVD.,200,N,N,A,-,Y,NA,NA,5,NA,NA,NA,NA,NA,N,Y,3,0,1,2,A,-,07,21658,A,N,B,C,A,A,H,-,D,D,0,NA,NA,Y,NA,Y,NA,A,01,0,1,0,0,0,0,0,0,1,-,-,34.186370849609375,-118.31922912597656,LOS ANGELES,BURBANK,-118.31922912597656,34.186370849609375
90857220,2018,2018-11-09,9575,2018-11-06,0825,017354,NA,2,1,7,1942,0,1,3,NA,2,043,SR-134 E/B (VENTURA FREEWAY),FOREST LAWN DR. U/C,900,E,N,A,-,Y,NA,NA,134,NA,NA,NA,NA,NA,E,Y,4,0,2,2,A,-,03,22350,NA,N,C,C,A,A,H,-,A,D,0,NA,NA,NA,NA,Y,NA,A,01,0,0,2,0,0,0,0,0,0,-,-,34.155609130859375,-118.30792236328124,LOS ANGELES,LOS ANGELES,-118.3079071044922,34.15556716918945
90857226,2018,2018-11-09,9575,2018-11-06,0825,018762,NA,2,1,7,1942,0,1,3,NA,2,041,SR-134 W/B (VENTURA FREEWAY),SR-2 E/B (GLENDALE FREEWAY),1056,E,N,A,-,Y,NA,NA,134,NA,NA,NA,NA,NA,W,N,4,0,1,3,A,-,03,22350,NA,N,C,C,A,A,H,-,A,D,0,NA,NA,NA,NA,Y,NA,D,22,0,0,1,0,0,0,0,0,0,-,-,34.14548873901367,-118.22080230712892,LOS ANGELES,LOS ANGELES,-118.22080230712892,34.1454963684082
90857272,2018,2018-11-09,9580,2018-11-05,1600,020728,NA,1,2,7,1942,0,1,2,NA,2,105,US-101 S/B (VENTURA FREEWAY),TAMPA AVE,400,S,N,A,-,Y,NA,NA,101,NA,NA,NA,NA,NA,S,Y,4,0,1,2,A,-,03,22350,NA,N,C,C,A,A,H,-,A,D,0,NA,NA,NA,NA,Y,NA,A,01,0,0,1,0,0,0,0,0,0,-,-,34.17338180541992,-118.5486297607422,LOS ANGELES,LOS ANGELES,-118.5486297607422,34.17338943481445
90857274,2018,2018-11-09,9550,2018-11-07,1345,021311,NA,3,1,9,1900,0,1,3,NA,2,601,SR-60 (POMONA FWY) W/B,TURNBULL CANYON ROAD,1000,E,N,A,-,Y,NA,NA,60,NA,NA,NA,NA,NA,W,Y,4,0,1,2,A,-,03,22350,NA,N,C,C,A,A,H,-,A,D,0,NA,NA,NA,NA,Y,NA,A,07,0,0,1,0,0,0,0,0,0,-,-,34.01018142700195,-117.97476196289064,LOS ANGELES,UNINCORPORATED,-117.97475433349608,34.010189056396484
90857297,2018,2018-11-09,9565,2018-11-05,0600,016943,NA,1,1,9,1900,0,1,1,NA,2,012,I-105 W/B(CENTURY FWY),NORMANDIE AVE.,100,E,N,A,-,Y,NA,NA,105,NA,NA,NA,NA,NA,W,N,4,0,1,2,A,-,03,22350,NA,N,C,C,A,A,H,-,A,D,0,NA,NA,NA,NA,Y,NA,A,01,0,0,1,0,0,0,0,0,0,-,-,33.92741012573242,-118.30001068115234,LOS ANGELES,UNINCORPORATED,-118.30007934570313,33.9277229309082
90857300,2018,2018-11-09,9565,2018-11-05,1204,017713,NA,1,1,5,1965,0,1,1,NA,2,081,I-10 W/B (SANTA MONICA FREEWAY),11TH ST,30,E,N,A,-,Y,NA,NA,10,NA,NA,NA,NA,NA,W,Y,3,0,2,3,A,-,03,22350,NA,N,C,C,A,A,H,-,A,D,0,NA,NA,NA,NA,Y,NA,A,08,0,2,0,0,0,0,0,0,0,-,-,34.01704025268555,-118.4826889038086,LOS ANGELES,SANTA MONICA,-118.482666015625,34.01700210571289
90857315,2018,2018-11-09,9565,2018-11-05,1821,019138,NA,1,2,7,1942,0,1,1,NA,2,062,I-405 SB (SAN DIEGO FREEWAY),NATIONAL BLVD,150,N,N,A,-,Y,NA,NA,405,NA,NA,NA,NA,NA,S,N,4,0,1,2,A,-,03,22350,NA,N,C,C,A,A,H,-,C,D,0,NA,NA,NA,NA,Y,NA,A,01,0,0,1,0,0,0,0,0,0,-,-,34.027259826660156,-118.43047332763672,LOS ANGELES,LOS ANGELES,-118.43049621582033,34.02723693847656
90857330,2018,2018-11-09,9565,2018-11-05,1440,020958,NA,1,2,5,1965,0,1,1,NA,2,081,I-10 EASTBOUND (SANTA MONICA FREEWAY),CENTINELA AVENUE,300,W,N,A,-,Y,NA,NA,10,NA,NA,NA,NA,NA,E,N,4,0,1,2,A,-,03,22350,NA,N,C,C,A,A,H,-,A,D,0,NA,NA,NA,NA,Y,NA,A,01,0,0,1,0,0,0,0,0,0,-,-,34.02764892578125,-118.45355224609376,LOS ANGELES,SANTA MONICA,-118.45355224609376,34.02763748168945
90857333,2018,2018-11-09,9565,2018-11-05,1800,021575,NA,1,2,4,1918,0,1,1,NA,2,061,I-405 SOUTHBOUND TO SAWTELLE BOULEVARD,WASHINGTON BOULEVARD,300,S,N,A,-,Y,NA,NA,405,NA,NA,NA,R,NA,S,Y,4,0,2,4,A,-,03,22350,NA,N,C,C,A,A,H,-,C,D,0,NA,NA,NA,NA,Y,NA,A,01,0,0,2,0,0,0,0,0,0,-,-,34.00489044189453,-118.41310119628906,LOS ANGELES,CULVER CITY,-118.41310119628906,34.00489044189453
90857347,2018,2018-11-09,9565,2018-11-06,1900,021575,NA,2,2,5,1965,0,1,1,NA,2,081,I-10 EASTBOUND (SANTA MONICA FREEWAY),STEWART STREET,400,E,N,A,-,Y,NA,NA,10,NA,NA,NA,NA,NA,E,Y,4,0,1,3,A,-,03,22350,NA,M,C,C,A,A,H,-,C,D,0,NA,NA,NA,NA,Y,NA,A,01,0,0,1,0,0,0,0,0,0,-,-,34.02655029296875,-118.46143341064452,LOS ANGELES,SANTA MONICA,-118.46141052246094,34.02647399902344
90857383,2018,2018-11-09,9580,2018-11-07,1610,021627,NA,3,2,7,1942,0,1,2,NA,2,103,US-101 S/B (VENTURA FREEWAY),I-405 S/B (SAN DIEGO FWY),1056,N,N,A,-,Y,NA,NA,101,NA,NA,NA,NA,NA,S,Y,4,0,1,2,A,-,03,22350,NA,N,C,C,A,A,H,-,A,D,0,NA,NA,NA,NA,Y,NA,A,01,0,0,1,0,0,0,0,0,0,-,-,34.16231918334961,-118.47171020507813,LOS ANGELES,LOS ANGELES,-118.47169494628906,34.162330627441406
90857478,2018,2018-11-09,9530,2018-10-31,1950,021871,NA,3,2,7,1942,0,1,1,NA,2,400,I-405 S/B (SAN DIEGO FREEWAY),NORMANDIE AVE.,1000,N,N,A,-,Y,NA,NA,NA,NA,NA,NA,NA,NA,NA,N,4,0,1,3,A,-,03,22350,NA,N,C,C,A,A,H,-,D,D,0,NA,NA,NA,NA,Y,NA,A,01,0,0,1,0,0,0,0,0,0,-,-,33.8585090637207,-118.30143737792967,LOS ANGELES,LOS ANGELES,-118.29924011230467,33.8597297668457
90857500,2018,2018-11-09,9565,2018-11-04,1800,020958,NA,7,2,7,1942,0,1,1,NA,2,063,I-405 SOUTHBOUND (SAN DIEGO FREEWAY),SUNSET BOULEVARD,860,S,N,A,-,Y,NA,NA,405,NA,NA,NA,NA,NA,S,N,4,0,1,2,A,-,03,22350,NA,N,C,C,A,A,H,-,C,D,0,NA,NA,NA,NA,Y,NA,D,22,0,0,1,0,0,0,0,0,0,-,-,34.070701599121094,-118.46510314941406,LOS ANGELES,LOS ANGELES,-118.4650650024414,34.07073211669922
90857604,2018,2018-11-09,9550,2018-10-30,1615,020974,NA,2,2,9,1900,0,3,5,NA,2,005,PATHFINDER ROAD,PATHFINDER PARK,0,NA,Y,A,-,Y,NA,NA,NA,NA,NA,NA,NA,NA,NA,Y,4,0,3,3,A,-,17,21451,A,N,A,C,A,A,H,-,A,A,0,NA,NA,NA,NA,Y,NA,A,01,0,0,3,0,0,0,0,0,0,-,-,33.96791076660156,-117.91203308105467,LOS ANGELES,UNINCORPORATED,-117.86699676513672,33.97127914428711
90857625,2018,2018-11-09,9550,2018-11-08,1225,015746,NA,4,1,9,1900,0,2,4,NA,1,051,NOGALES STREET,SR60EB TO NOGALES STREET,0,NA,Y,A,-,N,NA,NA,NA,NA,NA,NA,NA,NA,NA,N,4,0,1,2,A,-,12,21453,A,N,D,C,A,A,H,-,A,A,0,NA,NA,NA,NA,Y,NA,A,08,0,0,1,0,0,0,0,0,0,-,-,33.99290084838867,-117.88880157470705,LOS ANGELES,UNINCORPORATED,-117.888772,33.992886
9085776,2020,2020-09-11,1900,2020-04-11,1520,609138,2628,6,5,6,1950,0,0,0,NA,0,263T1,47TH ST EAST,BARREL SPRINGS RD,0,NA,Y,A,-,N,NA,NA,NA,NA,NA,NA,NA,NA,NA,Y,3,0,3,2,A,-,03,22350,NA,N,D,C,A,A,H,-,A,A,0,NA,NA,NA,NA,Y,NA,A,07,0,1,2,0,0,0,0,0,0,-,-,34.52177810668945,-118.04522705078124,LOS ANGELES,PALMDALE,-118.04519653320313,34.521820068359375
9085777,2020,2020-08-10,1900,2020-04-14,1728,60M85,2612,2,5,6,1950,0,0,0,NA,0,262T1,RANCHO VISTA BL,15TH ST WEST,0,NA,Y,A,-,N,NA,NA,NA,NA,NA,NA,NA,NA,NA,Y,4,0,3,3,A,-,12,21453,A,N,D,D,A,A,H,-,B,A,0,NA,NA,NA,NA,Y,NA,A,08,0,0,3,0,0,0,0,0,0,-,-,34.60169982910156,-118.15660095214844,LOS ANGELES,PALMDALE,-118.15657,34.60176
9085778,2020,2020-08-04,1900,2020-04-15,0619,648000,2608,3,5,6,1950,0,0,0,NA,0,261T1,AVE S,25TH ST EAST,0,NA,Y,A,-,N,NA,NA,NA,NA,NA,NA,NA,NA,NA,N,4,0,1,2,A,-,03,22350,NA,N,C,C,A,A,H,-,A,A,0,NA,NA,NA,NA,Y,NA,A,07,0,0,1,0,0,0,0,0,0,-,-,34.558101654052734,-118.08470153808594,LOS ANGELES,PALMDALE,-118.08489227294922,34.55807876586914
9085779,2020,2020-08-04,1900,2020-04-11,2043,625597,2607,6,5,6,1950,0,0,0,NA,0,264T1,AVE S,EAST 51TH ST,0,NA,Y,A,-,N,NA,NA,NA,NA,NA,NA,NA,NA,NA,N,4,0,1,2,A,-,09,21801,A,N,D,C,A,A,H,-,C,D,0,NA,NA,Y,NA,Y,NA,A,01,0,0,1,0,0,0,0,0,1,-,-,34.558109283447266,-118.03864288330078,LOS ANGELES,PALMDALE,-118.038622,34.558182
9085780,2020,2020-08-04,1900,2020-04-03,2143,603351,0454,5,5,6,1949,0,0,0,NA,0,431T1,BLOOMFIELD AV,CIVIC CENTER DR,6,N,N,A,-,N,NA,NA,NA,NA,NA,NA,NA,NA,NA,N,4,0,1,2,A,-,11,21453,D,N,G,B,B,A,H,-,C,A,0,Y,NA,NA,NA,Y,NA,N,60,0,0,1,0,1,0,0,0,0,-,-,NA,NA,LOS ANGELES,NORWALK,-118.06465911865234,33.91462707519531
9085781,2020,2020-07-30,1942,2020-04-14,1450,43181,LOSAN,2,5,7,1942,0,0,0,NA,0,1401,NATIONAL BL,BARRINGTON AV,0,NA,Y,A,-,N,NA,NA,NA,NA,NA,NA,NA,NA,NA,Y,4,0,1,2,A,-,09,21800,NA,N,A,C,A,A,H,-,A,A,0,NA,NA,NA,NA,Y,NA,A,07,0,0,1,0,0,0,0,0,0,-,-,NA,NA,LOS ANGELES,LOS ANGELES,-118.43865203857422,34.02265930175781
9085782,2020,2020-07-30,1942,2020-04-11,2210,42937,1476,6,5,7,1942,0,0,0,N,0,14A26,SEPULVEDA BL,MANCHESTER AV,0,NA,Y,A,-,N,NA,NA,NA,NA,NA,NA,NA,NA,NA,Y,4,0,2,2,D,-,00,NA,NA,N,B,C,A,A,H,-,C,A,0,NA,NA,NA,NA,Y,NA,-,-,0,0,2,0,0,0,0,0,0,-,-,NA,NA,LOS ANGELES,LOS ANGELES,-118.39623260498048,33.95991897583008
9085783,2020,2020-07-30,1942,2020-04-17,1930,38090,2025,5,5,7,1942,0,0,0,NA,0,20A25,S KENMORE AV,W 4TH ST,0,NA,Y,A,-,N,NA,NA,NA,NA,NA,NA,NA,NA,NA,N,4,0,1,2,A,-,17,21228,NA,N,B,C,A,A,H,-,B,A,0,NA,NA,Y,NA,Y,NA,C,03,0,0,1,0,0,0,0,0,1,-,-,NA,NA,LOS ANGELES,LOS ANGELES,-118.29663848876952,34.06721878051758
9085784,2020,2020-07-30,1942,2020-04-11,1230,44006,2064,6,5,7,1942,0,0,0,NA,0,20A16,PICO AV,NORMANDIE,0,NA,Y,A,-,N,NA,NA,NA,NA,NA,NA,NA,NA,NA,N,4,0,1,2,A,-,10,21950,A,F,G,B,B,A,H,-,A,A,0,Y,NA,NA,NA,Y,NA,-,99,0,0,1,0,1,0,0,0,0,-,-,NA,NA,LOS ANGELES,LOS ANGELES,-118.3000030517578,34.0472412109375
9085785,2020,2020-07-30,1942,2020-04-11,1955,39262,2019,6,5,7,1942,0,0,0,NA,0,20A1,TEMPLE ST,SILVERLAKE BL,0,NA,Y,A,-,N,NA,NA,NA,NA,NA,NA,NA,NA,NA,Y,3,0,1,2,A,-,09,21801,A,N,D,C,A,A,H,-,B,D,0,NA,NA,NA,NA,Y,NA,A,01,0,1,0,0,0,0,0,0,0,-,-,NA,NA,LOS ANGELES,LOS ANGELES,-118.2868194580078,34.076351165771484
9085786,2020,2020-07-30,1942,2020-04-13,1310,37715,2071,1,5,7,1942,0,0,0,NA,0,20A71,S WESTERN AV,W 15TH ST,130,S,N,A,-,N,NA,NA,NA,NA,NA,NA,NA,NA,NA,N,4,0,1,2,A,-,03,22350,NA,F,C,C,A,A,H,-,A,D,0,NA,NA,NA,NA,Y,NA,-,99,0,0,1,0,0,0,0,0,0,-,-,NA,NA,LOS ANGELES,LOS ANGELES,-118.3090362548828,34.04498291015625
90857890,2018,2018-11-12,9590,2018-11-03,1825,021622,NA,6,2,7,1942,0,1,1,NA,2,062,I-10 E/B (SANTA MONICA FREEWAY),HOOVER STREET,150,E,N,A,-,Y,NA,NA,10,NA,NA,NA,NA,NA,E,Y,4,0,1,2,A,-,07,21658,A,N,B,C,A,A,H,-,C,D,0,NA,NA,Y,NA,Y,NA,A,01,0,0,1,0,0,0,0,0,1,-,-,34.03718948364258,-118.28330230712892,LOS ANGELES,LOS ANGELES,-118.28330230712892,34.03718948364258
90857922,2018,2018-11-12,9530,2018-10-19,1515,020956,NA,5,2,9,1900,0,3,5,NA,2,001,COMPTON AVE.,62ND ST,0,NA,Y,A,-,N,NA,NA,NA,NA,NA,NA,NA,NA,NA,Y,3,0,3,3,A,-,09,21801,A,N,D,C,A,A,H,-,A,D,0,NA,NA,NA,NA,Y,NA,A,01,0,3,0,0,0,0,0,0,0,-,-,33.5918083190918,-118.14515686035156,LOS ANGELES,UNINCORPORATED,-118.24774169921876,33.98387145996094
90857943,2018,2018-11-12,9530,2018-11-01,1250,021089,NA,4,1,9,1900,0,3,5,NA,2,002,MAIN ST. (15000 BLOCK),ALONDRA BLVD.,400,N,N,A,-,N,NA,NA,NA,NA,NA,NA,NA,NA,NA,N,4,0,1,4,A,-,03,22350,NA,N,C,E,A,A,H,-,A,D,0,NA,NA,NA,NA,Y,NA,D,22,0,0,1,0,0,0,0,0,0,-,-,33.88703918457031,-118.2761001586914,LOS ANGELES,UNINCORPORATED,-118.27597808837892,33.886817932128906
90857955,2018,2018-11-12,9530,2018-11-02,1515,017860,NA,5,2,7,1941,0,1,1,NA,2,430,I-405 S/B (SAN DIEGO FREEWAY),BELLFLOWER BLVD.,450,S,N,A,-,Y,NA,NA,405,NA,NA,NA,NA,NA,S,N,4,0,1,3,A,-,03,22350,NA,N,C,C,A,A,H,-,A,D,0,NA,NA,NA,NA,Y,NA,D,22,0,0,1,0,0,0,0,0,0,-,-,33.80247116088867,-118.12362670898438,LOS ANGELES,LONG BEACH,-118.12362670898438,33.80264663696289
90857965,2018,2018-11-12,9530,2018-11-02,2015,018200,NA,5,2,7,1941,0,1,1,NA,2,072,I-710 S/B (LONG BEACH FREEWAY),CARSON ST.,390,S,N,A,-,Y,NA,NA,710,NA,NA,NA,NA,NA,S,Y,4,0,1,3,A,-,03,22350,NA,N,C,C,A,A,H,-,C,D,0,NA,NA,NA,NA,Y,NA,A,01,0,0,1,0,0,0,0,0,0,-,-,33.83066940307617,-118.20890808105467,LOS ANGELES,LONG BEACH,-118.208740234375,33.83070373535156
90857990,2018,2018-11-12,9590,2018-11-08,1050,013179,NA,4,1,7,1942,0,1,1,NA,2,065,I-10 W/B (SANTA MONICA FREEWAY),CENTRAL AVENUE,250,W,N,A,-,Y,NA,NA,10,NA,NA,NA,NA,NA,W,N,4,0,1,3,A,-,03,22350,NA,N,C,C,A,A,H,-,A,D,0,NA,NA,NA,Y,Y,NA,F,26,0,0,1,0,0,0,0,0,0,-,-,34.02743148803711,-118.25170135498048,LOS ANGELES,LOS ANGELES,-118.25172424316406,34.027381896972656
90857991,2018,2018-11-12,9590,2018-11-10,0955,021040,NA,6,1,7,1942,0,1,1,NA,2,082,I-5 N/B (GOLDEN STATE FREEWAY),RIVERSIDE DRIVE,500,N,N,A,-,Y,NA,NA,5,NA,NA,NA,NA,NA,N,Y,4,0,2,2,A,-,03,22350,NA,N,C,C,A,A,H,-,A,D,0,NA,NA,NA,NA,Y,NA,A,01,0,0,2,0,0,0,0,0,0,-,-,34.08842849731445,-118.23609924316406,LOS ANGELES,LOS ANGELES,-118.23611450195313,34.08841323852539
90858009,2018,2018-11-12,9530,2018-11-05,0615,020427,NA,1,1,5,1915,0,1,3,NA,2,310,SR-91 E/B (ARTESIA FREEWAY),WILMINGTON AVE.,550,E,N,A,-,Y,NA,NA,91,NA,NA,NA,NA,NA,E,Y,4,0,2,1,A,-,08,22107,NA,N,E,I,A,A,H,-,B,D,0,NA,NA,NA,NA,Y,NA,A,01,0,0,2,0,0,0,0,0,0,-,-,33.87376022338867,-118.2339096069336,LOS ANGELES,COMPTON,-118.2339096069336,33.87367630004883
90858022,2018,2018-11-12,9530,2018-11-06,0815,014654,NA,2,1,7,1941,0,1,1,NA,2,420,I-405 N/B (SAN DIEGO FREEWAY),CHERRY AVE.,100,S,N,A,-,Y,NA,NA,405,NA,NA,NA,NA,NA,N,N,4,0,2,4,A,-,03,22350,NA,N,C,C,A,A,H,-,A,D,0,NA,NA,NA,NA,Y,NA,A,01,0,0,2,0,0,0,0,0,0,-,-,33.81346893310547,-118.1669464111328,LOS ANGELES,LONG BEACH,-118.1669692993164,33.81340789794922
9085803,2020,2020-07-30,1942,2020-04-09,2225,43332,2097,4,5,7,1942,0,0,0,NA,0,20A45,WASHINGTON BL,ARLINGTON AV,0,NA,Y,C,-,N,NA,NA,NA,NA,NA,NA,NA,NA,NA,Y,3,0,1,3,A,-,09,21801,A,N,D,C,A,B,H,-,C,A,0,NA,NA,NA,NA,Y,NA,A,01,0,1,0,0,0,0,0,0,0,-,-,NA,NA,LOS ANGELES,LOS ANGELES,-118.31773376464844,34.03989028930664
90858033,2018,2018-11-12,9530,2018-11-06,0915,014701,NA,2,1,7,1941,0,1,1,NA,2,430,I-405 S/B (SAN DIEGO FREEWAY),STUDEBAKER RD.,528,N,N,A,-,Y,NA,NA,405,NA,NA,NA,NA,NA,S,Y,4,0,1,2,A,-,03,22350,NA,N,C,C,A,A,H,-,A,D,0,NA,NA,NA,NA,Y,NA,A,07,0,0,1,0,0,0,0,0,0,-,-,33.78960037231445,-118.09822082519533,LOS ANGELES,LONG BEACH,-118.09825134277344,33.78955841064453
90858039,2018,2018-11-12,9530,2018-11-06,1015,020427,NA,2,1,7,1942,0,1,1,NA,2,400,I-405 S/B (SAN DIEGO FREEWAY),VERMONT AVE.,50,N,N,A,-,Y,NA,NA,405,NA,NA,NA,NA,NA,S,Y,4,0,1,2,A,-,03,22350,NA,N,C,C,A,A,H,-,A,D,0,NA,NA,NA,NA,Y,NA,A,07,0,0,1,0,0,0,0,0,0,-,-,33.85934066772461,-118.29084777832033,LOS ANGELES,LOS ANGELES,-118.29083251953124,33.859397888183594
9085804,2020,2020-07-30,1942,2020-04-14,1759,41179,2062,2,5,7,1942,0,0,0,NA,0,20A53,S WILTON PL,W 10TH ST,0,NA,Y,A,-,N,NA,NA,NA,NA,NA,NA,NA,NA,NA,Y,3,0,1,2,A,-,09,21801,A,N,D,C,A,A,H,-,A,D,0,NA,NA,Y,NA,Y,NA,A,01,0,1,0,0,0,0,0,0,1,-,-,NA,NA,LOS ANGELES,LOS ANGELES,-118.31446075439452,34.053199768066406
90858040,2018,2018-11-12,9530,2018-11-07,1955,021875,NA,3,2,9,1900,0,1,1,NA,2,410,I-405 S/B (SAN DIEGO FREEWAY),190TH ST.,200,S,N,A,-,Y,NA,NA,405,NA,NA,NA,NA,NA,S,N,4,0,1,3,A,-,03,22350,NA,F,C,C,A,A,H,-,D,D,0,NA,NA,NA,NA,Y,NA,A,01,0,0,1,0,0,0,0,0,0,-,-,33.85894012451172,-118.28916931152344,LOS ANGELES,UNINCORPORATED,-118.28919982910156,33.858863830566406