CASE_ID,ACCIDENT_YEAR,PROC_DATE,JURIS,COLLISION_DATE,COLLISION_TIME,OFFICER_ID,REPORTING_DISTRICT,DAY_OF_WEEK,CHP_SHIFT,POPULATION,CNTY_CITY_LOC,SPECIAL_COND,BEAT_TYPE,CHP_BEAT_TYPE,CITY_DIVISION_LAPD,CHP_BEAT_CLASS,BEAT_NUMBER,PRIMARY_RD,SECONDARY_RD,DISTANCE,DIRECTION,INTERSECTION,WEATHER_1,WEATHER_2,STATE_HWY_IND,CALTRANS_COUNTY,CALTRANS_DISTRICT,STATE_ROUTE,ROUTE_SUFFIX,POSTMILE_PREFIX,POSTMILE,LOCATION_TYPE,RAMP_INTERSECTION,SIDE_OF_HWY,TOW_AWAY,COLLISION_SEVERITY,NUMBER_KILLED,NUMBER_INJURED,PARTY_COUNT,PRIMARY_COLL_FACTOR,PCF_CODE_OF_VIOL,PCF_VIOL_CATEGORY,PCF_VIOLATION,PCF_VIOL_SUBSECTION,HIT_AND_RUN,TYPE_OF_COLLISION,MVIW,PED_ACTION,ROAD_SURFACE,ROAD_COND_1,ROAD_COND_2,LIGHTING,CONTROL_DEVICE,CHP_ROAD_TYPE,PEDESTRIAN_ACCIDENT,BICYCLE_ACCIDENT,MOTORCYCLE_ACCIDENT,TRUCK_ACCIDENT,NOT_PRIVATE_PROPERTY,ALCOHOL_INVOLVED,STWD_VEHTYPE_AT_FAULT,CHP_VEHTYPE_AT_FAULT,COUNT_SEVERE_INJ,COUNT_VISIBLE_INJ,COUNT_COMPLAINT_PAIN,COUNT_PED_KILLED,COUNT_PED_INJURED,COUNT_BICYCLIST_KILLED,COUNT_BICYCLIST_INJURED,COUNT_MC_KILLED,COUNT_MC_INJURED,PRIMARY_RAMP,SECONDARY_RAMP,LATITUDE,LONGITUDE,COUNTY,CITY,POINT_X,POINT_Y
90861511,2018,2018-11-16,9565,2018-11-02,0814,020209,NA,5,1,7,1942,0,1,1,NA,2,063,I-405 N/B (SAN DIEGO FREEWAY),SANTA MONICA BLVD,770,S,N,A,-,Y,NA,NA,405,NA,NA,NA,NA,NA,N,Y,4,0,1,3,A,-,03,22350,NA,N,C,C,A,A,H,-,A,D,0,NA,NA,NA,Y,Y,NA,D,22,0,0,1,0,0,0,0,0,0,-,-,34.04629898071289,-118.4457778930664,LOS ANGELES,LOS ANGELES,-118.44588470458984,34.04621124267578
90861517,2018,2018-11-16,9540,2018-11-08,0818,018208,NA,4,1,6,1985,0,1,3,NA,1,143,SR-14 S/B (ANTELOPE VALLEY FREEWAY),NEWHALL AVE,300,S,N,A,-,Y,NA,NA,14,NA,NA,NA,NA,NA,S,Y,3,0,3,3,A,-,03,22350,NA,N,C,C,A,A,H,-,A,D,0,NA,NA,NA,NA,Y,NA,D,22,0,1,2,0,0,0,0,0,0,-,-,34.364288330078125,-118.50408172607422,LOS ANGELES,SANTA CLARITA,-118.50413513183594,34.364322662353516
90861518,2018,2019-02-26,9530,2018-11-03,0925,021059,NA,6,1,9,1900,0,3,5,NA,2,003,ATLANTIC AVE. (15800 BLOCK),ALONDRA BLVD.,240,N,N,A,-,N,NA,NA,NA,NA,NA,NA,NA,NA,NA,Y,4,0,2,4,A,-,07,21658,A,N,B,C,A,A,H,-,A,D,0,NA,NA,NA,NA,Y,NA,-,-,0,0,2,0,0,0,0,0,0,-,-,33.8896484375,-118.19300842285156,LOS ANGELES,UNINCORPORATED,-118.18498992919922,33.88983917236328
90861520,2018,2018-11-16,9535,2018-11-05,1055,019363,NA,1,1,9,1900,0,3,5,NA,2,002,UNION PACIFIC AVE,WOODS AVE,0,NA,Y,A,-,N,NA,NA,NA,NA,NA,NA,NA,NA,NA,Y,4,0,1,3,A,-,09,21802,A,N,D,C,A,A,H,-,A,A,0,NA,NA,NA,NA,Y,NA,A,01,0,0,1,0,0,0,0,0,0,-,-,34.005149841308594,-118.09368896484376,LOS ANGELES,UNINCORPORATED,-118.16017150878906,34.01430892944336
90861534,2018,2018-11-16,9580,2018-11-08,1340,022046,NA,4,1,7,1942,0,1,1,NA,2,405,I-405 S/B (SAN DIEGO FWY),VALLEY VISTA BLVD,800,N,N,A,-,Y,NA,NA,405,NA,NA,NA,NA,NA,S,N,4,0,1,2,A,-,07,21658,A,N,C,C,A,A,H,-,A,D,0,NA,NA,NA,Y,Y,NA,A,07,0,0,1,0,0,0,0,0,0,-,-,34.15776824951172,-118.46932983398438,LOS ANGELES,LOS ANGELES,-118.46935272216795,34.15776443481445
90861544,2018,2018-11-16,9540,2018-11-13,1754,021214,NA,2,2,7,1942,0,1,1,NA,1,502,I-5 N/B (GOLDEN STATE FREEWAY),SR-14,1000,S,N,A,G,Y,NA,NA,NA,NA,NA,NA,NA,NA,NA,Y,4,0,1,2,A,-,03,22350,NA,N,C,C,A,A,H,-,D,D,0,NA,NA,NA,NA,Y,NA,A,01,0,0,1,0,0,0,0,0,0,-,-,34.831748962402344,-118.5071029663086,LOS ANGELES,LOS ANGELES,-118.47588348388672,34.390541076660156
90861545,2018,2018-11-16,9535,2018-11-05,1125,020851,NA,1,1,9,1900,0,2,4,NA,2,022,OLYMPIC BLVD.,AMALIA AVE.,0,NA,Y,A,-,N,NA,NA,NA,NA,NA,NA,NA,NA,NA,Y,3,0,1,2,A,-,09,21802,A,N,D,C,A,A,H,-,A,A,0,NA,NA,NA,NA,Y,NA,A,01,0,1,0,0,0,0,0,0,0,-,-,34.016178131103516,-118.15757751464844,LOS ANGELES,UNINCORPORATED,-118.15760040283205,34.01612091064453
90861566,2018,2018-11-16,9565,2018-11-03,1142,020209,NA,6,1,7,1942,0,1,1,NA,2,082,I-10 E/B TO I-405 S/B,SAWTELLE BLVD,145,E,N,A,-,Y,NA,NA,10,NA,NA,NA,R,NA,E,Y,3,0,2,2,A,-,03,22350,NA,N,C,C,A,A,H,-,A,D,0,NA,NA,NA,NA,Y,NA,A,01,0,2,0,0,0,0,0,0,0,-,-,34.03084182739258,-118.43477630615234,LOS ANGELES,LOS ANGELES,-118.43477630615234,34.03084182739258
90861593,2018,2018-11-16,9575,2018-11-12,0705,018440,NA,1,1,9,1900,0,2,4,NA,2,027,S/B ALLEN AVE,OAKWOOD STREET,46,N,N,A,-,N,NA,NA,NA,NA,NA,NA,NA,NA,NA,Y,4,0,1,2,A,-,03,22350,NA,N,C,C,A,A,H,-,A,D,0,NA,NA,NA,NA,Y,NA,A,01,0,0,1,0,0,0,0,0,0,-,-,34.1751594543457,-118.11248779296876,LOS ANGELES,UNINCORPORATED,-118.1125259399414,34.17509460449219
90861611,2018,2018-11-16,9590,2018-11-07,1835,021678,NA,3,2,7,1942,0,1,1,NA,2,053,I-110 S/B (HARBOR FREEWAY),OLYMPIC BLD.,100,S,N,A,-,Y,NA,NA,110,NA,NA,NA,NA,NA,S,N,3,0,1,3,A,-,03,22350,NA,N,C,C,A,A,H,-,C,D,0,NA,NA,NA,NA,Y,NA,A,01,0,1,0,0,0,0,0,0,0,-,-,34.04650115966797,-118.26924896240234,LOS ANGELES,LOS ANGELES,-118.26921081542967,34.04644012451172
90861614,2018,2018-11-16,9535,2018-11-05,1320,016869,NA,1,1,5,1915,0,1,1,NA,2,074,I-710 (LONG BEACH FREEWAY) N/B,ALONDRA BLVD,552,N,N,A,-,Y,NA,NA,710,NA,NA,NA,NA,NA,N,Y,4,0,2,4,A,-,08,22107,NA,N,E,I,A,A,H,-,A,D,0,NA,NA,NA,Y,Y,NA,E,22,0,0,2,0,0,0,0,0,0,-,-,33.89067077636719,-118.18840026855467,LOS ANGELES,COMPTON,-118.18836212158205,33.89065933227539
90861616,2018,2018-11-16,9565,2018-11-08,0740,016945,NA,4,1,7,1942,0,1,1,NA,2,062,I-405 N/B (PHILLIP ORTIZ MEM HIGHWAY),VENICE BLVD,110,N,N,A,-,Y,NA,NA,405,NA,NA,NA,NA,NA,N,N,3,0,1,2,A,-,08,22107,NA,N,B,C,A,A,H,-,A,D,0,NA,NA,Y,NA,Y,NA,A,01,0,1,0,0,0,0,0,0,1,-,-,34.013710021972656,-118.41976165771484,LOS ANGELES,LOS ANGELES,-118.41960906982422,34.01382827758789
90861631,2018,2018-11-16,9540,2018-11-09,1112,013893,NA,5,1,9,1900,0,1,1,NA,2,512,I-5 NOTHBOUND (GOLDEN STATE FWY),APPLE CANYON,1584,S,N,A,-,Y,NA,NA,5,NA,NA,NA,NA,NA,NA,Y,3,0,2,4,A,-,03,22350,NA,N,C,C,A,A,H,-,B,D,0,NA,NA,NA,NA,Y,NA,A,01,0,1,1,0,0,0,0,0,0,-,-,34.6834716796875,-118.7822265625,LOS ANGELES,UNINCORPORATED,-118.78229522705078,34.683414459228516
90861654,2018,2018-11-16,9535,2018-11-05,1630,021000,NA,1,2,5,1901,0,1,1,NA,2,421,I-10 WB FROM ATLANTIC BLVD,ATLANTIC BLVD,192,W,N,A,-,Y,NA,NA,10,NA,NA,NA,R,NA,W,Y,4,0,1,2,A,-,09,21803,A,N,B,C,A,A,H,-,A,A,0,NA,NA,NA,NA,Y,NA,A,01,0,0,1,0,0,0,0,0,0,-,-,34.071800231933594,-118.1352081298828,LOS ANGELES,ALHAMBRA,-118.1352081298828,34.071800231933594
90861688,2018,2018-11-16,9525,2018-11-07,0900,020552,NA,3,1,5,1926,0,1,1,NA,2,206,I-210 E/B (FOOTHILL FWY),BARRANCA AVE,300,W,N,A,-,Y,NA,NA,210,NA,NA,NA,NA,NA,E,Y,4,0,2,4,A,-,03,22350,NA,N,C,C,A,A,H,-,A,D,0,NA,NA,NA,NA,Y,NA,D,22,0,0,2,0,0,0,0,0,0,-,-,34.1208381652832,-117.8827667236328,LOS ANGELES,GLENDORA,-117.8827667236328,34.120853424072266
90861695,2018,2018-11-16,9535,2018-11-05,1950,021970,NA,1,2,9,1900,0,2,4,NA,2,025,ATLANTIC BLVD.,6TH ST.,0,NA,Y,A,-,N,NA,NA,NA,NA,NA,NA,NA,NA,NA,N,4,0,1,2,A,-,10,21950,A,N,G,B,B,A,H,-,C,A,0,Y,NA,NA,NA,Y,NA,A,01,0,0,1,0,1,0,0,0,0,-,-,34.129940032958984,-118.92121124267578,LOS ANGELES,UNINCORPORATED,-118.15592956542967,34.0248908996582
90861709,2018,2018-11-16,9525,2018-11-05,1635,021074,NA,1,2,5,1990,0,1,3,NA,2,603,SR-60 W/B (POMONA FWY),GRAND AVE,100,E,N,A,-,Y,NA,NA,60,NA,NA,NA,NA,NA,W,Y,4,0,1,4,A,-,03,22350,NA,N,C,C,A,A,H,-,A,D,0,NA,NA,NA,NA,Y,NA,A,07,0,0,1,0,0,0,0,0,0,-,-,34.01068115234375,-117.82296752929688,LOS ANGELES,DIAMOND BAR,-117.82299041748048,34.01069641113281
90861713,2018,2018-11-16,9565,2018-11-10,1322,021648,NA,6,1,7,1942,0,1,1,NA,2,083,I-10 W/B,MANNING AVE,30,E,N,A,-,Y,NA,NA,10,NA,NA,NA,NA,NA,W,Y,4,0,1,2,A,-,03,22350,NA,N,C,C,A,A,H,-,A,D,0,NA,NA,NA,NA,Y,NA,A,01,0,0,1,0,0,0,0,0,0,-,-,34.02970886230469,-118.40489196777344,LOS ANGELES,LOS ANGELES,-118.40487670898438,34.02989196777344
90861760,2018,2018-11-16,9565,2018-11-12,1815,021473,NA,1,2,7,1942,0,1,1,NA,2,062,I-405 S/B (SAN DIEGO FWY),NATIONAL BLVD,525,N,N,A,-,Y,NA,NA,405,NA,NA,NA,NA,NA,S,N,4,0,1,2,A,-,03,22350,NA,N,C,C,A,A,H,-,C,D,0,NA,NA,NA,NA,Y,NA,A,07,0,0,1,0,0,0,0,0,0,-,-,34.028358459472656,-118.43141174316406,LOS ANGELES,LOS ANGELES,-118.431396484375,34.02836990356445
90861762,2018,2018-11-16,9565,2018-11-12,0200,021694,NA,1,3,5,1928,0,1,1,NA,2,060,I-405 N/B,ROSECRANS AVE,1200,S,N,A,-,Y,NA,NA,405,NA,NA,NA,NA,NA,N,Y,4,0,1,2,A,-,08,22107,NA,F,E,I,A,A,H,-,D,D,0,NA,NA,NA,NA,Y,NA,A,01,0,0,1,0,0,0,0,0,0,-,-,33.89752960205078,-118.36962127685548,LOS ANGELES,HAWTHORNE,-118.3696060180664,33.89753723144531
90861773,2018,2018-11-16,9565,2018-11-12,2225,021915,NA,1,3,7,1942,0,1,1,NA,2,063,I-405 S/B (SAN DIEGO FWY),OLYMPIC BLVD,150,N,N,A,-,Y,NA,NA,405,NA,NA,NA,NA,NA,S,Y,4,0,1,2,A,-,03,22350,NA,N,C,C,A,A,H,-,D,D,0,NA,NA,NA,NA,Y,NA,A,01,0,0,1,0,0,0,0,0,0,-,-,34.03937911987305,-118.4404296875,LOS ANGELES,LOS ANGELES,-118.44033813476564,34.03945541381836
90861774,2018,2018-11-16,9530,2018-11-06,0829,020923,NA,2,1,9,1900,0,1,1,NA,2,120,I-110 S/B (HARBOR FREEWAY),223RD ST.,800,S,N,A,-,Y,NA,NA,110,NA,NA,NA,NA,NA,S,Y,3,0,1,2,A,-,03,22350,NA,N,C,C,A,A,H,-,A,D,0,NA,NA,NA,NA,Y,NA,A,08,0,1,0,0,0,0,0,0,0,-,-,33.82048034667969,-118.28765106201172,LOS ANGELES,UNINCORPORATED,-118.2874755859375,33.82048416137695
90861780,2018,2018-11-16,9565,2018-11-07,0837,017713,NA,3,1,9,1900,0,1,1,NA,2,012,I105 W/B (CENTURY FREEWAY),WESTERN AVE.,200,W,N,A,-,Y,NA,NA,NA,NA,NA,NA,NA,NA,NA,N,3,0,1,2,A,-,03,22350,NA,N,C,C,A,A,H,-,A,D,0,NA,NA,NA,NA,Y,NA,A,08,0,1,0,0,0,0,0,0,0,-,-,33.92552947998047,-118.31168365478516,LOS ANGELES,UNINCORPORATED,-118.3096923828125,33.92568588256836
90861785,2018,2018-11-16,9525,2018-11-02,1456,021713,NA,5,2,6,1975,0,1,1,NA,2,104,I-10 E/B (SAN BERNARDINO FWY),VINCENT AVE,1056,W,N,A,-,Y,NA,NA,10,NA,NA,NA,NA,NA,E,Y,2,0,1,3,D,-,00,NA,NA,N,B,C,A,A,D,E,A,D,0,NA,NA,Y,NA,Y,NA,-,-,1,0,0,0,0,0,0,0,1,-,-,34.07228088378906,-117.9294662475586,LOS ANGELES,WEST COVINA,-117.92947387695313,34.07223892211914
90861798,2018,2018-11-16,9565,2018-11-11,2115,021632,NA,7,2,6,1933,0,1,1,NA,2,060,I-405 NORTHBOUND FROM CENTURY BOULEVARD,ARBOR VITAE STREET,100,N,N,A,-,Y,NA,NA,405,NA,NA,NA,R,NA,N,Y,4,0,1,2,A,-,08,22107,NA,M,E,I,A,A,H,-,C,D,0,NA,NA,NA,NA,Y,NA,-,99,0,0,1,0,0,0,0,0,0,-,-,33.953250885009766,-118.36914825439452,LOS ANGELES,INGLEWOOD,-118.36914825439452,33.953250885009766
90861802,2018,2018-11-16,9565,2018-11-12,1135,013744,NA,1,1,7,1942,0,1,1,NA,2,083,I-10 E/B,COVENTRY PL,0,W,N,A,-,Y,NA,NA,10,NA,NA,NA,NA,NA,E,Y,4,0,1,1,A,-,08,22107,NA,N,F,A,A,A,H,-,A,D,0,NA,NA,NA,NA,Y,NA,A,01,0,0,1,0,0,0,0,0,0,-,-,34.03158950805664,-118.42413330078124,LOS ANGELES,LOS ANGELES,-118.42413330078124,34.03166198730469
90861820,2018,2018-11-16,9575,2018-11-05,1655,020182,NA,1,2,7,1942,0,1,1,NA,2,053,I-5 N/B (GOLDEN STATE FREEWAY),BRANFORD ST.,400,S,N,A,-,Y,NA,NA,5,NA,NA,NA,NA,NA,N,Y,4,0,1,2,A,-,03,22350,NA,M,C,C,A,A,H,-,A,D,0,NA,NA,NA,NA,Y,NA,A,01,0,0,1,0,0,0,0,0,0,-,-,34.2380485534668,-118.4151611328125,LOS ANGELES,LOS ANGELES,-118.41517639160156,34.23802947998047
90861828,2018,2018-11-16,9565,2018-11-13,1641,020370,NA,2,2,9,1900,0,1,1,NA,2,063,I-405 N/B (SAN DIEGO FREEWAY),WILSHIRE BLVD.,100,S,N,A,-,Y,NA,NA,405,NA,NA,NA,NA,NA,N,Y,3,0,1,2,A,-,08,22107,NA,N,B,C,A,A,H,-,A,D,0,NA,NA,Y,NA,Y,NA,C,02,0,1,0,0,0,0,0,0,1,-,-,34.05546188354492,-118.45179748535156,LOS ANGELES,UNINCORPORATED,-118.45176696777344,34.055484771728516
90861839,2018,2018-11-16,9565,2018-11-14,0620,017713,NA,3,1,7,1942,0,1,1,NA,2,064,I-405 S/B (SAN DIEGO FREEWAY),SEPULVEDA BLVD.,100,N,N,A,-,Y,NA,NA,405,NA,NA,NA,NA,NA,S,Y,3,0,1,2,A,-,03,22350,NA,N,C,C,A,A,H,-,A,D,0,NA,NA,NA,NA,Y,NA,A,01,0,1,0,0,0,0,0,0,0,-,-,34.09754180908203,-118.47756958007813,LOS ANGELES,LOS ANGELES,-118.47769927978516,34.09747314453125
90861852,2018,2018-11-16,9530,2018-11-06,2355,022122,NA,2,3,9,1900,0,3,5,NA,2,002,WILMINGTON AVE (12300 BLOCK).,124TH ST.,150,N,N,A,-,N,NA,NA,NA,NA,NA,NA,NA,NA,NA,Y,4,0,1,2,A,-,07,21658,A,N,B,C,A,A,H,-,C,D,0,NA,NA,NA,NA,Y,NA,A,01,0,0,1,0,0,0,0,0,0,-,-,33.920310974121094,-118.2390594482422,LOS ANGELES,UNINCORPORATED,-118.23915100097656,33.920249938964844
90861876,2018,2018-11-16,9580,2018-11-15,0830,016413,NA,4,1,7,1942,0,1,1,NA,2,405,I-405 S/B (SAN DIEGO FWY),VICTORY BLVD,528,S,N,A,-,Y,NA,NA,405,NA,NA,NA,NA,NA,S,N,4,0,2,2,A,-,03,22350,NA,N,C,C,A,A,H,-,A,D,0,NA,NA,NA,NA,Y,NA,D,22,0,0,2,0,0,0,0,0,0,-,-,34.1805305480957,-118.47093200683594,LOS ANGELES,LOS ANGELES,-118.47081756591795,34.18061065673828
90861885,2018,2018-11-16,9550,2018-11-10,1115,020014,NA,6,1,3,1964,0,1,1,NA,2,501,INTERSTATE 5 (SANTA ANA FREEWAY),CARMENITA ROAD,1500,N,N,A,-,Y,NA,NA,5,NA,NA,NA,NA,NA,NA,N,4,0,1,2,A,-,03,22350,NA,N,C,C,A,A,H,-,A,D,0,NA,NA,NA,NA,Y,NA,D,22,0,0,1,0,0,0,0,0,0,-,-,33.89619064331055,-118.0514907836914,LOS ANGELES,SANTA FE SPRINGS,-118.05147552490234,33.89621353149414
90861893,2018,2018-11-16,9525,2018-11-15,1550,019379,NA,4,2,6,1955,0,1,3,NA,2,072,SR-71 N/B (CVF) TO SR-60 W/B (POF),RIVERSIDE DR.,3696,N,N,A,-,Y,NA,NA,71,NA,NA,NA,R,NA,N,Y,4,0,1,1,A,-,08,22107,NA,N,E,I,A,A,H,-,B,D,0,NA,NA,NA,NA,Y,NA,A,01,0,0,1,0,0,0,0,0,0,-,-,34.02383041381836,-117.75154113769533,LOS ANGELES,POMONA,-117.75154113769533,34.02383041381836
90861912,2018,2018-11-16,9565,2018-10-25,1708,022097,NA,4,2,9,1900,0,2,4,NA,2,021,VERMONT AVENUE S/B,102ND ST,0,NA,Y,A,-,N,NA,NA,NA,NA,NA,NA,NA,NA,NA,N,3,0,1,2,A,-,09,21802,A,F,D,C,A,A,H,-,A,A,0,NA,NA,Y,NA,Y,NA,-,99,0,1,0,0,0,0,0,0,1,-,-,33.94409942626953,-118.29193878173828,LOS ANGELES,UNINCORPORATED,-118.29190826416016,33.94409942626953
90861916,2018,2018-11-16,9525,2018-11-15,1740,019264,NA,4,2,5,1906,0,1,1,NA,2,651,I-605 TO I-10 W/B,I-10,2640,N,N,A,-,Y,NA,NA,605,NA,NA,NA,R,NA,NA,Y,4,0,1,2,A,-,03,22350,NA,N,C,C,A,A,H,-,D,D,0,NA,NA,NA,NA,Y,NA,A,01,0,0,1,0,0,0,0,0,0,-,-,34.069091796875,-118.0007781982422,LOS ANGELES,BALDWIN PARK,-118.0007781982422,34.069091796875
90861918,2018,2018-11-16,9580,2018-11-14,0735,020462,NA,3,1,7,1942,0,1,2,NA,2,101,US-101 S/B (VENTURA FREEWAY),WHITSETT AVE,400,S,N,A,-,Y,NA,NA,101,NA,NA,NA,NA,NA,S,N,4,0,2,4,A,-,07,21658,A,N,B,C,A,A,H,-,A,D,0,NA,NA,NA,NA,Y,NA,A,01,0,0,2,0,0,0,0,0,0,-,-,34.15612030029297,-118.40219879150392,LOS ANGELES,LOS ANGELES,-118.4022216796875,34.156070709228516
90861943,2018,2018-11-16,9580,2018-11-13,0940,021079,NA,2,1,7,1942,0,1,2,NA,2,102,US-101 N/B (VENTURA FREEWAY),HAYVENHURST AVE,2000,S,N,A,-,Y,NA,NA,101,NA,NA,NA,NA,NA,N,Y,4,0,2,4,A,-,03,22350,NA,N,C,C,A,A,H,-,A,D,0,NA,NA,NA,NA,Y,NA,A,01,0,0,2,0,0,0,0,0,0,-,-,34.16539001464844,-118.48676300048828,LOS ANGELES,LOS ANGELES,-118.48676300048828,34.16533660888672
90861966,2018,2018-11-16,9525,2018-11-14,1205,016677,NA,3,1,6,1955,0,1,1,NA,2,107,I-10 W/B (SAN BERNARDINO FWY),VIA VERDE AVE,1600,E,N,A,-,Y,NA,NA,NA,NA,NA,NA,NA,NA,NA,Y,3,0,4,1,A,-,03,22350,NA,N,E,I,A,A,D,E,A,D,0,NA,NA,NA,NA,Y,NA,A,08,0,3,1,0,0,0,0,0,0,-,-,34.067359924316406,-117.83454132080078,LOS ANGELES,POMONA,NA,NA
90861981,2018,2018-11-16,9525,2018-11-04,1649,021713,NA,7,2,9,1900,0,1,1,NA,2,106,I-10 E/B (SAN BERNARDINO FWY),HOLT AVE,2112,E,N,A,-,Y,NA,NA,10,NA,NA,NA,NA,NA,E,Y,4,0,1,2,A,-,01,23152,A,N,B,C,A,A,D,E,A,D,0,NA,NA,Y,NA,Y,Y,C,02,0,0,1,0,0,0,0,0,1,-,-,34.06795120239258,-117.85756683349608,LOS ANGELES,UNINCORPORATED,-117.85756683349608,34.06795120239258
90862001,2018,2018-11-16,9565,2018-11-07,1111,017713,NA,3,1,7,1942,0,1,1,NA,2,010,I-105 E/B (CENTURY FREEWAY),I-405,23,W,N,A,-,Y,NA,NA,105,NA,NA,NA,NA,NA,E,Y,3,0,1,1,A,-,01,23152,A,N,E,I,A,A,H,-,A,D,0,NA,NA,NA,NA,Y,Y,A,01,0,1,0,0,0,0,0,0,0,-,-,33.92974090576172,-118.36884307861328,LOS ANGELES,LOS ANGELES,-118.3688507080078,33.929874420166016
90862010,2018,2018-11-16,9525,2018-11-10,0600,018364,NA,6,1,6,1975,0,1,1,NA,2,104,I-10 E/B (SAN BERNARDINO FWY),PUENTE AVENUE U/C,1535,E,N,A,-,Y,NA,NA,10,NA,NA,NA,NA,NA,E,Y,2,0,1,1,A,-,08,22107,NA,N,E,J,A,A,D,E,B,D,0,NA,NA,NA,NA,Y,NA,A,01,1,0,0,0,0,0,0,0,0,-,-,34.07061004638672,-117.95612335205078,LOS ANGELES,WEST COVINA,-117.95613098144533,34.070701599121094
90862017,2018,2018-11-16,9525,2018-11-14,1405,019379,NA,3,2,6,1955,0,1,3,NA,2,605,SR-60 W/B (POMONA FWY),GAREY AVE,400,E,N,A,-,Y,NA,NA,60,NA,NA,NA,NA,NA,W,Y,4,0,1,4,A,-,03,22350,NA,N,C,C,A,A,H,-,A,D,0,NA,NA,NA,NA,Y,NA,A,01,0,0,1,0,0,0,0,0,0,-,-,34.02375030517578,-117.74609375,LOS ANGELES,POMONA,-117.74607849121094,34.02369689941406
90862031,2018,2018-11-16,9550,2018-11-10,0930,020969,NA,6,1,5,1919,0,1,3,NA,2,092,STATE ROUTE 91 (ARTESIA FREEWAY),NORWALK BOULEVARD,1400,E,N,A,-,Y,NA,NA,91,NA,NA,NA,NA,NA,NA,Y,4,0,4,3,A,-,03,22350,NA,N,C,C,A,A,H,-,A,D,0,NA,NA,NA,NA,Y,NA,A,01,0,0,4,0,0,0,0,0,0,-,-,33.87643814086914,-118.06819915771484,LOS ANGELES,CERRITOS,-118.06819915771484,33.8764533996582
90862040,2018,2018-12-03,9525,2018-11-12,1147,018366,NA,1,1,5,1990,0,1,3,NA,2,601,SR-60 W/B (POMONA FWY),GRAND AVE.,1584,W,N,A,-,Y,NA,NA,60,NA,NA,NA,NA,NA,W,Y,3,0,2,3,A,-,08,22107,NA,N,B,E,A,A,H,-,A,D,0,NA,NA,NA,NA,Y,NA,A,01,0,1,1,0,0,0,0,0,0,-,-,34.00740051269531,-117.82669067382813,LOS ANGELES,DIAMOND BAR,-117.8265380859375,34.00722885131836
90862042,2018,2018-11-16,9580,2018-11-10,1130,014592,NA,6,1,7,1942,0,1,1,NA,2,406,I-405 N/B (SAN DIEGO FWY),PLUMMER ST,100,N,N,A,-,Y,NA,NA,NA,NA,NA,NA,NA,NA,NA,Y,4,0,3,5,A,-,03,22350,NA,N,C,C,A,A,H,-,A,D,0,NA,NA,NA,NA,Y,NA,A,01,0,0,3,0,0,0,0,0,0,-,-,38.24296951293945,-118.472900390625,LOS ANGELES,LOS ANGELES,-118.4728546142578,34.24308395385742
90862045,2018,2018-11-16,9580,2018-11-10,0420,020573,NA,6,3,7,1942,0,1,3,NA,2,170,SR-170 N/B (HOLLYWOOD FWY.),SHELDON ST,1000,S,N,A,-,Y,NA,NA,170,NA,NA,NA,NA,NA,N,Y,4,0,1,2,A,-,03,22350,NA,N,C,C,A,A,H,-,C,D,0,NA,NA,NA,NA,Y,NA,A,01,0,0,1,0,0,0,0,0,0,-,-,34.22657012939453,-118.41082763671876,LOS ANGELES,LOS ANGELES,-118.41082763671876,34.22657012939453
90862111,2018,2018-11-19,9535,2018-11-06,0840,016869,NA,2,1,4,1907,0,1,1,NA,2,072,I-710 (LONG BEACH FREEWAY) N/B,ATLANTIC BLVD.,1200,S,N,A,-,Y,NA,NA,710,NA,NA,NA,NA,NA,N,N,4,0,1,2,A,-,03,22350,NA,N,C,C,A,A,H,-,A,D,0,NA,NA,NA,NA,Y,NA,A,07,0,0,1,0,0,0,0,0,0,-,-,33.99428939819336,-118.17642211914064,LOS ANGELES,BELL,-118.17648315429688,33.994266510009766
90862118,2018,2018-11-19,9535,2018-11-06,1130,016869,NA,2,1,5,1943,0,1,1,NA,2,075,I-710 S/B TO I-105 W/B,I-105 (CENTURY FREEWAY) W/B,1200,N,N,A,-,Y,NA,NA,710,NA,NA,NA,R,NA,S,Y,4,0,2,2,A,-,03,22350,NA,N,E,I,A,A,H,-,A,D,0,NA,NA,NA,NA,Y,NA,A,07,0,0,2,0,0,0,0,0,0,-,-,33.91630935668945,-118.18036651611328,LOS ANGELES,LYNWOOD,-118.18036651611328,33.91630935668945
90862131,2018,2018-11-19,9575,2018-11-06,0950,017589,NA,2,1,7,1942,0,1,1,NA,2,053,I-5 S/B (GOLDEN STATE FREEWAY),TUJUNGA WASH,100,N,N,A,-,Y,NA,NA,5,NA,NA,NA,NA,NA,S,Y,4,0,1,4,A,-,03,22350,NA,N,C,C,A,A,H,-,A,D,0,NA,NA,NA,NA,Y,NA,A,01,0,0,1,0,0,0,0,0,0,-,-,34.23329162597656,-118.4103775024414,LOS ANGELES,LOS ANGELES,-118.4103775024414,34.23329162597656