CASE_ID,ACCIDENT_YEAR,PROC_DATE,JURIS,COLLISION_DATE,COLLISION_TIME,OFFICER_ID,REPORTING_DISTRICT,DAY_OF_WEEK,CHP_SHIFT,POPULATION,CNTY_CITY_LOC,SPECIAL_COND,BEAT_TYPE,CHP_BEAT_TYPE,CITY_DIVISION_LAPD,CHP_BEAT_CLASS,BEAT_NUMBER,PRIMARY_RD,SECONDARY_RD,DISTANCE,DIRECTION,INTERSECTION,WEATHER_1,WEATHER_2,STATE_HWY_IND,CALTRANS_COUNTY,CALTRANS_DISTRICT,STATE_ROUTE,ROUTE_SUFFIX,POSTMILE_PREFIX,POSTMILE,LOCATION_TYPE,RAMP_INTERSECTION,SIDE_OF_HWY,TOW_AWAY,COLLISION_SEVERITY,NUMBER_KILLED,NUMBER_INJURED,PARTY_COUNT,PRIMARY_COLL_FACTOR,PCF_CODE_OF_VIOL,PCF_VIOL_CATEGORY,PCF_VIOLATION,PCF_VIOL_SUBSECTION,HIT_AND_RUN,TYPE_OF_COLLISION,MVIW,PED_ACTION,ROAD_SURFACE,ROAD_COND_1,ROAD_COND_2,LIGHTING,CONTROL_DEVICE,CHP_ROAD_TYPE,PEDESTRIAN_ACCIDENT,BICYCLE_ACCIDENT,MOTORCYCLE_ACCIDENT,TRUCK_ACCIDENT,NOT_PRIVATE_PROPERTY,ALCOHOL_INVOLVED,STWD_VEHTYPE_AT_FAULT,CHP_VEHTYPE_AT_FAULT,COUNT_SEVERE_INJ,COUNT_VISIBLE_INJ,COUNT_COMPLAINT_PAIN,COUNT_PED_KILLED,COUNT_PED_INJURED,COUNT_BICYCLIST_KILLED,COUNT_BICYCLIST_INJURED,COUNT_MC_KILLED,COUNT_MC_INJURED,PRIMARY_RAMP,SECONDARY_RAMP,LATITUDE,LONGITUDE,COUNTY,CITY,POINT_X,POINT_Y
9086348,2020,2020-07-03,1942,2020-03-11,0845,36694,1123,3,5,7,1942,0,0,0,K,0,11A51,GLENDALE BL,LARGA AV,10,S,N,A,-,N,NA,NA,NA,NA,NA,NA,NA,NA,NA,N,4,0,2,2,A,-,04,21703,NA,N,C,C,A,A,H,-,A,A,0,NA,NA,NA,NA,Y,NA,-,-,0,0,2,0,0,0,0,0,0,-,-,NA,NA,LOS ANGELES,LOS ANGELES,-118.26060485839844,34.1182975769043
90863487,2018,2018-11-20,9550,2018-11-11,0415,021150,NA,7,3,5,1919,0,1,3,NA,2,092,STATE ROUTE 91 W/B,ARTESIA BOULEVARD,50,W,N,A,-,Y,NA,NA,91,NA,NA,NA,NA,NA,W,Y,3,0,1,3,A,-,03,22350,NA,N,C,C,A,A,H,-,C,D,0,NA,NA,NA,Y,Y,Y,A,01,0,1,0,0,0,0,0,0,0,-,-,33.87334060668945,-118.06028747558594,LOS ANGELES,CERRITOS,-118.06034088134766,33.87326431274414
90863488,2018,2018-11-20,9550,2018-10-26,1800,021166,NA,5,2,6,1949,0,1,1,NA,2,651,I-605 N/B,FIRESTONE BLVD.,50,S,N,A,-,Y,NA,NA,605,NA,NA,NA,NA,NA,N,Y,4,0,1,2,A,-,07,21658,A,N,D,C,A,A,H,-,A,D,0,NA,NA,Y,NA,Y,NA,A,07,0,0,1,0,0,0,0,0,1,-,-,33.92416000366211,-118.10414123535156,LOS ANGELES,NORWALK,-118.10404205322266,33.92414093017578
90863489,2018,2018-11-20,9550,2018-11-12,0001,021533,NA,1,3,9,1900,0,2,4,NA,1,022,LEFFINGWELL ROAD,ARROYO DRIVE,601,W,N,A,-,N,NA,NA,NA,NA,NA,NA,NA,NA,NA,N,4,0,1,2,A,-,03,22350,NA,N,C,C,A,A,H,-,C,D,0,NA,NA,NA,NA,Y,NA,A,01,0,0,1,0,0,0,0,0,0,-,-,33.925418853759766,-118.01824951171876,LOS ANGELES,UNINCORPORATED,-118.01783752441406,33.92544937133789
90863502,2018,2018-11-20,9565,2018-11-11,1920,022097,NA,7,2,9,1900,0,2,4,NA,2,023,WESTERN AVE,I-105,200,N,N,A,-,N,NA,NA,NA,NA,NA,NA,NA,NA,NA,Y,4,0,2,2,A,-,07,21658,A,N,B,C,A,A,H,-,C,D,0,NA,NA,NA,NA,Y,NA,A,01,0,0,2,0,0,0,0,0,0,-,-,33.92621994018555,-118.30919647216795,LOS ANGELES,UNINCORPORATED,-118.3090591430664,33.92633819580078
90863505,2018,2018-11-20,9565,2018-11-12,1935,022124,NA,1,2,7,1942,0,1,1,NA,2,063,I-405 N/B (SAN DIEGO FREEWAY),SANTA MONICA BLVD,50,N,N,A,-,Y,NA,NA,405,NA,NA,NA,NA,NA,N,Y,4,0,2,4,A,-,03,22350,NA,N,C,C,A,A,H,-,C,D,0,NA,NA,NA,NA,Y,NA,D,22,0,0,2,0,0,0,0,0,0,-,-,34.04716110229492,-118.44670104980467,LOS ANGELES,LOS ANGELES,-118.44670104980467,34.04716110229492
90863514,2018,2018-11-20,9565,2018-11-12,1443,022124,NA,1,2,9,1900,0,3,5,NA,2,006,SEPULVEDA BLVD,CONSTITUTION AVE,100,S,N,A,-,N,NA,NA,NA,NA,NA,NA,NA,NA,NA,Y,4,0,1,3,A,-,03,22350,NA,N,C,C,A,A,H,-,A,A,0,NA,NA,NA,NA,Y,NA,A,07,0,0,1,0,0,0,0,0,0,-,-,34.05990982055664,-118.45484161376952,LOS ANGELES,UNINCORPORATED,-118.4548568725586,34.05991744995117
90863516,2018,2018-11-20,9565,2018-11-13,0925,015275,NA,2,1,7,1942,0,1,1,NA,2,063,I-405 S/B (SAN DIEGO FREEWAY),SANTA MONICA BOULEVARD,1056,S,N,B,-,Y,NA,NA,405,NA,NA,NA,NA,NA,S,Y,2,0,1,2,A,-,03,22350,NA,N,C,C,A,A,H,-,A,D,0,NA,NA,Y,NA,Y,NA,C,02,1,0,0,0,0,0,0,0,1,-,-,34.04344177246094,-118.4438934326172,LOS ANGELES,LOS ANGELES,-118.4438247680664,34.043495178222656
90863519,2018,2018-11-20,9590,2018-11-15,1725,019805,NA,4,2,7,1942,0,1,3,NA,2,094,SR-2 E/B (GLENDALE FREEWAY),CASITAS AVE.,300,W,N,A,-,Y,NA,NA,2,NA,NA,NA,NA,NA,E,N,4,0,2,2,A,-,03,22350,NA,N,C,C,A,A,H,-,B,D,0,NA,NA,NA,NA,Y,NA,A,08,0,0,2,0,0,0,0,0,0,-,-,34.11109161376953,-118.24761962890624,LOS ANGELES,LOS ANGELES,-118.24758911132813,34.11104202270508
90863520,2018,2018-11-20,9565,2018-11-13,1350,021575,NA,2,1,9,1900,0,1,1,NA,2,010,I-105 EASTBOUND (CENTURY FREEWAY),INGLEWOOD AVENUE,1000,E,N,A,-,Y,NA,NA,105,NA,NA,NA,NA,NA,E,Y,4,0,1,2,A,-,03,22350,NA,N,C,C,A,A,H,-,A,D,0,NA,NA,Y,NA,Y,NA,C,02,0,0,1,0,0,0,0,0,1,-,-,33.93296813964844,-118.357421875,LOS ANGELES,UNINCORPORATED,-118.35741424560548,33.93294906616211
90863530,2018,2018-11-20,9590,2018-11-14,1630,019805,NA,3,2,7,1942,0,1,3,NA,2,095,SR-2 W/B (GLENDALE FREEWAY),ROSEBUD AVE.,700,W,N,A,-,Y,NA,NA,2,NA,NA,NA,NA,NA,W,Y,4,0,1,2,A,-,03,22350,NA,N,C,C,A,A,H,-,A,D,0,NA,NA,NA,NA,Y,NA,A,01,0,0,1,0,0,0,0,0,0,-,-,34.09701919555664,-118.25327301025392,LOS ANGELES,LOS ANGELES,-118.25331115722656,34.097049713134766
90863538,2018,2018-11-20,9590,2018-11-15,1920,019805,NA,4,2,7,1942,0,1,3,NA,2,094,SR-2 N/B (GLENDALE FREEWAY),SAN FERNANDO RD.,600,E,N,A,-,Y,NA,NA,NA,NA,NA,NA,NA,NA,NA,N,4,0,1,2,C,-,18,NA,NA,N,F,A,A,D,H,-,C,D,0,NA,NA,Y,NA,Y,NA,-,-,0,0,1,0,0,0,0,0,1,-,-,34.11418151855469,-118.24250030517578,LOS ANGELES,LOS ANGELES,-118.24256896972656,34.11417770385742
90863549,2018,2018-11-20,9590,2018-11-09,1405,021535,NA,5,2,7,1942,0,1,1,NA,2,052,I-110 N/B (HARBOR FREEWAY),7TH STREET,200,S,N,A,-,Y,NA,NA,110,NA,NA,NA,NA,NA,N,N,4,0,1,2,A,-,07,21658,A,N,B,C,A,A,H,-,A,D,0,NA,NA,NA,Y,Y,NA,A,01,0,0,1,0,0,0,0,0,0,-,-,34.04920959472656,-118.26419830322266,LOS ANGELES,LOS ANGELES,-118.26423645019533,34.04927062988281
90863552,2018,2018-11-20,9530,2018-10-12,0630,022084,NA,5,1,7,1942,0,1,1,NA,2,200,I-105 W/B (GLENN ANDERSON FWY),HOOVER ST.,370,E,N,A,-,Y,NA,NA,105,NA,NA,NA,NA,NA,W,Y,2,0,1,2,A,-,07,21658,A,N,B,C,A,A,H,-,A,D,0,NA,NA,Y,NA,Y,NA,D,22,1,0,0,0,0,0,0,0,1,-,-,33.92890167236328,-118.28679656982422,LOS ANGELES,LOS ANGELES,-118.28679656982422,33.92885971069336
90863562,2018,2018-11-20,9530,2018-11-07,1340,021689,NA,3,1,9,1900,0,3,5,NA,2,006,VERMONT AVE.,DEL AMO BLVD.,0,NA,Y,A,-,N,NA,NA,NA,NA,NA,NA,NA,NA,NA,Y,4,0,1,2,A,-,09,21801,A,N,D,C,A,A,H,-,A,D,0,NA,NA,NA,NA,Y,NA,A,01,0,0,1,0,0,0,0,0,0,-,-,33.846248626708984,-118.29042816162108,LOS ANGELES,UNINCORPORATED,-118.29039001464844,33.846248626708984
90863569,2018,2018-11-20,9540,2018-11-12,0450,021497,NA,1,3,9,1900,0,2,4,NA,2,010,SR-14 S/B (AFV) TO THE OLD ROAD,THE OLD ROAD,0,NA,Y,A,-,N,NA,NA,NA,NA,NA,NA,NA,NA,NA,Y,4,0,3,2,A,-,09,21801,A,N,D,C,A,A,H,-,D,A,0,NA,NA,NA,NA,Y,NA,A,07,0,0,3,0,0,0,0,0,0,-,-,34.33702087402344,-118.5110321044922,LOS ANGELES,UNINCORPORATED,-118.511045,34.336916
90863570,2018,2018-11-20,9575,2018-11-13,1115,015935,NA,2,1,9,1900,0,1,3,NA,2,300,SR-2 E/B (ANGELES CREST HIGHWAY),GEORGE'S GAP,500,W,N,A,-,Y,NA,NA,2,NA,NA,NA,NA,NA,E,Y,2,0,1,1,A,-,03,22350,NA,N,E,I,A,A,H,-,A,D,0,NA,NA,Y,NA,Y,NA,C,02,1,0,0,0,0,0,0,0,1,-,-,34.26060104370117,-118.1843032836914,LOS ANGELES,UNINCORPORATED,-118.18429565429688,34.260616302490234
90863572,2018,2018-11-20,9540,2018-11-09,0025,021374,NA,5,3,9,1900,0,1,1,NA,2,509,I-5 S/B (GOLDEN STATE FREEWAY),HASLEY CANYON RD,6336,N,N,A,G,Y,NA,NA,5,NA,NA,NA,NA,NA,S,Y,4,0,1,3,A,-,03,22350,NA,N,C,C,A,A,D,E,C,A,0,NA,NA,NA,NA,Y,NA,A,07,0,0,1,0,0,0,0,0,0,-,-,34.471649169921875,-118.61595916748048,LOS ANGELES,UNINCORPORATED,-118.61612701416016,34.47168731689453
90863577,2018,2018-11-20,9540,2018-11-16,0935,018208,NA,5,1,9,1900,0,1,3,NA,2,146,SR-14 N/B (ANTELOPE VALLEY FREEWAY),AGUA DULCE CYN RD,5280,N,N,A,-,Y,NA,NA,14,NA,NA,NA,NA,NA,N,Y,3,0,2,2,A,-,08,22107,NA,N,B,C,A,A,H,-,A,D,0,NA,NA,NA,NA,Y,NA,A,01,0,1,1,0,0,0,0,0,0,-,-,34.47264862060547,-118.31201934814452,LOS ANGELES,UNINCORPORATED,-118.31201171875,34.47261428833008
90863589,2018,2018-11-20,9545,2018-11-07,0920,018058,NA,3,1,9,1900,0,1,3,NA,2,031,SR-14 S/B ANTELOPE VALLEY FREEWAY,CROWN VALLEY ROAD,5280,N,N,A,-,Y,NA,NA,14,NA,NA,NA,NA,NA,S,Y,4,0,1,2,C,-,18,NA,NA,N,B,C,A,A,H,-,A,D,0,NA,NA,NA,NA,Y,NA,-,-,0,0,1,0,0,0,0,0,0,-,-,34.4929313659668,-118.18106079101564,LOS ANGELES,UNINCORPORATED,-118.1811065673828,34.49262237548828
90863594,2018,2018-11-20,9565,2018-11-16,1950,021575,NA,5,2,9,1900,0,1,1,NA,2,063,I-405 SOUTHBOUND (SAN DIEGO FREEWAY),OHIO AVENUE,500,N,N,A,-,Y,NA,NA,405,NA,NA,NA,NA,NA,S,Y,4,0,1,2,A,-,03,22350,NA,N,C,C,A,A,H,-,C,D,0,NA,NA,NA,NA,Y,NA,A,01,0,0,1,0,0,0,0,0,0,-,-,34.05101013183594,-118.44925689697266,LOS ANGELES,UNINCORPORATED,-118.44931793212892,34.05099105834961
90863598,2018,2018-11-20,9590,2018-11-09,1820,021622,NA,5,2,7,1942,0,1,1,NA,2,061,I-10 W/B (SMF) TO WESTERN AVENUE,WESTERN AVENUE,900,E,N,A,-,Y,NA,NA,10,NA,NA,NA,R,NA,W,N,2,0,1,2,A,-,08,22107,NA,F,G,B,E,A,H,-,C,D,0,Y,NA,NA,NA,Y,NA,-,99,1,0,0,0,1,0,0,0,0,-,-,34.03750991821289,-118.30592346191406,LOS ANGELES,LOS ANGELES,-118.30592346191406,34.03750991821289
90863604,2018,2018-11-20,9525,2018-11-08,1441,019291,NA,4,2,6,1975,0,1,1,NA,2,104,I-10 E/B (SAN BERNARDINO FWY),VINCENT AVE,1056,W,N,A,-,Y,NA,NA,10,NA,NA,NA,NA,NA,E,N,4,0,1,2,A,-,03,22350,NA,N,C,C,A,A,H,-,A,D,0,NA,NA,NA,NA,Y,NA,A,01,0,0,1,0,0,0,0,0,0,-,-,34.07233810424805,-117.93234252929688,LOS ANGELES,WEST COVINA,-117.93234252929688,34.07228088378906
90863606,2018,2018-11-20,9580,2018-11-13,1515,020728,NA,2,2,7,1942,0,1,3,NA,2,170,SR-170 N/B (HOLLYWOOD FWY.),TUJUNGA AVE,50,S,N,A,-,Y,NA,NA,170,NA,NA,NA,NA,NA,N,N,4,0,1,2,A,-,03,22350,NA,N,C,C,A,A,H,-,A,D,0,NA,NA,Y,NA,Y,NA,C,02,0,0,1,0,0,0,0,0,1,-,-,34.1569709777832,-118.37911224365234,LOS ANGELES,LOS ANGELES,-118.37908935546876,34.156982421875
90863615,2018,2018-11-20,9540,2018-11-13,0930,013893,NA,2,1,9,1900,0,1,3,NA,1,138,SR-138 (AVENUE D),3 POINTS RD,60,W,N,A,-,Y,NA,NA,138,NA,NA,NA,NA,NA,NA,Y,3,0,2,3,A,-,06,21751,NA,N,A,C,A,A,H,-,A,A,0,NA,NA,NA,Y,Y,NA,A,01,0,1,1,0,0,0,0,0,0,-,-,34.77579116821289,-118.590087890625,LOS ANGELES,UNINCORPORATED,-118.590087890625,34.77578353881836
90863623,2018,2018-11-20,9590,2018-11-12,1355,021542,NA,1,1,7,1942,0,1,1,NA,2,021,I-10 W/B (SBF) FROM SOTO STREET,SOTO STREET,500,E,N,A,-,Y,NA,NA,10,NA,NA,NA,R,NA,W,N,4,0,1,1,A,-,08,22107,NA,N,E,I,A,A,H,-,A,A,0,NA,NA,NA,NA,Y,NA,A,01,0,0,1,0,0,0,0,0,0,-,-,34.05561065673828,-118.20086669921876,LOS ANGELES,LOS ANGELES,-118.20086669921876,34.05561065673828
90863636,2018,2018-11-20,9565,2018-11-14,1935,021575,NA,3,2,7,1942,0,1,1,NA,2,063,I-405 SOUTHBOUND (SAN DIEGO FREEWAY),OLYMPIC BOULEVARD,1000,N,N,A,-,Y,NA,NA,405,NA,NA,NA,NA,NA,S,Y,4,0,1,2,A,-,03,22350,NA,N,C,C,A,A,H,-,C,D,0,NA,NA,NA,NA,Y,NA,A,01,0,0,1,0,0,0,0,0,0,-,-,34.04188919067383,-118.44259643554688,LOS ANGELES,LOS ANGELES,-118.4425048828125,34.041969299316406
90863657,2018,2018-11-20,9530,2018-11-07,1400,021875,NA,3,2,7,1942,0,1,1,NA,2,110,I-110 S/B TO I-105 E/B,IMPERIAL HWY.,400,S,N,A,-,Y,NA,NA,110,NA,NA,NA,R,NA,S,Y,3,0,1,1,A,-,03,22350,NA,N,E,I,A,A,H,-,A,D,0,NA,NA,Y,NA,Y,NA,C,02,0,1,0,0,0,0,0,0,1,-,-,33.92975997924805,-118.28054809570313,LOS ANGELES,LOS ANGELES,-118.28054809570313,33.92975997924805
90863681,2018,2018-11-20,9565,2018-11-18,0120,021808,NA,7,3,9,1900,0,1,1,NA,2,063,I-405 S/B (SAN DIEGO FWY.),SANTA MONICA BLVD,1300,N,N,A,-,Y,NA,NA,NA,NA,NA,NA,NA,NA,NA,N,4,0,1,2,A,-,07,21658,A,M,C,C,A,A,H,-,C,D,0,NA,NA,NA,NA,Y,NA,-,99,0,0,1,0,0,0,0,0,0,-,-,33.050201416015625,-118.44901275634766,LOS ANGELES,UNINCORPORATED,-118.4489288330078,34.04999923706055
90863688,2018,2018-11-20,9590,2018-11-17,0655,019008,NA,6,1,7,1942,0,1,2,NA,2,073,US-101 SB (HOLLYWOOD FREEWAY),PILGRIMAGE DRIVE,1500,N,N,B,-,Y,NA,NA,101,NA,NA,NA,NA,NA,S,Y,4,0,1,1,C,-,18,NA,NA,N,F,A,A,A,H,-,A,D,0,NA,NA,NA,NA,Y,NA,-,-,0,0,1,0,0,0,0,0,0,-,-,34.11787033081055,-118.33775329589844,LOS ANGELES,LOS ANGELES,-118.33763122558594,34.117916107177734
90863724,2018,2018-11-20,9545,2018-11-07,0052,021340,NA,3,3,9,1900,0,1,3,NA,2,031,SR-14 NORTHBOUND,SANTIAGO RD.,2002,S,N,A,-,Y,NA,NA,14,NA,NA,NA,NA,NA,N,Y,2,0,1,1,A,-,01,23152,A,N,E,I,A,A,H,-,D,D,0,NA,NA,NA,NA,Y,Y,A,01,1,0,0,0,0,0,0,0,0,-,-,34.4917106628418,-118.1689224243164,LOS ANGELES,UNINCORPORATED,-118.16897583007813,34.491600036621094
90863743,2018,2018-11-20,9550,2018-11-09,1700,022144,NA,5,2,9,1900,0,2,4,NA,1,051,PATHFINDER ROAD,BUTTONWOOD LANE,0,NA,Y,A,-,N,NA,NA,NA,NA,NA,NA,NA,NA,NA,Y,3,0,2,3,A,-,09,21802,A,N,D,C,A,A,H,-,B,A,0,NA,NA,NA,NA,Y,NA,A,01,0,1,1,0,0,0,0,0,0,-,-,33.968631744384766,-117.90499877929688,LOS ANGELES,UNINCORPORATED,-117.905029296875,33.968650817871094
90863753,2018,2018-11-20,9545,2018-11-07,2347,019414,NA,3,3,9,1900,0,3,5,NA,2,004,AVENUE J,175TH ST  E,183,E,N,A,-,N,NA,NA,NA,NA,NA,NA,NA,NA,NA,Y,2,0,1,1,A,-,01,23152,F,N,E,I,A,A,H,-,D,D,0,NA,NA,NA,NA,Y,NA,A,01,1,0,0,0,0,0,0,0,0,-,-,34.6899299621582,-117.81764221191406,LOS ANGELES,UNINCORPORATED,-117.81770324707033,34.689979553222656
90863754,2018,2018-11-20,9530,2018-11-18,2058,021212,NA,7,2,9,1900,0,3,5,NA,2,001,SANTA FE AVE (BLOCK 1600),LIVE OAK ST.,0,NA,Y,A,-,N,NA,NA,NA,NA,NA,NA,NA,NA,NA,Y,4,0,1,2,A,-,01,23152,A,N,D,C,A,A,H,-,C,A,0,NA,NA,NA,NA,Y,Y,A,07,0,0,1,0,0,0,0,0,0,-,-,33.97222900390625,-118.23026275634766,LOS ANGELES,UNINCORPORATED,-118.2302703857422,33.972190856933594
90863758,2018,2018-11-20,9580,2018-11-16,1335,021999,NA,5,1,7,1942,0,1,1,NA,2,404,I-405 N/B (SAN DIEGO FWY),MULLHOLLAND DR,250,N,N,B,-,Y,NA,NA,405,NA,NA,NA,NA,NA,N,Y,4,0,2,3,A,-,03,22350,NA,N,C,C,A,A,H,-,A,D,0,NA,NA,NA,NA,Y,NA,A,01,0,0,2,0,0,0,0,0,0,-,-,34.12712860107422,-118.47470092773438,LOS ANGELES,LOS ANGELES,-118.47476196289064,34.127174377441406
90863777,2018,2018-11-20,9590,2018-11-09,1406,022088,NA,5,2,7,1942,0,1,2,NA,2,071,US-101 SOUTHBOUND (SANTA ANA FREEWAY),BROADWAY,100,N,N,A,-,Y,NA,NA,101,NA,NA,NA,NA,NA,S,N,4,0,1,2,A,-,03,22350,NA,N,C,C,A,A,H,-,A,D,0,NA,NA,NA,NA,Y,NA,D,22,0,0,1,0,0,0,0,0,0,-,-,34.05691909790039,-118.24217224121094,LOS ANGELES,LOS ANGELES,-118.24225616455078,34.05678939819336
90863779,2018,2018-11-20,9525,2018-11-14,0018,015988,NA,3,3,5,1990,0,1,3,NA,2,604,SR-60 E/B (POMONA FWY),PHILLIPS RANCH RD.,1584,W,N,A,-,Y,NA,NA,60,NA,NA,NA,NA,NA,E,N,4,0,1,2,A,-,08,22107,NA,F,C,C,A,A,H,-,D,D,0,NA,NA,NA,NA,Y,NA,A,01,0,0,1,0,0,0,0,0,0,-,-,34.02537155151367,-117.77619171142578,LOS ANGELES,DIAMOND BAR,-117.77615356445313,34.025482177734375
90863780,2018,2018-11-20,9545,2018-11-07,1741,018342,NA,3,2,9,1900,0,1,3,NA,1,012,AVENUE D,60TH STREET WEST,0,NA,Y,A,-,Y,NA,NA,NA,NA,NA,NA,NA,NA,NA,Y,2,0,1,2,A,-,05,21752,D,F,D,C,A,A,H,-,C,A,0,NA,NA,Y,NA,Y,NA,A,01,1,0,0,0,0,0,0,0,1,-,-,34.776668548583984,-118.23739624023438,LOS ANGELES,UNINCORPORATED,-118.23741149902344,34.776649475097656
90863783,2018,2018-11-20,9590,2018-11-09,2146,021848,NA,5,2,7,1942,0,1,1,NA,2,062,I-10 E/B (SANATA MONICA FREEWAY),HOOVER STREET,900,W,N,A,-,Y,NA,NA,10,NA,NA,NA,NA,NA,E,N,4,0,1,2,A,-,03,22350,NA,N,C,A,A,A,H,-,C,D,0,NA,NA,NA,NA,Y,NA,A,01,0,0,1,0,0,0,0,0,0,-,-,34.036800384521484,-118.287109375,LOS ANGELES,LOS ANGELES,-118.287109375,34.03679275512695
90863831,2018,2018-11-20,9545,2018-11-08,1145,018058,NA,4,1,6,1950,0,1,3,NA,2,021,SR-14 N/B ANTELOPE VALLEY FREEWAY,10TH ST WEST,104,N,N,A,-,Y,NA,NA,14,NA,NA,NA,NA,NA,N,Y,4,0,1,1,C,-,18,NA,NA,N,E,I,A,A,H,-,A,D,0,NA,NA,NA,NA,Y,NA,-,-,0,0,1,0,0,0,0,0,0,-,-,34.60612869262695,-118.14813995361328,LOS ANGELES,PALMDALE,-118.1481704711914,34.60608673095703
90863834,2018,2018-11-20,9590,2018-11-09,1858,022102,NA,5,2,7,1942,0,1,1,NA,2,053,I-110 (HARBOR FREEWAY),JEFFERSON BLVD.,400,N,N,A,-,Y,NA,NA,110,NA,NA,NA,NA,NA,NA,N,3,0,1,2,A,-,07,21658,A,F,B,C,A,A,H,-,C,D,0,NA,NA,Y,NA,Y,NA,-,99,0,1,0,0,0,0,0,0,1,-,-,34.021949768066406,-118.27777862548828,LOS ANGELES,LOS ANGELES,-118.27771759033205,34.021915435791016
90863847,2018,2018-11-20,9590,2018-11-12,1935,021111,NA,1,2,7,1942,0,1,1,NA,2,060,I-10 E/B (SANTA MONICA FREEWAY),LA BREA AVENUE,1000,W,N,A,-,Y,NA,NA,10,NA,NA,NA,NA,NA,E,N,4,0,1,2,A,-,03,22350,NA,F,C,C,A,A,H,-,C,D,0,NA,NA,NA,NA,Y,NA,-,99,0,0,1,0,0,0,0,0,0,-,-,34.03385925292969,-118.3540496826172,LOS ANGELES,LOS ANGELES,-118.35405731201172,34.034000396728516
90863858,2018,2018-11-20,9565,2018-11-08,1620,022097,NA,4,2,9,1900,0,3,5,NA,2,005,FIJI WAY,ADMIRALTY WAY,424,W,N,A,-,N,NA,NA,NA,NA,NA,NA,NA,NA,NA,Y,2,0,1,2,A,-,09,21801,A,N,D,C,A,A,H,-,A,D,0,NA,NA,Y,NA,Y,NA,A,01,1,0,0,0,0,0,0,0,1,-,-,33.976600646972656,-118.4396514892578,LOS ANGELES,UNINCORPORATED,-118.43958282470705,33.976749420166016
90863887,2018,2018-11-20,9565,2018-11-13,0725,017060,NA,2,1,5,1928,0,1,1,NA,2,012,I-105 W/B (CENTURY FREEWAY),CRENSHAW BLVD.,300,E,N,A,-,Y,NA,NA,105,NA,NA,NA,NA,NA,W,Y,4,0,1,3,A,-,03,22350,NA,F,C,C,A,A,H,-,A,D,0,NA,NA,NA,NA,Y,NA,A,01,0,0,1,0,0,0,0,0,0,-,-,33.92565155029297,-118.32083892822266,LOS ANGELES,HAWTHORNE,-118.32083892822266,33.9256591796875
90863897,2018,2018-11-20,9565,2018-11-10,1820,022097,NA,6,2,9,1900,0,2,4,NA,2,023,WESTERN AVE,108TH ST,10,S,N,A,-,N,NA,NA,NA,NA,NA,NA,NA,NA,NA,Y,3,0,2,2,A,-,03,22350,NA,N,C,C,A,A,H,-,C,A,0,NA,NA,NA,NA,Y,NA,D,22,0,1,1,0,0,0,0,0,0,-,-,33.93806076049805,-118.3089599609375,LOS ANGELES,UNINCORPORATED,-118.30902862548828,33.93818283081055
90863901,2018,2018-11-20,9530,2018-11-08,1435,020935,NA,4,2,9,1900,0,3,5,NA,2,001,FIRESTONE BLVD (1300 EAST BLOCK),ZAMORA AVE.,5,E,N,A,-,N,NA,NA,NA,NA,NA,NA,NA,NA,NA,Y,3,0,2,3,A,-,12,21453,A,N,G,B,B,A,H,-,A,A,0,Y,NA,NA,NA,Y,NA,D,22,0,1,1,0,2,0,0,0,0,-,-,33.96009063720703,-118.25128936767578,LOS ANGELES,UNINCORPORATED,-118.25139617919922,33.96017074584961
90863916,2018,2018-11-20,9575,2018-11-08,1130,020119,NA,4,1,7,1942,0,1,1,NA,2,052,I-5 S/B (GOLDEN STATE FREEWAY),HOLLYWOOD WAY,500,N,N,A,-,Y,NA,NA,5,NA,NA,NA,NA,NA,S,Y,3,0,2,3,A,-,03,22350,NA,N,C,C,A,A,H,-,A,D,0,NA,NA,NA,NA,Y,NA,A,01,0,1,1,0,0,0,0,0,0,-,-,34.21586990356445,-118.35366058349608,LOS ANGELES,LOS ANGELES,-118.35342407226564,34.21615219116211
90863925,2018,2018-11-20,9550,2018-11-10,1710,022167,NA,6,2,9,1900,0,1,3,NA,2,600,SR-60 W/B,CROSSROADS PARKWAY,1000,W,N,A,-,Y,NA,NA,60,NA,NA,NA,NA,NA,W,Y,4,0,2,5,A,-,03,22350,NA,N,C,C,A,A,H,-,D,D,0,NA,NA,NA,NA,Y,NA,A,01,0,0,2,0,0,0,0,0,0,-,-,34.03084182739258,-118.02015686035156,LOS ANGELES,UNINCORPORATED,-118.02014923095705,34.0308723449707
90863939,2018,2018-11-20,9575,2018-11-09,1610,020182,NA,5,2,6,1912,0,1,1,NA,2,051,I-5 S/B (GOLDEN STATE FREEWAY),OLIVE AVE.,120,N,N,A,-,Y,NA,NA,5,NA,NA,NA,NA,NA,S,Y,4,0,1,3,A,-,03,22350,NA,N,C,C,A,A,H,-,A,D,0,NA,NA,NA,NA,Y,NA,A,01,0,0,1,0,0,0,0,0,0,-,-,34.1790885925293,-118.31156158447266,LOS ANGELES,BURBANK,-118.31156158447266,34.179080963134766