CASE_ID,ACCIDENT_YEAR,PROC_DATE,JURIS,COLLISION_DATE,COLLISION_TIME,OFFICER_ID,REPORTING_DISTRICT,DAY_OF_WEEK,CHP_SHIFT,POPULATION,CNTY_CITY_LOC,SPECIAL_COND,BEAT_TYPE,CHP_BEAT_TYPE,CITY_DIVISION_LAPD,CHP_BEAT_CLASS,BEAT_NUMBER,PRIMARY_RD,SECONDARY_RD,DISTANCE,DIRECTION,INTERSECTION,WEATHER_1,WEATHER_2,STATE_HWY_IND,CALTRANS_COUNTY,CALTRANS_DISTRICT,STATE_ROUTE,ROUTE_SUFFIX,POSTMILE_PREFIX,POSTMILE,LOCATION_TYPE,RAMP_INTERSECTION,SIDE_OF_HWY,TOW_AWAY,COLLISION_SEVERITY,NUMBER_KILLED,NUMBER_INJURED,PARTY_COUNT,PRIMARY_COLL_FACTOR,PCF_CODE_OF_VIOL,PCF_VIOL_CATEGORY,PCF_VIOLATION,PCF_VIOL_SUBSECTION,HIT_AND_RUN,TYPE_OF_COLLISION,MVIW,PED_ACTION,ROAD_SURFACE,ROAD_COND_1,ROAD_COND_2,LIGHTING,CONTROL_DEVICE,CHP_ROAD_TYPE,PEDESTRIAN_ACCIDENT,BICYCLE_ACCIDENT,MOTORCYCLE_ACCIDENT,TRUCK_ACCIDENT,NOT_PRIVATE_PROPERTY,ALCOHOL_INVOLVED,STWD_VEHTYPE_AT_FAULT,CHP_VEHTYPE_AT_FAULT,COUNT_SEVERE_INJ,COUNT_VISIBLE_INJ,COUNT_COMPLAINT_PAIN,COUNT_PED_KILLED,COUNT_PED_INJURED,COUNT_BICYCLIST_KILLED,COUNT_BICYCLIST_INJURED,COUNT_MC_KILLED,COUNT_MC_INJURED,PRIMARY_RAMP,SECONDARY_RAMP,LATITUDE,LONGITUDE,COUNTY,CITY,POINT_X,POINT_Y
90864412,2018,2018-11-20,9525,2018-11-18,1340,021481,NA,7,1,6,1975,0,1,1,NA,2,103,I-10 W/B (SAN BERNARDINO FWY),FRANCISQUITO AVE,200,E,N,A,-,Y,NA,NA,NA,NA,NA,NA,NA,NA,NA,Y,4,0,2,1,A,-,08,22107,NA,N,E,I,A,A,H,-,A,D,0,NA,NA,NA,NA,Y,NA,A,07,0,0,2,0,0,0,0,0,0,-,-,34.06925964355469,-117.96639251708984,LOS ANGELES,WEST COVINA,-117.97361755371094,34.06875228881836
90864426,2018,2018-11-20,9535,2018-11-08,1225,019363,NA,4,1,3,1914,0,1,1,NA,2,501,I-5 (SANTA ANA FREEWAY) S/B,ARIZONA AVE POC,800,S,N,A,-,Y,NA,NA,NA,NA,NA,NA,NA,NA,NA,N,4,0,4,2,A,-,07,21658,A,N,B,C,A,A,H,-,A,D,0,NA,NA,NA,Y,Y,NA,G,27,0,0,4,0,0,0,0,0,0,-,-,34.00511932373047,-118.10022735595705,LOS ANGELES,COMMERCE,NA,NA
90864429,2018,2018-11-20,9535,2018-11-09,1820,020033,NA,5,2,5,1915,0,1,1,NA,2,075,I-710 S/B (LONG BEACH FREEWAY),ALONDRA BLVD,350,S,N,A,-,Y,NA,NA,710,NA,NA,NA,NA,NA,S,Y,4,0,1,2,A,-,04,21703,NA,N,C,C,A,A,H,-,C,D,0,NA,NA,NA,NA,Y,NA,A,01,0,0,1,0,0,0,0,0,0,-,-,33.88798141479492,-118.1894073486328,LOS ANGELES,COMPTON,-118.18938446044922,33.887969970703125
90864430,2018,2019-01-02,9545,2018-09-28,1800,018090,NA,5,2,9,1900,0,3,5,NA,2,001,AVENUE I,70TH STREET EAST,0,NA,Y,A,-,N,NA,NA,NA,NA,NA,NA,NA,NA,NA,Y,1,1,1,2,A,-,12,22450,A,N,D,C,A,A,H,-,A,A,0,NA,NA,NA,NA,Y,NA,A,01,1,0,0,0,0,0,0,0,0,-,-,34.70465850830078,-118.00543975830078,LOS ANGELES,UNINCORPORATED,-118.00544738769533,34.70463943481445
90864440,2018,2018-11-20,9535,2018-11-08,1530,020855,NA,4,2,5,1901,0,1,1,NA,2,421,I-10 W/B TO GARFIELD N/B,GARFIELD AVE,16,E,N,A,-,Y,NA,NA,10,NA,NA,NA,R,NA,W,N,4,0,1,2,A,-,21,22106,NA,N,C,C,A,A,H,-,A,A,0,NA,NA,NA,NA,Y,NA,A,01,0,0,1,0,0,0,0,0,0,-,-,34.07365036010742,-118.12283325195313,LOS ANGELES,ALHAMBRA,-118.12283325195313,34.07365036010742
90864472,2018,2018-11-20,9535,2018-11-09,0830,017943,NA,5,1,5,1901,0,1,1,NA,2,421,I-10 (SAN BERNARDINO FREEWAY) W/B,FREMONT AVE,1100,E,N,A,-,Y,NA,NA,10,NA,NA,NA,NA,NA,W,N,4,0,2,4,A,-,03,22350,NA,N,C,C,A,A,H,-,A,D,0,NA,NA,NA,NA,Y,NA,A,01,0,0,2,0,0,0,0,0,0,-,-,34.070411682128906,-118.14762878417967,LOS ANGELES,ALHAMBRA,-118.1476593017578,34.070472717285156
90864475,2018,2018-11-20,9535,2018-11-09,1255,016869,NA,5,1,4,1907,0,1,1,NA,2,073,I-710 S/B TO FLORENCE AVE. W/B,FLORENCE AVE,10,N,N,A,-,Y,NA,NA,710,NA,NA,NA,R,NA,S,N,4,0,1,2,A,-,03,22350,NA,M,C,C,A,A,H,-,A,A,0,NA,NA,NA,NA,Y,NA,A,08,0,0,1,0,0,0,0,0,0,-,-,33.96841049194336,-118.1691436767578,LOS ANGELES,BELL,-118.1691436767578,33.96841049194336
90864476,2018,2018-11-20,9530,2018-11-08,1815,022060,NA,4,2,7,1942,0,1,1,NA,2,110,I-110 S/B TO I-405,190TH ST.,100,N,N,A,-,Y,NA,NA,110,NA,NA,NA,R,NA,S,N,4,0,1,2,A,-,03,22350,NA,F,C,C,A,A,H,-,D,D,0,NA,NA,NA,NA,Y,NA,-,99,0,0,1,0,0,0,0,0,0,-,-,33.8614387512207,-118.28549194335938,LOS ANGELES,LOS ANGELES,-118.28549194335938,33.8614387512207
90864487,2018,2018-11-20,9530,2018-11-08,0731,020427,NA,4,1,9,1900,0,3,5,NA,2,002,COMPTON AVE.,118TH ST.,0,NA,Y,A,-,N,NA,NA,NA,NA,NA,NA,NA,NA,NA,Y,4,0,2,2,A,-,09,21801,A,N,D,C,A,A,H,-,A,A,0,NA,NA,NA,NA,Y,NA,A,07,0,0,2,0,0,0,0,0,0,-,-,33.92591857910156,-118.24626922607422,LOS ANGELES,UNINCORPORATED,-118.24627685546876,33.925941467285156
90864499,2018,2018-11-20,9535,2018-11-09,1325,014473,NA,5,1,1,1973,0,1,1,NA,2,073,I-710 (LONG BEACH FREEWAY) S/B,HOBART YARD R/R,100,N,N,A,-,Y,NA,NA,710,NA,NA,NA,NA,NA,S,N,4,0,2,2,A,-,03,22350,NA,N,C,C,A,A,H,-,A,D,0,NA,NA,NA,Y,Y,NA,G,25,0,0,2,0,0,0,0,0,0,-,-,34.00114059448242,-118.17466735839844,LOS ANGELES,VERNON,-118.17466735839844,34.00114059448242
90864502,2018,2018-11-20,9535,2018-11-09,1530,019125,NA,5,2,5,1948,0,1,3,NA,2,620,SR-60 (POMONA FREEWAY) E/B,MARKLAND DR,1056,E,N,A,-,Y,NA,NA,60,NA,NA,NA,NA,NA,E,Y,4,0,1,2,A,-,03,22350,NA,N,C,C,A,A,H,-,A,D,0,NA,NA,NA,NA,Y,NA,A,01,0,0,1,0,0,0,0,0,0,-,-,34.03350067138672,-118.11042785644533,LOS ANGELES,MONTEREY PARK,-118.11045074462892,34.03358840942383
90864505,2018,2018-11-20,9535,2018-11-08,1506,022085,NA,4,2,9,1900,0,2,4,NA,2,025,ATLANTIC BLVD,UNION PACIFIC AVE.,0,NA,Y,A,-,N,NA,NA,NA,NA,NA,NA,NA,NA,NA,N,3,0,1,2,A,-,10,21950,A,N,G,B,B,A,H,-,A,A,0,Y,NA,NA,NA,Y,NA,A,01,0,1,0,0,1,0,0,0,0,-,-,34.01401901245117,-118.15927124023438,LOS ANGELES,UNINCORPORATED,-118.1592025756836,34.01411819458008
90864507,2018,2018-11-21,9530,2018-11-08,0915,021076,NA,4,1,9,1900,0,3,5,NA,2,005,MARINE AVE.,CRENSHAW BLVD.,0,NA,Y,A,-,N,NA,NA,NA,NA,NA,NA,NA,NA,NA,Y,4,0,2,3,A,-,12,21453,A,N,D,C,A,A,H,-,A,A,0,NA,NA,NA,NA,Y,NA,A,01,0,0,2,0,0,0,0,0,0,-,-,33.89466857910156,-118.32657623291016,LOS ANGELES,UNINCORPORATED,-118.3265380859375,33.89466094970703
90864509,2018,2018-11-21,9550,2018-11-13,2245,020795,NA,2,3,9,1900,0,3,5,NA,2,002,LEFFINGWELL ROAD,LAMBERT ROAD,0,NA,Y,A,-,N,NA,NA,NA,NA,NA,NA,NA,NA,NA,Y,4,0,2,2,A,-,12,21453,A,N,D,C,A,A,H,-,C,A,0,NA,NA,NA,NA,Y,NA,A,01,0,0,2,0,0,0,0,0,0,-,-,33.931880950927734,-117.99006652832033,LOS ANGELES,UNINCORPORATED,-117.99021911621094,33.931880950927734
90864512,2018,2018-11-21,9550,2018-11-13,1415,020824,NA,2,2,4,1936,0,1,1,NA,2,501,INTERSTATE 5 (SANTA ANA FREEWAY) N/B,VALLEY VIEW AVENUE,750,S,N,A,-,Y,NA,NA,NA,NA,NA,NA,NA,NA,NA,N,4,0,1,2,A,-,03,22350,NA,N,C,C,A,A,H,-,A,D,0,NA,NA,NA,NA,Y,NA,A,07,0,0,1,0,0,0,0,0,0,-,-,33.88488006591797,-118.02719879150392,LOS ANGELES,LA MIRADA,-118.02693939208984,33.88311767578125
90864513,2018,2018-12-03,9530,2018-11-09,1830,021842,NA,5,2,6,1972,0,1,1,NA,2,400,I-405 S/B (SAN DIEGO FREEWAY),ARTESIA BLVD.,500,S,N,A,-,Y,NA,NA,405,NA,NA,NA,NA,NA,S,N,4,0,1,3,A,-,03,22350,NA,N,C,C,A,A,H,-,C,D,0,NA,NA,NA,NA,Y,NA,A,01,0,0,1,0,0,0,0,0,0,-,-,33.87208938598633,-118.34169769287108,LOS ANGELES,TORRANCE,-118.34175872802734,33.87205123901367
90864516,2018,2018-11-21,9530,2018-11-09,1330,021842,NA,5,1,6,1972,0,1,1,NA,2,400,I-405 N/B (SAN DIEGO FREEWAY),ARTESIA BLVD.,250,S,N,A,-,Y,NA,NA,405,NA,NA,NA,NA,NA,N,Y,4,0,1,4,A,-,03,22350,NA,N,C,C,A,A,H,-,A,D,0,NA,NA,NA,NA,Y,NA,A,01,0,0,1,0,0,0,0,0,0,-,-,33.87187957763672,-118.34136962890624,LOS ANGELES,TORRANCE,-118.34136962890624,33.871883392333984
90864518,2018,2018-11-21,9530,2018-11-09,1500,021842,NA,5,2,6,1972,0,1,1,NA,2,400,I-405 N/B (SAN DIEGO FREEWAY),HAWTHORNE BLVD.,250,S,N,A,-,Y,NA,NA,NA,NA,NA,NA,NA,NA,NA,Y,4,0,3,3,A,-,07,21658,A,N,B,C,A,A,H,-,A,D,0,NA,NA,NA,NA,Y,NA,A,01,0,0,3,0,0,0,0,0,0,-,-,33.883541107177734,-118.35090637207033,LOS ANGELES,TORRANCE,-118.3520965576172,33.88441467285156
90864520,2018,2018-11-21,9550,2018-11-13,1815,020928,NA,2,2,5,1919,0,1,3,NA,2,092,SR-91 EASTBOUND,BLOOMFIELD AVENUE,1000,W,N,A,-,Y,NA,NA,91,NA,NA,NA,NA,NA,E,Y,4,0,1,3,A,-,03,22350,NA,N,C,C,A,A,H,-,C,D,0,NA,NA,NA,NA,Y,NA,A,01,0,0,1,0,0,0,0,0,0,-,-,33.876190185546875,-118.0673828125,LOS ANGELES,CERRITOS,-118.06735229492188,33.87636184692383
90864521,2018,2018-11-21,9550,2018-11-13,1615,020948,NA,2,2,9,1900,0,2,4,NA,1,042,COLIMA ROAD,HACIENDA BOULEVARD,200,E,N,A,-,N,NA,NA,NA,NA,NA,NA,NA,NA,NA,Y,4,0,1,2,A,-,03,22350,NA,N,C,C,A,A,H,-,B,A,0,NA,NA,NA,NA,Y,NA,A,01,0,0,1,0,0,0,0,0,0,-,-,33.98139953613281,-117.97215270996094,LOS ANGELES,UNINCORPORATED,-117.9724349975586,33.981353759765625
90864522,2018,2018-11-21,9550,2018-11-13,1400,020974,NA,2,2,6,1920,0,1,1,NA,2,150,I-105 E/B,ARDIS AVENUE,50,E,N,A,-,Y,NA,NA,105,NA,NA,NA,NA,NA,E,Y,4,0,2,3,A,-,03,22350,NA,N,C,C,A,A,H,-,A,D,0,NA,NA,NA,NA,Y,NA,A,01,0,0,2,0,0,0,0,0,0,-,-,33.912960052490234,-118.1295166015625,LOS ANGELES,DOWNEY,-118.1295166015625,33.912986755371094
90864523,2018,2018-11-21,9550,2018-11-13,1845,020959,NA,2,2,9,1900,0,1,3,NA,2,092,STATE ROUTE 91 (ARTESIA FREEWAY),SHOEMAKER AVENUE,1200,E,N,A,-,Y,NA,NA,NA,NA,NA,NA,NA,NA,NA,Y,4,0,2,2,A,-,03,22350,NA,N,C,C,A,A,H,-,C,D,0,NA,NA,NA,NA,Y,NA,D,22,0,0,2,0,0,0,0,0,0,-,-,33.86759948730469,-118.0517578125,LOS ANGELES,UNINCORPORATED,-118.05503845214844,33.86980056762695
90864526,2018,2018-11-21,9530,2018-11-09,1945,020935,NA,5,2,7,1942,0,1,1,NA,2,200,I-105 EASTBOUND TO CENTRAL AVE,CENTRAL AVE.,6,W,N,A,-,Y,NA,NA,105,NA,NA,NA,R,NA,E,N,4,0,1,2,A,-,03,22350,NA,F,C,C,A,A,H,-,C,A,0,NA,NA,NA,NA,Y,NA,-,99,0,0,1,0,0,0,0,0,0,-,-,33.92750930786133,-118.25463104248048,LOS ANGELES,LOS ANGELES,-118.25463104248048,33.92750930786133
90864529,2018,2018-11-21,9550,2018-10-26,0820,015040,NA,5,1,3,1964,0,2,S,NA,2,901,PIONEER BOULEVARD,ORR AND DAY ROAD,0,NA,Y,A,-,N,NA,NA,NA,NA,NA,NA,NA,NA,NA,Y,3,0,2,2,A,-,09,21801,A,N,D,C,A,A,H,-,A,D,0,NA,NA,NA,NA,Y,NA,A,07,0,2,0,0,0,0,0,0,0,-,-,33.95415115356445,-118.0864715576172,LOS ANGELES,SANTA FE SPRINGS,-118.08657836914064,33.95418167114258
90864532,2018,2018-11-21,9590,2018-11-08,2300,022136,NA,4,3,7,1942,0,1,2,NA,2,072,US-101 N/B (HOLLYWOOD FREEWAY),WESTERN AVE.,95,N,N,A,-,Y,NA,NA,101,NA,NA,NA,NA,NA,N,Y,3,0,1,1,A,-,01,23152,A,N,E,I,A,A,H,-,C,D,0,NA,NA,NA,NA,Y,Y,D,22,0,1,0,0,0,0,0,0,0,-,-,34.09463119506836,-118.31036376953124,LOS ANGELES,LOS ANGELES,-118.31040191650392,34.09457015991211
90864538,2018,2018-11-21,9525,2018-11-08,1620,019291,NA,4,2,1,1934,0,1,1,NA,2,652,I-605 N/B TO LIVE OAK AVE W/B,LIVE OAK AVE,5,N,N,A,-,N,NA,NA,605,NA,NA,NA,R,NA,N,Y,3,0,1,2,A,-,03,22350,NA,N,C,C,A,A,H,-,A,D,0,NA,NA,NA,NA,Y,NA,A,07,0,1,0,0,0,0,0,0,0,-,-,34.10892868041992,-117.9801025390625,LOS ANGELES,IRWINDALE,-117.9801025390625,34.10892868041992
90864542,2018,2018-11-21,9525,2018-11-09,0755,015445,NA,5,1,6,1975,0,1,1,NA,2,105,I-10 W/B (SAN BERNARDINO FWY),CITRUS ST.,50,E,N,A,-,Y,NA,NA,10,NA,NA,NA,NA,NA,W,Y,4,0,1,3,A,-,07,21658,A,N,F,A,A,A,D,E,A,D,0,NA,NA,Y,NA,Y,NA,A,01,0,0,1,0,0,0,0,0,1,-,-,34.0720100402832,-117.88980865478516,LOS ANGELES,WEST COVINA,-117.88980865478516,34.07206344604492
90864544,2018,2018-11-21,9565,2018-11-09,1930,021775,NA,5,2,7,1942,0,1,1,NA,2,083,I-10 E/B (SANTA MONICA FREEWAY),ROBERTSON BLVD.,20,W,N,A,-,Y,NA,NA,10,NA,NA,NA,NA,NA,E,N,4,0,3,3,A,-,03,22350,NA,N,C,C,A,A,H,-,D,D,0,NA,NA,NA,NA,Y,NA,A,07,0,0,3,0,0,0,0,0,0,-,-,34.03068923950195,-118.39112091064452,LOS ANGELES,LOS ANGELES,-118.39111328125,34.030677795410156
90864546,2018,2018-11-21,9525,2018-11-11,1723,021080,NA,7,2,4,1960,0,1,3,NA,2,572,SR-57 N/B (ORANGE FWY),I-210 W/B (FOOTHILL FWY),1584,S,N,A,-,Y,NA,NA,57,NA,NA,NA,NA,NA,N,N,4,0,2,3,A,-,03,22350,NA,N,C,C,A,A,H,-,C,D,0,NA,NA,NA,NA,Y,NA,A,01,0,0,2,0,0,0,0,0,0,-,-,34.116241455078125,-117.82398986816406,LOS ANGELES,SAN DIMAS,-117.8239974975586,34.116241455078125
90864566,2018,2018-11-21,9530,2018-11-08,2223,021108,NA,4,3,6,1972,0,1,1,NA,2,400,I-405 S/B (SAN DIEGO FREEWAY),HAWTHORNE BLVD.,42,S,N,A,-,Y,NA,NA,NA,NA,NA,NA,NA,NA,NA,N,2,0,1,2,A,-,11,21954,A,N,G,B,E,A,H,-,C,D,0,Y,NA,NA,Y,Y,Y,N,60,1,0,0,0,1,0,0,0,0,-,-,33.884521484375,-118.35266876220705,LOS ANGELES,TORRANCE,-118.35261535644533,33.88457107543945
90864570,2018,2018-11-21,9540,2018-11-11,1645,020790,NA,7,2,9,1900,0,2,4,NA,2,073,CASTAIC ROAD (31700 BLOCK),FANTASTIC LN,30,N,N,A,-,N,NA,NA,NA,NA,NA,NA,NA,NA,NA,Y,3,0,1,2,A,-,07,21658,A,N,A,C,A,A,H,-,C,D,0,NA,NA,NA,Y,Y,NA,A,01,0,1,0,0,0,0,0,0,0,-,-,34.49509048461914,-118.62135314941406,LOS ANGELES,UNINCORPORATED,-118.6212921142578,34.4951057434082
90864574,2018,2018-11-21,9525,2018-11-16,0205,015988,NA,5,3,6,1955,0,1,1,NA,2,108,I-10 E/B (SAN BERNARDINO FWY),KELLOGG DR.,300,E,N,A,-,Y,NA,NA,10,NA,NA,NA,NA,NA,E,Y,2,0,2,2,A,-,03,22350,NA,N,C,C,A,A,D,E,D,D,0,NA,NA,NA,NA,Y,Y,A,01,2,0,0,0,0,0,0,0,0,-,-,34.064239501953125,-117.8089599609375,LOS ANGELES,POMONA,-117.80896759033205,34.06428909301758
90864591,2018,2018-11-21,9530,2018-11-08,1800,021623,NA,4,2,7,1941,0,1,1,NA,2,420,I-405 S/B (SAN DIEGO FREEWAY),SANTA FE AVE.,600,N,N,A,-,Y,NA,NA,405,NA,NA,NA,NA,NA,S,N,4,0,1,2,A,-,03,22350,NA,N,C,C,A,A,H,-,C,D,0,NA,NA,NA,NA,Y,NA,A,01,0,0,1,0,0,0,0,0,0,-,-,33.825191497802734,-118.21987152099608,LOS ANGELES,LONG BEACH,-118.21987152099608,33.825164794921875
90864605,2018,2018-11-21,9590,2018-11-11,0135,021673,NA,7,3,7,1942,0,1,1,NA,2,013,SR-110 S/B (ASP),AVE 60,350,S,N,A,-,Y,NA,NA,110,NA,NA,NA,NA,NA,S,Y,4,0,1,2,A,-,03,22350,NA,F,C,C,A,A,H,-,C,D,0,NA,NA,NA,NA,Y,NA,-,99,0,0,1,0,0,0,0,0,0,-,-,34.10708999633789,-118.1870574951172,LOS ANGELES,LOS ANGELES,-118.18699645996094,34.10702133178711
90864606,2018,2018-11-21,9535,2018-11-08,2310,017308,NA,4,3,9,1900,0,1,3,NA,2,600,SR-60 (POMONA FREEWAY) E/B,SUNOL DR,100,E,N,A,-,Y,NA,NA,60,NA,NA,NA,NA,NA,E,Y,4,0,1,5,A,-,03,22350,NA,N,C,C,A,A,H,-,C,D,0,NA,NA,NA,NA,Y,NA,A,07,0,0,1,0,0,0,0,0,0,-,-,34.03403854370117,-118.17896270751952,LOS ANGELES,UNINCORPORATED,-118.17897033691406,34.03406524658203
90864610,2018,2018-11-21,9590,2018-11-10,2255,021883,NA,6,3,7,1942,0,1,1,NA,2,052,I-110 N/B (HARBOR FREEWAY),WASHINGTON BLVD.,1000,N,N,A,-,Y,NA,NA,110,NA,NA,NA,NA,NA,N,Y,3,0,1,3,A,-,03,22350,NA,N,C,C,A,A,H,-,C,D,0,NA,NA,NA,NA,Y,NA,A,01,0,1,0,0,0,0,0,0,0,-,-,34.038448333740234,-118.27388763427734,LOS ANGELES,LOS ANGELES,-118.27385711669922,34.03844451904297
90864613,2018,2018-11-21,9530,2018-11-06,0915,022132,NA,2,1,7,1941,0,1,1,NA,2,072,I-710 S/B (LONG BEACH FREEWAY),WARDLOW AVE.,1056,N,N,A,-,Y,NA,NA,710,NA,NA,NA,NA,NA,S,N,4,0,1,2,A,-,03,22350,NA,N,C,C,A,A,H,-,A,D,0,NA,NA,NA,Y,Y,NA,G,25,0,0,1,0,0,0,0,0,0,-,-,33.824920654296875,-118.20722198486328,LOS ANGELES,LONG BEACH,-118.20716094970705,33.824928283691406
90864614,2018,2018-11-21,9545,2018-11-13,0640,015351,NA,2,1,9,1900,0,1,3,NA,2,031,SR-14 S/B,CROWN VALLEY RD,400,N,N,A,-,Y,NA,NA,14,NA,NA,NA,NA,NA,S,Y,4,0,1,3,A,-,03,22350,NA,N,C,C,A,A,H,-,A,D,0,NA,NA,NA,NA,Y,NA,A,01,0,0,1,0,0,0,0,0,0,-,-,34.492191314697266,-118.19730377197266,LOS ANGELES,UNINCORPORATED,-118.1972885131836,34.49212646484375
90864617,2018,2018-11-21,9590,2018-11-10,1855,021429,NA,6,2,7,1942,0,1,1,NA,2,051,I-110 S/B (HARBOR FREEWAY),W. FLORENCE AVENUE,100,S,N,A,-,Y,NA,NA,110,NA,NA,NA,NA,NA,S,N,4,0,1,2,A,-,03,22350,NA,N,C,C,A,A,H,-,D,D,0,NA,NA,NA,NA,Y,NA,A,01,0,0,1,0,0,0,0,0,0,-,-,33.97444152832031,-118.28095245361328,LOS ANGELES,LOS ANGELES,-118.28092956542967,33.97444152832031
90864620,2018,2018-11-21,9535,2018-11-09,1615,021976,NA,5,2,5,1915,0,1,1,NA,2,074,I-710 (LONG BEACH FREEWAY) N/B,ALONDRA BLVD,300,N,N,A,-,Y,NA,NA,710,NA,NA,NA,NA,NA,N,Y,4,0,1,2,A,-,03,22350,NA,N,C,C,A,A,H,-,A,D,0,NA,NA,NA,NA,Y,NA,A,01,0,0,1,0,0,0,0,0,0,-,-,33.890010833740234,-118.18860626220705,LOS ANGELES,COMPTON,-118.1885223388672,33.889984130859375
90864628,2018,2018-11-21,9565,2018-11-20,2045,019355,NA,2,2,7,1942,0,1,1,NA,2,082,I-10 E/B (SANTA MONICA FREEWAY),GATEWAY DR,545,E,N,B,-,Y,NA,NA,10,NA,NA,NA,NA,NA,E,Y,4,0,1,3,A,-,03,22350,NA,N,C,C,A,A,H,-,C,D,0,NA,NA,NA,NA,Y,Y,A,01,0,0,1,0,0,0,0,0,0,-,-,34.03007888793945,-118.4409637451172,LOS ANGELES,LOS ANGELES,-118.44097137451172,34.030155181884766
90864630,2018,2018-11-21,9590,2018-11-10,2217,021317,NA,6,3,7,1942,0,1,1,NA,2,064,I-10 E/B (SANTA MONICA FREEWAY),SANTA FE AVE,300,W,N,A,-,Y,NA,NA,10,NA,NA,NA,NA,NA,E,N,4,0,1,4,A,-,03,22350,NA,N,C,C,A,A,H,-,C,D,0,NA,NA,NA,NA,Y,NA,A,01,0,0,1,0,0,0,0,0,0,-,-,34.02788162231445,-118.2306900024414,LOS ANGELES,LOS ANGELES,-118.23074340820313,34.028045654296875
90864638,2018,2018-11-21,9565,2018-11-13,1125,019320,NA,2,1,9,1900,0,3,5,NA,2,003,MOUNT VERNON DR.,MONTEITH DR.,50,N,N,A,-,N,NA,NA,NA,NA,NA,NA,NA,NA,NA,Y,4,0,2,2,A,-,08,22107,NA,N,C,C,A,A,H,-,A,D,0,NA,NA,NA,NA,Y,NA,A,07,0,0,2,0,0,0,0,0,0,-,-,34.000091552734375,-118.35333251953124,LOS ANGELES,UNINCORPORATED,-118.35327911376952,34.000938415527344
90864666,2018,2018-11-21,9530,2018-11-09,1225,019357,NA,5,1,9,1900,0,3,5,NA,2,004,VISTA INDUSTRIA (2500 BLOCK),ALAMEDA ST.,525,E,N,A,-,N,NA,NA,NA,NA,NA,NA,NA,NA,NA,N,2,0,1,2,A,-,21,22106,NA,N,E,I,F,A,H,-,A,D,0,Y,NA,NA,Y,Y,NA,G,25,1,0,0,0,1,0,0,0,0,-,-,33.84992980957031,-118.21711730957033,LOS ANGELES,UNINCORPORATED,-118.21743011474608,33.8498420715332
90864682,2018,2018-11-21,9535,2018-11-09,1840,022100,NA,5,2,9,1900,0,2,4,NA,2,024,WHITTIER BLVD. (5600 BLOCK),SADLER AVE.,25,E,N,A,-,N,NA,NA,NA,NA,NA,NA,NA,NA,NA,Y,4,0,2,2,A,-,03,22350,NA,N,C,C,A,A,H,-,C,D,0,NA,NA,NA,NA,Y,NA,A,01,0,0,2,0,0,0,0,0,0,-,-,34.018798828125,-118.14913177490234,LOS ANGELES,UNINCORPORATED,-118.14926910400392,34.018714904785156
90864686,2018,2018-12-06,9565,2018-11-20,2245,020604,NA,2,3,9,1900,0,2,4,NA,2,021,VERMONT AVE S/B,108TH ST  E,0,NA,Y,B,-,N,NA,NA,NA,NA,NA,NA,NA,NA,NA,Y,3,0,4,2,A,-,08,22107,NA,N,B,C,A,A,H,-,C,A,0,NA,NA,NA,NA,Y,NA,A,01,0,1,3,0,0,0,0,0,0,-,-,33.938148498535156,-118.24173736572266,LOS ANGELES,UNINCORPORATED,-118.29193115234376,33.93819046020508
90864687,2018,2018-11-21,9575,2018-11-09,1800,020182,NA,5,2,6,1912,0,1,1,NA,2,051,I-5 N/B (GOLDEN STATE FREEWAY),VERDUGO AVE.,50,S,N,A,-,Y,NA,NA,5,NA,NA,NA,NA,NA,N,N,4,0,1,3,A,-,06,21755,NA,M,B,C,A,A,H,-,D,D,0,NA,NA,Y,NA,Y,NA,C,02,0,0,1,0,0,0,0,0,1,-,-,34.17660903930664,-118.30773162841795,LOS ANGELES,BURBANK,-118.30773162841795,34.17660903930664
90864689,2018,2018-11-21,9545,2018-11-13,0635,018058,NA,2,1,9,1900,0,3,5,NA,2,002,SIERRA HWY,SR-14 N/B TO SIERRA HIGHWAY OVERCROSS,212,N,N,A,-,N,NA,NA,14,NA,NA,NA,NA,NA,NA,Y,4,0,1,2,A,-,09,21804,A,F,D,C,A,A,H,-,A,D,0,NA,NA,NA,NA,Y,NA,A,01,0,0,1,0,0,0,0,0,0,-,-,34.510440826416016,-118.11033630371094,LOS ANGELES,UNINCORPORATED,-118.11106872558594,34.5108757019043
90864738,2018,2018-11-26,9535,2018-11-10,0116,022017,NA,6,3,6,1922,0,1,1,NA,2,401,I-10 (SAN BERNARDINO FREEWAY) W/B,SANTA ANITA AVENUE,1000,W,N,A,-,Y,NA,NA,10,NA,NA,NA,NA,NA,W,Y,4,0,1,2,A,-,01,23152,A,N,B,C,A,A,H,-,D,D,0,NA,NA,NA,NA,Y,Y,D,22,0,0,1,0,0,0,0,0,0,-,-,34.07017135620117,-118.0470962524414,LOS ANGELES,EL MONTE,-118.04704284667967,34.07029342651367