CASE_ID,ACCIDENT_YEAR,PROC_DATE,JURIS,COLLISION_DATE,COLLISION_TIME,OFFICER_ID,REPORTING_DISTRICT,DAY_OF_WEEK,CHP_SHIFT,POPULATION,CNTY_CITY_LOC,SPECIAL_COND,BEAT_TYPE,CHP_BEAT_TYPE,CITY_DIVISION_LAPD,CHP_BEAT_CLASS,BEAT_NUMBER,PRIMARY_RD,SECONDARY_RD,DISTANCE,DIRECTION,INTERSECTION,WEATHER_1,WEATHER_2,STATE_HWY_IND,CALTRANS_COUNTY,CALTRANS_DISTRICT,STATE_ROUTE,ROUTE_SUFFIX,POSTMILE_PREFIX,POSTMILE,LOCATION_TYPE,RAMP_INTERSECTION,SIDE_OF_HWY,TOW_AWAY,COLLISION_SEVERITY,NUMBER_KILLED,NUMBER_INJURED,PARTY_COUNT,PRIMARY_COLL_FACTOR,PCF_CODE_OF_VIOL,PCF_VIOL_CATEGORY,PCF_VIOLATION,PCF_VIOL_SUBSECTION,HIT_AND_RUN,TYPE_OF_COLLISION,MVIW,PED_ACTION,ROAD_SURFACE,ROAD_COND_1,ROAD_COND_2,LIGHTING,CONTROL_DEVICE,CHP_ROAD_TYPE,PEDESTRIAN_ACCIDENT,BICYCLE_ACCIDENT,MOTORCYCLE_ACCIDENT,TRUCK_ACCIDENT,NOT_PRIVATE_PROPERTY,ALCOHOL_INVOLVED,STWD_VEHTYPE_AT_FAULT,CHP_VEHTYPE_AT_FAULT,COUNT_SEVERE_INJ,COUNT_VISIBLE_INJ,COUNT_COMPLAINT_PAIN,COUNT_PED_KILLED,COUNT_PED_INJURED,COUNT_BICYCLIST_KILLED,COUNT_BICYCLIST_INJURED,COUNT_MC_KILLED,COUNT_MC_INJURED,PRIMARY_RAMP,SECONDARY_RAMP,LATITUDE,LONGITUDE,COUNTY,CITY,POINT_X,POINT_Y
90865591,2018,2018-11-22,9530,2018-11-10,1050,021493,NA,6,1,9,1900,0,3,5,NA,2,002,MONA BLVD.,119TH ST.,0,NA,Y,A,-,N,NA,NA,NA,NA,NA,NA,NA,NA,NA,Y,4,0,1,2,A,-,09,21802,A,N,D,C,A,A,H,-,A,A,0,NA,NA,NA,NA,Y,NA,A,08,0,0,1,0,0,0,0,0,0,-,-,33.924190521240234,-118.22911834716795,LOS ANGELES,UNINCORPORATED,-118.22936248779295,33.924598693847656
90865623,2018,2018-11-22,9530,2018-11-11,1440,021871,NA,7,2,7,1942,0,1,1,NA,2,400,I-405 S/B (SAN DIEGO FREEWAY),VERMONT AVE.,900,N,N,A,-,Y,NA,NA,405,NA,NA,NA,NA,NA,S,Y,4,0,1,3,A,-,03,22350,NA,N,C,C,A,A,H,-,A,D,0,NA,NA,NA,NA,Y,NA,A,08,0,0,1,0,0,0,0,0,0,-,-,33.85940170288086,-118.29100036621094,LOS ANGELES,LOS ANGELES,-118.2909927368164,33.85943603515625
90865633,2018,2018-11-22,9530,2018-11-11,1733,022079,NA,7,2,5,1977,0,1,3,NA,2,310,SR-91 W/B (ARTESIA FREEWAY),MAIN ST.,1580,E,N,A,-,Y,NA,NA,91,NA,NA,NA,NA,NA,W,Y,4,0,1,2,A,-,03,22350,NA,N,C,C,A,A,H,-,C,D,0,NA,NA,NA,NA,Y,NA,D,22,0,0,1,0,0,0,0,0,0,-,-,33.87276077270508,-118.27012634277344,LOS ANGELES,CARSON,-118.27012634277344,33.87275695800781
90865639,2018,2019-01-07,9530,2018-11-12,0910,019050,NA,1,1,7,1941,0,1,1,NA,2,072,I-710 N/B FROM PACIFIC COAST HWY W/B,PACIFIC COAST HWY.,475,N,N,A,-,Y,NA,NA,710,NA,NA,NA,R,NA,N,Y,2,0,1,1,A,-,03,22350,NA,N,F,A,A,A,H,-,A,D,0,NA,NA,NA,Y,Y,NA,G,27,1,0,0,0,0,0,0,0,0,-,-,33.79180145263672,-118.2074966430664,LOS ANGELES,LONG BEACH,-118.2074966430664,33.79180145263672
9086564,2020,2020-06-24,1900,2020-03-06,0335,499039,1516,5,5,5,1954,0,0,0,NA,0,151T3,PARAMOUNT BL,REX RD,453,N,N,A,-,N,NA,NA,NA,NA,NA,NA,NA,NA,NA,N,4,0,1,2,A,-,03,22350,NA,M,B,C,A,A,H,-,C,D,0,NA,NA,NA,NA,Y,NA,A,01,0,0,1,0,0,0,0,0,0,-,-,33.98292922973633,-118.108642578125,LOS ANGELES,PICO RIVERA,-118.10865783691406,33.982765197753906
90865642,2018,2018-11-22,9530,2018-11-12,1240,019050,NA,1,1,7,1941,0,1,1,NA,2,072,I-710 S/B TO WILLOW ST. W/B OFF RAMP,WILLOW ST.,338,S,N,A,-,Y,NA,NA,710,NA,NA,NA,R,NA,S,Y,4,0,1,1,A,-,03,22350,NA,N,E,I,A,A,H,-,A,D,0,NA,NA,NA,NA,Y,NA,A,01,0,0,1,0,0,0,0,0,0,-,-,33.8031005859375,-118.20780181884766,LOS ANGELES,LONG BEACH,-118.20780181884766,33.8031005859375
90865658,2018,2018-11-22,9530,2018-11-12,1732,020608,NA,1,2,9,1900,0,3,5,NA,2,006,VERMONT AVE.,DEL AMO BLVD.,0,NA,Y,A,-,N,NA,NA,NA,NA,NA,NA,NA,NA,NA,Y,4,0,1,2,A,-,09,21801,A,N,D,C,A,A,H,-,A,D,0,NA,NA,NA,NA,Y,NA,A,01,0,0,1,0,0,0,0,0,0,-,-,33.84621047973633,-118.29049682617188,LOS ANGELES,UNINCORPORATED,-118.29039001464844,33.846248626708984
90865691,2018,2018-11-23,9550,2018-07-07,2125,021532,NA,6,2,9,1900,0,2,4,NA,1,051,NOGALES STREET,STATE ROUTE 60 W/B OFFRAMP,0,NA,Y,A,-,N,NA,NA,NA,NA,NA,NA,NA,NA,NA,Y,3,0,1,2,A,-,12,21453,A,F,D,C,A,A,H,-,C,A,0,NA,NA,NA,NA,Y,NA,-,99,0,1,0,0,0,0,0,0,0,-,-,33.995540618896484,-117.88842010498048,LOS ANGELES,UNINCORPORATED,-117.888504,33.995341
90865744,2018,2018-11-23,9580,2018-11-16,1405,022103,NA,5,2,7,1942,0,1,3,NA,2,171,SR-170 S/B (HOLLYWOOD FWY.),RIVERSIDE DR,1056,N,N,A,-,Y,NA,NA,170,NA,NA,NA,NA,NA,S,Y,3,0,1,1,A,-,08,22107,NA,N,E,I,A,A,H,-,A,D,0,NA,NA,NA,NA,Y,NA,A,07,0,1,0,0,0,0,0,0,0,-,-,34.15904998779297,-118.38015747070313,LOS ANGELES,LOS ANGELES,-118.38024139404295,34.15901184082031
90865747,2018,2018-12-27,9580,2018-11-13,1838,021780,NA,2,2,7,1942,0,1,2,NA,2,103,US-101 S/B (VENTURA FREEWAY),I-405,2218,N,N,A,-,Y,NA,NA,101,NA,NA,NA,NA,NA,S,Y,4,0,2,3,A,-,03,22350,NA,N,C,C,A,A,H,-,C,D,0,NA,NA,NA,NA,Y,NA,A,01,0,0,2,0,0,0,0,0,0,-,-,34.164878845214844,-118.47435760498048,LOS ANGELES,LOS ANGELES,-118.47437286376952,34.16483688354492
90865817,2018,2019-01-11,9580,2018-11-09,1305,017228,NA,5,1,7,1942,0,1,2,NA,2,105,US-101 S/B (VENTURA FREEWAY),VALLEY CIRCLE BOULEVARD,200,S,N,A,-,Y,NA,NA,101,NA,NA,NA,NA,NA,S,Y,3,0,1,2,A,-,07,21658,A,N,B,C,A,A,H,-,A,D,0,NA,NA,NA,NA,Y,NA,A,01,0,1,0,0,0,0,0,0,0,-,-,34.15956115722656,-118.63707733154295,LOS ANGELES,LOS ANGELES,-118.63705444335938,34.15950012207031
90865823,2018,2018-11-23,9580,2018-11-21,0130,021236,NA,3,3,7,1942,0,1,1,NA,2,405,I-405 S/B (SAN DIEGO FWY),SEPULVEDA BLVD,2640,S,N,A,-,Y,NA,NA,405,NA,NA,NA,NA,NA,S,Y,3,0,2,2,A,-,21,22106,NA,N,D,C,A,A,H,-,C,D,0,NA,NA,NA,NA,Y,NA,A,01,0,2,0,0,0,0,0,0,0,-,-,34.143150329589844,-118.47145080566406,LOS ANGELES,LOS ANGELES,-118.4715576171875,34.14316177368164
90865828,2018,2018-11-23,9580,2018-11-15,1425,020451,NA,4,2,7,1942,0,1,2,NA,2,101,US-101 S/B (VENTURA FREEWAY),COLDWATER CANYON AVE,750,N,N,A,-,Y,NA,NA,101,NA,NA,NA,NA,NA,S,Y,4,0,1,2,A,-,03,22350,NA,N,C,C,A,A,H,-,A,D,0,NA,NA,NA,NA,Y,NA,A,01,0,0,1,0,0,0,0,0,0,-,-,34.156700134277344,-118.4181671142578,LOS ANGELES,LOS ANGELES,-118.4181671142578,34.15665817260742
90865830,2018,2018-11-23,9580,2018-11-20,0825,022036,NA,2,1,7,1942,0,1,2,NA,2,102,US-101 N/B (VENTURA FREEWAY),SEPULVEDA BLVD,750,S,N,A,-,Y,NA,NA,101,NA,NA,NA,NA,NA,N,Y,4,0,1,3,A,-,03,22350,NA,N,C,C,A,A,H,-,A,D,0,NA,NA,NA,NA,Y,NA,A,01,0,0,1,0,0,0,0,0,0,-,-,34.15950012207031,-118.4636001586914,LOS ANGELES,LOS ANGELES,-118.4636001586914,34.159507751464844
90865833,2018,2018-11-23,9580,2018-11-20,1410,021554,NA,2,2,7,1942,0,1,3,NA,2,116,E/B SR-118 TO I-405,HASKELL AVE,520,W,N,A,-,Y,NA,NA,118,NA,NA,NA,R,NA,NA,Y,3,0,2,3,A,-,03,22350,NA,N,C,C,A,A,H,-,A,D,0,NA,NA,NA,NA,Y,NA,D,22,0,2,0,0,0,0,0,0,0,-,-,34.2657585144043,-118.47789764404295,LOS ANGELES,LOS ANGELES,-118.47789764404295,34.2657585144043
90865840,2018,2018-12-07,9580,2018-11-19,1705,021999,NA,1,2,7,1942,0,1,3,NA,2,170,SR-170 N/B (HOLLYWOOD FWY.),VANOWEN ST,220,S,N,A,-,Y,NA,NA,170,NA,NA,NA,NA,NA,N,N,4,0,1,2,A,-,03,22350,NA,M,C,C,A,A,H,-,D,D,0,NA,NA,NA,NA,Y,NA,-,99,0,0,1,0,0,0,0,0,0,-,-,34.193050384521484,-118.4022979736328,LOS ANGELES,LOS ANGELES,-118.40222930908205,34.193058013916016
90865841,2018,2018-11-23,9580,2018-11-19,1650,021999,NA,1,2,7,1942,0,1,3,NA,2,170,SR-170 N/B (HOLLYWOOD FWY.),SHERMAN WAY,100,N,N,A,-,Y,NA,NA,170,NA,NA,NA,NA,NA,N,Y,4,0,1,2,A,-,03,22350,NA,N,C,C,A,A,H,-,B,D,0,NA,NA,NA,NA,Y,NA,A,07,0,0,1,0,0,0,0,0,0,-,-,34.20161819458008,-118.40370941162108,LOS ANGELES,LOS ANGELES,-118.4036865234375,34.201629638671875
90865844,2018,2018-11-23,9580,2018-11-19,1045,021079,NA,1,1,7,1942,0,1,3,NA,2,171,SR-170 S/B (HOLLYWOOD FWY.),VICTORY BLVD,1850,S,N,A,-,Y,NA,NA,170,NA,NA,NA,NA,NA,S,N,4,0,1,2,A,-,03,22350,NA,N,C,C,A,A,H,-,A,D,0,NA,NA,NA,NA,Y,NA,A,08,0,0,1,0,0,0,0,0,0,-,-,34.184078216552734,-118.39998626708984,LOS ANGELES,LOS ANGELES,-118.3999481201172,34.18412399291992
90865848,2018,2018-11-23,9580,2018-11-19,1735,021963,NA,1,2,7,1942,0,1,3,NA,2,116,SR-118 E/B (RONALD REAGAN FWY.),WOODLEY AVE,1056,W,N,A,-,Y,NA,NA,118,NA,NA,NA,NA,NA,E,Y,4,0,1,3,A,-,03,22350,NA,N,C,C,A,A,H,-,C,D,0,NA,NA,NA,NA,Y,NA,A,01,0,0,1,0,0,0,0,0,0,-,-,34.2707405090332,-118.4887466430664,LOS ANGELES,LOS ANGELES,-118.48869323730467,34.27080535888672
90865859,2018,2018-11-23,9580,2018-11-13,1640,020728,NA,2,2,7,1942,0,1,3,NA,2,170,SR-170 N/B (HOLLYWOOD FWY.),SHERMAN WAY,50,S,N,A,-,Y,NA,NA,170,NA,NA,NA,NA,NA,N,Y,4,0,2,2,A,-,08,22107,NA,N,D,C,A,A,H,-,C,D,0,NA,NA,NA,NA,Y,NA,D,22,0,0,2,0,0,0,0,0,0,-,-,34.201210021972656,-118.40374755859376,LOS ANGELES,LOS ANGELES,-118.4035415649414,34.201290130615234
90865862,2018,2018-11-23,9580,2018-11-09,0752,022064,NA,5,1,3,1989,0,1,2,NA,2,106,US-101 N/B (VENTURA FREEWAY),MUREAU RD,1584,N,N,A,-,Y,NA,NA,101,NA,NA,NA,NA,NA,N,Y,4,0,1,3,A,-,03,22350,NA,F,C,C,A,A,H,-,A,D,0,NA,NA,NA,NA,Y,NA,A,07,0,0,1,0,0,0,0,0,0,-,-,34.149330139160156,-118.67163848876952,LOS ANGELES,CALABASAS,-118.67163848876952,34.14930725097656
90865866,2018,2018-11-23,9580,2018-11-22,0050,020404,NA,4,3,9,1900,0,1,2,NA,2,107,US-101 S/B (VENTURA FREEWAY),CHESEBRO RD,500,N,N,C,-,Y,NA,NA,NA,NA,NA,NA,NA,NA,NA,N,4,0,1,1,A,-,08,22107,NA,N,E,I,A,B,H,-,D,D,0,NA,NA,NA,NA,Y,NA,A,01,0,0,1,0,0,0,0,0,0,-,-,34.143218994140625,-118.74447631835938,LOS ANGELES,UNINCORPORATED,-118.74149322509766,34.14302062988281
90865869,2018,2018-11-23,9580,2018-11-20,1845,021780,NA,2,2,7,1942,0,1,3,NA,2,117,SR-118 W/B TO TAMPA AVE,TAMPA AVE,375,E,N,A,-,Y,NA,NA,118,NA,NA,NA,R,NA,W,N,4,0,1,2,A,-,03,22350,NA,M,C,C,A,A,H,-,C,D,0,NA,NA,NA,NA,Y,NA,-,99,0,0,1,0,0,0,0,0,0,-,-,34.27267837524414,-118.55491638183594,LOS ANGELES,LOS ANGELES,-118.55491638183594,34.27267837524414
90865876,2018,2018-11-23,9580,2018-11-20,1910,018583,NA,2,2,3,1989,0,1,2,NA,2,107,US-101 S/B (VENTURA FREEWAY),LAS VIRGENES RD,1056,S,N,A,-,Y,NA,NA,101,NA,NA,NA,NA,NA,S,Y,4,0,3,2,A,-,03,22350,NA,N,C,C,A,A,H,-,D,D,0,NA,NA,NA,NA,Y,NA,A,01,0,0,3,0,0,0,0,0,0,-,-,34.15102005004883,-118.69146728515624,LOS ANGELES,CALABASAS,-118.69146728515624,34.151058197021484
9086590,2020,2020-06-24,1942,2020-03-13,1415,43697,1079,5,5,7,1942,0,0,0,J,0,10X8,VENTURA ST,FIRMAMENT AV,50,W,N,B,-,N,NA,NA,NA,NA,NA,NA,NA,NA,NA,N,4,0,1,2,A,-,08,22107,NA,M,C,C,A,B,H,-,A,D,0,NA,NA,NA,NA,Y,NA,-,99,0,0,1,0,0,0,0,0,0,-,-,NA,NA,LOS ANGELES,LOS ANGELES,-118.47283935546876,34.15488052368164
90865933,2018,2018-11-23,9530,2018-11-12,0013,021123,NA,1,3,6,1972,0,1,1,NA,2,400,I-405 S/B (SAN DIEGO FREEWAY),VERMONT AVE.,120,N,N,A,-,Y,NA,NA,NA,NA,NA,NA,NA,NA,NA,Y,4,0,1,2,A,-,07,21658,A,F,B,C,A,A,H,-,D,D,0,NA,NA,NA,NA,Y,NA,-,99,0,0,1,0,0,0,0,0,0,-,-,33.85948181152344,-118.29112243652344,LOS ANGELES,TORRANCE,-118.29090881347656,33.85942840576172
9086597,2020,2020-06-24,1942,2020-03-25,1035,42029,2147,3,5,7,1942,0,0,0,NA,0,31A5,SHERMAN WY,INDEPENDENCE AV,0,NA,Y,B,-,N,NA,NA,NA,NA,NA,NA,NA,NA,NA,N,4,0,1,2,A,-,10,21950,A,N,G,B,B,A,H,-,A,A,0,Y,NA,NA,NA,Y,NA,A,01,0,0,1,0,1,0,0,0,0,-,-,NA,NA,LOS ANGELES,LOS ANGELES,-118.59062957763672,34.20111846923828
90865986,2018,2018-11-26,9530,2018-11-14,1700,020935,NA,3,2,7,1941,0,1,1,NA,2,420,I-405 N/B (SAN DIEGO FREEWAY),SPRING ST.,100,N,N,A,-,Y,NA,NA,405,NA,NA,NA,NA,NA,N,N,4,0,1,3,A,-,03,22350,NA,N,C,C,A,A,H,-,C,D,0,NA,NA,NA,NA,Y,NA,A,01,0,0,1,0,0,0,0,0,0,-,-,33.81201171875,-118.16230010986328,LOS ANGELES,LONG BEACH,-118.16231536865234,33.81196594238281
90865990,2018,2018-11-26,9530,2018-11-14,1605,020935,NA,3,2,7,1941,0,1,1,NA,2,420,I-405 S/B (SAN DIEGO FREEWAY),LONG BEACH BLVD.,600,N,N,A,-,Y,NA,NA,405,NA,NA,NA,NA,NA,S,N,4,0,2,3,A,-,03,22350,NA,N,C,C,A,A,H,-,A,D,0,NA,NA,NA,NA,Y,NA,D,22,0,0,2,0,0,0,0,0,0,-,-,33.81861114501953,-118.19091796875,LOS ANGELES,LONG BEACH,-118.19092559814452,33.818607330322266
90865993,2018,2018-11-26,9530,2018-11-14,1459,020935,NA,3,2,7,1941,0,1,1,NA,2,420,I-405 S/B (SAN DIEGO FREEWAY),WALNUT AVE.,200,N,N,A,-,Y,NA,NA,405,NA,NA,NA,NA,NA,S,Y,4,0,1,3,A,-,03,22350,NA,N,C,C,A,A,H,-,A,D,0,NA,NA,NA,NA,Y,NA,A,07,0,0,1,0,0,0,0,0,0,-,-,33.81425857543945,-118.17283630371094,LOS ANGELES,LONG BEACH,-118.17283630371094,33.81420135498047
90865995,2018,2018-11-26,9530,2018-11-14,1050,020938,NA,3,1,9,1900,0,1,1,NA,2,210,I-105 E/B (GLENN ANDERSON FWY),COMPTON AVE.,302,W,N,A,-,Y,NA,NA,105,NA,NA,NA,NA,NA,E,Y,4,0,2,2,A,-,03,22350,NA,N,C,C,A,A,H,-,A,D,0,NA,NA,NA,Y,Y,NA,A,01,0,0,2,0,0,0,0,0,0,-,-,33.92885971069336,-118.24735260009766,LOS ANGELES,UNINCORPORATED,-118.24735260009766,33.928619384765625
90865996,2018,2018-11-26,9530,2018-11-14,0540,020567,NA,3,3,9,1900,0,3,5,NA,2,001,ALAMEDA ST.,NADEAU ST.,0,NA,Y,B,-,N,NA,NA,NA,NA,NA,NA,NA,NA,NA,Y,4,0,1,3,A,-,09,21801,A,N,A,C,A,A,H,-,B,A,0,NA,NA,NA,NA,Y,NA,A,01,0,0,1,0,0,0,0,0,0,-,-,33.967491149902344,-118.2331085205078,LOS ANGELES,UNINCORPORATED,-118.23322296142578,33.96744918823242
90865998,2018,2018-11-26,9530,2018-11-15,0500,021252,NA,4,3,9,1900,0,3,5,NA,2,006,VERMONT AVE.,LOMITA BLVD.,0,NA,Y,A,-,N,NA,NA,NA,NA,NA,NA,NA,NA,NA,N,4,0,1,2,D,-,00,NA,NA,N,D,C,A,A,H,-,C,A,0,NA,NA,NA,NA,Y,NA,-,-,0,0,1,0,0,0,0,0,0,-,-,33.7977409362793,-118.29071044921876,LOS ANGELES,UNINCORPORATED,-118.29087829589844,33.797828674316406
90866005,2018,2018-11-26,9530,2018-11-22,1755,017860,NA,4,2,5,1977,0,1,1,NA,2,410,I-405 N/B (SAN DIEGO FREEWAY),WILMINGTON AVE.,2100,N,N,A,-,Y,NA,NA,405,NA,NA,NA,NA,NA,N,Y,4,0,1,2,A,-,07,21658,A,N,B,C,A,A,H,-,D,D,0,NA,NA,NA,NA,Y,NA,A,01,0,0,1,0,0,0,0,0,0,-,-,33.82617950439453,-118.24903106689452,LOS ANGELES,CARSON,-118.2490234375,33.82621383666992
90866007,2018,2018-11-26,9530,2018-11-16,1940,018200,NA,5,2,9,1900,0,1,3,NA,2,310,SR-91 E/B (ARTESIA FREEWAY),SANTA FE AVE.,25,E,N,A,-,Y,NA,NA,91,NA,NA,NA,NA,NA,E,N,4,0,1,2,A,-,03,22350,NA,N,C,C,A,A,H,-,C,D,0,NA,NA,NA,NA,Y,NA,A,01,0,0,1,0,0,0,0,0,0,-,-,33.873409271240234,-118.21372985839844,LOS ANGELES,UNINCORPORATED,-118.21372985839844,33.873390197753906
90866012,2018,2018-11-26,9550,2018-11-22,0300,022139,NA,4,3,6,1949,0,1,1,NA,2,501,I-5 SOUTHBOUND,ALONDRA BLVD,300,N,N,C,-,Y,NA,NA,NA,NA,NA,NA,NA,NA,NA,Y,3,0,1,2,A,-,01,23152,A,N,C,C,A,B,H,-,C,D,0,NA,NA,NA,NA,Y,Y,D,22,0,1,0,0,0,0,0,0,0,-,-,33.88833999633789,-118.03659057617188,LOS ANGELES,NORWALK,-118.03716278076172,33.88835906982422
90866023,2018,2018-11-26,9575,2018-11-12,1340,020918,NA,1,1,9,1900,0,1,3,NA,2,301,SR-2 E/B (ANGELES CREST HIGHWAY),ANGELES FOREST HIGHWAY,5016,E,N,A,-,Y,NA,NA,2,NA,NA,NA,NA,NA,E,Y,2,0,1,1,A,-,03,22350,NA,N,F,A,A,A,H,-,A,D,0,NA,NA,NA,NA,Y,NA,A,01,1,0,0,0,0,0,0,0,0,-,-,34.26797866821289,-118.13887786865234,LOS ANGELES,UNINCORPORATED,-118.13887786865234,34.26797866821289
90866024,2018,2018-11-26,9575,2018-11-15,1555,020182,NA,4,2,9,1900,0,2,4,NA,2,084,DUARTE RD.,MUSCATEL AVE.,0,NA,Y,A,-,N,NA,NA,NA,NA,NA,NA,NA,NA,NA,Y,4,0,1,2,A,-,09,21801,A,N,A,C,A,A,H,-,A,D,0,NA,NA,NA,NA,Y,NA,A,01,0,0,1,0,0,0,0,0,0,-,-,34.121551513671875,-118.07929229736328,LOS ANGELES,UNINCORPORATED,-118.07987213134766,34.121429443359375
90866027,2018,2018-11-26,9575,2018-11-16,1050,018762,NA,5,1,6,1925,0,1,3,NA,2,042,SR-134 W/B (VENTURA FREEWAY),CONCORD STREET,50,E,N,A,-,Y,NA,NA,134,NA,NA,NA,NA,NA,W,Y,4,0,5,2,A,-,03,22350,NA,N,C,C,A,A,H,-,A,D,0,NA,NA,NA,NA,Y,NA,A,07,0,0,5,0,0,0,0,0,0,-,-,34.15502166748047,-118.2709503173828,LOS ANGELES,GLENDALE,-118.27093505859376,34.15495681762695
90866062,2018,2018-11-26,9575,2018-11-17,1726,021006,NA,6,2,7,1942,0,1,1,NA,2,053,I-5 S/B (GOLDEN STATE FREEWAY),TERRA BELLA ST.,500,S,N,A,-,Y,NA,NA,5,NA,NA,NA,NA,NA,S,Y,4,0,1,3,A,-,03,22350,NA,N,C,C,A,A,H,-,C,D,0,NA,NA,NA,NA,Y,NA,D,22,0,0,1,0,0,0,0,0,0,-,-,34.248809814453125,-118.42691040039064,LOS ANGELES,LOS ANGELES,-118.42690277099608,34.248817443847656
90866068,2018,2018-11-26,9525,2018-11-18,1850,020907,NA,7,2,6,1955,0,1,3,NA,2,572,SR-57 N/B (ORANGE FWY),TEMPLE AVE,1670,S,N,A,-,Y,NA,NA,57,NA,NA,NA,NA,NA,N,Y,4,0,1,3,A,-,07,21658,A,N,B,C,A,A,H,-,C,D,0,NA,NA,NA,Y,Y,NA,G,25,0,0,1,0,0,0,0,0,0,-,-,34.036861419677734,-117.80579376220705,LOS ANGELES,POMONA,-117.80585479736328,34.036930084228516
90866069,2018,2018-11-26,9525,2018-11-11,1030,020847,NA,7,1,9,1900,0,1,3,NA,1,024,SR-39 (SAN GABRIEL CANYON RD.),CRYSTAL LAKE RD.,21120,S,N,A,-,Y,NA,NA,39,NA,NA,NA,NA,NA,NA,Y,2,0,2,2,A,-,03,22350,NA,N,F,A,A,A,H,-,A,D,0,NA,NA,Y,NA,Y,NA,C,02,1,1,0,0,0,0,0,0,2,-,-,34.299930572509766,-117.83335113525392,LOS ANGELES,UNINCORPORATED,-117.83332824707033,34.29996871948242
90866074,2018,2018-11-26,9525,2018-11-16,0845,020216,NA,5,1,4,1946,0,1,1,NA,2,211,I-210 W/B (FOOTHILL FWY),HUNTINGTON DR.,2640,E,N,A,-,Y,NA,NA,210,NA,NA,NA,NA,NA,W,Y,3,0,3,2,A,-,03,22350,NA,N,B,C,A,A,H,-,A,D,0,NA,NA,NA,NA,Y,NA,A,01,0,1,2,0,0,0,0,0,0,-,-,34.137779235839844,-118.01334381103516,LOS ANGELES,MONROVIA,-118.0133819580078,34.137699127197266
90866075,2018,2018-11-26,9525,2018-11-17,1234,020544,NA,6,1,5,1990,0,1,3,NA,2,603,SR-60 W/B (POMONA FWY),GRAND AVE,2112,E,N,A,-,Y,NA,NA,60,NA,NA,NA,NA,NA,W,Y,3,0,2,3,A,-,03,22350,NA,N,C,C,A,A,H,-,A,D,0,NA,NA,NA,NA,Y,NA,A,01,0,1,1,0,0,0,0,0,0,-,-,34.01673889160156,-117.817626953125,LOS ANGELES,DIAMOND BAR,-117.81765747070313,34.016761779785156
90866077,2018,2018-11-26,9525,2018-11-16,0600,018364,NA,5,1,9,1900,0,2,4,NA,2,045,VALLEY BOULEVARD W/B (13500 BLOCK),VINELAND AVENUE,40,W,N,A,-,N,NA,NA,NA,NA,NA,NA,NA,NA,NA,Y,2,0,1,3,A,-,09,21453,B,N,C,C,A,A,H,-,D,A,0,NA,NA,NA,NA,Y,NA,A,07,1,0,0,0,0,0,0,0,0,-,-,34.04756164550781,-117.99313354492188,LOS ANGELES,UNINCORPORATED,-117.99312591552734,34.047462463378906
9086608,2020,2020-06-10,1942,2020-02-20,1420,44023,0852,4,5,7,1942,0,0,0,H,0,8A52W4,SANTA MONICA BL,WESTGATE AV,0,NA,Y,A,-,N,NA,NA,NA,NA,NA,NA,NA,NA,NA,N,4,0,1,2,A,-,04,21703,NA,N,C,C,A,A,H,-,A,A,0,NA,NA,NA,NA,Y,NA,A,01,0,0,1,0,0,0,0,0,0,-,-,NA,NA,LOS ANGELES,LOS ANGELES,-118.45922088623048,34.0423583984375
90866081,2018,2018-11-26,9525,2018-11-11,1854,021080,NA,7,2,5,1926,0,1,1,NA,2,205,I-210 W/B (FOOTHILL FWY),SUNFLOWER AVE,2640,E,N,A,-,Y,NA,NA,210,NA,NA,NA,NA,NA,W,Y,4,0,1,2,A,-,03,22350,NA,N,C,C,A,A,H,-,C,D,0,NA,NA,NA,NA,Y,NA,A,01,0,0,1,0,0,0,0,0,0,-,-,34.1197509765625,-117.83912658691406,LOS ANGELES,GLENDORA,-117.8390884399414,34.119659423828125
90866083,2018,2018-11-26,9525,2018-11-19,0345,021224,NA,1,3,5,1990,0,1,3,NA,2,571,SR-57 S/B TO SR-60 W/B,SUNSET CROSSING RD.,2112,S,N,A,-,Y,NA,NA,57,NA,NA,NA,R,NA,S,Y,3,0,1,1,A,-,01,23152,A,N,E,I,A,A,H,-,D,D,0,NA,NA,NA,NA,Y,Y,A,01,0,1,0,0,0,0,0,0,0,-,-,34.023338317871094,-117.81305694580078,LOS ANGELES,DIAMOND BAR,-117.81305694580078,34.023338317871094
90866088,2018,2018-11-26,9525,2018-11-07,1505,021748,NA,3,2,6,1955,0,1,1,NA,2,108,I-10 E/B (SAN BERNARDINO FWY),SR-57 N/B (ORANGE FWY),50,W,N,A,-,Y,NA,NA,10,NA,NA,NA,NA,NA,E,Y,3,0,1,2,A,-,07,21658,A,N,D,C,A,A,D,-,A,D,0,NA,NA,NA,NA,Y,NA,A,07,0,1,0,0,0,0,0,0,0,-,-,34.06536865234375,-117.80647277832033,LOS ANGELES,POMONA,-117.80638885498048,34.065162658691406