CASE_ID,ACCIDENT_YEAR,PROC_DATE,JURIS,COLLISION_DATE,COLLISION_TIME,OFFICER_ID,REPORTING_DISTRICT,DAY_OF_WEEK,CHP_SHIFT,POPULATION,CNTY_CITY_LOC,SPECIAL_COND,BEAT_TYPE,CHP_BEAT_TYPE,CITY_DIVISION_LAPD,CHP_BEAT_CLASS,BEAT_NUMBER,PRIMARY_RD,SECONDARY_RD,DISTANCE,DIRECTION,INTERSECTION,WEATHER_1,WEATHER_2,STATE_HWY_IND,CALTRANS_COUNTY,CALTRANS_DISTRICT,STATE_ROUTE,ROUTE_SUFFIX,POSTMILE_PREFIX,POSTMILE,LOCATION_TYPE,RAMP_INTERSECTION,SIDE_OF_HWY,TOW_AWAY,COLLISION_SEVERITY,NUMBER_KILLED,NUMBER_INJURED,PARTY_COUNT,PRIMARY_COLL_FACTOR,PCF_CODE_OF_VIOL,PCF_VIOL_CATEGORY,PCF_VIOLATION,PCF_VIOL_SUBSECTION,HIT_AND_RUN,TYPE_OF_COLLISION,MVIW,PED_ACTION,ROAD_SURFACE,ROAD_COND_1,ROAD_COND_2,LIGHTING,CONTROL_DEVICE,CHP_ROAD_TYPE,PEDESTRIAN_ACCIDENT,BICYCLE_ACCIDENT,MOTORCYCLE_ACCIDENT,TRUCK_ACCIDENT,NOT_PRIVATE_PROPERTY,ALCOHOL_INVOLVED,STWD_VEHTYPE_AT_FAULT,CHP_VEHTYPE_AT_FAULT,COUNT_SEVERE_INJ,COUNT_VISIBLE_INJ,COUNT_COMPLAINT_PAIN,COUNT_PED_KILLED,COUNT_PED_INJURED,COUNT_BICYCLIST_KILLED,COUNT_BICYCLIST_INJURED,COUNT_MC_KILLED,COUNT_MC_INJURED,PRIMARY_RAMP,SECONDARY_RAMP,LATITUDE,LONGITUDE,COUNTY,CITY,POINT_X,POINT_Y
90869347,2018,2018-11-28,9565,2018-11-15,0100,022014,NA,4,3,9,1900,0,3,5,NA,2,002,107TH STREET,VERMONT AVENUE,7,W,N,A,-,N,NA,NA,NA,NA,NA,NA,NA,NA,NA,N,3,0,1,2,A,-,08,22107,NA,F,H,G,A,A,H,-,D,D,0,NA,Y,NA,NA,Y,NA,-,99,0,1,0,0,0,0,1,0,0,-,-,33.938880920410156,-118.29203033447266,LOS ANGELES,UNINCORPORATED,-118.2919464111328,33.938819885253906
9086936,2020,2020-08-20,1941,2020-03-18,1611,10937,901,3,5,7,1941,0,0,0,NA,0,NA,BURNETT ST,ELM AV,50,E,N,A,-,N,NA,NA,NA,NA,NA,NA,NA,NA,NA,N,4,0,1,2,A,-,-,NA,NA,N,H,B,D,A,H,-,A,D,0,Y,NA,Y,NA,Y,Y,N,NA,0,0,1,0,1,0,0,0,0,-,-,NA,NA,LOS ANGELES,LONG BEACH,-118.18808746337892,33.800743103027344
90869361,2018,2018-11-28,9540,2018-11-21,0441,018582,NA,3,3,9,1900,0,2,4,NA,1,104,SAN FRANCISQUITO CANYON ROAD,STATOR LANE,2640,S,N,A,-,N,NA,NA,NA,NA,NA,NA,NA,NA,NA,Y,4,0,1,1,A,-,03,22350,NA,N,E,I,A,A,H,-,D,A,0,NA,NA,NA,NA,Y,NA,A,01,0,0,1,0,0,0,0,0,0,-,-,34.52751159667969,-118.52932739257813,LOS ANGELES,UNINCORPORATED,-118.52847290039064,34.53190231323242
90869364,2018,2018-11-28,9590,2018-11-17,1500,021583,NA,6,2,7,1942,0,1,1,NA,2,060,I-10 E/B (SANTA MONICA FREEWAY),WASHINGTON BLVD,900,E,N,A,-,Y,NA,NA,10,NA,NA,NA,NA,NA,E,N,4,0,1,2,A,-,03,22350,NA,F,C,C,A,A,H,-,A,D,0,NA,NA,NA,NA,Y,NA,-,99,0,0,1,0,0,0,0,0,0,-,-,34.03382110595703,-118.36254119873048,LOS ANGELES,LOS ANGELES,-118.36254119873048,34.03384017944336
9086938,2020,2020-07-07,1910,2020-03-03,1730,03633,NA,2,5,4,1910,0,0,0,NA,0,006,LOMA VISTA DR,WALLICE RIDGE,0,NA,Y,A,-,N,NA,NA,NA,NA,NA,NA,NA,NA,NA,N,4,0,1,2,A,-,12,22450,A,N,D,G,A,A,H,-,B,D,0,NA,Y,NA,NA,Y,NA,L,04,0,0,1,0,0,0,1,0,0,-,-,NA,NA,LOS ANGELES,BEVERLY HILLS,-118.39885711669922,34.09482192993164
90869394,2018,2018-11-28,9535,2018-11-10,1550,022085,NA,6,2,3,1914,0,1,1,NA,2,072,I-710 (LONG BEACH FREEWAY) N/B,TRIGGS ST.,1000,S,N,A,-,Y,NA,NA,710,NA,NA,NA,NA,NA,N,Y,4,0,1,2,A,-,08,22107,NA,N,E,I,A,A,H,-,A,D,0,NA,NA,NA,Y,Y,NA,A,01,0,0,1,0,0,0,0,0,0,-,-,34.01105880737305,-118.17240142822266,LOS ANGELES,COMMERCE,-118.17226409912108,34.01106262207031
90869396,2018,2018-11-28,9550,2018-11-17,1020,018854,NA,6,1,9,1900,0,2,4,NA,1,051,FULLERTON RD. N/B,PATHFINDER ROAD,210,S,N,A,-,N,NA,NA,NA,NA,NA,NA,NA,NA,NA,N,4,0,1,2,A,-,08,22107,NA,N,B,C,A,A,H,-,A,D,0,NA,NA,NA,NA,Y,NA,A,07,0,0,1,0,0,0,0,0,0,-,-,33.96725845336914,-117.91529846191406,LOS ANGELES,UNINCORPORATED,-117.91547393798828,33.9672966003418
90869403,2018,2018-11-28,9535,2018-11-17,0930,017954,NA,6,1,9,1900,0,1,1,NA,2,420,I-10 (SAN BERNARDINO FREEWAY) E/B,I-170,700,W,N,A,-,Y,NA,NA,10,NA,NA,NA,NA,NA,E,Y,4,0,1,2,A,-,08,22107,NA,N,E,I,A,A,H,-,A,D,0,NA,NA,NA,NA,Y,NA,A,01,0,0,1,0,0,0,0,0,0,-,-,34.06134033203125,-118.16748046875,LOS ANGELES,UNINCORPORATED,-118.16748046875,34.061309814453125
90869409,2018,2018-11-28,9530,2018-11-15,1635,022022,NA,4,2,7,1942,0,1,1,NA,2,110,I-110 S/B (HARBOR FREEWAY),GARDENA BLVD.,120,N,N,A,-,Y,NA,NA,110,NA,NA,NA,NA,NA,S,Y,4,0,1,2,A,-,07,21658,A,N,C,C,A,A,H,-,A,D,0,NA,NA,NA,NA,Y,NA,A,01,0,0,1,0,0,0,0,0,0,-,-,33.88212966918945,-118.2851791381836,LOS ANGELES,LOS ANGELES,-118.28515625,33.88213348388672
90869437,2018,2018-11-28,9550,2018-11-14,0915,016237,NA,3,1,9,1900,0,1,1,NA,2,650,INTERSTATE 605 (S/B),WASHINGTON BOULEVARD,100,S,N,A,-,Y,NA,NA,NA,NA,NA,NA,NA,NA,NA,Y,4,0,2,4,A,-,08,22107,NA,N,B,C,A,A,H,-,A,D,0,NA,NA,NA,NA,Y,NA,A,01,0,0,2,0,0,0,0,0,0,-,-,33.97343063354492,-118.08280181884766,LOS ANGELES,UNINCORPORATED,-118.08023071289064,33.97370910644531
90869479,2018,2018-11-28,9565,2018-11-23,1704,022124,NA,5,2,7,1942,0,1,1,NA,2,082,I-10 E/B (SANTA MONICA  FREEWAY),SAWTELLE BLVD,870,W,N,A,-,Y,NA,NA,10,NA,NA,NA,NA,NA,E,Y,4,0,1,4,A,-,03,22350,NA,N,C,C,A,A,H,-,C,D,0,NA,NA,NA,NA,Y,NA,A,01,0,0,1,0,0,0,0,0,0,-,-,34.03047180175781,-118.43814849853516,LOS ANGELES,LOS ANGELES,-118.43815612792967,34.030540466308594
90869497,2018,2018-11-28,9565,2018-11-13,1900,021303,NA,2,2,9,1900,0,3,5,NA,2,005,ADMIRALTY WAY,BALI WAY,1100,N,N,A,-,N,NA,NA,NA,NA,NA,NA,NA,NA,NA,N,4,0,1,2,A,-,09,21801,A,N,D,C,A,A,H,-,C,A,0,NA,NA,Y,NA,Y,NA,A,07,0,0,1,0,0,0,0,0,1,-,-,33.9835090637207,-118.44497680664064,LOS ANGELES,UNINCORPORATED,-118.44465637207033,33.983436584472656
90869507,2018,2018-11-28,9565,2018-11-18,0425,021915,NA,7,3,6,1933,0,1,1,NA,2,060,I-405 S/B (SAN DIEGO FWY),CENTURY BLVD,500,N,N,A,-,Y,NA,NA,405,NA,NA,NA,NA,NA,S,Y,4,0,1,1,A,-,01,23152,A,N,E,I,A,A,H,-,D,D,0,NA,NA,NA,NA,Y,Y,A,01,0,0,1,0,0,0,0,0,0,-,-,33.94681167602539,-118.368408203125,LOS ANGELES,INGLEWOOD,-118.36848449707033,33.946807861328125
90869573,2018,2018-11-28,9535,2018-11-16,1540,020488,NA,5,2,9,1900,0,1,1,NA,2,501,I-5 (SANTA ANA FREEWAY) S/B,OLYMPIC BLVD,350,N,N,A,-,Y,NA,NA,NA,NA,NA,NA,NA,NA,NA,Y,3,0,1,2,A,-,03,22350,NA,N,C,C,A,A,H,-,A,D,0,NA,NA,NA,NA,Y,NA,A,01,0,1,0,0,0,0,0,0,0,-,-,34.07353973388672,-118.18077850341795,LOS ANGELES,UNINCORPORATED,-118.17961120605467,34.01936340332031
90869577,2018,2018-11-28,9580,2018-07-03,1852,021627,NA,2,2,9,1900,0,2,4,NA,1,127,MALIBU CANYON ROAD,FRANCISCO RANCH ROAD,5280,N,N,A,-,N,NA,NA,NA,NA,NA,NA,NA,NA,NA,N,1,1,0,1,A,-,08,22107,NA,N,E,I,A,A,H,-,A,D,0,NA,NA,NA,NA,Y,NA,A,01,0,0,0,0,0,0,0,0,0,-,-,34.06269836425781,-118.695068359375,LOS ANGELES,UNINCORPORATED,-118.695068359375,34.06269836425781
90869614,2018,2018-11-28,9530,2018-11-15,1817,021871,NA,4,2,9,1900,0,3,5,NA,2,005,REDONDO BEACH BLVD. (2900 BLOCK),CRENSHAW BLVD.,10,W,N,A,-,N,NA,NA,NA,NA,NA,NA,NA,NA,NA,N,3,0,1,2,A,-,10,21950,A,N,G,B,B,A,H,-,C,A,0,Y,NA,NA,NA,Y,NA,A,01,0,1,0,0,1,0,0,0,0,-,-,33.882911682128906,-118.32669830322266,LOS ANGELES,UNINCORPORATED,-118.32656097412108,33.88288879394531
90869621,2018,2018-11-28,9550,2018-11-17,0033,021943,NA,6,3,9,1900,0,3,5,NA,2,002,CARMENITA RD N/B,LUKAY STREET,25,N,N,A,-,N,NA,NA,NA,NA,NA,NA,NA,NA,NA,Y,4,0,2,2,A,-,07,21658,A,N,B,C,A,A,H,-,C,D,0,NA,NA,NA,NA,Y,NA,A,01,0,0,2,0,0,0,0,0,0,-,-,33.92770004272461,-118.04640197753906,LOS ANGELES,UNINCORPORATED,-118.04659271240234,33.92683792114258
9086964,2020,2020-08-13,1902,2020-04-22,0938,682,34,3,5,5,1902,0,0,0,NA,0,005,LAS TUNAS DR,EL MONTE AV,0,NA,Y,A,-,N,NA,NA,NA,NA,NA,NA,NA,NA,NA,Y,4,0,2,2,A,-,12,21453,A,N,D,C,A,A,H,-,A,A,0,NA,NA,NA,NA,Y,NA,-,-,0,0,2,0,0,0,0,0,0,-,-,NA,NA,LOS ANGELES,ARCADIA,-118.03825378417967,34.10770034790039
90869641,2018,2018-11-28,9550,2018-11-17,1510,021977,NA,6,2,9,1900,0,2,4,NA,1,052,COLIMA ROAD WESTBOUND,PEPPERDALE DRIVE,125,E,N,A,-,N,NA,NA,NA,NA,NA,NA,NA,NA,NA,Y,4,0,1,2,A,-,09,21804,A,N,D,C,A,A,H,-,A,D,0,NA,NA,NA,NA,Y,NA,A,01,0,0,1,0,0,0,0,0,0,-,-,33.986209869384766,-117.87198638916016,LOS ANGELES,UNINCORPORATED,-117.8720703125,33.98615264892578
9086967,2020,2020-07-30,1900,2020-04-11,1418,443069,0972,6,5,4,1979,0,0,0,NA,0,92T2,MELROSE AV,SAN VICENTE BL,0,NA,Y,A,-,N,NA,NA,NA,NA,NA,NA,NA,NA,NA,Y,4,0,2,2,A,-,17,21451,A,N,B,C,A,A,H,-,A,D,0,NA,NA,NA,NA,Y,NA,A,01,0,0,2,0,0,0,0,0,0,-,-,34.08150100708008,-118.38320159912108,LOS ANGELES,WEST HOLLYWOOD,-118.38320159912108,34.08135986328125
90869689,2018,2018-11-28,9530,2018-11-15,1430,022079,NA,4,2,5,1915,0,1,3,NA,2,310,SR-91 E/B (ARTESIA FREEWAY),WILMINGTON AVE.,1100,W,N,A,-,Y,NA,NA,91,NA,NA,NA,NA,NA,E,N,4,0,1,2,A,-,21,22106,NA,N,C,C,A,A,H,-,A,D,0,NA,NA,NA,NA,Y,NA,A,01,0,0,1,0,0,0,0,0,0,-,-,33.87351989746094,-118.2398681640625,LOS ANGELES,COMPTON,-118.2398681640625,33.87351608276367
90869693,2018,2018-11-28,9535,2018-11-20,1120,017943,NA,2,1,6,1922,0,1,1,NA,2,401,I-10 (SAN BERNARDINO FREEWAY) W/B,SANTA ANITA AVE,60,E,N,A,-,Y,NA,NA,10,NA,NA,NA,NA,NA,W,Y,4,0,2,2,A,-,03,22350,NA,N,C,C,A,A,H,-,A,D,0,NA,NA,NA,NA,Y,NA,D,22,0,0,2,0,0,0,0,0,0,-,-,34.06877899169922,-118.04193878173828,LOS ANGELES,EL MONTE,-118.04193115234376,34.068824768066406
90869718,2018,2018-11-29,9530,2018-11-17,1400,021842,NA,6,2,6,1972,0,1,1,NA,2,400,I-405 N/B (SAN DIEGO FREEWAY),YUKON AVE.,100,N,N,A,-,Y,NA,NA,405,NA,NA,NA,NA,NA,N,Y,4,0,1,2,A,-,03,22350,NA,N,C,C,A,A,H,-,A,D,0,NA,NA,NA,NA,Y,NA,A,07,0,0,1,0,0,0,0,0,0,-,-,33.86737060546875,-118.33538055419922,LOS ANGELES,TORRANCE,-118.33538055419922,33.867366790771484
90869719,2018,2018-11-29,9550,2018-11-18,2340,021986,NA,7,3,9,1900,0,1,1,NA,2,650,I-605 S/B,WASHINGTON BOULEVARD,990,N,N,A,-,Y,NA,NA,605,NA,NA,NA,NA,NA,S,Y,3,0,1,1,A,-,08,22107,NA,N,E,I,A,A,H,-,C,D,0,NA,NA,NA,NA,Y,NA,A,01,0,1,0,0,0,0,0,0,0,-,-,33.97684860229492,-118.07930755615234,LOS ANGELES,UNINCORPORATED,-118.07918548583984,33.976802825927734
90869721,2018,2018-11-29,9550,2018-11-17,1918,021954,NA,6,2,6,1920,0,1,1,NA,2,651,INTERSTATE 605 N/B TO INTERSTATE 5,FLORENCE AVENUE,750,S,N,A,-,Y,NA,NA,605,NA,NA,NA,R,NA,N,Y,2,0,2,3,A,-,03,22350,NA,N,C,C,A,A,H,-,D,D,0,NA,NA,NA,NA,Y,NA,A,01,1,0,1,0,0,0,0,0,0,-,-,33.934600830078125,-118.0998992919922,LOS ANGELES,DOWNEY,-118.0998992919922,33.934600830078125
90869723,2018,2018-11-29,9550,2018-11-19,1640,017511,NA,1,2,9,1900,0,1,3,NA,2,601,SR-60 W/B (POMONA FREEWAY),BARFORD AVE PED OVERCROSSING,300,W,N,B,-,Y,NA,NA,60,NA,NA,NA,NA,NA,W,Y,4,0,1,2,A,-,03,22350,NA,N,C,C,A,A,H,-,A,D,0,NA,NA,NA,NA,Y,NA,D,22,0,0,1,0,0,0,0,0,0,-,-,34.004730224609375,-117.9567413330078,LOS ANGELES,UNINCORPORATED,-117.95675659179688,34.00466537475586
90869724,2018,2018-11-29,9550,2018-11-19,1120,015449,NA,1,1,3,1903,0,1,3,NA,2,092,SR-91 W/B (ARTESIA FREEWAY),PIONEER BLVD.,300,E,N,B,-,Y,NA,NA,91,NA,NA,NA,NA,NA,W,N,4,0,2,2,A,-,03,22350,NA,N,C,C,A,A,H,-,A,D,0,NA,NA,NA,NA,Y,NA,A,07,0,0,2,0,0,0,0,0,0,-,-,33.876548767089844,-118.08119964599608,LOS ANGELES,ARTESIA,-118.08119964599608,33.876461029052734
90869726,2018,2018-11-29,9530,2018-11-17,1500,021842,NA,6,2,6,1972,0,1,1,NA,2,400,I-405 S/B (SAN DIEGO FREEWAY),VAN NESS AVE.,750,N,N,A,-,Y,NA,NA,405,NA,NA,NA,NA,NA,S,Y,4,0,1,3,A,-,03,22350,NA,N,C,C,A,A,H,-,A,D,0,NA,NA,NA,NA,Y,NA,A,01,0,0,1,0,0,0,0,0,0,-,-,33.862911224365234,-118.32140350341795,LOS ANGELES,TORRANCE,-118.32138824462892,33.862937927246094
90869756,2018,2018-11-29,9575,2018-11-16,1930,019976,NA,5,2,6,1925,0,1,3,NA,2,090,SR-2 W/B TO SR-134 W/B,HARVEY DR,25,N,N,A,B,Y,NA,NA,2,NA,NA,NA,R,NA,W,Y,4,0,1,2,A,-,03,22350,NA,N,C,C,A,A,H,-,D,D,0,NA,NA,NA,NA,Y,NA,A,08,0,0,1,0,0,0,0,0,0,-,-,34.149009704589844,-118.22760009765624,LOS ANGELES,GLENDALE,-118.22760009765624,34.149009704589844
90869765,2018,2018-11-29,9565,2018-11-15,1515,022097,NA,4,2,9,1900,0,2,4,NA,2,021,105TH ST,NORMANDIE AVE,0,NA,Y,A,-,N,NA,NA,NA,NA,NA,NA,NA,NA,NA,Y,4,0,1,2,A,-,09,21802,A,N,D,C,A,A,H,-,A,A,0,NA,NA,NA,NA,Y,NA,A,01,0,0,1,0,0,0,0,0,0,-,-,33.94123840332031,-118.30030822753906,LOS ANGELES,UNINCORPORATED,-118.30027770996094,33.941200256347656
90869769,2018,2018-11-29,9575,2018-11-16,2256,021732,NA,5,3,7,1942,0,1,1,NA,2,061,I-210 W/B (FOOTHILL FREEWAY),CHRISTY AVENUE,187,E,N,A,-,Y,NA,NA,210,NA,NA,NA,NA,NA,W,Y,3,0,1,2,A,-,03,22350,NA,N,C,C,A,A,H,-,D,D,0,NA,NA,NA,NA,Y,Y,D,22,0,1,0,0,0,0,0,0,0,-,-,34.2730712890625,-118.35832214355467,LOS ANGELES,LOS ANGELES,-118.35832977294922,34.27302169799805
90869771,2018,2018-11-29,9565,2018-11-14,1740,022099,NA,3,2,9,1900,0,2,4,NA,1,054,ADMIRALTY WAY,BALI WAY,1500,N,N,A,-,N,NA,NA,NA,NA,NA,NA,NA,NA,NA,Y,4,0,3,3,A,-,03,22350,NA,N,C,C,A,A,H,-,C,D,0,NA,NA,NA,NA,Y,NA,A,01,0,0,3,0,0,0,0,0,0,-,-,33.98360061645508,-118.44525909423828,LOS ANGELES,UNINCORPORATED,-118.44594573974608,33.98368453979492
90869776,2018,2018-11-29,9590,2018-11-26,1220,016230,NA,1,1,7,1942,0,1,3,NA,2,031,SR-60 W/B POMONA FWY,MARIETTA STREET,100,E,N,A,-,Y,NA,NA,60,NA,NA,NA,NA,NA,W,Y,4,0,1,3,A,-,08,22107,NA,N,C,D,A,A,H,-,A,D,0,NA,NA,NA,NA,Y,NA,A,01,0,0,1,0,0,0,0,0,0,-,-,34.02922821044922,-118.21224212646484,LOS ANGELES,LOS ANGELES,-118.21221923828124,34.0292854309082
90869781,2018,2018-11-29,9590,2018-11-15,1857,021583,NA,4,2,7,1942,0,1,1,NA,2,060,I-10 E/B (SANTA MONICA FREEWAY),6TH AVENUE,200,E,N,A,-,Y,NA,NA,10,NA,NA,NA,NA,NA,E,N,4,0,2,2,D,-,00,NA,NA,N,B,C,A,A,H,-,C,D,0,NA,NA,NA,NA,Y,NA,-,-,0,0,2,0,0,0,0,0,0,-,-,34.03586959838867,-118.32219696044922,LOS ANGELES,LOS ANGELES,-118.3222198486328,34.035972595214844
90869799,2018,2018-11-29,9575,2018-11-21,1745,021879,NA,3,2,6,1953,0,1,3,NA,2,040,SR-134 E/B FROM SAN RAFAEL  AVE.,SAN RAFAEL AVE.,370,E,N,A,-,Y,NA,NA,134,NA,NA,NA,R,NA,E,Y,4,0,1,2,A,-,03,22350,NA,N,C,C,A,A,H,-,C,A,0,NA,NA,NA,NA,Y,NA,A,01,0,0,1,0,0,0,0,0,0,-,-,34.14365005493164,-118.16928863525392,LOS ANGELES,PASADENA,-118.16928863525392,34.14365005493164
9086980,2020,2020-07-30,1942,2020-04-21,0850,40611,1325,2,5,7,1942,0,0,0,M,0,13A27,32ND ST,CENTRAL AV,210,W,N,A,-,N,NA,NA,NA,NA,NA,NA,NA,NA,NA,Y,4,0,1,2,A,-,09,21801,A,F,D,C,A,A,H,-,A,D,0,NA,NA,NA,NA,Y,NA,A,01,0,0,1,0,0,0,0,0,0,-,-,NA,NA,LOS ANGELES,LOS ANGELES,-118.25720977783205,34.01483154296875
90869800,2018,2018-11-29,9590,2018-11-18,2003,022088,NA,7,2,7,1942,0,1,3,NA,2,095,SR-2 WESTBOUND (GLENDALE FREEWAY),VERDUGO ROAD,500,W,N,A,-,Y,NA,NA,2,NA,NA,NA,NA,NA,W,Y,4,0,5,2,A,-,03,22350,NA,N,C,C,A,A,H,-,D,D,0,NA,NA,NA,NA,Y,NA,A,01,0,0,5,0,0,0,0,0,0,-,-,34.1184196472168,-118.23436737060548,LOS ANGELES,LOS ANGELES,-118.23434448242188,34.118370056152344
90869812,2018,2018-11-29,9575,2018-11-21,0021,020521,NA,3,3,7,1942,0,1,1,NA,2,061,I-210 W/B (FOOTHILL FREEWAY),LA TUNA CANYON,2000,W,N,A,-,Y,NA,NA,210,NA,NA,NA,NA,NA,W,Y,4,0,2,2,A,-,07,21658,A,F,C,C,A,A,H,-,D,D,0,NA,NA,NA,NA,Y,NA,-,99,0,0,2,0,0,0,0,0,0,-,-,34.23482894897461,-118.29799652099608,LOS ANGELES,LOS ANGELES,-118.29800415039064,34.234806060791016
90869816,2018,2018-11-29,9590,2018-11-17,1945,021622,NA,6,2,7,1942,0,1,1,NA,2,063,I-10 W/B (SMF) COLLECTOR ROAD,VERMONT AVENUE,1000,E,N,A,-,Y,NA,NA,10,NA,NA,NA,NA,NA,W,N,4,0,1,2,A,-,03,22350,NA,N,C,C,A,A,H,-,C,D,0,NA,NA,NA,NA,Y,NA,A,01,0,0,1,0,0,0,0,0,0,-,-,34.0372314453125,-118.28809356689452,LOS ANGELES,LOS ANGELES,-118.28809356689452,34.03702163696289
90869818,2018,2018-11-29,9580,2018-11-20,2210,022158,NA,2,3,7,1942,0,1,2,NA,2,104,US-101 N/B (VENTURA FREEWAY),DE SOTO AVE,600,N,N,A,-,Y,NA,NA,101,NA,NA,NA,NA,NA,N,Y,4,0,1,2,A,-,08,22107,NA,N,B,C,A,A,H,-,D,D,0,NA,NA,NA,NA,Y,NA,A,01,0,0,1,0,0,0,0,0,0,-,-,34.16781997680664,-118.58467864990234,LOS ANGELES,LOS ANGELES,-118.5846939086914,34.168052673339844
90869823,2018,2018-11-29,9580,2018-11-20,1415,021627,NA,2,2,7,1942,0,1,2,NA,2,101,US-101 S/B (VENTURA FREEWAY),FULTON AVE,1056,N,N,A,-,Y,NA,NA,101,NA,NA,NA,NA,NA,S,Y,2,0,2,3,C,-,18,NA,NA,N,C,C,A,A,H,-,A,D,0,NA,NA,NA,NA,Y,NA,-,-,1,0,1,0,0,0,0,0,0,-,-,34.15570068359375,-118.42645263671876,LOS ANGELES,LOS ANGELES,-118.42645263671876,34.15570068359375
90869833,2018,2018-11-29,9565,2018-11-17,0955,022038,NA,6,1,7,1942,0,1,1,NA,2,010,I-105 W/B TO I-405 N/B,LENNOX BLVD,1600,S,N,A,-,Y,NA,NA,NA,NA,NA,NA,NA,NA,NA,N,4,0,1,2,A,-,03,22350,NA,N,C,C,A,A,H,-,A,D,0,NA,NA,NA,NA,Y,NA,A,07,0,0,1,0,0,0,0,0,0,-,-,33.934268951416016,-118.3678970336914,LOS ANGELES,LOS ANGELES,NA,NA
90869837,2018,2018-11-29,9565,2018-11-16,0810,022057,NA,5,1,4,1918,0,1,1,NA,2,061,I-405 N/B (SAN DIEGO FREEWAY),CULVER BLVD,500,S,N,A,-,Y,NA,NA,405,NA,NA,NA,NA,NA,N,Y,2,0,1,2,A,-,07,21658,A,F,B,C,A,A,H,-,A,D,0,NA,NA,Y,NA,Y,NA,D,22,1,0,0,0,0,0,0,0,1,-,-,33.9964485168457,-118.40611267089844,LOS ANGELES,CULVER CITY,-118.4059600830078,33.99656677246094
90869839,2018,2018-11-29,9590,2018-11-16,0705,017520,NA,5,1,7,1942,0,1,1,NA,2,050,I-110 N/B (HAF),42ND ST.,200,S,N,A,-,Y,NA,NA,NA,NA,NA,NA,NA,NA,NA,N,4,0,1,2,A,-,07,21658,A,N,B,A,A,A,H,-,A,D,0,NA,NA,Y,NA,Y,NA,A,01,0,0,1,0,0,0,0,0,1,-,-,33.226539611816406,-118.51651000976564,LOS ANGELES,LOS ANGELES,NA,NA
90869843,2018,2018-11-29,9535,2018-11-15,2020,022100,NA,4,2,9,1900,0,3,5,NA,2,002,FOURTH ST. (4700 BLOCK),MEDNIK AVE.,25,W,N,A,-,N,NA,NA,NA,NA,NA,NA,NA,NA,NA,Y,3,0,1,3,A,-,03,22350,NA,N,E,I,F,A,H,-,C,A,0,Y,NA,Y,NA,Y,NA,A,01,0,1,0,0,1,0,0,0,0,-,-,34.03133010864258,-118.16387939453124,LOS ANGELES,UNINCORPORATED,-118.16372680664064,34.03136444091797
90869853,2018,2018-11-29,9580,2018-11-27,1810,021780,NA,2,2,7,1942,0,1,3,NA,2,117,SR-118 W/B (RONALD REAGAN FWY.),ZELZAH AVE,708,W,N,A,-,Y,NA,NA,118,NA,NA,NA,NA,NA,W,Y,3,0,1,1,A,-,01,23152,A,N,E,I,A,A,H,-,C,D,0,NA,NA,NA,NA,Y,Y,D,22,0,1,0,0,0,0,0,0,0,-,-,34.27825164794922,-118.52606201171876,LOS ANGELES,LOS ANGELES,-118.52606201171876,34.27837371826172
90869855,2018,2018-11-29,9575,2018-11-21,1355,020182,NA,3,1,7,1942,0,1,1,NA,2,053,I-5 N/B (GOLDEN STATE FREEWAY),VAN NUYS BLVD.,900,N,N,A,-,Y,NA,NA,5,NA,NA,NA,NA,NA,N,Y,2,0,2,1,A,-,08,22107,NA,N,E,I,A,A,H,-,A,D,0,NA,NA,NA,NA,Y,NA,A,01,1,0,1,0,0,0,0,0,0,-,-,34.259429931640625,-118.43760681152344,LOS ANGELES,LOS ANGELES,-118.43771362304688,34.25932312011719
90869860,2018,2018-11-29,9545,2018-11-17,0255,019414,NA,6,3,9,1900,0,3,5,NA,2,004,PALMDALE BLVD,110TH ST  E,7392,E,N,A,-,N,NA,NA,NA,NA,NA,NA,NA,NA,NA,Y,2,0,4,2,A,-,05,21650,NA,N,A,C,A,A,H,-,D,D,0,NA,NA,NA,NA,Y,Y,A,07,2,2,0,0,0,0,0,0,0,-,-,34.57987976074219,-117.90955352783205,LOS ANGELES,UNINCORPORATED,-117.90953063964844,34.579872131347656
90869881,2018,2018-11-29,9565,2018-11-17,1130,022057,NA,6,1,6,1933,0,1,1,NA,2,060,I-405 NB (SAN DIEGO FREEWAY),ARBOR VITAE ST,300,S,N,A,-,Y,NA,NA,405,NA,NA,NA,NA,NA,N,N,4,0,1,4,A,-,07,21658,A,N,B,C,A,A,H,-,A,D,0,NA,NA,NA,Y,Y,NA,A,01,0,0,1,0,0,0,0,0,0,-,-,33.950199127197266,-118.36894989013672,LOS ANGELES,INGLEWOOD,-118.3686065673828,33.950279235839844
90869884,2018,2018-12-04,9535,2018-11-19,0415,021538,NA,1,3,3,1914,0,1,1,NA,2,500,I-5 (SANTA ANA FREEWAY) N/B,GREENWOOD AVENUE POC,100,S,N,B,-,Y,NA,NA,5,NA,NA,NA,NA,NA,N,Y,3,0,1,1,A,-,01,23152,A,N,E,I,A,A,H,-,C,D,0,NA,NA,NA,NA,Y,Y,A,01,0,1,0,0,0,0,0,0,0,-,-,33.97502136230469,-118.12460327148438,LOS ANGELES,COMMERCE,-118.12461090087892,33.975013732910156