CASE_ID,ACCIDENT_YEAR,PROC_DATE,JURIS,COLLISION_DATE,COLLISION_TIME,OFFICER_ID,REPORTING_DISTRICT,DAY_OF_WEEK,CHP_SHIFT,POPULATION,CNTY_CITY_LOC,SPECIAL_COND,BEAT_TYPE,CHP_BEAT_TYPE,CITY_DIVISION_LAPD,CHP_BEAT_CLASS,BEAT_NUMBER,PRIMARY_RD,SECONDARY_RD,DISTANCE,DIRECTION,INTERSECTION,WEATHER_1,WEATHER_2,STATE_HWY_IND,CALTRANS_COUNTY,CALTRANS_DISTRICT,STATE_ROUTE,ROUTE_SUFFIX,POSTMILE_PREFIX,POSTMILE,LOCATION_TYPE,RAMP_INTERSECTION,SIDE_OF_HWY,TOW_AWAY,COLLISION_SEVERITY,NUMBER_KILLED,NUMBER_INJURED,PARTY_COUNT,PRIMARY_COLL_FACTOR,PCF_CODE_OF_VIOL,PCF_VIOL_CATEGORY,PCF_VIOLATION,PCF_VIOL_SUBSECTION,HIT_AND_RUN,TYPE_OF_COLLISION,MVIW,PED_ACTION,ROAD_SURFACE,ROAD_COND_1,ROAD_COND_2,LIGHTING,CONTROL_DEVICE,CHP_ROAD_TYPE,PEDESTRIAN_ACCIDENT,BICYCLE_ACCIDENT,MOTORCYCLE_ACCIDENT,TRUCK_ACCIDENT,NOT_PRIVATE_PROPERTY,ALCOHOL_INVOLVED,STWD_VEHTYPE_AT_FAULT,CHP_VEHTYPE_AT_FAULT,COUNT_SEVERE_INJ,COUNT_VISIBLE_INJ,COUNT_COMPLAINT_PAIN,COUNT_PED_KILLED,COUNT_PED_INJURED,COUNT_BICYCLIST_KILLED,COUNT_BICYCLIST_INJURED,COUNT_MC_KILLED,COUNT_MC_INJURED,PRIMARY_RAMP,SECONDARY_RAMP,LATITUDE,LONGITUDE,COUNTY,CITY,POINT_X,POINT_Y
90872246,2018,2018-11-30,9575,2018-11-28,1620,015204,NA,3,2,9,1900,0,2,4,NA,2,084,DUARTE RD (8900 BLOCK),SULTANA AVE,75,E,N,B,-,N,NA,NA,NA,NA,NA,NA,NA,NA,NA,Y,4,0,1,2,A,-,09,21804,A,N,D,C,A,A,H,-,B,D,0,NA,NA,NA,NA,Y,NA,A,01,0,0,1,0,0,0,0,0,0,-,-,34.12274169921875,-118.07415008544922,LOS ANGELES,UNINCORPORATED,-118.0743408203125,34.122684478759766
90872254,2018,2018-11-30,9590,2018-11-20,1930,021190,NA,2,2,7,1942,0,1,1,NA,2,060,I-10 E/B (SMF) COLLECTOR RD,NORMANDIE AVENUE,1200,W,N,A,-,Y,NA,NA,10,NA,NA,NA,NA,NA,E,N,4,0,1,2,A,-,03,22350,NA,F,C,C,A,A,H,-,C,D,0,NA,NA,NA,NA,Y,NA,-,99,0,0,1,0,0,0,0,0,0,-,-,34.03689956665039,-118.30477905273438,LOS ANGELES,LOS ANGELES,-118.30477905273438,34.03697967529297
90872258,2018,2018-11-30,9540,2018-11-25,1108,018037,NA,7,1,9,1900,0,2,4,NA,2,081,THE OLD ROAD S/B,SHOPPING CENTER,46,N,N,A,-,N,NA,NA,NA,NA,NA,NA,NA,NA,NA,Y,4,0,1,2,A,-,07,21658,A,N,C,D,A,A,H,-,A,D,0,NA,NA,NA,NA,Y,NA,A,01,0,0,1,0,0,0,0,0,0,-,-,34.41973114013672,-118.58313751220705,LOS ANGELES,UNINCORPORATED,NA,NA
90872263,2018,2018-11-30,9565,2018-11-22,1630,020958,NA,4,2,7,1942,0,1,1,NA,2,062,I-405 S/B PHILIP D. ORTIZ MEMORIAL HWY,PALMS BOULEVARD,300,S,N,B,-,Y,NA,NA,405,NA,NA,NA,NA,NA,S,Y,3,0,1,2,A,-,08,22107,NA,F,B,C,A,A,H,-,B,D,0,NA,NA,NA,NA,Y,NA,A,01,0,1,0,0,0,0,0,0,0,-,-,34.01797866821289,-118.42323303222656,LOS ANGELES,LOS ANGELES,-118.42319488525392,34.01800537109375
90872278,2018,2018-11-30,9565,2018-11-22,1735,020958,NA,4,2,7,1942,0,1,1,NA,2,062,I-405 S/B PHILIP D. ORTIZ MEMORIAL HWY,NATIONAL BOULEVARD,1625,S,N,A,-,Y,NA,NA,405,NA,NA,NA,NA,NA,S,N,4,0,2,3,A,-,08,22107,NA,N,B,C,A,A,H,-,C,D,0,NA,NA,Y,NA,Y,NA,-,-,0,0,2,0,0,0,0,0,2,-,-,34.0229606628418,-118.42723083496094,LOS ANGELES,LOS ANGELES,-118.42716217041016,34.023014068603516
90872279,2018,2018-11-30,9540,2018-11-25,1410,020862,NA,7,2,9,1900,0,1,1,NA,1,502,I-5 NORTHBOUND (GOLDEN STATE FWY),SR-14,200,N,N,A,-,Y,NA,NA,5,NA,NA,NA,NA,NA,N,N,4,0,1,2,A,-,03,22350,NA,N,C,C,A,A,D,-,A,D,0,NA,NA,NA,NA,Y,NA,A,01,0,0,1,0,0,0,0,0,0,-,-,34.335350036621094,-118.51026153564452,LOS ANGELES,UNINCORPORATED,-118.51022338867188,34.33540344238281
90872286,2018,2018-11-30,9575,2018-11-26,0750,020887,NA,1,1,6,1925,0,1,3,NA,2,042,SR-134 W/B (VENTURA FREEWAY),CENTRAL AVE,100,E,N,A,-,Y,NA,NA,134,NA,NA,NA,NA,NA,W,Y,3,0,2,3,A,-,03,22350,NA,N,C,C,A,A,H,-,A,D,0,NA,NA,NA,NA,Y,NA,A,01,0,1,1,0,0,0,0,0,0,-,-,34.15642166137695,-118.25758361816406,LOS ANGELES,GLENDALE,-118.25758361816406,34.156429290771484
90872287,2018,2018-11-30,9525,2018-11-27,1706,021264,NA,2,2,5,1906,0,1,1,NA,2,114,I-10 E/B (SAN BERNARDINO FREEWAY),ATHOL STREET,300,W,N,A,-,Y,NA,NA,10,NA,NA,NA,NA,NA,E,N,4,0,1,2,A,-,07,21658,A,N,F,A,A,A,H,-,C,D,0,NA,NA,Y,NA,Y,NA,D,22,0,0,1,0,0,0,0,0,1,-,-,34.065738677978516,-117.99430847167967,LOS ANGELES,BALDWIN PARK,-117.99431610107422,34.065765380859375
90872300,2018,2018-11-30,9580,2018-11-22,2119,022080,NA,4,2,7,1942,0,1,2,NA,2,102,US-101 N/B (VENTURA FREEWAY),HAYVENHURST AVE,1320,S,N,A,-,Y,NA,NA,101,NA,NA,NA,NA,NA,N,N,4,0,1,2,A,-,03,22350,NA,N,C,C,A,A,H,-,C,D,0,NA,NA,NA,NA,Y,NA,A,01,0,0,1,0,0,0,0,0,0,-,-,34.165401458740234,-118.4878387451172,LOS ANGELES,LOS ANGELES,-118.4878387451172,34.165321350097656
90872312,2018,2018-11-30,9565,2018-11-22,0000,021786,NA,4,3,9,1900,0,1,1,NA,2,013,I-105 E/B (CENTURY FREEWAY),BUDLONG AVE,380,W,N,C,-,Y,NA,NA,105,NA,NA,NA,NA,NA,E,N,4,0,1,2,A,-,03,22350,NA,N,C,C,A,B,H,-,C,D,0,NA,NA,NA,NA,Y,NA,A,01,0,0,1,0,0,0,0,0,0,-,-,33.928009033203125,-118.29717254638672,LOS ANGELES,UNINCORPORATED,-118.2971649169922,33.92797088623047
90872316,2018,2018-11-30,9525,2018-11-29,0943,016677,NA,4,1,6,1955,0,1,1,NA,2,107,I-10 W/B (SAN BERNARDINO FWY),KELLOGG DR.,200,W,N,B,C,Y,NA,NA,10,NA,NA,NA,NA,NA,W,Y,4,0,1,1,A,-,03,22350,NA,N,E,J,A,B,D,E,A,D,0,NA,NA,NA,NA,Y,NA,A,01,0,0,1,0,0,0,0,0,0,-,-,34.064048767089844,-117.8127212524414,LOS ANGELES,POMONA,-117.8127212524414,34.064022064208984
90872317,2018,2018-11-30,9580,2018-11-21,1145,017386,NA,3,1,9,1900,0,1,2,NA,2,106,US-101 N/B (VENTURA FREEWAY),LAS VIRGENES RD,5280,S,N,A,-,Y,NA,NA,101,NA,NA,NA,NA,NA,N,N,4,0,1,2,A,-,03,22350,NA,N,C,C,A,A,H,-,A,D,0,NA,NA,NA,NA,Y,NA,A,01,0,0,1,0,0,0,0,0,0,-,-,34.15114974975586,-118.67999267578124,LOS ANGELES,UNINCORPORATED,-118.67998504638672,34.15121841430664
90872325,2018,2018-11-30,9565,2018-11-22,1914,022097,NA,4,2,9,1900,0,2,4,NA,2,023,WESTERN AVE,126TH ST,0,NA,Y,A,-,N,NA,NA,NA,NA,NA,NA,NA,NA,NA,Y,3,0,3,2,A,-,09,21801,A,N,D,C,A,A,H,-,C,D,0,NA,NA,NA,NA,Y,NA,A,01,0,2,1,0,0,0,0,0,0,-,-,33.91836166381836,-118.30906677246094,LOS ANGELES,UNINCORPORATED,-118.30915069580078,33.918331146240234
90872340,2018,2018-11-30,9580,2018-11-21,2040,022103,NA,3,2,7,1942,0,1,1,NA,2,405,I-405 S/B TO HASKELL AVE.,HASKELL AVE,50,E,N,B,-,Y,NA,NA,405,NA,NA,NA,R,NA,S,Y,3,0,1,2,A,-,08,22107,NA,N,D,C,A,A,H,-,C,D,0,NA,NA,NA,NA,Y,NA,A,01,0,1,0,0,0,0,0,0,0,-,-,34.18965148925781,-118.47460174560548,LOS ANGELES,LOS ANGELES,-118.47460174560548,34.18965148925781
90872347,2018,2018-11-30,9580,2018-11-22,1130,017386,NA,4,1,7,1942,0,1,2,NA,2,104,US-101 N/B (VENTURA FREEWAY),VENTURA BLVD,1320,N,N,A,-,Y,NA,NA,101,NA,NA,NA,NA,NA,N,N,4,0,1,3,A,-,03,22350,NA,N,C,C,A,A,H,-,A,D,0,NA,NA,NA,NA,Y,NA,A,01,0,0,1,0,0,0,0,0,0,-,-,34.16600036621094,-118.61891174316406,LOS ANGELES,LOS ANGELES,-118.61891174316406,34.166015625
90872378,2018,2018-11-30,9540,2018-11-21,0905,014339,NA,3,1,9,1900,0,3,5,NA,2,300,COMMERCE CENTER DR.,FRANKLIN PARKWAY,0,NA,Y,A,-,N,NA,NA,NA,NA,NA,NA,NA,NA,NA,Y,4,0,2,2,A,-,12,21453,A,N,D,C,A,A,H,-,A,A,0,NA,NA,NA,Y,Y,NA,A,07,0,0,2,0,0,0,0,0,0,-,-,34.439369201660156,-118.62284088134766,LOS ANGELES,UNINCORPORATED,-118.62284088134766,34.439361572265625
90872409,2018,2018-11-30,9590,2018-11-20,1340,022127,NA,2,1,7,1942,0,1,1,NA,2,021,I-10 (SAN BERNARDINO FREEWAY),SOTO ST.,300,W,N,A,-,Y,NA,NA,10,NA,NA,NA,NA,NA,NA,Y,3,0,2,4,A,-,03,22350,NA,N,C,C,A,A,H,-,A,D,0,NA,NA,NA,NA,Y,NA,A,01,0,1,1,0,0,0,0,0,0,-,-,34.054161071777344,-118.20400238037108,LOS ANGELES,LOS ANGELES,-118.20401000976564,34.05418014526367
90872416,2018,2018-11-30,9580,2018-11-22,0050,021498,NA,4,3,7,1942,0,1,2,NA,2,104,US-101 N/B (VENTURA FREEWAY),RESEDA BLVD,100,S,N,C,-,Y,NA,NA,101,NA,NA,NA,NA,NA,N,Y,4,0,3,2,A,-,08,22107,NA,F,B,C,A,B,H,-,C,D,0,NA,NA,NA,NA,Y,NA,-,99,0,0,3,0,0,0,0,0,0,-,-,34.173248291015625,-118.53560638427734,LOS ANGELES,LOS ANGELES,-118.53560638427734,34.17328643798828
90872425,2018,2018-11-30,9580,2018-11-22,1650,022080,NA,4,2,7,1942,0,1,2,NA,2,102,US-101 N/B (VENTURA FREEWAY),SEPULVEDA BLVD,1320,S,N,A,-,Y,NA,NA,101,NA,NA,NA,NA,NA,N,N,4,0,2,2,A,-,03,22350,NA,N,C,C,A,A,H,-,A,D,0,NA,NA,NA,NA,Y,NA,A,01,0,0,2,0,0,0,0,0,0,-,-,34.159568786621094,-118.46150970458984,LOS ANGELES,LOS ANGELES,-118.46150970458984,34.15950012207031
90872446,2018,2018-11-30,9580,2018-11-25,1505,022080,NA,7,2,7,1942,0,1,1,NA,2,404,I-405 N/B (SAN DIEGO FWY),SEPULVEDA BLVD,2640,S,N,A,-,Y,NA,NA,405,NA,NA,NA,NA,NA,N,Y,4,0,2,3,A,-,03,22350,NA,N,C,C,A,A,H,-,A,D,0,NA,NA,NA,NA,Y,NA,A,08,0,0,2,0,0,0,0,0,0,-,-,34.140281677246094,-118.47116088867188,LOS ANGELES,LOS ANGELES,-118.4712142944336,34.14027404785156
90872459,2018,2018-11-30,9540,2018-11-27,0530,018513,NA,2,3,6,1985,0,1,3,NA,1,145,SR-14 S/B (ANTELOPE VALLEY FREEWAY),PLACERITA CANYON RD,1584,N,N,A,-,Y,NA,NA,14,NA,NA,NA,NA,NA,S,N,4,0,2,2,A,-,03,22350,NA,N,C,C,A,A,H,-,B,D,0,NA,NA,NA,NA,Y,NA,D,22,0,0,2,0,0,0,0,0,0,-,-,34.380958557128906,-118.49008941650392,LOS ANGELES,SANTA CLARITA,-118.49004364013672,34.38090896606445
90872478,2018,2018-11-30,9550,2018-11-21,1220,019939,NA,3,1,5,1919,0,1,3,NA,2,091,STATE ROUTE 91 (ARTESIA FREEWAY) W/B,GRIDLEY RD,50,W,N,A,-,Y,NA,NA,91,NA,NA,NA,NA,NA,W,Y,4,0,2,4,A,-,03,22350,NA,N,C,C,A,A,H,-,A,D,0,NA,NA,NA,NA,Y,NA,A,07,0,0,2,0,0,0,0,0,0,-,-,33.87657928466797,-118.09174346923828,LOS ANGELES,CERRITOS,-118.09173583984376,33.87641906738281
90872488,2018,2018-11-30,9525,2018-11-24,0104,021931,NA,6,3,9,1900,0,1,1,NA,2,106,I-10 E/B (SAN BERNARDINO FWY),VIA VERDE AVE,5280,W,N,A,-,Y,NA,NA,10,NA,NA,NA,NA,NA,E,Y,4,0,1,2,A,-,01,23152,A,N,C,C,A,A,D,E,D,D,0,NA,NA,NA,NA,Y,Y,A,01,0,0,1,0,0,0,0,0,0,-,-,34.06787872314453,-117.8573989868164,LOS ANGELES,UNINCORPORATED,-117.8573989868164,34.067955017089844
90872542,2018,2018-11-30,9525,2018-11-19,2205,019941,NA,1,3,6,1955,0,1,3,NA,2,604,SR-60 E/B (POMONA FWY),PHILLIPS RANCH RD.,3696,W,N,A,-,Y,NA,NA,60,NA,NA,NA,NA,NA,E,Y,4,0,1,1,A,-,08,22107,NA,N,E,I,A,A,H,-,D,D,0,NA,NA,NA,Y,Y,NA,F,26,0,0,1,0,0,0,0,0,0,-,-,34.025150299072266,-117.78433227539064,LOS ANGELES,POMONA,-117.78433990478516,34.025245666503906
90872559,2018,2018-11-30,9550,2018-11-17,1425,021311,NA,6,2,9,1900,0,1,3,NA,2,090,SR-91 (ARTESIA FWY) E/B,CHERRY AVENUE,400,E,N,A,-,Y,NA,NA,NA,NA,NA,NA,NA,NA,NA,N,4,0,2,2,A,-,03,22350,NA,N,C,C,A,A,H,-,A,D,0,NA,NA,NA,NA,Y,NA,A,08,0,0,2,0,0,0,0,0,0,-,-,33.87593078613281,-118.1671905517578,LOS ANGELES,UNINCORPORATED,-118.16738891601564,33.87592315673828
90872582,2018,2018-11-30,9550,2018-11-22,2230,021141,NA,4,3,6,1920,0,1,1,NA,2,151,I-105 W/B,HANWELL AVE.,0,NA,N,B,-,Y,NA,NA,105,NA,NA,NA,NA,NA,W,Y,3,0,2,3,A,-,03,22350,NA,M,C,C,A,A,H,-,C,D,0,NA,NA,NA,NA,Y,NA,A,01,0,2,0,0,0,0,0,0,0,-,-,33.91326904296875,-118.13524627685548,LOS ANGELES,DOWNEY,-118.13524627685548,33.913246154785156
90872590,2018,2018-11-30,9525,2018-11-27,0655,014971,NA,2,1,5,1990,0,1,3,NA,2,604,SR-60 E/B (POMONA FWY),GRAND AVE,2640,E,N,A,-,Y,NA,NA,60,NA,NA,NA,NA,NA,E,Y,4,0,1,3,A,-,07,21658,A,N,B,C,A,A,H,-,A,D,0,NA,NA,NA,Y,Y,NA,-,-,0,0,1,0,0,0,0,0,0,-,-,34.01641845703125,-117.81745910644533,LOS ANGELES,DIAMOND BAR,-117.81754302978516,34.0164794921875
90872599,2018,2018-11-30,9525,2018-11-27,1915,016342,NA,2,2,5,1990,0,1,3,NA,2,584,SR-57 N/B (ORANGE FWY),DIAMOND BAR BLVD.,50,N,N,B,-,Y,NA,NA,57,NA,NA,NA,NA,NA,N,Y,3,0,2,3,A,-,03,22350,NA,N,C,C,A,A,H,-,C,D,0,NA,NA,NA,NA,Y,NA,A,01,0,2,0,0,0,0,0,0,0,-,-,33.96849060058594,-117.84886169433594,LOS ANGELES,DIAMOND BAR,-117.84880065917967,33.968448638916016
90872617,2018,2018-11-30,9530,2018-11-18,1745,022079,NA,7,2,9,1900,0,1,1,NA,2,210,I-105 W/B (GLENN ANDERSON FWY),WILMINGTON AVE.,3000,E,N,A,-,Y,NA,NA,105,NA,NA,NA,NA,NA,W,N,4,0,1,2,A,-,03,22350,NA,N,C,C,A,A,H,-,C,D,0,NA,NA,NA,NA,Y,NA,D,22,0,0,1,0,0,0,0,0,0,-,-,33.9296989440918,-118.22525024414064,LOS ANGELES,UNINCORPORATED,-118.22525024414064,33.92970657348633
90872621,2018,2018-11-30,9525,2018-11-28,0002,019854,NA,3,3,4,1913,0,1,1,NA,2,110,I-10 E/B (SAN BERNARDINO FWY),INDIAN HILL BLVD,300,E,N,A,-,Y,NA,NA,10,NA,NA,NA,NA,NA,E,Y,3,0,2,2,A,-,01,23152,A,N,B,C,A,A,H,-,D,D,0,NA,NA,NA,NA,Y,Y,A,01,0,1,1,0,0,0,0,0,0,-,-,34.08150100708008,-117.71807098388672,LOS ANGELES,CLAREMONT,-117.71807098388672,34.081687927246094
90872657,2018,2018-11-30,9525,2018-11-29,0715,016677,NA,4,1,5,1990,0,1,3,NA,2,604,SR-60 E/B (POMONA FWY),GOLDEN SPRINGS DR,3000,E,N,B,C,Y,NA,NA,60,NA,NA,NA,NA,NA,E,Y,3,0,1,2,A,-,03,22350,NA,N,C,C,A,B,H,-,A,D,0,NA,NA,NA,NA,Y,NA,A,01,0,1,0,0,0,0,0,0,0,-,-,34.025169372558594,-117.78668212890624,LOS ANGELES,DIAMOND BAR,-117.7866668701172,34.025245666503906
90872697,2018,2018-11-30,9550,2018-11-23,2255,019808,NA,5,3,6,1949,0,1,1,NA,2,651,I-605 N/B,ROSECRANS AVENUE,50,S,N,A,-,Y,NA,NA,605,NA,NA,NA,NA,NA,N,Y,4,0,3,3,A,-,08,22107,NA,N,C,C,A,A,H,-,C,D,0,NA,NA,NA,NA,Y,NA,A,07,0,0,3,0,0,0,0,0,0,-,-,33.901798248291016,-118.1051025390625,LOS ANGELES,NORWALK,-118.10506439208984,33.90180206298828
90872719,2018,2018-11-30,9525,2018-11-24,1830,021481,NA,6,2,6,1975,0,1,1,NA,2,105,I-10 W/B (SAN BERNARDINO FWY),VINCENT AVE,100,E,N,A,-,Y,NA,NA,10,NA,NA,NA,NA,NA,W,Y,3,0,1,2,A,-,01,23152,A,N,B,C,A,A,H,-,C,D,0,NA,NA,Y,NA,Y,Y,C,02,0,1,0,0,0,0,0,0,1,-,-,34.0723991394043,-117.92440795898438,LOS ANGELES,WEST COVINA,-117.92440795898438,34.0723876953125
90872721,2018,2018-11-30,9550,2018-11-23,1235,021311,NA,5,1,9,1900,0,1,3,NA,2,090,SR-91 E/B FROM PARAMOUNT BL.,PARAMOUNT BOULEVARD,500,E,N,A,-,Y,NA,NA,NA,NA,NA,NA,NA,NA,NA,Y,3,0,1,2,A,-,03,22350,NA,N,C,C,A,A,H,-,A,A,0,NA,NA,NA,NA,Y,NA,A,01,0,1,0,0,0,0,0,0,0,-,-,33.87614822387695,-118.15812683105467,LOS ANGELES,UNINCORPORATED,-118.15839385986328,33.876346588134766
90872732,2018,2018-11-30,9530,2018-11-17,1900,022109,NA,6,2,7,1942,0,1,1,NA,2,110,I-110 N/B (HARBOR FREEWAY),CENTURY BLVD.,528,S,N,A,-,Y,NA,NA,110,NA,NA,NA,NA,NA,N,Y,4,0,1,3,A,-,03,22350,NA,N,C,C,A,A,H,-,C,D,0,NA,NA,NA,NA,Y,NA,A,01,0,0,1,0,0,0,0,0,0,-,-,33.94377136230469,-118.2797622680664,LOS ANGELES,LOS ANGELES,-118.2797622680664,33.94377136230469
90872743,2018,2018-11-30,9525,2018-11-29,2010,016342,NA,4,2,5,1990,0,1,3,NA,2,574,SR-57 N/B (ORANGE FWY),DIAMOND BAR BLVD.,1584,S,N,B,C,Y,NA,NA,57,NA,NA,NA,NA,NA,N,N,3,0,2,2,A,-,03,22350,NA,N,C,C,A,B,H,-,C,D,0,NA,NA,NA,NA,Y,NA,A,01,0,2,0,0,0,0,0,0,0,-,-,33.96432113647461,-117.85162353515624,LOS ANGELES,DIAMOND BAR,-117.85157775878906,33.964290618896484
90872757,2018,2018-11-30,9550,2018-11-17,1820,021311,NA,6,2,9,1900,0,1,3,NA,2,090,SR-91 (ARTESIA FWY) E/B,CHERRY AVENUE,1600,W,N,A,-,Y,NA,NA,NA,NA,NA,NA,NA,NA,NA,Y,3,0,1,2,A,-,07,21658,A,N,B,C,A,A,H,-,C,D,0,NA,NA,Y,NA,Y,NA,C,02,0,1,0,0,0,0,0,0,1,-,-,33.87677001953125,-118.174560546875,LOS ANGELES,UNINCORPORATED,-118.17385864257813,33.87680435180664
90872784,2018,2018-12-03,9550,2018-11-24,1700,020959,NA,6,2,9,1900,0,2,4,NA,1,031,HACIENDA BOULEVARD,SIGMAN ST,10,S,N,B,-,N,NA,NA,NA,NA,NA,NA,NA,NA,NA,N,4,0,2,2,A,-,03,22350,NA,N,C,C,A,A,H,-,C,D,0,NA,NA,NA,NA,Y,NA,A,01,0,0,2,0,0,0,0,0,0,-,-,34.0035400390625,-117.96546173095705,LOS ANGELES,UNINCORPORATED,-117.96556854248048,34.00365447998047
90872789,2018,2018-12-03,9530,2018-11-18,1930,020935,NA,7,2,9,1900,0,3,5,NA,2,004,VICTORIA ST (2600 EAST BLOCK),LAUREL PARK RD.,200,W,N,A,-,N,NA,NA,NA,NA,NA,NA,NA,NA,NA,Y,3,0,1,2,A,-,03,22350,NA,N,B,E,A,A,H,-,C,D,0,NA,NA,NA,NA,Y,NA,A,01,0,1,0,0,0,0,0,0,0,-,-,33.86442947387695,-118.22059631347656,LOS ANGELES,UNINCORPORATED,-118.22039794921876,33.864410400390625
90872790,2018,2018-12-03,9550,2018-11-18,1600,021985,NA,7,2,9,1900,0,3,5,NA,2,002,SUNSHINE AVE,LOUIS AVE,0,NA,Y,A,-,N,NA,NA,NA,NA,NA,NA,NA,NA,NA,Y,4,0,1,2,A,-,09,21801,A,N,D,C,A,A,H,-,B,D,0,NA,NA,NA,NA,Y,NA,A,01,0,0,1,0,0,0,0,0,0,-,-,33.92190170288086,-118.04830169677734,LOS ANGELES,UNINCORPORATED,-118.04810333251952,33.921939849853516
90872796,2018,2018-12-03,9550,2018-11-23,1810,021950,NA,5,2,9,1900,0,2,4,NA,1,051,FULLERTON ROAD,MESCAL ST.,5,S,N,A,-,N,NA,NA,NA,NA,NA,NA,NA,NA,NA,Y,4,0,1,2,A,-,09,21453,B,N,D,C,A,A,H,-,C,A,0,NA,NA,NA,NA,Y,NA,A,07,0,0,1,0,0,0,0,0,0,-,-,33.9764518737793,-117.90956878662108,LOS ANGELES,UNINCORPORATED,-117.90984344482422,33.976497650146484
90872799,2018,2018-12-03,9530,2018-11-20,1635,021842,NA,2,2,4,1939,0,1,1,NA,2,400,I-405 S/B (SAN DIEGO FREEWAY),MANHATTAN BEACH BLVD.,100,S,N,A,-,Y,NA,NA,405,NA,NA,NA,NA,NA,S,N,4,0,1,2,A,-,03,22350,NA,N,C,C,A,A,H,-,C,D,0,NA,NA,NA,NA,Y,NA,A,01,0,0,1,0,0,0,0,0,0,-,-,33.88703918457031,-118.35604095458984,LOS ANGELES,LAWNDALE,-118.35604095458984,33.88703918457031
90872808,2018,2018-12-03,9550,2018-11-17,0030,022012,NA,6,3,9,1900,0,3,5,NA,2,002,CARMENITA ROAD,LUKAY STREET,280,N,N,A,-,Y,NA,NA,NA,NA,NA,NA,NA,NA,NA,Y,3,0,1,3,A,-,01,23152,A,N,C,E,A,A,H,-,C,D,0,NA,NA,NA,NA,Y,Y,A,01,0,1,0,0,0,0,0,0,0,-,-,33.553951263427734,-118.24794769287108,LOS ANGELES,UNINCORPORATED,-118.04659271240234,33.92753601074219
90872812,2018,2018-12-03,9550,2018-07-22,0230,021532,NA,7,3,1,1932,0,1,3,NA,2,602,STATE ROUTE 60 EASTBOUND,FAIRWAY DRIVE,150,W,N,A,-,Y,NA,NA,60,NA,NA,NA,NA,NA,E,Y,2,0,1,2,A,-,08,22107,NA,F,B,C,A,A,H,-,C,D,0,NA,NA,NA,NA,Y,NA,A,01,1,0,0,0,0,0,0,0,0,-,-,33.99578094482422,-117.873046875,LOS ANGELES,INDUSTRY,-117.87305450439452,33.995792388916016
90872828,2018,2018-12-03,9575,2018-11-21,2350,020950,NA,3,3,6,1925,0,1,3,NA,2,042,SR-134 W/B (VENTURA FREEWAY),GLENDALE AVE,200,E,N,C,-,Y,NA,NA,134,NA,NA,NA,NA,NA,W,Y,4,0,1,1,A,-,03,22350,NA,N,E,I,A,B,H,-,C,D,0,NA,NA,NA,NA,Y,NA,D,22,0,0,1,0,0,0,0,0,0,-,-,34.15501022338867,-118.23989105224608,LOS ANGELES,GLENDALE,-118.23993682861328,34.15492630004883
90872858,2018,2018-12-03,9575,2018-11-28,1819,020918,NA,3,2,7,1942,0,1,1,NA,2,061,I-210 W/B (FOOTHILL FREEWAY),LA TUNA CANYON RD.,5280,W,N,A,-,Y,NA,NA,210,NA,NA,NA,NA,NA,W,Y,4,0,2,3,A,-,03,22350,NA,N,C,C,A,A,H,-,C,D,0,NA,NA,NA,NA,Y,NA,A,01,0,0,2,0,0,0,0,0,0,-,-,34.23965835571289,-118.30722808837892,LOS ANGELES,LOS ANGELES,-118.30728912353516,34.23957443237305
90872873,2018,2018-12-03,9575,2018-11-29,0210,020492,NA,4,3,7,1942,0,1,3,NA,2,041,SR-134 E/B (VENTURA FREEWAY),FIGUEROA ST.,1055,W,N,C,-,Y,NA,NA,134,NA,NA,NA,NA,NA,E,Y,3,0,2,2,A,-,03,22350,NA,N,D,C,A,B,H,-,D,D,0,NA,NA,NA,Y,Y,NA,G,25,0,1,1,0,0,0,0,0,0,-,-,34.144229888916016,-118.18892669677734,LOS ANGELES,LOS ANGELES,-118.18889617919922,34.14430236816406
90872883,2018,2018-12-03,9575,2018-11-25,1750,021879,NA,7,2,9,1900,0,2,4,NA,2,010,ROSEMONT AVE. (4900 BLOCK),LAUGHLIN AVE.,50,N,N,A,-,N,NA,NA,NA,NA,NA,NA,NA,NA,NA,Y,4,0,1,2,A,-,08,22107,NA,N,C,E,A,A,H,-,C,D,0,NA,NA,NA,NA,Y,NA,A,07,0,0,1,0,0,0,0,0,0,-,-,34.228721618652344,-118.2351531982422,LOS ANGELES,UNINCORPORATED,-118.23506927490234,34.22869873046875
90872894,2018,2018-12-03,9530,2018-11-19,0950,019050,NA,1,1,6,1972,0,1,1,NA,2,400,I-405 N/B (SAN DIEGO FREEWAY),WESTERN AVE.,800,S,N,A,-,Y,NA,NA,NA,NA,NA,NA,NA,NA,NA,N,4,0,1,3,A,-,03,22350,NA,N,C,C,A,A,H,-,A,D,0,NA,NA,NA,NA,Y,NA,A,07,0,0,1,0,0,0,0,0,0,-,-,33.860198974609375,-118.30349731445313,LOS ANGELES,TORRANCE,-118.30917358398438,33.85993957519531