CASE_ID,ACCIDENT_YEAR,PROC_DATE,JURIS,COLLISION_DATE,COLLISION_TIME,OFFICER_ID,REPORTING_DISTRICT,DAY_OF_WEEK,CHP_SHIFT,POPULATION,CNTY_CITY_LOC,SPECIAL_COND,BEAT_TYPE,CHP_BEAT_TYPE,CITY_DIVISION_LAPD,CHP_BEAT_CLASS,BEAT_NUMBER,PRIMARY_RD,SECONDARY_RD,DISTANCE,DIRECTION,INTERSECTION,WEATHER_1,WEATHER_2,STATE_HWY_IND,CALTRANS_COUNTY,CALTRANS_DISTRICT,STATE_ROUTE,ROUTE_SUFFIX,POSTMILE_PREFIX,POSTMILE,LOCATION_TYPE,RAMP_INTERSECTION,SIDE_OF_HWY,TOW_AWAY,COLLISION_SEVERITY,NUMBER_KILLED,NUMBER_INJURED,PARTY_COUNT,PRIMARY_COLL_FACTOR,PCF_CODE_OF_VIOL,PCF_VIOL_CATEGORY,PCF_VIOLATION,PCF_VIOL_SUBSECTION,HIT_AND_RUN,TYPE_OF_COLLISION,MVIW,PED_ACTION,ROAD_SURFACE,ROAD_COND_1,ROAD_COND_2,LIGHTING,CONTROL_DEVICE,CHP_ROAD_TYPE,PEDESTRIAN_ACCIDENT,BICYCLE_ACCIDENT,MOTORCYCLE_ACCIDENT,TRUCK_ACCIDENT,NOT_PRIVATE_PROPERTY,ALCOHOL_INVOLVED,STWD_VEHTYPE_AT_FAULT,CHP_VEHTYPE_AT_FAULT,COUNT_SEVERE_INJ,COUNT_VISIBLE_INJ,COUNT_COMPLAINT_PAIN,COUNT_PED_KILLED,COUNT_PED_INJURED,COUNT_BICYCLIST_KILLED,COUNT_BICYCLIST_INJURED,COUNT_MC_KILLED,COUNT_MC_INJURED,PRIMARY_RAMP,SECONDARY_RAMP,LATITUDE,LONGITUDE,COUNTY,CITY,POINT_X,POINT_Y
9087812,2020,2020-11-02,1942,2020-05-06,0900,37511,0827,3,5,7,1942,0,0,0,H,0,8A13,S BARRINGTON AV,DUNSTAN WY,100,N,N,A,-,N,NA,NA,NA,NA,NA,NA,NA,NA,NA,N,4,0,2,2,A,-,09,21804,A,N,D,C,A,A,H,-,A,D,0,NA,NA,NA,NA,Y,NA,A,01,0,0,2,0,0,0,0,0,0,-,-,NA,NA,LOS ANGELES,LOS ANGELES,-118.46862030029295,34.059234619140625
90878154,2018,2018-12-07,9535,2018-04-22,0258,021119,NA,7,3,4,1907,0,1,1,NA,2,073,INTERSTATE 710 SOUTHBOUND,SLAUSON AVENUE,97,S,N,A,-,Y,NA,NA,710,NA,NA,NA,NA,NA,S,Y,1,1,0,2,A,-,11,21954,A,N,G,B,E,A,H,-,D,D,0,Y,NA,NA,NA,Y,NA,N,60,0,0,0,1,0,0,0,0,0,-,-,33.98569869995117,-118.16929626464844,LOS ANGELES,BELL,-118.1693115234375,33.985694885253906
9087816,2020,2020-11-02,1942,2020-05-15,1430,36347,1441,5,5,7,1942,0,0,0,N,0,23R85,SPEEDWAY,29TH PL,20,N,N,A,-,N,NA,NA,NA,NA,NA,NA,NA,NA,NA,N,4,0,1,2,A,-,17,21657,NA,N,A,G,A,A,H,-,A,D,0,NA,Y,NA,NA,Y,NA,L,04,0,0,1,0,0,0,1,0,0,-,-,NA,NA,LOS ANGELES,LOS ANGELES,-118.4672622680664,33.980064392089844
90878170,2018,2018-12-07,9580,2018-11-30,0140,020404,NA,5,3,7,1942,0,1,2,NA,2,105,US-101 S/B (VENTURA FREEWAY),LINDLEY AVE,229,S,N,B,-,Y,NA,NA,101,NA,NA,NA,NA,NA,S,Y,3,0,2,3,A,-,08,22107,NA,N,E,I,A,A,H,-,D,D,0,NA,NA,NA,NA,Y,NA,A,01,0,1,1,0,0,0,0,0,0,-,-,34.171180725097656,-118.52609252929688,LOS ANGELES,LOS ANGELES,-118.52609252929688,34.17109680175781
90878187,2018,2018-12-07,9580,2018-11-29,1755,020728,NA,4,2,7,1942,0,1,2,NA,2,105,US-101 S/B (VENTURA FREEWAY),TAMPA AVE,800,N,N,C,-,Y,NA,NA,101,NA,NA,NA,NA,NA,S,N,4,0,1,2,A,-,03,22350,NA,M,C,C,A,B,H,-,C,D,0,NA,NA,NA,NA,Y,NA,-,99,0,0,1,0,0,0,0,0,0,-,-,34.17361068725586,-118.55812072753906,LOS ANGELES,LOS ANGELES,-118.55812072753906,34.17353820800781
90878195,2018,2018-12-07,9580,2018-11-30,1805,021999,NA,5,2,7,1942,0,1,1,NA,2,407,I-405 S/B (SAN DIEGO FWY),LASSEN ST,550,S,N,A,-,Y,NA,NA,405,NA,NA,NA,NA,NA,S,N,4,0,1,3,A,-,03,22350,NA,N,C,C,A,A,H,-,C,D,0,NA,NA,NA,NA,Y,NA,A,08,0,0,1,0,0,0,0,0,0,-,-,34.2481689453125,-118.47261810302734,LOS ANGELES,LOS ANGELES,-118.47255706787108,34.2481575012207
90878197,2018,2018-12-07,9580,2018-11-30,0740,020153,NA,5,1,7,1942,0,1,1,NA,2,405,I-405 S/B (SAN DIEGO FWY),VICTORY BLVD.,1000,N,N,A,-,Y,NA,NA,405,NA,NA,NA,NA,NA,S,N,4,0,1,2,A,-,03,22350,NA,N,B,C,A,A,H,-,A,D,0,NA,NA,NA,NA,Y,NA,D,22,0,0,1,0,0,0,0,0,0,-,-,34.19501876831055,-118.47451782226564,LOS ANGELES,LOS ANGELES,-118.47443389892578,34.19502258300781
90878204,2018,2018-12-07,9580,2018-12-01,1733,022103,NA,6,2,7,1942,0,1,2,NA,2,102,US-101 N/B (VENTURA FREEWAY),HAYVENHURST AVE,1056,S,N,A,-,Y,NA,NA,101,NA,NA,NA,NA,NA,N,N,4,0,1,2,A,-,03,22350,NA,M,C,C,A,A,H,-,D,D,0,NA,NA,NA,NA,Y,NA,-,99,0,0,1,0,0,0,0,0,0,-,-,34.165401458740234,-118.48072052001952,LOS ANGELES,LOS ANGELES,-118.48072052001952,34.1654167175293
90878208,2018,2018-12-07,9580,2018-12-02,0301,021492,NA,7,3,7,1942,0,1,2,NA,2,101,US-101 S/B (VENTURA FREEWAY),TUJUNGA AVE,100,S,N,A,-,Y,NA,NA,101,NA,NA,NA,NA,NA,S,Y,4,0,1,2,A,-,08,22107,NA,N,B,C,A,A,H,-,C,D,0,NA,NA,NA,NA,Y,NA,-,-,0,0,1,0,0,0,0,0,0,-,-,34.1538200378418,-118.378662109375,LOS ANGELES,LOS ANGELES,-118.378662109375,34.15381622314453
9087822,2020,2020-10-29,1900,2020-05-06,1845,606987,1575,3,5,5,1954,0,0,0,NA,0,151T2,WHITTIER BL,PIONEER BL,0,NA,Y,A,-,N,NA,NA,NA,NA,NA,NA,NA,NA,NA,N,3,0,2,2,A,-,09,21801,A,N,D,C,A,A,H,-,A,A,0,NA,NA,NA,NA,Y,NA,D,22,0,2,0,0,0,0,0,0,0,-,-,33.993568420410156,-118.069580078125,LOS ANGELES,PICO RIVERA,-118.06983184814452,33.993831634521484
90878249,2018,2018-12-07,9565,2018-12-02,1548,022145,NA,7,2,7,1942,0,1,1,NA,2,061,I-405 NORTHBOUND (SAN DIEGO FREEWAY),CENTINELA AVE,1500,S,N,A,-,Y,NA,NA,405,NA,NA,NA,NA,NA,N,N,4,0,1,2,A,-,03,22350,NA,N,C,C,A,A,H,-,A,D,0,NA,NA,NA,NA,Y,NA,A,01,0,0,1,0,0,0,0,0,0,-,-,33.97779083251953,-118.38968658447266,LOS ANGELES,LOS ANGELES,-118.38965606689452,33.97785949707031
90878253,2018,2018-12-07,9590,2018-11-28,1805,021583,NA,3,2,7,1942,0,1,2,NA,2,071,US-101 S/B (SANTA ANA FREEWAY),MISSION ROAD,200,N,N,A,-,Y,NA,NA,101,NA,NA,NA,NA,NA,S,Y,4,0,1,4,A,-,03,22350,NA,N,C,C,A,A,H,-,C,D,0,NA,NA,NA,NA,Y,NA,A,07,0,0,1,0,0,0,0,0,0,-,-,34.05290985107422,-118.22801208496094,LOS ANGELES,LOS ANGELES,-118.22801208496094,34.05290222167969
90878290,2018,2018-12-07,9525,2018-12-06,1710,020907,NA,4,2,9,1900,0,3,5,NA,2,004,TEMPLE AVE,PUENTE AVE,175,W,N,B,-,N,NA,NA,NA,NA,NA,NA,NA,NA,NA,Y,4,0,1,2,A,-,03,22350,NA,N,C,C,A,B,H,-,C,D,0,NA,NA,Y,NA,Y,NA,C,02,0,0,1,0,0,0,0,0,1,-,-,34.050899505615234,-117.9822998046875,LOS ANGELES,UNINCORPORATED,-117.98232269287108,34.05093765258789
90878304,2018,2018-12-07,9540,2018-11-29,0600,019444,NA,4,1,9,1900,0,1,3,NA,2,147,SR-14 SOUTHBOUND ANTELOPE VALLEY FWY,AGUA DULCE CANYON ROAD,7920,N,N,B,C,Y,NA,NA,14,NA,NA,NA,NA,NA,S,Y,4,0,1,2,A,-,03,22350,NA,N,C,C,A,B,H,-,C,D,0,NA,NA,NA,NA,Y,NA,A,01,0,0,1,0,0,0,0,0,0,-,-,34.47475814819336,-118.30767059326172,LOS ANGELES,UNINCORPORATED,-118.30767822265624,34.47477340698242
90878308,2017,2018-12-07,9580,2017-09-08,0210,020573,NA,5,3,9,1900,0,1,3,NA,2,119,SR-118 W/B (RONALD REAGAN FWY.),SR-27 (TOPANGA CYN. BLVD.),82,W,N,A,-,Y,NA,NA,118,NA,NA,NA,NA,NA,W,Y,1,1,0,1,A,-,08,22107,NA,N,E,I,A,A,H,-,D,D,0,NA,NA,NA,NA,Y,NA,A,01,0,0,0,0,0,0,0,0,0,-,-,34.27826,-118.60591,LOS ANGELES,UNINCORPORATED,-118.60593115,34.27800397
90878312,2018,2018-12-07,9550,2018-12-01,1240,019939,NA,6,1,9,1900,0,2,4,NA,1,051,NOGALES STREET,GALE AVENUE,0,NA,Y,A,-,N,NA,NA,NA,NA,NA,NA,NA,NA,NA,Y,4,0,1,2,D,-,00,NA,NA,N,A,C,A,A,H,-,A,D,0,NA,NA,Y,NA,Y,NA,-,-,0,0,1,0,0,0,0,0,1,-,-,33.9963493347168,-117.88845825195313,LOS ANGELES,UNINCORPORATED,-117.88842010498048,33.99631118774414
90878313,2018,2018-12-07,9540,2018-11-27,1520,021845,NA,2,2,7,1942,0,1,1,NA,2,406,I-405 N/B (SAN DIEGO FREEWAY),RINALDI ST,1584,S,N,A,-,Y,NA,NA,405,NA,NA,NA,NA,NA,N,Y,4,0,1,2,A,-,03,22350,NA,N,C,C,A,A,H,-,A,D,0,NA,NA,NA,NA,Y,NA,A,01,0,0,1,0,0,0,0,0,0,-,-,34.275089263916016,-118.47107696533205,LOS ANGELES,LOS ANGELES,-118.47103881835938,34.27507781982422
90878421,2018,2018-12-07,9550,2018-11-04,1645,022167,NA,7,2,9,1900,0,2,4,NA,1,021,CARMENITA ROAD,SUNSHINE AVENUE,0,NA,Y,A,-,N,NA,NA,NA,NA,NA,NA,NA,NA,NA,N,4,0,1,2,A,-,09,21802,A,M,C,C,A,A,H,-,C,D,0,NA,NA,Y,NA,Y,NA,-,99,0,0,1,0,0,0,0,0,1,-,-,33.92256164550781,-118.04653930664064,LOS ANGELES,UNINCORPORATED,-118.04659271240234,33.92190933227539
90878454,2018,2018-12-07,9550,2018-11-30,0025,019808,NA,5,3,9,1900,0,1,3,NA,2,600,SR-60 E/B FROM HACIENDA BLVD S/B,HACIENDA BOULEVARD,125,W,N,B,-,Y,NA,NA,60,NA,NA,NA,R,NA,E,N,4,0,1,1,A,-,03,22350,NA,N,E,I,A,B,H,-,C,D,0,NA,NA,NA,NA,Y,NA,J,48,0,0,1,0,0,0,0,0,0,-,-,34.00679016113281,-117.9647979736328,LOS ANGELES,UNINCORPORATED,-117.9647979736328,34.00679016113281
90878492,2018,2019-03-19,9535,2018-12-01,1620,021131,NA,6,2,5,1901,0,1,1,NA,2,421,I-10 (SAN BERNARDINO FREEWAY) W/B,ATLANTIC BLVD.,1200,W,N,A,-,Y,NA,NA,10,NA,NA,NA,NA,NA,W,Y,4,0,6,4,A,-,04,21703,NA,N,C,C,A,A,H,-,A,D,0,NA,NA,NA,NA,Y,NA,D,22,0,0,6,0,0,0,0,0,0,-,-,34.071529388427734,-118.13861083984376,LOS ANGELES,ALHAMBRA,-118.13861083984376,34.071624755859375
90878493,2018,2018-12-07,9535,2018-12-02,1850,021976,NA,7,2,4,1962,0,1,1,NA,2,401,I-10 (SAN BERNARDINO FREEWAY) W/B,DEL MAR AVE,836,E,N,A,-,Y,NA,NA,10,NA,NA,NA,NA,NA,W,Y,4,0,1,2,A,-,03,22350,NA,N,C,C,A,A,H,-,C,D,0,NA,NA,NA,NA,Y,NA,A,08,0,0,1,0,0,0,0,0,0,-,-,34.07209014892578,-118.09668731689452,LOS ANGELES,SAN GABRIEL,-118.09668731689452,34.07211685180664
90878494,2018,2018-12-07,9535,2018-11-30,1530,020855,NA,5,2,9,1900,0,1,3,NA,2,600,SR-60 (POMONA FREEWAY) E/B,3RD ST,70,E,N,A,-,Y,NA,NA,60,NA,NA,NA,NA,NA,E,Y,4,0,1,3,A,-,07,21658,A,N,B,C,A,A,H,-,A,D,0,NA,NA,Y,NA,Y,NA,A,01,0,0,1,0,0,0,0,0,1,-,-,34.03363037109375,-118.1801300048828,LOS ANGELES,UNINCORPORATED,-118.18011474609376,34.033592224121094
90878498,2018,2018-12-07,9535,2018-12-03,1805,018138,NA,1,2,5,1901,0,1,1,NA,2,421,I-10 (SAN BERNARDINO FREEWAY) W/B,GARFIELD AVE,600,W,N,A,-,Y,NA,NA,10,NA,NA,NA,NA,NA,W,Y,4,0,1,2,A,-,03,22350,NA,N,C,C,A,A,H,-,C,D,0,NA,NA,NA,NA,Y,NA,A,08,0,0,1,0,0,0,0,0,0,-,-,34.07175827026367,-118.12769317626952,LOS ANGELES,ALHAMBRA,-118.12769317626952,34.07175827026367
90878515,2018,2018-12-10,9575,2018-11-28,1205,017589,NA,3,1,6,1912,0,1,1,NA,2,051,I-5 N/B (GOLDEN STATE FREEWAY),OLIVE AVE.,50,N,N,A,-,Y,NA,NA,5,NA,NA,NA,NA,NA,N,Y,4,0,1,3,A,-,03,22350,NA,N,C,C,A,A,H,-,A,D,0,NA,NA,NA,NA,Y,NA,A,08,0,0,1,0,0,0,0,0,0,-,-,34.17964172363281,-118.3120574951172,LOS ANGELES,BURBANK,-118.31207275390624,34.17961883544922
90878520,2018,2018-12-10,9575,2018-11-28,0955,019990,NA,3,1,7,1942,0,1,1,NA,2,053,I-5 N/B (GOLDEN STATE FREEWAY),FILMORE ST,400,N,N,A,-,Y,NA,NA,5,NA,NA,NA,NA,NA,N,Y,2,0,1,2,A,-,07,21658,A,N,B,C,A,A,H,-,A,D,0,NA,NA,NA,Y,Y,NA,A,01,1,0,0,0,0,0,0,0,0,-,-,34.26081848144531,-118.4391632080078,LOS ANGELES,LOS ANGELES,-118.439208984375,34.260772705078125
90878529,2018,2018-12-10,9575,2018-12-01,1925,020711,NA,6,2,7,1942,0,1,1,NA,2,050,I-5 N/B (GOLDEN STATE FREEWAY),SR-134 E/B (VENTURA FREEWAY) O/P,100,S,N,A,-,Y,NA,NA,5,NA,NA,NA,NA,NA,N,Y,4,0,3,3,A,-,07,21658,A,M,C,C,A,A,H,-,C,D,0,NA,NA,NA,NA,Y,NA,A,01,0,0,3,0,0,0,0,0,0,-,-,34.15190124511719,-118.2821807861328,LOS ANGELES,LOS ANGELES,-118.28215026855467,34.15194320678711
90878530,2018,2018-12-10,9575,2018-12-02,2038,021569,NA,7,2,9,1900,0,2,4,NA,2,084,DUARTE ROAD (9000 BLOCK),ROSEMEAD BOULEVARD,110,E,N,A,-,N,NA,NA,NA,NA,NA,NA,NA,NA,NA,N,4,0,1,2,A,-,01,23152,F,N,C,D,A,A,H,-,C,D,0,NA,NA,NA,NA,Y,NA,A,01,0,0,1,0,0,0,0,0,0,-,-,34.1230583190918,-118.07270050048828,LOS ANGELES,UNINCORPORATED,-118.07267761230467,34.12306594848633
90878540,2018,2018-12-10,9575,2018-12-04,1440,015204,NA,2,2,9,1900,0,3,5,NA,2,008,DEL MAR BLVD,MADRE ST,0,NA,Y,A,-,Y,NA,NA,NA,NA,NA,NA,NA,NA,NA,Y,2,0,1,2,A,-,09,21801,A,N,D,C,A,A,H,-,A,A,0,NA,NA,Y,NA,Y,NA,A,01,1,0,0,0,0,0,0,0,1,-,-,34.14228820800781,-118.08155822753906,LOS ANGELES,UNINCORPORATED,-118.08155822753906,34.14223098754883
90878552,2018,2018-12-10,9575,2018-12-06,1340,014187,NA,4,1,7,1942,0,1,3,NA,2,041,SR-134 W/B (VENTURA FREEWAY),ARBOR DALE AVE,400,W,N,C,-,Y,NA,NA,134,NA,NA,NA,NA,NA,W,Y,4,0,1,2,A,-,03,22350,NA,N,E,I,A,B,H,-,A,D,0,NA,NA,NA,NA,Y,NA,A,01,0,0,1,0,0,0,0,0,0,-,-,34.14693832397461,-118.19420623779295,LOS ANGELES,LOS ANGELES,-118.19417572021484,34.14701461791992
90878555,2018,2018-12-10,9575,2018-11-30,0615,019990,NA,5,1,9,1900,0,2,4,NA,2,320,ANGELES FOREST HIGHWAY,SOUTH EDGE TUNNEL,1056,S,N,A,-,N,NA,NA,NA,NA,NA,NA,NA,NA,NA,Y,4,0,1,1,A,-,03,22350,NA,N,E,I,A,A,H,-,A,D,0,NA,NA,NA,NA,Y,NA,A,01,0,0,1,0,0,0,0,0,0,-,-,34.31106185913086,-118.13826751708984,LOS ANGELES,UNINCORPORATED,NA,NA
90878557,2018,2018-12-10,9580,2018-11-28,0841,019952,NA,3,1,7,1942,0,1,2,NA,2,101,US-101 S/B (VENTURA FREEWAY),COLDWATER CANYON AVE,50,S,N,A,-,Y,NA,NA,101,NA,NA,NA,NA,NA,S,N,4,0,1,3,A,-,03,22350,NA,N,C,C,A,A,H,-,A,D,0,NA,NA,NA,NA,Y,NA,A,01,0,0,1,0,0,0,0,0,0,-,-,34.156700134277344,-118.4135971069336,LOS ANGELES,LOS ANGELES,-118.4135971069336,34.156639099121094
90878585,2018,2018-12-10,9575,2018-11-29,1545,020918,NA,4,2,6,1925,0,1,3,NA,2,090,SR-2 W/B TO SR-134 W/B,HARVEY DR.,898,W,N,B,-,Y,NA,NA,NA,NA,NA,NA,NA,NA,NA,Y,4,0,1,4,A,-,03,22350,NA,N,E,I,A,B,H,-,A,D,0,NA,NA,NA,NA,Y,NA,A,01,0,0,1,0,0,0,0,0,0,-,-,34.149330139160156,-118.23107147216795,LOS ANGELES,GLENDALE,NA,NA
90878588,2018,2018-12-10,9575,2018-11-30,1434,020902,NA,5,2,6,1953,0,1,3,NA,2,040,SR-134 E/B (VENTURA FREEWAY),ORANGE GROVE BLVD,330,E,N,A,-,Y,NA,NA,134,NA,NA,NA,NA,NA,E,Y,4,0,1,2,A,-,03,22350,NA,N,C,C,A,A,H,-,A,D,0,NA,NA,NA,NA,Y,NA,A,01,0,0,1,0,0,0,0,0,0,-,-,34.14712905883789,-118.16011810302734,LOS ANGELES,PASADENA,-118.1601104736328,34.1471061706543
90878589,2018,2018-12-10,9575,2018-12-02,1647,020702,NA,7,2,7,1942,0,1,1,NA,2,053,I-5 N/B (GOLDEN STATE FREEWAY),VAN NUYS BLVD.,500,N,N,A,-,Y,NA,NA,5,NA,NA,NA,NA,NA,N,Y,4,0,1,5,A,-,03,22350,NA,M,C,C,A,A,H,-,C,D,0,NA,NA,NA,NA,Y,NA,A,01,0,0,1,0,0,0,0,0,0,-,-,34.25920867919922,-118.43750762939452,LOS ANGELES,LOS ANGELES,-118.4375457763672,34.25917053222656
90878593,2018,2018-12-10,9575,2018-12-03,0938,021302,NA,1,1,7,1942,0,1,1,NA,2,052,I-5 S/B (GOLDEN STATE FREEWAY),LANKERSHIM BLVD,1056,N,N,A,-,Y,NA,NA,5,NA,NA,NA,NA,NA,S,Y,3,0,2,4,A,-,03,22350,NA,N,C,C,A,A,H,-,A,D,0,NA,NA,NA,NA,Y,NA,A,01,0,2,0,0,0,0,0,0,0,-,-,34.22779083251953,-118.3909912109375,LOS ANGELES,LOS ANGELES,-118.39099884033205,34.2277717590332
90878602,2018,2018-12-10,9575,2018-12-04,1750,020902,NA,2,2,6,1953,0,1,1,NA,2,063,I-210 W/B (FOOTHILL FREEWAY),GOULD AVE,200,E,N,A,-,Y,NA,NA,NA,NA,NA,NA,NA,NA,NA,N,4,0,1,3,A,-,03,22350,NA,N,C,C,A,A,H,-,A,D,0,NA,NA,NA,NA,Y,NA,A,01,0,0,1,0,0,0,0,0,0,-,-,34.20125961303711,-118.18879699707033,LOS ANGELES,PASADENA,-118.1887664794922,34.201316833496094
90878614,2018,2018-12-10,9575,2018-12-06,0434,021569,NA,4,3,7,1942,0,1,1,NA,2,061,I-210 W/B (FOOTHILL FREEWAY),LA TUNA CANYON ROAD,291,W,N,C,-,Y,NA,NA,210,NA,NA,NA,NA,NA,W,Y,4,0,1,1,A,-,03,22350,NA,N,E,I,A,B,H,-,C,D,0,NA,NA,NA,NA,Y,NA,A,01,0,0,1,0,0,0,0,0,0,-,-,34.234989166259766,-118.2915496826172,LOS ANGELES,LOS ANGELES,-118.2915496826172,34.235076904296875
90878618,2018,2018-12-10,9575,2018-12-06,0705,021878,NA,4,1,7,1942,0,1,1,NA,2,061,I-210 W/B (FOOTHILL FREEWAY),WHEATLAND AVENUE,1584,E,N,B,C,Y,NA,NA,210,NA,NA,NA,NA,NA,W,Y,4,0,1,1,A,-,03,22350,NA,N,E,I,A,B,H,-,A,D,0,NA,NA,NA,NA,Y,NA,A,01,0,0,1,0,0,0,0,0,0,-,-,34.27141189575195,-118.34700775146484,LOS ANGELES,LOS ANGELES,-118.34699249267578,34.271514892578125
90878628,2018,2019-02-21,9575,2018-12-04,1550,014187,NA,2,2,7,1942,0,1,3,NA,2,044,SR-134 W/B (VENTURA FREEWAY),FORMAN AVENUE,400,W,N,A,-,Y,NA,NA,134,NA,NA,NA,NA,NA,W,Y,4,0,1,6,A,-,07,21658,A,N,B,C,A,A,H,-,A,D,0,NA,NA,NA,NA,Y,NA,A,01,0,0,1,0,0,0,0,0,0,-,-,34.153079986572266,-118.354248046875,LOS ANGELES,LOS ANGELES,-118.354248046875,34.15309524536133
90878631,2018,2018-12-10,9590,2018-11-28,1545,021124,NA,3,2,7,1942,0,1,1,NA,2,060,I-10 E/B (SANTA MONICA FREEWAY),WESTERN AVENUE,300,E,N,B,-,Y,NA,NA,10,NA,NA,NA,NA,NA,E,N,4,0,1,3,A,-,03,22350,NA,N,C,C,A,A,H,-,A,D,0,NA,NA,NA,NA,Y,NA,A,01,0,0,1,0,0,0,0,0,0,-,-,34.037109375,-118.30782318115234,LOS ANGELES,LOS ANGELES,-118.30782318115234,34.037010192871094
90878648,2018,2019-02-07,9530,2018-11-15,1550,022060,NA,4,2,9,1900,0,3,5,NA,2,002,AVALON BLVD.,135TH ST.,0,NA,Y,A,-,N,NA,NA,NA,NA,NA,NA,NA,NA,NA,Y,3,0,1,3,A,-,09,21801,A,N,D,C,A,A,H,-,A,A,0,NA,NA,NA,NA,Y,NA,D,22,0,1,0,0,0,0,0,0,0,-,-,33.909141540527344,-118.26528167724608,LOS ANGELES,UNINCORPORATED,-118.26531219482422,33.9091796875
90878652,2018,2018-12-10,9530,2018-11-16,1947,022079,NA,5,2,6,1972,0,1,1,NA,2,400,I-405 S/B (SAN DIEGO FREEWAY),CRENSHAW BLVD.,600,N,N,A,-,Y,NA,NA,405,NA,NA,NA,NA,NA,S,Y,4,0,1,2,A,-,03,22350,NA,N,C,C,A,A,H,-,C,D,0,NA,NA,NA,NA,Y,NA,A,01,0,0,1,0,0,0,0,0,0,-,-,33.86511993408203,-118.3284912109375,LOS ANGELES,TORRANCE,-118.32849884033205,33.865081787109375
90878654,2018,2018-12-10,9530,2018-11-17,0730,021059,NA,6,1,7,1942,0,1,1,NA,2,120,I-110 S/B (HARBOR FREEWAY),C ST.,2640,S,N,A,-,Y,NA,NA,110,NA,NA,NA,NA,NA,S,N,4,0,1,2,A,-,07,21658,A,N,B,C,A,A,H,-,A,D,0,NA,NA,NA,NA,Y,NA,A,01,0,0,1,0,0,0,0,0,0,-,-,33.7646484375,-118.28341674804688,LOS ANGELES,LOS ANGELES,-118.2833251953125,33.76459503173828
90878658,2018,2018-12-10,9525,2018-11-30,1705,020907,NA,5,2,5,1926,0,1,1,NA,2,206,I-210 E/B (FOOTHILL FWY),SUNFLOWER AVE,1400,E,N,B,-,Y,NA,NA,210,NA,NA,NA,NA,NA,E,N,4,0,1,2,A,-,07,21658,A,N,B,C,A,A,H,-,C,D,0,NA,NA,NA,Y,Y,NA,-,-,0,0,1,0,0,0,0,0,0,-,-,34.12017822265625,-117.83747100830078,LOS ANGELES,GLENDORA,-117.83743286132813,34.120052337646484
9087866,2020,2020-10-28,1900,2020-05-07,1530,443069,0986,4,5,4,1979,0,0,0,NA,0,92T2,SUNSET BL,LA CIENEGA BL,207,W,N,A,-,N,NA,NA,NA,NA,NA,NA,NA,NA,NA,N,4,0,1,3,A,-,03,22350,NA,N,C,C,A,A,H,-,A,D,0,NA,NA,NA,NA,Y,NA,A,01,0,0,1,0,0,0,0,0,0,-,-,34.09389877319336,-118.3769989013672,LOS ANGELES,WEST HOLLYWOOD,-118.37696075439452,34.09405517578125
90878664,2018,2018-12-10,9530,2018-11-17,1840,022051,NA,6,2,9,1900,0,3,5,NA,2,002,EL SEGUNDO BLVD.,MAIN ST.,0,NA,Y,A,-,N,NA,NA,NA,NA,NA,NA,NA,NA,NA,Y,4,0,3,2,A,-,12,21453,A,N,D,C,A,A,H,-,C,A,0,NA,NA,NA,NA,Y,NA,-,-,0,0,3,0,0,0,0,0,0,-,-,33.91640090942383,-118.2738037109375,LOS ANGELES,UNINCORPORATED,-118.41594696044922,33.9163703918457
90878676,2018,2018-12-10,9530,2018-11-29,1635,020956,NA,4,2,9,1900,0,3,5,NA,2,002,150TH STREET (1100 BLOCK),DEODORA AVE.,220,E,N,B,C,N,NA,NA,NA,NA,NA,NA,NA,NA,NA,Y,4,0,1,4,A,-,08,22107,NA,N,A,E,A,B,H,-,C,D,0,NA,NA,NA,NA,Y,NA,A,07,0,0,1,0,0,0,0,0,0,-,-,33.89670181274414,-118.25579833984376,LOS ANGELES,UNINCORPORATED,-118.25576782226564,33.89665985107422
90878679,2018,2018-12-10,9530,2018-11-29,1915,020935,NA,4,2,9,1900,0,3,5,NA,2,002,120TH ST (1600 EAST BLOCK),COMPTON AVE.,4,E,N,B,C,N,NA,NA,NA,NA,NA,NA,NA,NA,NA,N,4,0,1,2,A,-,10,21950,A,N,G,B,B,B,H,-,C,A,0,Y,NA,NA,NA,Y,NA,A,01,0,0,1,0,1,0,0,0,0,-,-,33.92377853393555,-118.24614715576172,LOS ANGELES,UNINCORPORATED,-118.24629974365234,33.92374038696289
90878691,2018,2018-12-10,9530,2018-11-29,0805,021089,NA,4,1,9,1900,0,3,5,NA,2,006,NORMANDIE AVE. (1300 BLOCK),228TH ST.,250,N,N,B,C,N,NA,NA,NA,NA,NA,NA,NA,NA,NA,Y,4,0,1,2,A,-,07,21658,A,N,B,C,A,B,H,-,A,D,0,NA,NA,NA,NA,Y,NA,D,22,0,0,1,0,0,0,0,0,0,-,-,33.82073974609375,-118.29856872558594,LOS ANGELES,UNINCORPORATED,-118.29822540283205,33.819644927978516
90878701,2018,2018-12-10,9530,2018-11-29,0130,020983,NA,4,3,9,1900,0,1,1,NA,2,210,I-105 E/B (GLENN ANDERSON FWY),WILMINGTON AVE.,600,E,N,B,C,Y,NA,NA,105,NA,NA,NA,NA,NA,E,Y,4,0,2,2,A,-,03,22350,NA,N,C,C,A,B,H,-,C,D,0,NA,NA,NA,NA,Y,NA,A,01,0,0,2,0,0,0,0,0,0,-,-,33.927940368652344,-118.2346420288086,LOS ANGELES,UNINCORPORATED,-118.2346420288086,33.92789077758789