CASE_ID,ACCIDENT_YEAR,PROC_DATE,JURIS,COLLISION_DATE,COLLISION_TIME,OFFICER_ID,REPORTING_DISTRICT,DAY_OF_WEEK,CHP_SHIFT,POPULATION,CNTY_CITY_LOC,SPECIAL_COND,BEAT_TYPE,CHP_BEAT_TYPE,CITY_DIVISION_LAPD,CHP_BEAT_CLASS,BEAT_NUMBER,PRIMARY_RD,SECONDARY_RD,DISTANCE,DIRECTION,INTERSECTION,WEATHER_1,WEATHER_2,STATE_HWY_IND,CALTRANS_COUNTY,CALTRANS_DISTRICT,STATE_ROUTE,ROUTE_SUFFIX,POSTMILE_PREFIX,POSTMILE,LOCATION_TYPE,RAMP_INTERSECTION,SIDE_OF_HWY,TOW_AWAY,COLLISION_SEVERITY,NUMBER_KILLED,NUMBER_INJURED,PARTY_COUNT,PRIMARY_COLL_FACTOR,PCF_CODE_OF_VIOL,PCF_VIOL_CATEGORY,PCF_VIOLATION,PCF_VIOL_SUBSECTION,HIT_AND_RUN,TYPE_OF_COLLISION,MVIW,PED_ACTION,ROAD_SURFACE,ROAD_COND_1,ROAD_COND_2,LIGHTING,CONTROL_DEVICE,CHP_ROAD_TYPE,PEDESTRIAN_ACCIDENT,BICYCLE_ACCIDENT,MOTORCYCLE_ACCIDENT,TRUCK_ACCIDENT,NOT_PRIVATE_PROPERTY,ALCOHOL_INVOLVED,STWD_VEHTYPE_AT_FAULT,CHP_VEHTYPE_AT_FAULT,COUNT_SEVERE_INJ,COUNT_VISIBLE_INJ,COUNT_COMPLAINT_PAIN,COUNT_PED_KILLED,COUNT_PED_INJURED,COUNT_BICYCLIST_KILLED,COUNT_BICYCLIST_INJURED,COUNT_MC_KILLED,COUNT_MC_INJURED,PRIMARY_RAMP,SECONDARY_RAMP,LATITUDE,LONGITUDE,COUNTY,CITY,POINT_X,POINT_Y
9088196,2020,2020-06-29,1942,2020-03-16,0020,43885,2011,1,5,7,1942,0,0,0,NA,0,20A53,WESTERN AV,2ND ST,0,NA,Y,A,-,N,NA,NA,NA,NA,NA,NA,NA,NA,NA,Y,4,0,1,2,A,-,05,21651,A,N,B,C,A,A,H,-,C,A,0,NA,NA,NA,NA,Y,Y,D,22,0,0,1,0,0,0,0,0,0,-,-,NA,NA,LOS ANGELES,LOS ANGELES,-118.30912017822266,34.07112121582031
9088198,2020,2020-06-29,1942,2020-03-16,2143,39508,1177,1,5,7,1942,0,0,0,K,0,11A89,AVE 28,IDELL ST,56,E,N,A,-,N,NA,NA,NA,NA,NA,NA,NA,NA,NA,Y,4,0,2,5,A,-,03,22350,NA,N,C,E,A,B,H,-,C,D,0,NA,NA,NA,NA,Y,NA,A,01,0,0,2,0,0,0,0,0,0,-,-,NA,NA,LOS ANGELES,LOS ANGELES,-118.22349548339844,34.086856842041016
9088199,2020,2020-07-16,1942,2020-03-04,0900,38264,1375,3,5,7,1942,0,0,0,M,0,0W2,COMPTON AV,54TH ST,100,W,N,A,-,N,NA,NA,NA,NA,NA,NA,NA,NA,NA,N,4,0,1,2,A,-,21,22106,NA,N,B,C,A,A,H,-,A,D,0,NA,NA,NA,NA,Y,Y,D,22,0,0,1,0,0,0,0,0,0,-,-,NA,NA,LOS ANGELES,LOS ANGELES,-118.2477798461914,33.99388885498047
9088200,2020,2020-06-29,1942,2020-03-22,1805,41139,2074,7,5,7,1942,0,0,0,NA,0,20A71,NORMANDIE AV,VENICE BL,0,NA,Y,B,C,N,NA,NA,NA,NA,NA,NA,NA,NA,NA,Y,4,0,2,2,A,-,12,21453,A,N,D,C,A,B,H,-,A,A,0,NA,NA,NA,NA,Y,NA,A,01,0,0,2,0,0,0,0,0,0,-,-,NA,NA,LOS ANGELES,LOS ANGELES,-118.30101776123048,34.043670654296875
90882007,2018,2018-12-13,9535,2018-12-04,0505,021119,NA,2,3,4,1907,0,1,1,NA,2,072,I-710 (LONG BEACH FREEWAY) N/B,ATLANTIC BLVD,1000,S,N,A,-,Y,NA,NA,710,NA,NA,NA,NA,NA,N,N,4,0,1,5,A,-,03,22350,NA,N,C,C,A,A,D,-,C,D,0,NA,NA,NA,NA,Y,NA,A,01,0,0,1,0,0,0,0,0,0,-,-,33.9922981262207,-118.17440032958984,LOS ANGELES,BELL,-118.17463684082033,33.99201583862305
90882026,2018,2018-12-13,9530,2018-12-03,1030,022083,NA,1,1,9,1900,0,3,5,NA,2,002,AVALON BLVD. (14000 BLOCK),COMPTON BLVD.,1000,N,N,A,-,N,NA,NA,NA,NA,NA,NA,NA,NA,NA,N,3,0,2,2,A,-,03,22350,NA,N,A,C,A,A,H,-,A,D,0,NA,NA,NA,NA,Y,NA,A,07,0,2,0,0,0,0,0,0,0,-,-,33.897491455078125,-118.26531219482422,LOS ANGELES,UNINCORPORATED,-118.26525115966795,33.89430618286133
9088204,2020,2020-06-29,1942,2020-03-23,0815,34959,2034,1,5,7,1942,0,0,0,NA,0,20A33,IROLO ST,7TH ST,0,NA,Y,A,-,N,NA,NA,NA,NA,NA,NA,NA,NA,NA,Y,4,0,1,2,A,-,09,21801,A,N,D,C,A,A,H,-,A,D,0,NA,NA,NA,NA,Y,NA,D,22,0,0,1,0,0,0,0,0,0,-,-,NA,NA,LOS ANGELES,LOS ANGELES,-118.3009033203125,34.05974197387695
90882053,2018,2018-12-13,9575,2018-12-05,1517,016603,NA,3,2,7,1942,0,1,1,NA,2,053,I-5 S/B (GOLDEN STATE FREEWAY),OSBORNESTREET,1584,N,N,C,-,Y,NA,NA,5,NA,NA,NA,NA,NA,S,N,4,0,1,2,A,-,03,22350,NA,N,C,C,A,B,H,-,A,D,0,NA,NA,NA,NA,Y,NA,A,07,0,0,1,0,0,0,0,0,0,-,-,34.24803924560547,-118.42630767822266,LOS ANGELES,LOS ANGELES,-118.42620086669922,34.24815368652344
90882060,2018,2018-12-13,9525,2018-12-06,0205,016677,NA,4,3,4,1960,0,1,3,NA,2,571,SR-57 S/B (ORANGE FWY),COVINA BLVD,3500,S,N,B,C,Y,NA,NA,57,NA,NA,NA,NA,NA,S,N,3,0,1,1,A,-,03,22350,NA,N,E,I,A,B,H,-,C,D,0,NA,NA,NA,NA,Y,NA,D,22,0,1,0,0,0,0,0,0,0,-,-,34.08974075317383,-117.8195571899414,LOS ANGELES,SAN DIMAS,-117.8197021484375,34.089744567871094
90882061,2018,2018-12-13,9530,2018-12-03,0710,022122,NA,1,1,9,1900,0,1,1,NA,2,410,I-405 N/B (SAN DIEGO FREEWAY),VERMONT AVE.,100,S,N,A,-,Y,NA,NA,405,NA,NA,NA,NA,NA,N,Y,3,0,1,3,A,-,07,21658,A,F,B,C,A,A,H,-,A,D,0,NA,NA,Y,NA,Y,NA,-,99,0,1,0,0,0,0,0,0,1,-,-,33.85932922363281,-118.29013824462892,LOS ANGELES,UNINCORPORATED,-118.29012298583984,33.859405517578125
9088207,2020,2020-06-29,1942,2020-03-12,1020,37540,1341,4,5,7,1942,0,0,0,M,0,13A41,BROADWAY,37TH PL,0,NA,Y,C,-,N,NA,NA,NA,NA,NA,NA,NA,NA,NA,Y,4,0,1,3,A,-,09,21801,A,N,D,C,A,B,H,-,A,D,0,NA,NA,NA,NA,Y,NA,A,01,0,0,1,0,0,0,0,0,0,-,-,NA,NA,LOS ANGELES,LOS ANGELES,-118.27645874023438,34.01493835449219
90882071,2018,2018-12-24,9550,2018-12-04,1915,020824,NA,2,2,9,1900,0,3,5,NA,2,002,SHOEMAKER AVENUE,BEATY AVENUE,0,NA,Y,A,-,N,NA,NA,NA,NA,NA,NA,NA,NA,NA,Y,3,0,1,2,A,-,09,21801,A,N,D,C,A,A,H,-,C,D,0,NA,NA,Y,NA,Y,NA,A,01,0,1,0,0,0,0,0,0,1,-,-,33.924468994140625,-118.05519104003906,LOS ANGELES,UNINCORPORATED,-118.05525207519533,33.92448043823242
90882072,2018,2018-12-13,9530,2018-11-19,0745,021493,NA,1,1,7,1942,0,1,1,NA,2,110,I-110 S/B (HARBOR FREEWAY),149TH ST.,150,S,N,B,-,Y,NA,NA,110,NA,NA,NA,NA,NA,S,Y,4,0,1,2,A,-,03,22350,NA,N,C,A,A,A,H,-,A,D,0,NA,NA,NA,NA,Y,NA,A,01,0,0,1,0,0,0,0,0,0,-,-,33.895999908447266,-118.2863998413086,LOS ANGELES,LOS ANGELES,-118.28627014160156,33.89603042602539
9088208,2020,2020-06-29,1942,2020-03-19,1205,34251,2019,4,5,7,1942,0,0,0,NA,0,20A1,WESTERN AV,6TH AV,0,NA,Y,B,-,N,NA,NA,NA,NA,NA,NA,NA,NA,NA,N,3,0,1,2,A,-,17,21461,A,N,A,C,A,B,H,-,A,A,0,NA,NA,NA,NA,Y,NA,A,01,0,1,0,0,0,0,0,0,0,-,-,NA,NA,LOS ANGELES,LOS ANGELES,-118.30911254882813,34.06351852416992
90882088,2018,2019-04-30,9590,2018-12-03,1245,017520,NA,1,1,7,1942,0,1,3,NA,2,030,SR-60 E/B (POF),LORENA ST.,200,W,N,A,-,Y,NA,NA,NA,NA,NA,NA,NA,NA,NA,N,4,0,1,2,A,-,03,22350,NA,N,C,C,A,A,H,-,A,D,0,NA,NA,NA,NA,Y,NA,A,01,0,0,1,0,0,0,0,0,0,-,-,34.66712188720703,-118.0993194580078,LOS ANGELES,LOS ANGELES,-118.2006378173828,34.02918243408203
9088210,2020,2020-06-29,1942,2020-03-30,2150,37505,1307,1,5,7,1942,0,0,0,M,0,13A9,7TH ST,CROCKER ST,18,S,N,A,-,N,NA,NA,NA,NA,NA,NA,NA,NA,NA,N,4,0,1,2,A,-,11,21954,A,N,B,B,C,A,H,-,C,A,0,Y,NA,NA,NA,Y,NA,N,60,0,0,1,0,1,0,0,0,0,-,-,NA,NA,LOS ANGELES,LOS ANGELES,-118.24588775634766,34.040077209472656
90882108,2018,2018-12-13,9530,2018-12-03,1520,020523,NA,1,2,4,1980,1,4,S,NA,2,901,MONTEREINA DR.,AVENIDA ESTUDIANTE,0,NA,Y,A,-,N,NA,NA,NA,NA,NA,NA,NA,NA,NA,N,4,0,1,1,C,-,18,NA,NA,N,E,A,A,A,H,-,A,D,0,NA,NA,NA,NA,Y,NA,-,-,0,0,1,0,0,0,0,0,0,-,-,33.76449966430664,-118.31539916992188,LOS ANGELES,RANCHO PALOS VERDES,-118.31546020507813,33.764488220214844
90882144,2018,2018-12-13,9550,2018-12-06,1310,022208,NA,4,1,6,1949,0,1,1,NA,2,150,I-105 E/B TO STUDEBAKER RD.,STUDEBAKER RD,570,W,N,C,-,Y,NA,NA,105,NA,NA,NA,R,NA,E,Y,3,0,3,2,A,-,03,22350,NA,N,B,C,A,B,H,-,A,D,0,NA,NA,NA,NA,Y,NA,A,07,0,1,2,0,0,0,0,0,0,-,-,33.91434860229492,-118.10154724121094,LOS ANGELES,NORWALK,-118.10154724121094,33.91434860229492
90882145,2018,2018-12-13,9580,2018-12-05,2110,020451,NA,3,2,9,1900,0,1,2,NA,2,106,US-101 N/B (VENTURA FREEWAY),LAS VIRGENES RD.,5280,S,N,C,-,Y,NA,NA,101,NA,NA,NA,NA,NA,N,Y,4,0,1,2,A,-,08,22107,NA,M,B,C,A,B,H,-,D,D,0,NA,NA,NA,NA,Y,NA,A,01,0,0,1,0,0,0,0,0,0,-,-,34.151248931884766,-118.68045806884766,LOS ANGELES,UNINCORPORATED,-118.68045806884766,34.15123748779297
9088215,2020,2020-07-07,1942,2020-03-14,0855,36238,1347,6,5,7,1942,0,0,0,M,0,13A27,S ALAMEDA ST,E MARTIN LUTHER KKING JR BL,0,NA,Y,B,-,N,NA,NA,NA,NA,NA,NA,NA,NA,NA,N,4,0,1,4,A,-,08,22100,A,N,H,B,F,B,H,-,A,D,0,Y,NA,NA,Y,Y,NA,G,27,0,0,1,0,1,0,0,0,0,-,-,NA,NA,LOS ANGELES,LOS ANGELES,-118.23964,34.00982
90882158,2018,2018-12-13,9590,2018-12-03,0011,021906,NA,1,3,7,1942,0,1,1,NA,2,051,I-110 S/B (HARBOR FREEWAY),83RD STREET,400,N,N,A,-,Y,NA,NA,110,NA,NA,NA,NA,NA,S,N,4,0,1,3,A,-,03,22350,NA,N,C,C,E,A,H,-,C,D,0,Y,NA,NA,NA,Y,NA,A,07,0,0,1,0,1,0,0,0,0,-,-,33.96535873413086,-118.28108978271484,LOS ANGELES,LOS ANGELES,-118.28093719482422,33.96535873413086
90882163,2018,2018-12-13,9580,2018-12-06,0655,016523,NA,4,1,9,1900,0,1,2,NA,2,108,US-101 N/B (VENTURA FREEWAY),PALO COMADO DR,1584,S,N,B,C,Y,NA,NA,101,NA,NA,NA,NA,NA,N,Y,4,0,1,2,A,-,03,22350,NA,M,C,C,A,B,H,-,A,D,0,NA,NA,NA,NA,Y,NA,-,99,0,0,1,0,0,0,0,0,0,-,-,34.14036178588867,-118.7329330444336,LOS ANGELES,UNINCORPORATED,-118.73269653320313,34.140708923339844
90882166,2018,2018-12-13,9580,2018-12-06,0845,014902,NA,4,1,7,1942,0,1,3,NA,2,116,SR-118 E/B (RONALD REAGAN FWY.),DE SOTO AVE,217,E,N,C,-,Y,NA,NA,118,NA,NA,NA,NA,NA,E,Y,4,0,1,1,A,-,03,22350,NA,N,F,A,A,B,H,-,A,D,0,NA,NA,NA,NA,Y,NA,A,07,0,0,1,0,0,0,0,0,0,-,-,34.273250579833984,-118.5893096923828,LOS ANGELES,LOS ANGELES,-118.5893096923828,34.273380279541016
90882170,2018,2018-12-13,9530,2018-12-04,0918,018278,NA,2,1,9,1900,0,1,3,NA,2,310,FLORENCE AVE. (1900 BLOCK),WILSON AVE.,4,E,N,A,-,N,NA,NA,NA,NA,NA,NA,NA,NA,NA,N,4,0,1,2,A,-,09,21801,A,N,D,G,A,A,H,-,A,A,0,NA,Y,NA,NA,Y,NA,A,01,0,0,1,0,0,0,1,0,0,-,-,33.582889556884766,-118.14154052734376,LOS ANGELES,UNINCORPORATED,-118.23769378662108,33.9747200012207
9088218,2020,2020-06-29,1942,2020-03-27,0900,37540,0157,5,5,7,1942,0,0,0,A,0,1A29,5TH ST,CROCKER ST,100,W,N,A,-,N,NA,NA,NA,NA,NA,NA,NA,NA,NA,N,4,0,1,2,A,-,11,21954,A,N,G,B,E,A,H,-,A,D,0,Y,NA,NA,NA,Y,NA,N,60,0,0,1,0,1,0,0,0,0,-,-,NA,NA,LOS ANGELES,LOS ANGELES,-118.24301910400392,34.04368209838867
9088219,2020,2020-06-29,1942,2020-03-13,0845,41629,1309,5,5,7,1942,0,0,0,M,0,13A9,WASHINGTON BL,ALAMEDA ST,0,NA,Y,B,C,N,NA,NA,NA,NA,NA,NA,NA,NA,NA,N,4,0,1,2,A,-,08,22102,NA,N,D,C,A,B,H,-,-,D,0,NA,NA,NA,NA,Y,NA,A,01,0,0,1,0,0,0,0,0,0,-,-,NA,NA,LOS ANGELES,LOS ANGELES,-118.23954010009766,34.01996994018555
90882202,2018,2018-12-13,9580,2018-12-06,1805,022016,NA,4,2,7,1942,0,1,1,NA,2,405,I-405 S/B (SAN DIEGO FWY),BURBANK BLVD,500,N,N,B,-,Y,NA,NA,405,NA,NA,NA,NA,NA,S,Y,4,0,3,3,A,-,03,22350,NA,N,C,C,A,A,H,-,C,D,0,NA,NA,NA,NA,Y,NA,A,07,0,0,3,0,0,0,0,0,0,-,-,34.174720764160156,-118.46793365478516,LOS ANGELES,LOS ANGELES,-118.46786499023438,34.17472839355469
90882205,2018,2018-12-13,9575,2018-12-06,0715,018762,NA,4,1,7,1942,0,1,3,NA,2,044,SR-134 E/B (VENTURA FREEWAY),LANKERSHIM BLVD.,300,W,N,B,C,Y,NA,NA,134,NA,NA,NA,NA,NA,E,Y,3,0,2,2,A,-,03,22350,NA,N,C,C,A,B,H,-,A,D,0,NA,NA,NA,NA,Y,NA,A,01,0,1,1,0,0,0,0,0,0,-,-,34.15288162231445,-118.37056732177734,LOS ANGELES,LOS ANGELES,-118.37056732177734,34.152854919433594
90882230,2018,2018-12-13,9525,2018-12-05,2340,021393,NA,3,3,5,1990,0,1,3,NA,2,602,SR-60 E/B (POMONA FWY),GRAND AVE,1056,W,N,B,C,Y,NA,NA,60,NA,NA,NA,NA,NA,E,Y,3,0,1,1,A,-,03,22350,NA,N,E,I,A,B,H,-,C,D,0,NA,NA,NA,NA,Y,NA,A,01,0,1,0,0,0,0,0,0,0,-,-,34.00672149658203,-117.82644653320313,LOS ANGELES,DIAMOND BAR,-117.82658386230467,34.006866455078125
9088224,2020,2020-06-26,1942,2020-03-08,0025,32820,1454,7,5,7,1942,0,0,0,N,0,14A76,PANAMA ST,BEETHOVEN ST,100,W,N,B,-,N,NA,NA,NA,NA,NA,NA,NA,NA,NA,Y,3,0,1,3,A,-,01,23152,A,N,A,E,A,A,H,-,C,D,0,NA,NA,NA,NA,Y,Y,A,01,0,1,0,0,0,0,0,0,0,-,-,NA,NA,LOS ANGELES,LOS ANGELES,-118.42812347412108,33.98407745361328
90882241,2018,2018-12-13,9580,2018-12-06,0618,018322,NA,4,1,7,1942,0,1,1,NA,2,406,I-405 N/B (SAN DIEGO FWY),NORDHOFF ST,2640,N,N,B,C,Y,NA,NA,405,NA,NA,NA,NA,NA,N,Y,4,0,1,1,A,-,03,22350,NA,N,E,I,A,B,H,-,A,D,0,NA,NA,NA,NA,Y,NA,A,01,0,0,1,0,0,0,0,0,0,-,-,34.2424201965332,-118.47296905517578,LOS ANGELES,LOS ANGELES,-118.47288513183594,34.2424201965332
90882274,2018,2018-12-13,9525,2018-12-04,1620,021684,NA,2,2,6,1955,0,1,3,NA,2,071,SR-71 S/B (CHINO VALLEY FWY),MISSION BLVD,550,N,N,A,-,Y,NA,NA,71,NA,NA,NA,NA,NA,S,Y,4,0,1,2,A,-,03,22350,NA,M,B,C,A,A,H,-,A,D,0,NA,NA,Y,Y,Y,NA,C,02,0,0,1,0,0,0,0,0,1,-,-,34.05699157714844,-117.78473663330078,LOS ANGELES,POMONA,-117.78472900390624,34.057003021240234
9088228,2020,2020-06-29,1942,2020-03-09,0620,33419,1494,1,5,7,1942,0,0,0,N,0,14FBL8,SEPULVEDA BL,CENTURY BL,0,NA,Y,A,-,N,NA,NA,NA,NA,NA,NA,NA,NA,NA,N,4,0,1,2,A,-,12,21453,A,N,D,C,A,A,H,-,C,A,0,NA,NA,NA,NA,Y,NA,A,01,0,0,1,0,0,0,0,0,0,-,-,NA,NA,LOS ANGELES,LOS ANGELES,-118.39633941650392,33.94554901123047
90882295,2018,2018-12-13,9525,2018-12-04,0225,019941,NA,2,3,6,1955,0,1,3,NA,2,604,SR-60 E/B (POMONA FWY),PHILLIPS RANCH ROAD,2534,W,N,A,-,Y,NA,NA,60,NA,NA,NA,NA,NA,E,Y,3,0,2,1,A,-,08,22107,NA,N,E,I,A,A,H,-,D,D,0,NA,NA,NA,NA,Y,NA,A,01,0,1,1,0,0,0,0,0,0,-,-,34.02593994140625,-117.77896118164064,LOS ANGELES,POMONA,-117.77896118164064,34.02595138549805
9088230,2020,2020-06-29,1942,2020-03-28,1025,37540,0479,6,5,7,1942,0,0,0,D,0,NA,WHITTIER BL,S INDIANA ST,78,W,N,A,-,N,NA,NA,NA,NA,NA,NA,NA,NA,NA,Y,2,0,2,2,A,-,03,22350,NA,N,A,C,A,A,H,-,A,D,0,NA,NA,NA,Y,Y,NA,A,07,1,0,1,0,0,0,0,0,0,-,-,NA,NA,LOS ANGELES,LOS ANGELES,-118.19287872314452,34.02422332763672
9088232,2020,2020-06-29,1942,2020-03-10,1635,42479,1437,2,5,7,1942,0,0,0,N,0,14A45,VENICE BL,SEPULVEDA,0,NA,Y,C,-,N,NA,NA,NA,NA,NA,NA,NA,NA,NA,N,4,0,3,3,A,-,03,22350,NA,N,C,C,A,B,H,-,A,A,0,NA,NA,NA,NA,Y,NA,A,01,0,0,3,0,0,0,0,0,0,-,-,NA,NA,LOS ANGELES,LOS ANGELES,-118.41725158691406,34.01298141479492
90882325,2018,2018-12-13,9590,2018-12-03,1410,021678,NA,1,2,7,1942,0,1,2,NA,2,072,US-101 N/B (HOLLYWOOD FREEWAY),CAHUENGA BLVD.,100,S,N,A,-,Y,NA,NA,101,NA,NA,NA,NA,NA,N,Y,3,0,2,3,A,-,07,21658,A,N,B,C,A,A,H,-,A,D,0,NA,NA,NA,NA,Y,NA,A,01,0,2,0,0,0,0,0,0,0,-,-,34.108341217041016,-118.33087921142578,LOS ANGELES,LOS ANGELES,-118.33098602294922,34.1081657409668
90882332,2018,2018-12-13,9550,2018-12-10,1750,021410,NA,1,2,9,1900,0,1,3,NA,2,601,SR-60 WB,AZUSA AVE.,1000,E,N,A,-,Y,NA,NA,NA,NA,NA,NA,NA,NA,NA,Y,4,0,1,4,A,-,03,22350,NA,N,C,C,A,A,H,-,C,D,0,NA,NA,NA,NA,Y,NA,A,01,0,0,1,0,0,0,0,0,0,-,-,33.99620056152344,-117.92549896240234,LOS ANGELES,UNINCORPORATED,-117.9279556274414,33.99663543701172
90882354,2018,2018-12-13,9580,2018-12-06,1855,020462,NA,4,2,3,1989,0,1,2,NA,2,107,US-101 S/B (VENTURA FREEWAY),PARKWAY CALABASAS,2112,S,N,A,-,Y,NA,NA,101,NA,NA,NA,NA,NA,S,N,4,0,1,4,A,-,03,22350,NA,N,C,C,A,A,H,-,C,D,0,NA,NA,NA,NA,Y,NA,A,07,0,0,1,0,0,0,0,0,0,-,-,34.15589141845703,-118.64605712890624,LOS ANGELES,CALABASAS,-118.64605712890624,34.1558837890625
90882355,2018,2018-12-13,9535,2018-12-01,0700,017598,NA,6,1,9,1900,0,2,4,NA,2,024,WHITTIER BLVD,EASTMAN AVE,0,NA,Y,A,-,N,NA,NA,NA,NA,NA,NA,NA,NA,NA,Y,4,0,1,3,A,-,12,21453,A,N,D,C,A,A,H,-,A,A,0,NA,NA,NA,NA,Y,NA,A,01,0,0,1,0,0,0,0,0,0,-,-,34.023929595947266,-118.18624877929688,LOS ANGELES,UNINCORPORATED,-118.18624114990234,34.023929595947266
90882357,2018,2018-12-13,9590,2018-12-04,2150,020344,NA,2,2,7,1942,0,1,1,NA,2,052,I-110 NB (HARBOR FREEWAY),1ST STREET,100,S,N,A,-,Y,NA,NA,110,NA,NA,NA,NA,NA,N,Y,4,0,1,2,A,-,03,22350,NA,N,C,C,A,A,H,-,C,D,0,NA,NA,NA,NA,Y,NA,A,01,0,0,1,0,0,0,0,0,0,-,-,34.05915069580078,-118.25260925292967,LOS ANGELES,LOS ANGELES,-118.25269317626952,34.059242248535156
9088236,2020,2020-06-29,1942,2020-03-16,0910,42314,1441,1,5,7,1942,0,0,0,N,0,14A11,VENICE BL,PACIFIC AV,0,NA,Y,C,-,N,NA,NA,NA,NA,NA,NA,NA,NA,NA,Y,4,0,1,2,A,-,12,21453,A,N,D,C,A,B,H,-,A,A,0,NA,NA,NA,NA,Y,NA,A,07,0,0,1,0,0,0,0,0,0,-,-,NA,NA,LOS ANGELES,LOS ANGELES,-118.47010040283205,33.985050201416016
90882361,2018,2018-12-13,9590,2018-12-02,0345,022006,NA,7,3,7,1942,0,1,1,NA,2,051,I-110 S/B (HAF),SLAUSON AVE.,150,S,N,A,-,Y,NA,NA,110,NA,NA,NA,NA,NA,S,Y,4,0,1,2,A,-,01,23152,A,N,B,C,A,A,H,-,C,D,0,NA,NA,NA,NA,Y,Y,A,01,0,0,1,0,0,0,0,0,0,-,-,33.987449645996094,-118.28070068359376,LOS ANGELES,LOS ANGELES,-118.28061676025392,33.987449645996094
9088238,2020,2020-06-29,1942,2020-03-30,1010,38357,0439,1,5,7,1942,0,0,0,D,0,4A9,VALLEY BL,BLOCK PL,308,W,N,A,-,N,NA,NA,NA,NA,NA,NA,NA,NA,NA,Y,4,0,2,2,A,-,08,22107,NA,F,C,E,A,A,H,-,A,D,0,NA,NA,NA,NA,Y,NA,D,22,0,0,2,0,0,0,0,0,0,-,-,NA,NA,LOS ANGELES,LOS ANGELES,-118.1712646484375,34.07276916503906
9088239,2020,2020-06-29,1942,2020-03-26,1400,41270,0581,4,5,7,1942,0,0,0,E,0,1400,MANTIS AV,MORSE DR,15,N,N,A,-,N,NA,NA,NA,NA,NA,NA,NA,NA,NA,Y,3,0,1,1,A,-,03,22350,NA,N,E,I,A,A,H,-,A,D,0,NA,NA,NA,NA,Y,NA,D,22,0,1,0,0,0,0,0,0,0,-,-,NA,NA,LOS ANGELES,LOS ANGELES,-118.31443786621094,33.72890090942383
9088240,2020,2020-10-20,1942,2020-03-23,1625,40452,1434,1,5,7,1942,0,0,0,N,0,14A25,VENICE BL,S CENTINELA AV,0,NA,Y,A,-,N,NA,NA,NA,NA,NA,NA,NA,NA,NA,Y,3,0,3,3,A,-,12,21453,A,N,D,C,A,A,H,-,A,A,0,NA,NA,NA,NA,Y,NA,A,07,0,1,2,0,0,0,0,0,0,-,-,NA,NA,LOS ANGELES,LOS ANGELES,-118.43360137939452,34.00374984741211
90882400,2018,2018-12-13,9590,2018-12-04,1822,022088,NA,2,2,7,1942,0,1,1,NA,2,053,I-110 S/B (HARBOR FREEWAY) COLLECTOR,3RD STREET,100,N,N,A,-,Y,NA,NA,110,NA,NA,NA,NA,NA,S,N,4,0,2,2,A,-,03,22350,NA,N,C,C,A,A,H,-,C,D,0,NA,NA,NA,NA,Y,NA,A,01,0,0,2,0,0,0,0,0,0,-,-,34.05686950683594,-118.25576019287108,LOS ANGELES,LOS ANGELES,-118.2555694580078,34.05668258666992
90882522,2018,2018-12-19,9545,2018-12-10,1725,016124,NA,1,2,9,1900,0,1,3,NA,1,042,SR-138 W/B,133RD ST EAST,144,W,N,B,-,Y,NA,NA,138,NA,NA,NA,NA,NA,W,Y,4,0,4,3,A,-,03,22350,NA,N,C,C,A,A,H,-,D,D,0,NA,NA,NA,NA,Y,NA,D,22,0,0,4,0,0,0,0,0,0,-,-,34.50653839111328,-117.89260864257813,LOS ANGELES,UNINCORPORATED,-117.89260864257813,34.506439208984375
90882539,2018,2018-12-13,9580,2018-12-06,0305,020573,NA,4,3,9,1900,0,2,4,NA,1,127,MALIBU CANYON RD,TUNNEL,2640,S,N,C,-,Y,NA,NA,NA,NA,NA,NA,NA,NA,NA,Y,3,0,1,1,A,-,08,22107,NA,N,B,I,A,B,H,-,C,D,0,NA,NA,NA,NA,Y,NA,A,07,0,1,0,0,0,0,0,0,0,-,-,34.06330871582031,-118.70575714111328,LOS ANGELES,UNINCORPORATED,-118.70575714111328,34.06330871582031
90882551,2018,2018-12-13,9580,2018-12-06,0655,016003,NA,4,1,3,1989,0,1,2,NA,2,106,US-101 N/B (VENTURA FREEWAY),LIBERTY CANYON RD,75,N,N,B,C,Y,NA,NA,NA,NA,NA,NA,NA,NA,NA,Y,4,0,1,3,A,-,03,22350,NA,N,E,I,A,A,H,-,C,D,0,NA,NA,NA,NA,Y,NA,A,01,0,0,1,0,0,0,0,0,0,-,-,34.13806915283203,-118.7256088256836,LOS ANGELES,CALABASAS,NA,NA
90882572,2018,2018-12-13,9580,2018-04-08,1100,021015,NA,7,1,9,1900,0,3,5,NA,1,020,STUNT ROAD (1700 BLOCK),COLD CREEK ROAD,700,N,N,A,-,N,NA,NA,NA,NA,NA,NA,NA,NA,NA,Y,1,1,0,1,A,-,03,22350,NA,N,E,I,A,A,H,-,A,D,0,NA,NA,Y,NA,Y,NA,C,02,0,0,0,0,0,0,0,1,0,-,-,34.09490966796875,-118.65120697021484,LOS ANGELES,UNINCORPORATED,NA,NA
90882576,2018,2018-12-13,9550,2018-12-08,1110,022210,NA,6,1,9,1900,0,1,3,NA,2,600,SR-60 W/B TO I-605 N/B,I-605,50,E,N,A,-,Y,NA,NA,60,NA,NA,NA,R,NA,W,N,4,0,1,2,A,-,03,22350,NA,N,C,C,A,A,H,-,A,D,0,NA,NA,NA,NA,Y,NA,D,22,0,0,1,0,0,0,0,0,0,-,-,34.03538131713867,-118.02474975585938,LOS ANGELES,UNINCORPORATED,-118.02474975585938,34.03538131713867