CASE_ID,ACCIDENT_YEAR,PROC_DATE,JURIS,COLLISION_DATE,COLLISION_TIME,OFFICER_ID,REPORTING_DISTRICT,DAY_OF_WEEK,CHP_SHIFT,POPULATION,CNTY_CITY_LOC,SPECIAL_COND,BEAT_TYPE,CHP_BEAT_TYPE,CITY_DIVISION_LAPD,CHP_BEAT_CLASS,BEAT_NUMBER,PRIMARY_RD,SECONDARY_RD,DISTANCE,DIRECTION,INTERSECTION,WEATHER_1,WEATHER_2,STATE_HWY_IND,CALTRANS_COUNTY,CALTRANS_DISTRICT,STATE_ROUTE,ROUTE_SUFFIX,POSTMILE_PREFIX,POSTMILE,LOCATION_TYPE,RAMP_INTERSECTION,SIDE_OF_HWY,TOW_AWAY,COLLISION_SEVERITY,NUMBER_KILLED,NUMBER_INJURED,PARTY_COUNT,PRIMARY_COLL_FACTOR,PCF_CODE_OF_VIOL,PCF_VIOL_CATEGORY,PCF_VIOLATION,PCF_VIOL_SUBSECTION,HIT_AND_RUN,TYPE_OF_COLLISION,MVIW,PED_ACTION,ROAD_SURFACE,ROAD_COND_1,ROAD_COND_2,LIGHTING,CONTROL_DEVICE,CHP_ROAD_TYPE,PEDESTRIAN_ACCIDENT,BICYCLE_ACCIDENT,MOTORCYCLE_ACCIDENT,TRUCK_ACCIDENT,NOT_PRIVATE_PROPERTY,ALCOHOL_INVOLVED,STWD_VEHTYPE_AT_FAULT,CHP_VEHTYPE_AT_FAULT,COUNT_SEVERE_INJ,COUNT_VISIBLE_INJ,COUNT_COMPLAINT_PAIN,COUNT_PED_KILLED,COUNT_PED_INJURED,COUNT_BICYCLIST_KILLED,COUNT_BICYCLIST_INJURED,COUNT_MC_KILLED,COUNT_MC_INJURED,PRIMARY_RAMP,SECONDARY_RAMP,LATITUDE,LONGITUDE,COUNTY,CITY,POINT_X,POINT_Y
90889662,2018,2018-12-26,9590,2018-12-24,1330,017878,NA,1,1,7,1942,0,1,1,NA,2,052,US-101 S/B (SAF) FROM I-110 (HAF),FIGUEROA STREET,200,E,N,A,-,Y,NA,NA,101,NA,NA,NA,R,NA,S,Y,3,0,2,2,A,-,07,21658,A,N,B,C,A,A,H,-,A,D,0,NA,NA,NA,NA,Y,NA,A,01,0,1,1,0,0,0,0,0,0,-,-,34.06026840209961,-118.24742126464844,LOS ANGELES,LOS ANGELES,-118.24742126464844,34.06026840209961
90889670,2018,2018-12-26,9565,2018-12-08,1943,022099,NA,6,2,9,1900,0,3,5,NA,2,002,97TH ST,BUDLONG AVE,0,NA,Y,A,-,N,NA,NA,NA,NA,NA,NA,NA,NA,NA,Y,2,0,4,4,A,-,12,22450,A,N,D,C,A,A,H,-,C,A,0,NA,NA,NA,NA,Y,NA,A,01,1,2,1,0,0,0,0,0,0,-,-,33.94778060913086,-118.29595947265624,LOS ANGELES,UNINCORPORATED,-118.2959213256836,33.947750091552734
90889682,2018,2018-12-26,9565,2018-12-13,0750,017713,NA,4,1,9,1900,0,3,5,NA,2,004,LENNOX BLVD.,MANSEL AVE,50,E,N,A,-,N,NA,NA,NA,NA,NA,NA,NA,NA,NA,N,3,0,1,2,A,-,03,22350,NA,N,C,C,A,A,H,-,A,D,0,NA,NA,NA,NA,Y,NA,A,07,0,1,0,0,0,0,0,0,0,-,-,33.938228607177734,-118.355712890625,LOS ANGELES,UNINCORPORATED,-118.35576629638672,33.93818664550781
90889686,2018,2018-12-26,9590,2018-12-15,2030,021789,NA,6,2,7,1942,0,1,1,NA,2,052,I-110 N/B (HARBOR FREEWAY),30TH STREET,100,S,N,A,-,Y,NA,NA,110,NA,NA,NA,NA,NA,N,N,4,0,7,4,A,-,03,22350,NA,F,C,C,A,A,H,-,C,D,0,NA,NA,NA,NA,Y,NA,A,07,0,0,7,0,0,0,0,0,0,-,-,34.02384948730469,-118.27633666992188,LOS ANGELES,LOS ANGELES,-118.27645874023438,34.02391052246094
90889689,2018,2018-12-26,9525,2018-12-20,1800,020907,NA,4,2,9,1900,0,3,5,NA,2,004,DON JULIAN RD.,WORKMAN MILL RD.,150,E,N,A,-,N,NA,NA,NA,NA,NA,NA,NA,NA,NA,N,4,0,1,2,A,-,05,21650,NA,N,D,G,A,A,H,-,C,D,0,NA,Y,NA,NA,Y,NA,L,04,0,0,1,0,0,0,1,0,0,-,-,34.040931701660156,-117.99770355224608,LOS ANGELES,UNINCORPORATED,-117.99778747558594,34.040889739990234
90889701,2018,2018-12-26,9540,2018-12-24,0730,021349,NA,1,1,9,1900,0,1,3,NA,2,146,SR-14 N/B,WARD RD,5000,S,N,A,-,Y,NA,NA,14,NA,NA,NA,NA,NA,N,Y,4,0,2,3,A,-,03,22350,NA,N,C,C,A,A,H,-,A,D,0,NA,NA,NA,Y,Y,NA,A,01,0,0,2,0,0,0,0,0,0,-,-,34.504390716552734,-118.25218963623048,LOS ANGELES,UNINCORPORATED,-118.2522430419922,34.50449752807617
90889703,2018,2018-12-26,9575,2018-12-17,1850,020030,NA,1,2,6,1912,0,1,1,NA,2,051,I-5 S/B (GOLDEN STATE FREEWAY),BURBANK BLVD,500,N,N,A,-,Y,NA,NA,5,NA,NA,NA,NA,NA,S,N,4,0,1,3,A,-,03,22350,NA,N,C,C,A,A,H,-,D,D,0,NA,NA,NA,NA,Y,NA,A,01,0,0,1,0,0,0,0,0,0,-,-,34.189910888671875,-118.32540893554688,LOS ANGELES,BURBANK,-118.32536315917967,34.18996810913086
90889711,2018,2018-12-26,9540,2018-12-17,2150,021078,NA,1,2,6,1985,0,1,3,NA,1,145,SR-14 S/B (AVF) FROM VIA PRINCESSA,VIA PRINCESSA,14,S,N,A,-,Y,NA,NA,14,NA,NA,NA,R,NA,S,Y,3,0,1,1,A,-,01,23152,A,N,E,I,A,A,H,-,C,A,0,NA,NA,NA,NA,Y,Y,A,01,0,1,0,0,0,0,0,0,0,-,-,34.402748107910156,-118.45565795898438,LOS ANGELES,SANTA CLARITA,-118.45565795898438,34.402748107910156
90889714,2018,2018-12-26,9545,2018-12-16,1330,021730,NA,7,1,9,1900,0,3,5,NA,2,004,AVENUE O,130TH ST  E,150,W,N,A,-,N,NA,NA,NA,NA,NA,NA,NA,NA,NA,Y,3,0,1,1,A,-,08,22107,NA,N,E,I,A,A,H,-,A,D,0,NA,NA,NA,NA,Y,NA,A,01,0,1,0,0,0,0,0,0,0,-,-,34.6165885925293,-117.90811157226564,LOS ANGELES,UNINCORPORATED,-117.91185760498048,34.61668395996094
90889719,2018,2018-12-26,9540,2018-12-17,0250,020527,NA,1,3,9,1900,0,2,4,NA,1,204,BOUQUET CANYON RD,ESGUERRA ROAD,645,N,N,B,-,N,NA,NA,NA,NA,NA,NA,NA,NA,NA,Y,3,0,1,1,A,-,01,23152,A,N,E,I,A,A,H,-,C,D,0,NA,NA,NA,NA,Y,Y,A,01,0,1,0,0,0,0,0,0,0,-,-,34.467628479003906,-118.47244262695313,LOS ANGELES,UNINCORPORATED,-118.47239685058594,34.467647552490234
90889721,2018,2018-12-26,9575,2018-12-17,0622,021302,NA,1,1,7,1942,0,1,1,NA,2,053,I-5 S/B (GOLDEN STATE FREEWAY),SR-170,1056,N,N,A,-,Y,NA,NA,5,NA,NA,NA,NA,NA,S,N,3,0,2,3,A,-,03,22350,NA,N,C,C,A,A,H,-,A,D,0,NA,NA,NA,NA,Y,NA,A,01,0,2,0,0,0,0,0,0,0,-,-,34.23548889160156,-118.41219329833984,LOS ANGELES,LOS ANGELES,-118.41246032714844,34.235191345214844
90889736,2018,2018-12-26,9545,2018-12-20,0335,015589,NA,4,3,6,1950,0,1,3,NA,2,021,SR-14 S/B,TECHNOLOGY DR,250,N,N,A,-,Y,NA,NA,14,NA,NA,NA,NA,NA,S,Y,3,0,2,2,A,-,01,23152,A,N,C,D,A,A,H,-,D,D,0,NA,NA,NA,NA,Y,Y,A,01,0,1,1,0,0,0,0,0,0,-,-,34.59505844116211,-118.13494110107422,LOS ANGELES,PALMDALE,-118.13504791259766,34.59499740600586
90889737,2018,2018-12-26,9530,2018-12-13,1750,022132,NA,4,2,7,1941,0,1,1,NA,2,420,I-405 S/B (SAN DIEGO FREEWAY),WALNUT AVE.,350,S,N,A,-,Y,NA,NA,405,NA,NA,NA,NA,NA,S,Y,4,0,3,5,A,-,03,22350,NA,N,C,C,A,A,H,-,C,D,0,NA,NA,NA,NA,Y,NA,D,22,0,0,3,0,0,0,0,0,0,-,-,33.81425094604492,-118.17075347900392,LOS ANGELES,LONG BEACH,-118.17075347900392,33.81415939331055
90889754,2018,2018-12-26,9545,2018-12-21,1740,016124,NA,5,2,9,1900,0,3,5,NA,2,002,SIERRA HIGHWAY,ANGELES FOREST HIGHWAY,4224,E,N,A,-,N,NA,NA,NA,NA,NA,NA,NA,NA,NA,N,4,0,1,2,A,-,03,22350,NA,N,C,C,A,A,H,-,D,D,0,NA,NA,NA,NA,Y,NA,A,01,0,0,1,0,0,0,0,0,0,-,-,34.51401901245117,-118.1073989868164,LOS ANGELES,UNINCORPORATED,-118.10887908935548,34.51114273071289
90889758,2018,2018-12-26,9590,2018-12-17,0430,020443,NA,1,3,7,1942,0,1,1,NA,2,052,I-110 N/B (HAF) I-10 W/B (SMF),VENICE BLVD.,250,N,N,A,-,Y,NA,NA,NA,NA,NA,NA,NA,NA,NA,Y,4,0,1,1,A,-,08,22107,NA,N,E,I,A,A,H,-,C,D,0,NA,NA,NA,NA,Y,NA,A,01,0,0,1,0,0,0,0,0,0,-,-,34.0394401550293,-118.27532196044922,LOS ANGELES,LOS ANGELES,NA,NA
90889777,2018,2018-12-26,9540,2018-12-20,1615,020678,NA,4,2,9,1900,0,2,4,NA,1,201,SIERRA HIGHWAY,AGUA DULCE CANYON RD.,0,NA,Y,A,-,Y,NA,NA,NA,NA,NA,NA,NA,NA,NA,Y,4,0,1,3,A,-,09,21801,A,F,C,C,A,A,H,-,A,A,0,NA,NA,NA,NA,Y,NA,-,99,0,0,1,0,0,0,0,0,0,-,-,34.520301818847656,-118.31732177734376,LOS ANGELES,UNINCORPORATED,-118.31706237792967,34.520259857177734
90889787,2018,2018-12-26,9545,2018-12-22,1220,017751,NA,6,1,9,1900,0,3,5,NA,2,004,230TH ST  E,AVENUE D-8,10,S,N,A,-,N,NA,NA,NA,NA,NA,NA,NA,NA,NA,Y,3,0,1,1,A,-,01,23152,A,N,E,I,A,A,H,-,A,D,0,NA,NA,NA,NA,Y,Y,A,07,0,1,0,0,0,0,0,0,0,-,-,34.76359939575195,-117.72071838378906,LOS ANGELES,UNINCORPORATED,-117.72069549560548,34.76362991333008
90889793,2018,2019-01-16,9530,2018-12-14,0335,020140,NA,5,3,7,1941,0,1,1,NA,2,071,I-710 S/B (LONG BEACH FREEWAY),ATLANTIC AVE.,1056,S,N,B,-,Y,NA,NA,710,NA,NA,NA,NA,NA,S,Y,4,0,1,2,A,-,03,22350,NA,M,C,C,A,A,H,-,C,D,0,NA,NA,NA,Y,Y,NA,A,01,0,0,1,0,0,0,0,0,0,-,-,33.88248062133789,-118.19168090820313,LOS ANGELES,LONG BEACH,-118.19157409667967,33.88245391845703
90889795,2018,2018-12-26,9535,2018-12-13,1910,019125,NA,4,2,5,1947,0,1,3,NA,2,620,SR-60 (POMONA FREEWAY) E/B,MARKLAND DR,350,E,N,B,-,Y,NA,NA,60,NA,NA,NA,NA,NA,E,N,4,0,1,2,A,-,03,22350,NA,N,C,C,A,A,H,-,D,D,0,NA,NA,NA,Y,Y,NA,G,25,0,0,1,0,0,0,0,0,0,-,-,34.03321075439453,-118.11602783203124,LOS ANGELES,MONTEBELLO,-118.11602783203124,34.03318405151367
90889796,2018,2018-12-26,9565,2018-12-13,1813,019138,NA,4,2,7,1942,0,1,1,NA,2,063,I-405 SB (SAN DIEGO FREEWAY),CONSTITUTION AVE,275,S,N,A,-,Y,NA,NA,405,NA,NA,NA,NA,NA,S,Y,4,0,1,2,A,-,03,22350,NA,N,C,C,A,A,H,-,C,D,0,NA,NA,NA,NA,Y,NA,A,01,0,0,1,0,0,0,0,0,0,-,-,34.05923080444336,-118.45498657226564,LOS ANGELES,LOS ANGELES,-118.45504760742188,34.05918502807617
90889803,2018,2018-12-26,9590,2018-12-14,0731,015985,NA,5,1,7,1942,0,1,1,NA,2,061,I-10 W/B (SANTA MONICA FREEWAY),LA BREA AVENUE,650,W,N,A,-,Y,NA,NA,10,NA,NA,NA,NA,NA,W,Y,2,0,1,2,A,-,03,22350,NA,N,F,A,A,A,H,-,A,D,0,NA,NA,Y,NA,Y,NA,C,02,1,0,0,0,0,0,0,0,1,-,-,34.033958435058594,-118.36200714111328,LOS ANGELES,LOS ANGELES,-118.36200714111328,34.033958435058594
90889804,2018,2018-12-26,9530,2018-12-13,0040,021016,NA,4,3,7,1942,0,1,1,NA,2,200,I-105 W/B (GLENN ANDERSON FWY),AVALON BLVD.,460,W,N,A,-,Y,NA,NA,105,NA,NA,NA,NA,NA,W,Y,3,0,1,2,A,-,01,23152,A,N,C,C,A,A,H,-,C,D,0,NA,NA,NA,NA,Y,Y,A,01,0,1,0,0,0,0,0,0,0,-,-,33.92770004272461,-118.26750183105467,LOS ANGELES,LOS ANGELES,-118.26750183105467,33.927650451660156
90889832,2018,2018-12-26,9590,2018-12-18,1620,022041,NA,2,2,7,1942,0,1,2,NA,2,072,US-101 N/B (HOLLYWOOD FREEWAY),SUNSET BLVD. O/C,100,N,N,A,-,Y,NA,NA,101,NA,NA,NA,NA,NA,N,N,4,0,1,2,A,-,03,22350,NA,N,C,C,A,A,H,-,A,D,0,NA,NA,NA,NA,Y,NA,A,01,0,0,1,0,0,0,0,0,0,-,-,34.098411560058594,-118.31456756591795,LOS ANGELES,LOS ANGELES,-118.31458282470705,34.09840393066406
90889855,2018,2018-12-26,9530,2018-12-15,2138,021582,NA,6,2,9,1900,0,1,1,NA,2,120,I-110 N/B (HARBOR FREEWAY),DEL AMO BLVD.,1584,N,N,A,-,Y,NA,NA,110,NA,NA,NA,NA,NA,N,Y,3,0,1,1,A,-,08,22107,NA,N,E,I,A,A,H,-,C,A,0,NA,NA,NA,NA,Y,Y,A,01,0,1,0,0,0,0,0,0,0,-,-,33.85108184814453,-118.28476715087892,LOS ANGELES,UNINCORPORATED,-118.28485107421876,33.8510627746582
90889871,2018,2018-12-26,9545,2018-12-24,2330,021340,NA,1,3,9,1900,0,3,5,NA,2,004,170TH STREET EAST,165TH STREET EAST,0,NA,Y,A,-,N,NA,NA,NA,NA,NA,NA,NA,NA,NA,Y,4,0,3,2,A,-,12,22450,A,N,D,C,A,A,H,-,D,A,0,NA,NA,NA,NA,Y,NA,A,01,0,0,3,0,0,0,0,0,0,-,-,34.544681549072266,-117.83528900146484,LOS ANGELES,UNINCORPORATED,-117.8273696899414,34.68117904663086
90889887,2018,2018-12-26,9565,2018-12-13,2010,019420,NA,4,2,7,1942,0,1,1,NA,2,062,I-405 N/B (PHILIP DENNIS ORTIZ MEM HWY),I-10 FREEWAY,900,S,N,A,-,Y,NA,NA,405,NA,NA,NA,NA,NA,N,Y,4,0,2,2,A,-,03,22350,NA,N,C,C,A,A,H,-,D,D,0,NA,NA,NA,NA,Y,NA,A,01,0,0,2,0,0,0,0,0,0,-,-,34.02922058105469,-118.4317626953125,LOS ANGELES,LOS ANGELES,-118.43177795410156,34.02920150756836
90889921,2018,2018-12-26,9550,2018-12-16,2050,020795,NA,7,2,5,1969,0,1,1,NA,2,151,INTERSTATE 105 EB,PARAMOUNT BOULEVARD,1200,E,N,A,-,Y,NA,NA,105,NA,NA,NA,NA,NA,E,N,4,0,1,2,A,-,03,22350,NA,N,C,C,A,A,H,-,D,D,0,NA,NA,NA,NA,Y,NA,A,01,0,0,1,0,0,0,0,0,0,-,-,33.912109375,-118.15583801269533,LOS ANGELES,SOUTH GATE,-118.15584564208984,33.91215896606445
90889950,2018,2018-12-26,9590,2018-12-15,1402,021429,NA,6,2,7,1942,0,1,1,NA,2,501,I-110 S/B (HARBOR FREEWAY) EXPRESSLANES,"MARTIN LUTHER KING, JR. BLVD",85,S,N,A,-,Y,NA,NA,110,NA,NA,NA,NA,NA,S,Y,3,0,1,2,A,-,08,22107,NA,N,E,I,A,A,H,-,A,D,0,NA,NA,NA,NA,Y,NA,A,01,0,1,0,0,0,0,0,0,0,-,-,34.010860443115234,-118.28114318847656,LOS ANGELES,LOS ANGELES,-118.2811279296875,34.010860443115234
90889954,2018,2018-12-26,9580,2018-12-14,0905,022158,NA,5,1,7,1942,0,1,1,NA,2,405,I-405 S/B (SAN DIEGO FWY),BURBANK BLVD,597,N,N,B,-,Y,NA,NA,405,NA,NA,NA,NA,NA,S,Y,2,0,1,2,A,-,03,22350,NA,N,C,C,A,A,H,-,A,D,0,NA,NA,NA,NA,Y,NA,A,01,1,0,0,0,0,0,0,0,0,-,-,34.17451095581055,-118.46788024902344,LOS ANGELES,LOS ANGELES,-118.46784973144533,34.17451095581055
90889975,2018,2018-12-26,9580,2018-12-10,1445,022080,NA,1,2,7,1942,0,1,2,NA,2,101,US-101 S/B (VENTURA FREEWAY),COLDWATER CANYON AVE,175,S,N,B,-,Y,NA,NA,101,NA,NA,NA,NA,NA,S,N,3,0,1,3,A,-,08,22107,NA,N,B,C,A,A,H,-,A,D,0,NA,NA,Y,NA,Y,NA,-,-,0,1,0,0,0,0,0,0,1,-,-,34.156681060791016,-118.4130630493164,LOS ANGELES,LOS ANGELES,-118.4130630493164,34.15663528442383
90890013,2018,2018-12-26,9535,2018-12-13,1945,021976,NA,4,2,9,1900,0,1,1,NA,2,071,I-710 (LONG BEACH FREEWAY) S/B,WHITTIER BLVD,67,N,N,A,-,Y,NA,NA,710,NA,NA,NA,NA,NA,S,N,4,0,1,2,A,-,03,22350,NA,N,C,C,A,A,H,-,C,D,0,NA,NA,NA,NA,Y,NA,A,01,0,0,1,0,0,0,0,0,0,-,-,34.023948669433594,-118.17257690429688,LOS ANGELES,UNINCORPORATED,-118.17266082763672,34.02397537231445
90890023,2018,2018-12-26,9565,2018-12-13,1204,019540,NA,4,1,5,1965,0,1,1,NA,2,081,I-10 W/B (SANTA MONICA FREEWAY),LINCOLN AVE,25,E,N,A,-,Y,NA,NA,10,NA,NA,NA,NA,NA,W,Y,4,0,1,2,A,-,08,22107,NA,N,A,C,A,A,H,-,A,D,0,NA,NA,NA,NA,Y,NA,A,01,0,0,1,0,0,0,0,0,0,-,-,34.01498031616211,-118.48574066162108,LOS ANGELES,SANTA MONICA,-118.48576354980467,34.015018463134766
90890032,2018,2019-01-01,9525,2018-12-18,1150,021250,NA,2,1,9,1900,0,2,4,NA,2,045,VALLEY BLVD. (13000 BLOCK),TEMPLE AVE,500,E,N,B,-,N,NA,NA,NA,NA,NA,NA,NA,NA,NA,Y,4,0,2,2,A,-,09,21804,A,N,A,C,A,A,D,-,A,D,0,NA,NA,NA,NA,Y,NA,A,01,0,0,2,0,0,0,0,0,0,-,-,34.0529899597168,-118.001953125,LOS ANGELES,UNINCORPORATED,-117.81149291992188,34.049591064453125
90890035,2018,2018-12-26,9550,2018-12-15,0100,010001,NA,6,3,5,1919,0,1,1,NA,2,652,INTERSTATE 605 NORTHBOUND,STATE ROUTE 91,4224,S,N,A,-,Y,NA,NA,605,NA,NA,NA,NA,NA,N,Y,3,0,1,1,A,-,08,22107,NA,N,E,I,A,A,H,-,C,D,0,NA,NA,NA,NA,Y,NA,A,01,0,1,0,0,0,0,0,0,0,-,-,33.86558151245117,-118.09829711914064,LOS ANGELES,CERRITOS,-118.09839630126952,33.865543365478516
90890051,2018,2018-12-26,9550,2018-12-25,1225,019346,NA,2,1,6,1920,0,1,1,NA,2,150,INTERSTATE 105 (CENTURY FREEWAY),GARFIELD AVENUE,100,E,N,A,-,Y,NA,NA,NA,NA,NA,NA,NA,NA,NA,Y,3,0,3,2,A,-,03,22350,NA,N,C,C,A,A,H,-,A,D,0,NA,NA,NA,Y,Y,NA,A,01,0,3,0,0,0,0,0,0,0,-,-,33.911048889160156,-118.16786193847656,LOS ANGELES,DOWNEY,-118.16859436035156,33.911312103271484
90890067,2018,2018-12-26,9530,2018-12-14,0815,018278,NA,5,1,9,1900,0,3,5,NA,2,002,MAIN ST. (15000 BLOCK),REDONDO BEACH BLVD.,0,NA,N,A,-,N,NA,NA,NA,NA,NA,NA,NA,NA,NA,Y,4,0,1,2,A,-,07,21658,A,N,B,C,A,A,H,-,A,D,0,NA,NA,NA,Y,Y,NA,F,27,0,0,1,0,0,0,0,0,0,-,-,33.533790588378906,-118.16343688964844,LOS ANGELES,UNINCORPORATED,-118.27622985839844,33.892921447753906
90890069,2018,2018-12-26,9580,2018-12-18,1125,017386,NA,2,1,7,1942,0,1,2,NA,2,102,US-101 N/B (VENTURA FREEWAY),KESTER AVENUE,230,S,N,A,-,Y,NA,NA,101,NA,NA,NA,NA,NA,N,Y,4,0,1,3,A,-,08,22107,NA,N,C,C,A,A,H,-,A,D,0,NA,NA,NA,Y,Y,NA,G,27,0,0,1,0,0,0,0,0,0,-,-,34.15848922729492,-118.4565887451172,LOS ANGELES,LOS ANGELES,-118.45663452148438,34.15835952758789
90890080,2018,2018-12-26,9530,2018-12-15,1539,022079,NA,6,2,7,1941,0,1,1,NA,2,430,I-405 S/B (SAN DIEGO FREEWAY),BELLFLOWER BLVD.,530,S,N,A,-,Y,NA,NA,405,NA,NA,NA,NA,NA,S,Y,4,0,1,3,A,-,03,22350,NA,N,C,C,A,A,H,-,A,D,0,NA,NA,NA,NA,Y,NA,D,22,0,0,1,0,0,0,0,0,0,-,-,33.802581787109375,-118.12316131591795,LOS ANGELES,LONG BEACH,-118.12316131591795,33.802635192871094
90890086,2018,2018-12-26,9580,2018-12-17,2136,021544,NA,1,2,7,1942,0,1,2,NA,2,100,US-101 N/B (VENTURA FREEWAY),COLDWATER CANYON AVE,150,S,N,A,-,Y,NA,NA,101,NA,NA,NA,NA,NA,N,Y,4,0,5,3,A,-,08,22107,NA,N,C,C,A,A,H,-,C,D,0,NA,NA,NA,NA,Y,NA,A,01,0,0,5,0,0,0,0,0,0,-,-,34.15681076049805,-118.41325378417967,LOS ANGELES,LOS ANGELES,-118.41324615478516,34.156829833984375
90890088,2018,2018-12-26,9575,2018-12-13,0900,020119,NA,4,1,6,1912,0,1,3,NA,2,044,SR-134 W/B (VENTURA FREEWAY),BOB HOPE DR.,300,W,N,A,-,Y,NA,NA,134,NA,NA,NA,NA,NA,W,Y,4,0,1,4,A,-,08,22107,NA,N,B,C,A,A,H,-,A,D,0,NA,NA,NA,Y,Y,NA,A,01,0,0,1,0,0,0,0,0,0,-,-,34.15264892578125,-118.33171844482422,LOS ANGELES,BURBANK,-118.33172607421876,34.15266036987305
90890092,2018,2018-12-26,9530,2018-12-15,1625,021842,NA,6,2,5,1977,0,1,1,NA,2,410,I-405 S/B (SAN DIEGO FREEWAY),CARSON ST.,250,S,N,A,-,Y,NA,NA,405,NA,NA,NA,NA,NA,S,N,3,0,1,2,A,-,07,21658,A,F,E,I,A,A,H,-,A,D,0,NA,NA,Y,NA,Y,NA,-,99,0,1,0,0,0,0,0,0,1,-,-,33.83095169067383,-118.25533294677734,LOS ANGELES,CARSON,-118.25533294677734,33.83094787597656
90890093,2018,2018-12-26,9580,2018-12-15,0255,020353,NA,6,3,7,1942,0,1,2,NA,2,104,US-101 N/B (VENTURA FREEWAY),TAMPA AVE,1500,S,N,A,-,Y,NA,NA,101,NA,NA,NA,NA,NA,N,N,4,0,1,2,A,-,03,22350,NA,F,C,C,A,A,H,-,C,D,0,NA,NA,NA,NA,Y,NA,-,99,0,0,1,0,0,0,0,0,0,-,-,34.173500061035156,-118.54840850830078,LOS ANGELES,LOS ANGELES,-118.54840850830078,34.17357635498047
90890111,2018,2018-12-26,9550,2018-12-19,1845,018408,NA,3,2,9,1900,0,2,4,NA,1,042,COLIMA RD. E/B,FULLERTON ROAD,200,W,N,A,-,N,NA,NA,NA,NA,NA,NA,NA,NA,NA,Y,3,0,6,4,A,-,03,22350,NA,N,C,C,A,A,H,-,C,D,0,NA,NA,NA,NA,Y,NA,A,08,0,6,0,0,0,0,0,0,0,-,-,33.988460540771484,-117.90740966796876,LOS ANGELES,UNINCORPORATED,-117.90634918212892,33.9884033203125
90890112,2018,2018-12-26,9580,2018-12-17,2205,021475,NA,1,3,7,1942,0,1,3,NA,2,171,SR-170 S/B (HOLLYWOOD FWY.),OXNARD ST,200,S,N,A,-,Y,NA,NA,170,NA,NA,NA,NA,NA,S,Y,4,0,2,3,A,-,03,22350,NA,N,C,C,A,A,H,-,D,D,0,NA,NA,NA,NA,Y,NA,A,01,0,0,2,0,0,0,0,0,0,-,-,34.17858123779297,-118.39492797851564,LOS ANGELES,LOS ANGELES,-118.3948974609375,34.178592681884766
90890116,2018,2018-12-26,9535,2018-12-14,0906,015797,NA,5,1,5,1947,0,1,3,NA,2,621,SR-60 W/B TO PARAMOUNT BLVD.,PARAMOUNT BLVD.,150,E,N,B,-,Y,NA,NA,NA,NA,NA,NA,NA,NA,NA,Y,4,0,1,2,A,-,03,22350,NA,N,C,C,A,A,H,-,A,A,0,NA,NA,NA,NA,Y,NA,D,22,0,0,1,0,0,0,0,0,0,-,-,34.021400451660156,-118.0531997680664,LOS ANGELES,MONTEBELLO,-118.09241485595705,34.036258697509766
90890131,2018,2018-12-26,9550,2018-12-19,1720,020861,NA,3,2,6,1920,0,1,1,NA,2,150,I-105 W/B,BELLFLOWER BLVD,100,E,N,A,-,Y,NA,NA,105,NA,NA,NA,NA,NA,W,N,4,0,1,2,A,-,21,22106,NA,N,C,C,A,A,H,-,C,D,0,NA,NA,NA,NA,Y,NA,A,01,0,0,1,0,0,0,0,0,0,-,-,33.913421630859375,-118.12483978271484,LOS ANGELES,DOWNEY,-118.12483978271484,33.91335678100586
90890132,2018,2018-12-26,9530,2018-12-16,1815,021875,NA,7,2,7,1941,0,1,1,NA,2,430,I-405 S/B (SAN DIEGO FREEWAY),LAKEWOOD BLVD.,13,S,N,A,-,Y,NA,NA,405,NA,NA,NA,NA,NA,S,Y,3,0,1,1,A,-,08,22107,NA,N,E,I,A,A,H,-,D,D,0,NA,NA,NA,NA,Y,Y,D,22,0,1,0,0,0,0,0,0,0,-,-,33.80554962158203,-118.14276123046876,LOS ANGELES,LONG BEACH,-118.14272308349608,33.80569076538086
90890136,2018,2018-12-26,9590,2018-12-15,1630,022088,NA,6,2,7,1942,0,1,3,NA,2,095,SR-2 WESTBOUND (GLENDALE FREEWAY),YORK BLVD.,800,E,N,A,-,Y,NA,NA,2,NA,NA,NA,NA,NA,W,Y,4,0,1,2,A,-,03,22350,NA,N,C,C,A,A,H,-,A,D,0,NA,NA,NA,NA,Y,NA,A,07,0,0,1,0,0,0,0,0,0,-,-,34.12866973876953,-118.22891235351564,LOS ANGELES,LOS ANGELES,-118.22884368896484,34.12868118286133