CASE_ID,ACCIDENT_YEAR,PROC_DATE,JURIS,COLLISION_DATE,COLLISION_TIME,OFFICER_ID,REPORTING_DISTRICT,DAY_OF_WEEK,CHP_SHIFT,POPULATION,CNTY_CITY_LOC,SPECIAL_COND,BEAT_TYPE,CHP_BEAT_TYPE,CITY_DIVISION_LAPD,CHP_BEAT_CLASS,BEAT_NUMBER,PRIMARY_RD,SECONDARY_RD,DISTANCE,DIRECTION,INTERSECTION,WEATHER_1,WEATHER_2,STATE_HWY_IND,CALTRANS_COUNTY,CALTRANS_DISTRICT,STATE_ROUTE,ROUTE_SUFFIX,POSTMILE_PREFIX,POSTMILE,LOCATION_TYPE,RAMP_INTERSECTION,SIDE_OF_HWY,TOW_AWAY,COLLISION_SEVERITY,NUMBER_KILLED,NUMBER_INJURED,PARTY_COUNT,PRIMARY_COLL_FACTOR,PCF_CODE_OF_VIOL,PCF_VIOL_CATEGORY,PCF_VIOLATION,PCF_VIOL_SUBSECTION,HIT_AND_RUN,TYPE_OF_COLLISION,MVIW,PED_ACTION,ROAD_SURFACE,ROAD_COND_1,ROAD_COND_2,LIGHTING,CONTROL_DEVICE,CHP_ROAD_TYPE,PEDESTRIAN_ACCIDENT,BICYCLE_ACCIDENT,MOTORCYCLE_ACCIDENT,TRUCK_ACCIDENT,NOT_PRIVATE_PROPERTY,ALCOHOL_INVOLVED,STWD_VEHTYPE_AT_FAULT,CHP_VEHTYPE_AT_FAULT,COUNT_SEVERE_INJ,COUNT_VISIBLE_INJ,COUNT_COMPLAINT_PAIN,COUNT_PED_KILLED,COUNT_PED_INJURED,COUNT_BICYCLIST_KILLED,COUNT_BICYCLIST_INJURED,COUNT_MC_KILLED,COUNT_MC_INJURED,PRIMARY_RAMP,SECONDARY_RAMP,LATITUDE,LONGITUDE,COUNTY,CITY,POINT_X,POINT_Y
90895497,2018,2019-01-02,9530,2018-12-20,1800,020956,NA,4,2,9,1900,0,3,5,NA,2,001,MIRAMONTE BLVD. (8200 BLOCK),82ND PL.,78,N,N,A,-,N,NA,NA,NA,NA,NA,NA,NA,NA,NA,N,4,0,1,3,A,-,03,22350,NA,F,G,B,E,A,H,-,C,D,0,Y,NA,NA,NA,Y,NA,-,99,0,0,1,0,1,0,0,0,0,-,-,33.96419906616211,-118.24590301513672,LOS ANGELES,UNINCORPORATED,-118.24610900878906,33.96440505981445
90895507,2018,2019-01-02,9540,2018-12-28,1840,019232,NA,5,2,6,1985,0,1,3,NA,2,148,SR-14 N/B (ANTELOPE VALLEY FWY),VIA PRINCESSA,400,S,N,A,-,Y,NA,NA,14,NA,NA,NA,NA,NA,N,Y,4,0,1,3,A,-,03,22350,NA,N,C,C,A,A,H,-,C,D,0,NA,NA,NA,NA,Y,NA,A,01,0,0,1,0,0,0,0,0,0,-,-,34.40047073364258,-118.458740234375,LOS ANGELES,SANTA CLARITA,-118.45867156982422,34.40034484863281
90895513,2018,2019-01-02,9545,2018-12-23,0200,021340,NA,7,3,9,1900,0,1,3,NA,1,042,SR-138 E/B,126TH STREET EAST,29,E,N,A,-,Y,NA,NA,138,NA,NA,NA,NA,NA,E,Y,2,0,1,2,A,-,01,23152,A,N,B,C,A,A,D,-,D,D,0,NA,NA,NA,NA,Y,Y,A,01,1,0,0,0,0,0,0,0,0,-,-,34.50653076171875,-117.90532684326172,LOS ANGELES,UNINCORPORATED,-117.90532684326172,34.50645065307617
90895516,2018,2019-01-02,9530,2018-12-20,0515,014701,NA,4,3,7,1941,0,1,1,NA,2,430,I-405 S/B (SAN DIEGO FREEWAY),LAKEWOOD BLVD.,396,S,N,A,-,Y,NA,NA,405,NA,NA,NA,NA,NA,S,Y,4,0,1,4,A,-,08,22107,NA,N,B,E,A,A,H,-,C,D,0,NA,NA,NA,Y,Y,NA,A,01,0,0,1,0,0,0,0,0,0,-,-,33.80509948730469,-118.14122009277344,LOS ANGELES,LONG BEACH,-118.14118957519533,33.80516052246094
90895540,2018,2019-01-02,9590,2018-12-25,1755,021122,NA,2,2,7,1942,0,1,1,NA,2,081,I-5 S/B (GOLDEN STATE FREEWAY),4TH STREET,50,N,N,A,-,Y,NA,NA,5,NA,NA,NA,NA,NA,S,N,4,0,1,2,A,-,03,22350,NA,N,C,C,A,A,H,-,C,D,0,NA,NA,NA,NA,Y,NA,A,07,0,0,1,0,0,0,0,0,0,-,-,34.043548583984375,-118.21692657470705,LOS ANGELES,LOS ANGELES,-118.21691131591795,34.04353713989258
90895547,2018,2019-01-02,9565,2018-12-19,0935,020239,NA,3,1,7,1942,0,1,1,NA,2,061,I-405 NORTHBOUND (SAN DIEGO FREEWAY),LA TIJERA BLVD,1000,N,N,A,-,Y,NA,NA,405,NA,NA,NA,NA,NA,N,N,4,0,1,2,A,-,03,22350,NA,N,C,C,A,A,H,-,A,D,0,NA,NA,NA,NA,Y,NA,A,01,0,0,1,0,0,0,0,0,0,-,-,33.97344970703125,-118.38053131103516,LOS ANGELES,LOS ANGELES,-118.38055419921876,33.97340774536133
90895551,2018,2019-01-02,9565,2018-12-19,0535,020209,NA,3,3,9,1900,0,2,4,NA,2,021,I-105 W/B FROM VERMONT AVE,VERMONT AVE,10,W,N,A,-,Y,NA,NA,105,NA,NA,NA,R,NA,W,N,4,0,1,3,A,-,10,21950,A,F,G,B,B,A,H,-,A,D,0,Y,NA,NA,NA,Y,NA,A,01,0,0,1,0,1,0,0,0,0,-,-,33.929298400878906,-118.29208374023438,LOS ANGELES,UNINCORPORATED,-118.29208374023438,33.929298400878906
90895556,2018,2019-01-02,9590,2018-12-21,0300,021317,NA,5,3,7,1942,0,1,1,NA,2,013,SR-110 SB (ARROYO SECO PARKWAY),AVENUE 52,700,S,N,A,-,Y,NA,NA,110,NA,NA,NA,NA,NA,S,Y,2,0,1,1,A,-,01,23152,A,N,E,I,A,A,H,-,C,D,0,NA,NA,NA,NA,Y,Y,A,01,1,0,0,0,0,0,0,0,0,-,-,34.10177993774414,-118.19869995117188,LOS ANGELES,LOS ANGELES,-118.19891357421876,34.102317810058594
90895560,2018,2019-01-02,9590,2018-12-25,1300,021122,NA,2,1,7,1942,0,1,1,NA,2,081,I-5 S/B (GOLDEN STATE FREEWAY),WHITTIER BOULEVARD,100,N,N,A,-,Y,NA,NA,5,NA,NA,NA,NA,NA,S,N,4,0,4,3,A,-,03,22350,NA,N,C,C,A,A,H,-,A,D,0,NA,NA,NA,NA,Y,NA,A,07,0,0,4,0,0,0,0,0,0,-,-,34.03689956665039,-118.22042083740234,LOS ANGELES,LOS ANGELES,-118.22045135498048,34.03691482543945
90895584,2018,2019-01-02,9530,2018-12-20,0655,022197,NA,4,1,7,1941,0,1,1,NA,2,420,I-405 S/B (SAN DIEGO FREEWAY),WALNUT AVE.,860,N,N,A,-,Y,NA,NA,405,NA,NA,NA,NA,NA,S,Y,4,0,2,3,A,-,08,22107,NA,M,B,C,A,A,H,-,A,D,0,NA,NA,NA,NA,Y,NA,-,99,0,0,2,0,0,0,0,0,0,-,-,33.81414031982422,-118.18195343017578,LOS ANGELES,LONG BEACH,-118.18192291259766,33.81431198120117
90895611,2018,2019-01-02,9525,2018-12-31,1310,014971,NA,1,1,5,1906,0,1,1,NA,2,103,I-10 W/B (SAN BERNARDINO FWY),ATHOL ST.,528,E,N,A,-,Y,NA,NA,10,NA,NA,NA,NA,NA,W,Y,4,0,1,3,A,-,03,22350,NA,N,C,C,A,A,H,-,A,D,0,NA,NA,NA,NA,Y,NA,A,01,0,0,1,0,0,0,0,0,0,-,-,34.06684875488281,-117.98848724365234,LOS ANGELES,BALDWIN PARK,-117.98847198486328,34.06672286987305
90895617,2018,2019-01-02,9530,2018-12-20,0555,021493,NA,4,3,7,1941,0,1,1,NA,2,071,I-710 S/B (LONG BEACH FREEWAY),DEL AMO BLVD.,2000,N,N,A,-,Y,NA,NA,710,NA,NA,NA,NA,NA,S,Y,3,0,1,4,A,-,03,22350,NA,N,C,C,A,A,H,-,D,D,0,NA,NA,NA,NA,Y,NA,E,22,0,1,0,0,0,0,0,0,0,-,-,33.85232162475586,-118.20503997802734,LOS ANGELES,LONG BEACH,-118.20500183105467,33.85231018066406
90895626,2018,2019-01-02,9565,2018-12-19,2015,020958,NA,3,2,7,1942,0,1,1,NA,2,063,I-405 NORTHBOUND (SAN DIEGO FREEWAY),SUNSET BOULEVARD,150,S,N,A,-,Y,NA,NA,405,NA,NA,NA,NA,NA,N,Y,4,0,2,4,A,-,03,22350,NA,N,C,C,A,A,H,-,C,D,0,NA,NA,NA,NA,Y,NA,A,07,0,0,2,0,0,0,0,0,0,-,-,34.07236099243164,-118.4660873413086,LOS ANGELES,LOS ANGELES,-118.4661102294922,34.07234573364258
90895633,2018,2019-02-08,9580,2018-12-19,1215,017228,NA,3,1,7,1942,0,1,1,NA,2,406,I-405 N/B (SAN DIEGO FWY),NORDHOFF STREET,500,S,N,A,-,Y,NA,NA,405,NA,NA,NA,NA,NA,N,Y,4,0,1,4,A,-,07,21658,A,N,B,C,A,A,H,-,A,D,0,NA,NA,NA,NA,Y,NA,A,07,0,0,1,0,0,0,0,0,0,-,-,34.234519958496094,-118.47295379638672,LOS ANGELES,LOS ANGELES,-118.47295379638672,34.234519958496094
90895648,2018,2019-01-02,9540,2018-12-27,1315,018805,NA,4,1,9,1900,0,2,4,NA,2,010,THE OLD ROAD,CONSTITUTION AVENUE,45,S,N,A,G,N,NA,NA,NA,NA,NA,NA,NA,NA,NA,Y,3,0,1,3,A,-,03,22350,NA,N,C,C,A,A,H,-,A,A,0,NA,NA,NA,NA,Y,NA,A,01,0,1,0,0,0,0,0,0,0,-,-,34.384178161621094,-118.57161712646484,LOS ANGELES,UNINCORPORATED,-118.57171630859376,34.38418197631836
90895673,2018,2019-01-02,9590,2018-12-24,0320,020348,NA,1,3,7,1942,0,1,1,NA,2,063,I-10 WB (SMF) TO I-110 NB (HAF),GRAND AVENUE,230,W,N,B,-,Y,NA,NA,10,NA,NA,NA,R,NA,W,N,4,0,1,1,A,-,08,22107,NA,N,E,I,A,A,H,-,C,D,0,NA,NA,NA,NA,Y,NA,A,01,0,0,1,0,0,0,0,0,0,-,-,34.035099029541016,-118.26770782470705,LOS ANGELES,LOS ANGELES,-118.26770782470705,34.035099029541016
90895674,2018,2019-01-02,9580,2018-12-22,1050,022064,NA,6,1,7,1942,0,1,1,NA,2,405,I-405 S/B (SAN DIEGO FWY),BURBANK BLVD,1056,N,N,A,-,Y,NA,NA,405,NA,NA,NA,NA,NA,S,Y,4,0,1,3,A,-,03,22350,NA,F,C,C,A,A,H,-,A,D,0,NA,NA,NA,NA,Y,NA,A,01,0,0,1,0,0,0,0,0,0,-,-,34.17301940917969,-118.46768188476564,LOS ANGELES,LOS ANGELES,-118.46780395507813,34.17301559448242
90895679,2018,2019-01-02,9545,2018-12-26,2125,015589,NA,3,2,9,1900,0,3,5,NA,2,001,SIERRA HWY,AVENUE E,1056,S,N,A,-,N,NA,NA,NA,NA,NA,NA,NA,NA,NA,Y,2,0,3,1,A,-,01,23152,A,N,F,A,A,A,H,-,D,D,0,NA,NA,NA,NA,Y,Y,A,01,1,1,1,0,0,0,0,0,0,-,-,34.75857925415039,-118.14630126953124,LOS ANGELES,UNINCORPORATED,-118.14636993408205,34.759559631347656
90895705,2018,2019-01-02,9540,2018-12-31,1215,013893,NA,1,1,9,1900,0,1,1,NA,2,511,I-5 SOUTHBOUND (GOLDEN STATE FWY),FOREST SERVICE RD UC,12,S,N,B,-,Y,NA,NA,5,NA,NA,NA,NA,NA,S,Y,4,0,3,2,A,-,03,22350,NA,N,C,C,A,A,H,-,A,D,0,NA,NA,NA,NA,Y,NA,A,07,0,0,3,0,0,0,0,0,0,-,-,34.65642166137695,-118.75476837158205,LOS ANGELES,UNINCORPORATED,-118.7548370361328,34.65642166137695
90895719,2018,2019-01-02,9535,2018-12-20,1645,020943,NA,4,2,5,1901,0,1,1,NA,2,110,I-10 (SAN BERNARDINO FREEWAY) E/B,WARWICK RD. PEDESTRIAN OVERCROSSING,300,E,N,B,-,Y,NA,NA,10,NA,NA,NA,NA,NA,E,N,4,0,1,2,A,-,08,22107,NA,N,B,C,A,A,H,-,A,D,0,NA,NA,Y,NA,Y,NA,A,07,0,0,1,0,0,0,0,0,1,-,-,34.06563949584961,-118.15679168701172,LOS ANGELES,ALHAMBRA,-118.1566162109375,34.06531524658203
90895727,2018,2019-01-02,9565,2018-12-19,1700,019420,NA,3,2,7,1942,0,1,1,NA,2,064,I-405 N/B (SAN DIEGO FWY),MORAGA DR,300,N,N,A,-,Y,NA,NA,405,NA,NA,NA,NA,NA,N,N,4,0,1,2,A,-,03,22350,NA,N,C,C,A,A,H,-,D,A,0,NA,NA,NA,NA,Y,NA,A,07,0,0,1,0,0,0,0,0,0,-,-,34.07984924316406,-118.47203826904295,LOS ANGELES,LOS ANGELES,-118.4721908569336,34.07970428466797
90895737,2018,2019-01-02,9530,2018-12-21,1545,021871,NA,5,2,9,1900,0,3,5,NA,2,006,SEPULVEDA BLVD.,VERMONT AVE.,438,E,N,A,-,N,NA,NA,NA,NA,NA,NA,NA,NA,NA,N,3,0,1,2,A,-,12,21453,A,N,D,C,A,A,H,-,A,A,0,NA,NA,NA,NA,Y,NA,A,01,0,1,0,0,0,0,0,0,0,-,-,33.80950927734375,-118.28900909423828,LOS ANGELES,UNINCORPORATED,-118.28911590576172,33.80973434448242
90895748,2018,2019-01-02,9535,2018-12-20,1855,022100,NA,4,2,9,1900,0,2,4,NA,2,024,WHITTIER BLVD.,FINDLAY AVE.,0,NA,Y,A,-,N,NA,NA,NA,NA,NA,NA,NA,NA,NA,Y,3,0,3,2,A,-,09,21801,A,N,D,C,A,A,H,-,C,A,0,NA,NA,NA,NA,Y,NA,D,22,0,1,2,0,0,0,0,0,0,-,-,34.01660919189453,-118.13906860351564,LOS ANGELES,UNINCORPORATED,-118.13909912109376,34.01655960083008
90895750,2018,2019-01-02,9540,2018-12-30,1740,019853,NA,7,2,9,1900,0,1,1,NA,2,509,I-5 S/B TO HASLEY CANYON RD,HASLEY CANYON RD,400,N,N,A,-,Y,NA,NA,5,NA,NA,NA,R,NA,S,Y,3,0,4,2,A,-,03,22350,NA,N,C,C,A,A,H,-,C,A,0,NA,NA,NA,NA,Y,NA,A,01,0,1,3,0,0,0,0,0,0,-,-,34.4587516784668,-118.61598205566406,LOS ANGELES,UNINCORPORATED,-118.61598205566406,34.4587516784668
90895754,2018,2019-01-02,9565,2018-12-19,1835,019420,NA,3,2,7,1942,0,1,1,NA,2,063,I-405 S/B TO WILSHIRE BLVD.,WILSHIRE,1000,N,N,A,-,Y,NA,NA,405,NA,NA,NA,R,NA,S,Y,4,0,2,3,A,-,03,22350,NA,N,C,C,A,A,H,-,D,D,0,NA,NA,NA,NA,Y,NA,A,07,0,0,2,0,0,0,0,0,0,-,-,34.05788040161133,-118.45449829101564,LOS ANGELES,LOS ANGELES,-118.45449829101564,34.05788040161133
90895756,2018,2019-01-02,9545,2018-12-30,1455,020849,NA,7,2,9,1900,0,1,3,NA,2,021,SR-14 S/B,PALMDALE BLVD,1400,N,N,A,-,Y,NA,NA,NA,NA,NA,NA,NA,NA,NA,N,3,0,1,2,A,-,07,21658,A,N,B,C,A,A,H,-,A,D,0,NA,NA,NA,NA,Y,NA,A,01,0,1,0,0,0,0,0,0,0,-,-,34.5854606628418,-118.1340103149414,LOS ANGELES,UNINCORPORATED,-118.13396453857422,34.58527755737305
90895762,2018,2019-01-02,9540,2018-12-20,1830,020678,NA,4,2,9,1900,0,3,5,NA,2,200,LITTLE TUJUNGA CANYON RD.,SANTA CLARA TRUCK TRAIL,11088,E,N,A,-,Y,NA,NA,NA,NA,NA,NA,NA,NA,NA,Y,3,0,1,1,A,-,01,23152,A,N,E,I,A,A,H,-,D,D,0,NA,NA,NA,NA,Y,Y,D,22,0,1,0,0,0,0,0,0,0,-,-,34.34796142578125,-118.37220001220705,LOS ANGELES,UNINCORPORATED,-118.37213897705078,34.34810256958008
90895776,2018,2019-01-02,9580,2018-12-22,1916,022080,NA,6,2,7,1942,0,1,2,NA,2,102,US-101 N/B (VENTURA FREEWAY),WOODMAN AVE,1320,N,N,A,-,Y,NA,NA,101,NA,NA,NA,NA,NA,N,Y,4,0,3,4,A,-,03,22350,NA,N,C,C,A,A,H,-,C,D,0,NA,NA,NA,NA,Y,NA,D,22,0,0,3,0,0,0,0,0,0,-,-,34.155799865722656,-118.43518829345705,LOS ANGELES,LOS ANGELES,-118.43518829345705,34.15574264526367
90895793,2018,2019-01-02,9535,2018-12-20,2113,021976,NA,4,2,5,1948,0,1,1,NA,2,071,I-710 (LONG BEACH FREEWAY) S/B,I-10,30,S,N,A,-,Y,NA,NA,710,NA,NA,NA,NA,NA,S,Y,4,0,1,2,A,-,03,22350,NA,N,D,C,A,A,H,-,C,D,0,NA,NA,NA,NA,Y,NA,A,01,0,0,1,0,0,0,0,0,0,-,-,34.06155014038086,-118.16525268554688,LOS ANGELES,MONTEREY PARK,-118.16522216796876,34.061546325683594
90895796,2018,2019-01-02,9540,2018-12-31,1240,018805,NA,1,1,9,1900,0,1,1,NA,2,509,I-5 S/B,PARKER ROAD,1584,S,N,A,-,Y,NA,NA,5,NA,NA,NA,NA,NA,S,Y,4,0,1,1,A,-,08,22107,NA,N,E,I,A,A,H,-,A,D,0,NA,NA,NA,NA,Y,NA,A,01,0,0,1,0,0,0,0,0,0,-,-,34.485389709472656,-118.6160888671875,LOS ANGELES,UNINCORPORATED,-118.61620330810548,34.48531723022461
90895834,2018,2019-01-02,9550,2018-12-25,0155,021129,NA,2,3,9,1900,0,1,3,NA,2,600,SR-60 W/B TO I-605,I-605,860,E,N,B,-,Y,NA,NA,60,NA,NA,NA,R,NA,W,Y,3,0,1,1,A,-,01,23152,A,N,E,I,A,B,H,-,C,D,0,NA,NA,NA,NA,Y,Y,A,01,0,1,0,0,0,0,0,0,0,-,-,34.033058166503906,-118.02427673339844,LOS ANGELES,UNINCORPORATED,-118.02427673339844,34.033058166503906
90895843,2018,2019-01-02,9565,2018-12-19,1645,021473,NA,3,2,9,1900,0,3,5,NA,2,005,VIA MARINA WAY,PANAY WAY,0,NA,Y,A,-,N,NA,NA,NA,NA,NA,NA,NA,NA,NA,N,4,0,2,2,D,-,00,NA,NA,N,D,C,A,A,H,-,A,A,0,NA,NA,NA,NA,Y,NA,-,-,0,0,2,0,0,0,0,0,0,-,-,33.97903060913086,-118.45916748046876,LOS ANGELES,UNINCORPORATED,-118.4591827392578,33.97903060913086
90895867,2018,2019-01-02,9535,2018-11-18,1815,021000,NA,7,2,3,1914,0,1,1,NA,2,500,I-5 (SANTA ANA FREEWAY) N/B,ATLANTIC BLVD,450,S,N,A,-,Y,NA,NA,5,NA,NA,NA,NA,NA,N,Y,4,0,2,2,A,-,07,21658,A,N,B,C,A,A,H,-,D,D,0,NA,NA,NA,NA,Y,NA,A,01,0,0,2,0,0,0,0,0,0,-,-,34.00830841064453,-118.15808868408205,LOS ANGELES,COMMERCE,-118.15805816650392,34.00835037231445
90895888,2019,2019-01-02,9525,2019-01-01,1253,018505,NA,2,1,6,1955,0,1,1,NA,2,107,I-10 W/B (SAN BERNARDINO FWY),FAIRPLEX DR.,1056,W,N,A,-,Y,NA,NA,10,NA,NA,NA,NA,NA,W,N,3,0,1,2,A,-,03,22350,NA,N,C,C,A,A,H,-,A,D,0,NA,NA,NA,NA,Y,NA,A,07,0,1,0,0,0,0,0,0,0,-,-,34.07223129272461,-117.7915496826172,LOS ANGELES,POMONA,-117.79151153564452,34.07209014892578
90895953,2018,2019-01-02,9590,2018-12-24,1835,022087,NA,1,2,7,1942,0,1,1,NA,2,062,I-10 E/B (SANTA MONICA FREEWAY),GRAND AVENUE,150,W,N,A,-,Y,NA,NA,10,NA,NA,NA,NA,NA,E,N,4,0,1,4,A,-,03,22350,NA,N,C,C,A,A,H,-,C,D,0,NA,NA,NA,NA,Y,NA,A,01,0,0,1,0,0,0,0,0,0,-,-,34.03443145751953,-118.26699066162108,LOS ANGELES,LOS ANGELES,-118.26700592041016,34.03439712524414
90895967,2018,2019-01-02,9550,2018-12-25,0520,020969,NA,2,3,1,1932,0,1,3,NA,2,600,STATE ROUTE 60 (POMONA FREEWAY),CROSSROADS PARKWAY,1500,W,N,B,-,Y,NA,NA,60,NA,NA,NA,NA,NA,NA,Y,3,0,1,1,A,-,01,23152,A,N,E,I,A,B,H,-,C,D,0,NA,NA,NA,NA,Y,Y,A,01,0,1,0,0,0,0,0,0,0,-,-,34.03017044067383,-118.018798828125,LOS ANGELES,INDUSTRY,-118.01876831054688,34.03023910522461
90895971,2018,2019-01-02,9590,2018-12-25,2045,021831,NA,2,2,7,1942,0,1,3,NA,2,031,SR-60 (POMONA FREEWAY) WB,MARIETTA ST,100,E,N,A,-,Y,NA,NA,60,NA,NA,NA,NA,NA,W,Y,3,0,1,3,A,-,01,23152,A,N,D,C,A,A,H,-,C,D,0,NA,NA,NA,NA,Y,Y,A,01,0,1,0,0,0,0,0,0,0,-,-,34.02928924560547,-118.21228790283205,LOS ANGELES,LOS ANGELES,-118.21228790283205,34.02930450439453
90896005,2018,2019-01-02,9580,2018-12-20,2350,021236,NA,4,3,7,1942,0,1,2,NA,2,102,US-101 N/B (VF) TO VAN NUYS BLVD,VAN NUYS BLVD,500,S,N,A,-,Y,NA,NA,101,NA,NA,NA,R,NA,N,Y,4,0,2,2,D,-,00,NA,NA,N,C,C,A,A,H,-,C,D,0,NA,NA,NA,NA,Y,NA,-,-,0,0,2,0,0,0,0,0,0,-,-,34.156639099121094,-118.4471435546875,LOS ANGELES,LOS ANGELES,-118.4471435546875,34.156639099121094
90896018,2018,2019-01-02,9565,2018-12-20,0940,021372,NA,4,1,7,1942,0,1,1,NA,2,062,I-405 S/B (PHILIP DENNIS ORTIZ MEM HWY),VENICE BOULEVARD,500,N,N,A,-,Y,NA,NA,405,NA,NA,NA,NA,NA,S,N,4,0,1,2,A,-,03,22350,NA,N,C,C,A,A,H,-,A,D,0,NA,NA,NA,NA,Y,NA,A,07,0,0,1,0,0,0,0,0,0,-,-,34.01490020751953,-118.4206085205078,LOS ANGELES,LOS ANGELES,-118.42068481445313,34.01483917236328
90896034,2018,2019-01-02,9525,2018-12-19,1728,020719,NA,3,2,1,1934,0,1,1,NA,2,652,I-605 N/B (SAN GABRIEL RIVER FWY),LIVE OAK AVE.,2640,S,N,A,-,Y,NA,NA,605,NA,NA,NA,NA,NA,N,Y,2,0,1,3,A,-,03,22350,NA,N,C,C,A,A,H,-,C,D,0,NA,NA,NA,NA,Y,NA,D,22,1,0,0,0,0,0,0,0,0,-,-,34.103031158447266,-117.98371124267578,LOS ANGELES,IRWINDALE,-117.98375701904295,34.10304641723633
90896083,2018,2019-01-02,9590,2018-12-27,1130,022127,NA,4,1,7,1942,0,1,1,NA,2,081,I-5 S/B (SAF),WHITTIER BLVD.,200,N,N,A,-,Y,NA,NA,5,NA,NA,NA,NA,NA,S,N,4,0,1,2,A,-,03,22350,NA,N,C,C,A,A,H,-,A,D,0,NA,NA,NA,NA,Y,NA,A,01,0,0,1,0,0,0,0,0,0,-,-,34.037078857421875,-118.22036743164064,LOS ANGELES,LOS ANGELES,-118.22038269042967,34.037086486816406
9089609,2020,2020-07-03,1942,2020-03-28,1916,42981,0585,6,5,7,1942,0,0,0,E,0,5A85,GAFFEY ST,19TH ST,20,S,N,A,-,N,NA,NA,NA,NA,NA,NA,NA,NA,NA,Y,4,0,1,3,A,-,08,22107,NA,N,C,C,A,A,H,-,A,A,0,NA,NA,NA,NA,Y,NA,A,01,0,0,1,0,0,0,0,0,0,-,-,NA,NA,LOS ANGELES,LOS ANGELES,-118.29239654541016,33.726924896240234
9089610,2020,2020-07-03,1942,2020-03-02,1320,43937,1323,1,5,7,1942,0,0,0,M,0,13A13,ADAMS BL,STANFORD AV,60,W,N,A,-,N,NA,NA,NA,NA,NA,NA,NA,NA,NA,N,4,0,1,3,A,-,03,22350,NA,N,C,C,A,A,H,-,A,A,0,NA,NA,NA,NA,Y,NA,A,01,0,0,1,0,0,0,0,0,0,-,-,NA,NA,LOS ANGELES,LOS ANGELES,-118.25967407226564,34.02085876464844
90896119,2018,2019-01-02,9535,2018-12-19,1855,021976,NA,3,2,3,1914,0,1,1,NA,2,500,I-5 (SANTA ANA FREEWAY) N/B,ATLANTIC BLVD.,1700,S,N,A,-,Y,NA,NA,5,NA,NA,NA,NA,NA,N,Y,4,0,1,2,A,-,03,22350,NA,N,C,C,A,A,H,-,C,D,0,NA,NA,NA,NA,Y,NA,A,01,0,0,1,0,0,0,0,0,0,-,-,34.00545120239258,-118.1542510986328,LOS ANGELES,COMMERCE,-118.15418243408205,34.00552749633789
90896157,2018,2019-01-02,9535,2018-12-19,1525,021976,NA,3,2,3,1914,0,1,1,NA,2,500,I-5 (SANTA ANA FREEWAY) N/B,RIO HONDO RIVER,34,N,N,A,-,Y,NA,NA,5,NA,NA,NA,NA,NA,N,Y,4,0,1,2,A,-,03,22350,NA,N,C,C,A,A,H,-,A,D,0,NA,NA,NA,NA,Y,NA,A,01,0,0,1,0,0,0,0,0,0,-,-,33.971439361572266,-118.12274169921876,LOS ANGELES,COMMERCE,-118.12276458740234,33.971431732177734
90896181,2018,2019-01-02,9580,2018-12-28,1615,022016,NA,5,2,7,1942,0,1,1,NA,2,404,I-405 N/B (SAN DIEGO FWY),VENTURA BLVD,1584,S,N,A,-,Y,NA,NA,405,NA,NA,NA,NA,NA,N,N,4,0,1,2,A,-,03,22350,NA,N,C,C,A,A,H,-,A,D,0,NA,NA,NA,NA,Y,NA,D,22,0,0,1,0,0,0,0,0,0,-,-,34.14817810058594,-118.46942138671876,LOS ANGELES,LOS ANGELES,-118.46939086914064,34.148162841796875
90896192,2018,2019-01-02,9590,2018-12-27,1845,021124,NA,4,2,7,1942,0,1,1,NA,2,062,I-10 E/B (SANTA MONICA FREEWAY),I-110 (HARBOR FREEWAY),700,W,N,A,-,Y,NA,NA,10,NA,NA,NA,NA,NA,E,N,4,0,2,2,A,-,03,22350,NA,N,C,C,A,A,H,-,C,D,0,NA,NA,NA,NA,Y,NA,A,01,0,0,2,0,0,0,0,0,0,-,-,34.03799819946289,-118.27684783935548,LOS ANGELES,LOS ANGELES,-118.27684783935548,34.03801727294922
90896195,2018,2019-01-02,9565,2018-12-19,1320,021775,NA,3,1,9,1900,0,2,4,NA,2,022,NORMANDIE AVE.,97TH ST.,0,NA,Y,A,-,N,NA,NA,NA,NA,NA,NA,NA,NA,NA,Y,4,0,1,3,A,-,08,22107,NA,N,D,C,A,A,H,-,A,D,0,NA,NA,NA,NA,Y,NA,A,01,0,0,1,0,0,0,0,0,0,-,-,33.94776916503906,-118.30034637451172,LOS ANGELES,UNINCORPORATED,-118.30027770996094,33.94773864746094
90896210,2018,2019-01-02,9565,2018-12-19,1547,021303,NA,3,2,7,1942,0,1,1,NA,2,082,I-10 E/B TO I-405 N/B,PICO BLVD.,100,S,N,A,-,Y,NA,NA,10,NA,NA,NA,R,NA,E,N,4,0,1,4,A,-,01,23152,A,N,C,C,A,A,H,-,A,D,0,NA,NA,NA,NA,Y,Y,A,08,0,0,1,0,0,0,0,0,0,-,-,34.03226852416992,-118.43576049804688,LOS ANGELES,LOS ANGELES,-118.43576049804688,34.03226852416992