CASE_ID,ACCIDENT_YEAR,PROC_DATE,JURIS,COLLISION_DATE,COLLISION_TIME,OFFICER_ID,REPORTING_DISTRICT,DAY_OF_WEEK,CHP_SHIFT,POPULATION,CNTY_CITY_LOC,SPECIAL_COND,BEAT_TYPE,CHP_BEAT_TYPE,CITY_DIVISION_LAPD,CHP_BEAT_CLASS,BEAT_NUMBER,PRIMARY_RD,SECONDARY_RD,DISTANCE,DIRECTION,INTERSECTION,WEATHER_1,WEATHER_2,STATE_HWY_IND,CALTRANS_COUNTY,CALTRANS_DISTRICT,STATE_ROUTE,ROUTE_SUFFIX,POSTMILE_PREFIX,POSTMILE,LOCATION_TYPE,RAMP_INTERSECTION,SIDE_OF_HWY,TOW_AWAY,COLLISION_SEVERITY,NUMBER_KILLED,NUMBER_INJURED,PARTY_COUNT,PRIMARY_COLL_FACTOR,PCF_CODE_OF_VIOL,PCF_VIOL_CATEGORY,PCF_VIOLATION,PCF_VIOL_SUBSECTION,HIT_AND_RUN,TYPE_OF_COLLISION,MVIW,PED_ACTION,ROAD_SURFACE,ROAD_COND_1,ROAD_COND_2,LIGHTING,CONTROL_DEVICE,CHP_ROAD_TYPE,PEDESTRIAN_ACCIDENT,BICYCLE_ACCIDENT,MOTORCYCLE_ACCIDENT,TRUCK_ACCIDENT,NOT_PRIVATE_PROPERTY,ALCOHOL_INVOLVED,STWD_VEHTYPE_AT_FAULT,CHP_VEHTYPE_AT_FAULT,COUNT_SEVERE_INJ,COUNT_VISIBLE_INJ,COUNT_COMPLAINT_PAIN,COUNT_PED_KILLED,COUNT_PED_INJURED,COUNT_BICYCLIST_KILLED,COUNT_BICYCLIST_INJURED,COUNT_MC_KILLED,COUNT_MC_INJURED,PRIMARY_RAMP,SECONDARY_RAMP,LATITUDE,LONGITUDE,COUNTY,CITY,POINT_X,POINT_Y
90896920,2019,2019-01-03,9550,2019-01-02,0725,016228,NA,3,1,5,1919,0,1,1,NA,2,652,INTERSTATE 605 (SAN GABRIEL RIVER FREEW,SOUTH STREET,1500,N,N,A,-,Y,NA,NA,605,NA,NA,NA,NA,NA,NA,Y,3,0,1,2,A,-,03,22350,NA,N,C,C,A,A,H,-,A,D,0,NA,NA,NA,NA,Y,NA,A,01,0,1,0,0,0,0,0,0,0,-,-,33.866798400878906,-118.09929656982422,LOS ANGELES,CERRITOS,-118.09919738769533,33.86683654785156
90896923,2018,2019-03-22,9565,2018-12-21,1935,021663,NA,5,2,7,1942,0,1,1,NA,2,062,I-405 S/B (SAN DIEGO FREEWAY),NATIONAL BLVD,1800,N,N,A,-,Y,NA,NA,405,NA,NA,NA,NA,NA,S,Y,4,0,4,6,A,-,07,21658,A,N,C,C,A,A,H,-,D,D,0,NA,NA,NA,NA,Y,NA,A,07,0,0,4,0,0,0,0,0,0,-,-,34.03078079223633,-118.43319702148438,LOS ANGELES,LOS ANGELES,-118.43327331542967,34.030723571777344
90896941,2018,2019-01-03,9565,2018-12-22,1850,022093,NA,6,2,9,1900,0,2,4,NA,1,032,SLAUSON AVE,OVERHILL DR,300,E,N,A,-,N,NA,NA,NA,NA,NA,NA,NA,NA,NA,N,4,0,1,2,A,-,03,22350,NA,N,C,C,A,A,H,-,C,A,0,NA,NA,NA,NA,Y,NA,A,08,0,0,1,0,0,0,0,0,0,-,-,33.988948822021484,-118.35311126708984,LOS ANGELES,UNINCORPORATED,-118.35310363769533,33.9888801574707
90896965,2018,2019-01-03,9565,2018-12-23,1255,020785,NA,7,1,5,1965,0,1,1,NA,2,081,I-10 W/B (SANTA MONICA FREEWAY),11TH ST,40,E,N,A,-,Y,NA,NA,10,NA,NA,NA,NA,NA,W,Y,4,0,5,3,A,-,03,22350,NA,N,C,C,A,A,H,-,A,D,0,NA,NA,NA,NA,Y,NA,A,07,0,0,5,0,0,0,0,0,0,-,-,34.01631164550781,-118.48387908935548,LOS ANGELES,SANTA MONICA,-118.48381805419922,34.01620864868164
90896997,2018,2019-01-03,9565,2018-12-21,1707,021663,NA,5,2,7,1942,0,1,1,NA,2,063,I-405 S/B (SAN DIEGO FREEWAY),WILSHIRE BLVD.,600,S,N,A,-,Y,NA,NA,405,NA,NA,NA,NA,NA,S,Y,4,0,2,2,A,-,03,22350,NA,N,C,C,A,A,H,-,C,D,0,NA,NA,NA,NA,Y,NA,A,01,0,0,2,0,0,0,0,0,0,-,-,34.051490783691406,-118.4494171142578,LOS ANGELES,LOS ANGELES,-118.44947052001952,34.05147171020508
90897008,2019,2019-01-03,9580,2019-01-03,0600,016413,NA,4,1,7,1942,0,1,1,NA,2,405,I-405 S/B (SAN DIEGO FWY),VICTORY BLVD,528,S,N,A,-,Y,NA,NA,405,NA,NA,NA,NA,NA,S,Y,4,0,1,2,A,-,03,22350,NA,N,C,C,A,A,H,-,D,D,0,NA,NA,NA,NA,Y,NA,A,01,0,0,1,0,0,0,0,0,0,-,-,34.182918548583984,-118.47268676757813,LOS ANGELES,LOS ANGELES,-118.47257995605467,34.18300247192383
90897011,2018,2019-01-03,9565,2018-12-21,2300,021632,NA,5,3,9,1900,0,3,5,NA,2,003,LA BREA AVE AVENUE,SLAUSON AVENUE,115,N,N,A,-,N,NA,NA,NA,NA,NA,NA,NA,NA,NA,Y,4,0,1,2,A,-,07,21658,A,N,B,C,A,A,H,-,C,D,0,NA,NA,NA,NA,Y,NA,A,01,0,0,1,0,0,0,0,0,0,-,-,33.98897933959961,-118.35845947265624,LOS ANGELES,UNINCORPORATED,-118.35856628417967,33.98887634277344
90897013,2018,2019-01-03,9535,2018-12-23,1540,020943,NA,7,2,9,1900,0,1,3,NA,2,600,SR-60 E/B TO I-710,MARIANNA AVE. POC,100,E,N,B,-,Y,NA,NA,60,NA,NA,NA,R,NA,E,Y,4,0,2,2,A,-,03,22350,NA,N,C,C,A,A,H,-,A,D,0,NA,NA,NA,NA,Y,NA,A,01,0,0,2,0,0,0,0,0,0,-,-,34.03459930419922,-118.17472076416016,LOS ANGELES,UNINCORPORATED,-118.17472076416016,34.03459930419922
90897014,2018,2019-01-03,9525,2018-12-27,2215,019970,NA,4,3,6,1975,0,1,1,NA,2,106,I-10 E/B (SAN BERNARDINO FWY),GRAND AVE,100,W,N,B,-,Y,NA,NA,10,NA,NA,NA,NA,NA,E,Y,3,0,1,3,A,-,03,22350,NA,N,C,C,A,A,D,E,C,D,0,NA,NA,NA,Y,Y,NA,G,25,0,1,0,0,0,0,0,0,0,-,-,34.07154846191406,-117.87158203125,LOS ANGELES,WEST COVINA,-117.87157440185548,34.07170104980469
90897027,2018,2019-01-03,9590,2018-12-30,1155,018997,NA,7,1,7,1942,0,1,2,NA,2,070,US-101 N/B (HOLLYWOOD FREEWAY),BEAUDRY AVE.,450,N,N,A,-,Y,NA,NA,101,NA,NA,NA,NA,NA,N,N,4,0,1,2,A,-,03,22350,NA,N,C,C,A,A,H,-,A,D,0,NA,NA,NA,NA,Y,NA,A,07,0,0,1,0,0,0,0,0,0,-,-,34.06473922729492,-118.25103759765624,LOS ANGELES,LOS ANGELES,-118.2510223388672,34.06476974487305
90897042,2018,2019-01-03,9530,2018-12-22,1450,021310,NA,6,2,7,1941,0,1,1,NA,2,071,I-710 N/B (LONG BEACH FREEWAY),ATLANTIC AVE.,550,S,N,A,-,Y,NA,NA,710,NA,NA,NA,NA,NA,N,Y,4,0,1,2,A,-,08,22107,NA,N,E,I,A,A,H,-,A,D,0,NA,NA,NA,NA,Y,NA,A,01,0,0,1,0,0,0,0,0,0,-,-,33.883140563964844,-118.19094848632813,LOS ANGELES,LONG BEACH,-118.19113159179688,33.883182525634766
90897050,2018,2019-01-03,9590,2018-12-27,1945,022088,NA,4,2,7,1942,0,1,1,NA,2,011,SR-110 SOUTHBOUND (ARROYO SECO FREEWAY),AVENUE 26,500,S,N,A,-,Y,NA,NA,110,NA,NA,NA,NA,NA,S,N,4,0,1,2,A,-,07,21658,A,F,B,C,A,A,H,-,C,D,0,NA,NA,NA,NA,Y,NA,-,99,0,0,1,0,0,0,0,0,0,-,-,34.081729888916016,-118.22432708740234,LOS ANGELES,LOS ANGELES,-118.22435760498048,34.081764221191406
90897061,2018,2019-01-03,9565,2018-12-21,1105,021372,NA,5,1,7,1942,0,1,1,NA,2,082,I-10 W/B TO BUNDY DRIVE N/B,BUNDY DRIVE,850,E,N,A,-,Y,NA,NA,10,NA,NA,NA,R,NA,W,Y,4,0,1,2,A,-,08,22107,NA,N,B,C,A,A,H,-,A,D,0,NA,NA,NA,NA,Y,NA,A,01,0,0,1,0,0,0,0,0,0,-,-,34.0290412902832,-118.4471435546875,LOS ANGELES,LOS ANGELES,-118.4471435546875,34.0290412902832
90897075,2018,2019-01-03,9530,2018-12-21,1820,022060,NA,5,2,7,1942,0,1,3,NA,2,310,SR-91 W/B (ARTESIA FREEWAY),MAIN ST.,500,E,N,A,-,Y,NA,NA,NA,NA,NA,NA,NA,NA,NA,Y,4,0,1,2,A,-,03,22350,NA,N,C,C,A,A,H,-,D,D,0,NA,NA,NA,NA,Y,NA,D,22,0,0,1,0,0,0,0,0,0,-,-,33.873050689697266,-118.26896667480467,LOS ANGELES,LOS ANGELES,-118.2738800048828,33.953731536865234
90897078,2018,2019-01-03,9550,2018-12-22,2245,021532,NA,6,3,5,1919,0,1,1,NA,2,652,INTERSTATE 605 N/B,STATE ROUTE 91,200,S,N,A,-,Y,NA,NA,605,NA,NA,NA,NA,NA,N,Y,4,0,2,3,A,-,03,22350,NA,F,C,C,A,A,H,-,C,D,0,NA,NA,NA,NA,Y,NA,A,07,0,0,2,0,0,0,0,0,0,-,-,33.8692512512207,-118.0997314453125,LOS ANGELES,CERRITOS,-118.09974670410156,33.86924362182617
90897104,2018,2019-01-03,9530,2018-12-22,1125,022084,NA,6,1,9,1900,0,1,1,NA,2,120,I-110 N/B (HARBOR FREEWAY),SEPULVEDA BLVD.,150,S,N,A,-,Y,NA,NA,110,NA,NA,NA,NA,NA,N,Y,3,0,1,1,A,-,16,24002,A,N,F,A,A,A,H,-,A,D,0,NA,NA,Y,NA,Y,NA,C,02,0,1,0,0,0,0,0,0,1,-,-,33.80950164794922,-118.2873992919922,LOS ANGELES,UNINCORPORATED,-118.28740692138672,33.80950164794922
90897140,2018,2019-01-03,9530,2018-12-22,1710,022079,NA,6,2,9,1900,0,3,5,NA,2,001,HOOPER AVE.,87TH PL.,120,S,N,A,-,N,NA,NA,NA,NA,NA,NA,NA,NA,NA,Y,4,0,1,2,A,-,21,22106,NA,N,H,E,A,A,H,-,C,D,0,NA,NA,NA,NA,Y,NA,A,01,0,0,1,0,0,0,0,0,0,-,-,33.95798110961914,-118.25395965576172,LOS ANGELES,UNINCORPORATED,-118.25404357910156,33.9580192565918
90897144,2018,2020-04-17,9535,2018-12-23,1200,015797,NA,7,1,9,1900,0,3,5,NA,2,004,ANGELUS AVE.,LIVE OAK ST.,0,NA,Y,A,-,N,NA,NA,NA,NA,NA,NA,NA,NA,NA,Y,4,0,2,2,A,-,09,21802,A,N,D,C,A,A,H,-,A,A,0,NA,NA,NA,NA,Y,NA,A,01,0,0,2,0,0,0,0,0,0,-,-,34.101661682128906,-118.08734893798828,LOS ANGELES,UNINCORPORATED,-118.08734130859376,34.10160827636719
90897152,2018,2019-01-03,9530,2018-12-22,1640,022030,NA,6,2,9,1900,0,3,5,NA,2,001,CENTURY BLVD 1411 BLOCK,SUCCESS AVE.,85,W,N,A,-,N,NA,NA,NA,NA,NA,NA,NA,NA,NA,N,4,0,1,2,A,-,03,22350,NA,N,A,C,A,A,H,-,D,A,0,NA,NA,NA,NA,Y,NA,A,01,0,0,1,0,0,0,0,0,0,-,-,33.945579528808594,-118.24951934814452,LOS ANGELES,UNINCORPORATED,-118.24942779541016,33.945613861083984
90897169,2018,2019-01-03,9530,2018-12-21,1025,018278,NA,5,1,9,1900,0,3,5,NA,2,001,MOUNTAIN VIEW AVE.,HILL ST.,0,NA,Y,A,-,N,NA,NA,NA,NA,NA,NA,NA,NA,NA,Y,3,0,2,2,A,-,12,22450,A,N,D,C,A,A,H,-,A,A,0,NA,NA,NA,NA,Y,NA,A,01,0,1,1,0,0,0,0,0,0,-,-,33.966800689697266,-118.21849822998048,LOS ANGELES,UNINCORPORATED,-118.21851348876952,33.9668083190918
90897171,2018,2019-01-03,9530,2018-12-21,1820,022079,NA,5,2,7,1941,0,1,1,NA,2,071,I-710 N/B (LONG BEACH FREEWAY),ATLANTIC AVE.,1000,S,N,A,-,Y,NA,NA,710,NA,NA,NA,NA,NA,N,Y,4,0,2,2,A,-,03,22350,NA,N,C,C,A,A,H,-,C,D,0,NA,NA,NA,NA,Y,NA,A,01,0,0,2,0,0,0,0,0,0,-,-,33.88175964355469,-118.19139099121094,LOS ANGELES,LONG BEACH,-118.19149017333984,33.88178634643555
90897172,2018,2019-01-03,9590,2018-12-28,0610,022127,NA,5,1,7,1942,0,1,1,NA,2,083,I-5 S/B (GSF) TO STADIUM WAY,NEWELL ST.,2700,S,N,A,-,Y,NA,NA,5,NA,NA,NA,R,NA,S,Y,4,0,1,2,A,-,03,22350,NA,N,C,C,A,A,H,-,D,A,0,NA,NA,NA,NA,Y,Y,A,01,0,0,1,0,0,0,0,0,0,-,-,34.09307098388672,-118.24185943603516,LOS ANGELES,LOS ANGELES,-118.24185943603516,34.09307098388672
90897178,2018,2019-01-03,9525,2018-12-21,1657,021074,NA,5,2,4,1905,0,1,1,NA,2,214,I-210 E/B (FOOTHILL FWY),CITRUS AVE,500,W,N,A,-,Y,NA,NA,210,NA,NA,NA,NA,NA,E,N,3,0,1,2,A,-,07,21658,A,F,E,I,A,A,H,-,D,D,0,NA,NA,Y,NA,Y,NA,A,07,0,1,0,0,0,0,0,0,1,-,-,34.12089157104492,-117.89193725585938,LOS ANGELES,AZUSA,-117.89193725585938,34.120826721191406
90897181,2018,2019-01-03,9545,2018-12-24,0950,021851,NA,1,1,9,1900,0,1,3,NA,2,021,SR-14 NB TO SIERRA HIGHWAY NB,SIERRA HIGHWAY,800,S,N,A,-,Y,NA,NA,14,NA,NA,NA,R,NA,N,Y,3,0,1,1,A,-,08,22107,NA,N,E,I,A,A,H,-,A,D,0,NA,NA,NA,NA,Y,NA,A,01,0,1,0,0,0,0,0,0,0,-,-,34.51158905029297,-118.10907745361328,LOS ANGELES,UNINCORPORATED,-118.10907745361328,34.51158905029297
90897190,2018,2019-01-03,9530,2018-12-22,2013,022079,NA,6,2,9,1900,0,3,5,NA,2,001,SANTA FE AVE.,FLOWER ST.,150,S,N,A,-,N,NA,NA,NA,NA,NA,NA,NA,NA,NA,Y,3,0,4,3,A,-,01,23152,A,N,C,C,A,A,H,-,C,D,0,NA,NA,NA,NA,Y,Y,A,01,0,1,3,0,0,0,0,0,0,-,-,33.97090148925781,-118.23026275634766,LOS ANGELES,UNINCORPORATED,-118.23026275634766,33.9709587097168
90897214,2018,2019-01-03,9530,2018-12-22,0900,021493,NA,6,1,9,1900,0,3,5,NA,2,001,GRAHAM AVE.(8600 BLOCK),FIRESTONE BLVD.,8,N,N,B,-,N,NA,NA,NA,NA,NA,NA,NA,NA,NA,N,4,0,1,2,A,-,12,21453,A,F,D,G,A,A,H,-,C,A,0,NA,Y,NA,NA,Y,NA,-,99,0,0,1,0,0,0,1,0,0,-,-,33.960018157958984,-118.24317169189452,LOS ANGELES,UNINCORPORATED,-118.24310302734376,33.96017074584961
90897228,2018,2019-01-03,9530,2018-12-21,2030,021290,NA,5,2,9,1900,0,3,5,NA,2,005,CRENSHAW BLVD. (14400 BLOCK),144TH ST.,10,S,N,A,-,N,NA,NA,NA,NA,NA,NA,NA,NA,NA,Y,4,0,3,2,A,-,09,21804,A,N,D,C,A,A,H,-,C,D,0,NA,NA,NA,NA,Y,NA,A,01,0,0,3,0,0,0,0,0,0,-,-,33.90074157714844,-118.3265380859375,LOS ANGELES,UNINCORPORATED,-118.3265380859375,33.90078353881836
90897230,2018,2019-01-03,9565,2018-12-23,1843,021892,NA,7,2,7,1942,0,1,1,NA,2,010,I-105 W/B (CENTURY FREEWAY),NASH ST,600,E,N,A,-,Y,NA,NA,105,NA,NA,NA,NA,NA,W,N,4,0,2,2,A,-,03,22350,NA,N,C,C,A,A,H,-,D,D,0,NA,NA,NA,NA,Y,NA,A,07,0,0,2,0,0,0,0,0,0,-,-,33.931251525878906,-118.38524627685548,LOS ANGELES,LOS ANGELES,-118.38524627685548,33.931251525878906
90897266,2018,2019-01-03,9530,2018-12-21,1920,020956,NA,5,2,9,1900,0,3,5,NA,2,001,COMPTON AVE. (1400 BLOCK),FIRESTONE BLVD.,18,N,N,A,-,N,NA,NA,NA,NA,NA,NA,NA,NA,NA,N,3,0,1,2,A,-,17,21200,NA,N,D,G,A,A,H,-,C,A,0,NA,Y,NA,NA,Y,Y,L,04,0,1,0,0,0,0,1,0,0,-,-,33.96009826660156,-118.24749755859376,LOS ANGELES,UNINCORPORATED,-118.24748992919922,33.96018600463867
90897275,2019,2019-01-03,9525,2019-01-02,1337,021138,NA,3,1,4,1905,0,1,1,NA,2,205,I-210 W/B (FOOTHILL FWY),CITRUS AVE,300,E,N,A,-,Y,NA,NA,210,NA,NA,NA,NA,NA,W,Y,4,0,1,2,A,-,03,22350,NA,N,C,C,A,A,H,-,A,D,0,NA,NA,NA,NA,Y,NA,D,22,0,0,1,0,0,0,0,0,0,-,-,34.1209716796875,-117.88897705078124,LOS ANGELES,AZUSA,-117.88897705078124,34.1209831237793
90897321,2018,2019-01-03,9550,2018-12-27,1635,020340,NA,4,2,5,1919,0,1,3,NA,2,092,SR-91 W/B,SHOEMAKER AVENUE,200,E,N,A,-,Y,NA,NA,91,NA,NA,NA,NA,NA,W,Y,3,0,2,4,A,-,03,22350,NA,N,C,C,A,A,H,-,A,D,0,NA,NA,NA,NA,Y,NA,A,01,0,1,1,0,0,0,0,0,0,-,-,33.86940002441406,-118.05449676513672,LOS ANGELES,CERRITOS,-118.05452728271484,33.869354248046875
90897327,2018,2019-01-03,9580,2018-12-27,1620,021627,NA,4,2,7,1942,0,1,2,NA,2,105,US-101 S/B (VENTURA FREEWAY),WILBUR AVE,1056,N,N,A,-,Y,NA,NA,101,NA,NA,NA,NA,NA,S,Y,4,0,1,2,A,-,03,22350,NA,N,C,C,A,A,H,-,B,D,0,NA,NA,NA,NA,Y,NA,A,01,0,0,1,0,0,0,0,0,0,-,-,34.17332077026367,-118.54823303222656,LOS ANGELES,LOS ANGELES,-118.54822540283205,34.17338180541992
90897332,2018,2019-01-03,9580,2018-12-24,1120,017228,NA,1,1,7,1942,0,1,3,NA,2,170,SR-170 N/B (HOLLYWOOD FWY.),VICTORY BOULEVARD,50,S,N,A,-,Y,NA,NA,170,NA,NA,NA,NA,NA,N,Y,4,0,1,1,A,-,08,22107,NA,N,E,I,A,A,H,-,A,D,0,NA,NA,NA,NA,Y,NA,A,01,0,0,1,0,0,0,0,0,0,-,-,34.186119079589844,-118.40094757080078,LOS ANGELES,LOS ANGELES,-118.40102386474608,34.186092376708984
90897336,2018,2019-01-03,9580,2018-12-24,1540,022080,NA,1,2,7,1942,0,1,1,NA,2,404,I-405 N/B (SAN DIEGO FWY),SEPULVEDA BLVD,2640,S,N,A,-,Y,NA,NA,405,NA,NA,NA,NA,NA,N,Y,3,0,5,2,A,-,03,22350,NA,N,C,C,A,A,H,-,A,D,0,NA,NA,NA,NA,Y,NA,A,01,0,1,4,0,0,0,0,0,0,-,-,34.13957977294922,-118.47100067138672,LOS ANGELES,LOS ANGELES,-118.47113800048828,34.13956832885742
90897340,2018,2019-01-03,9550,2018-12-29,1725,021950,NA,6,2,9,1900,0,1,3,NA,2,602,STATE ROUTE 60 WESTBOUND,NOGALES STREET,1000,W,N,A,-,Y,NA,NA,60,NA,NA,NA,NA,NA,W,Y,4,0,1,2,A,-,03,22350,NA,N,C,C,A,A,H,-,C,D,0,NA,NA,NA,NA,Y,NA,A,07,0,0,1,0,0,0,0,0,0,-,-,33.994319915771484,-117.89363861083984,LOS ANGELES,UNINCORPORATED,-117.89363861083984,33.99427795410156
90897387,2018,2019-01-03,9550,2018-12-30,1645,021950,NA,7,2,9,1900,0,2,4,NA,1,041,AZUSA AVENUE,PEPPER BROOK WAY,30,S,N,A,-,N,NA,NA,NA,NA,NA,NA,NA,NA,NA,N,4,0,1,2,A,-,03,22350,NA,N,C,C,A,A,H,-,B,D,0,NA,NA,NA,NA,Y,NA,A,07,0,0,1,0,0,0,0,0,0,-,-,33.99309158325195,-117.93167877197266,LOS ANGELES,UNINCORPORATED,-117.93165588378906,33.99338912963867
90897408,2019,2019-01-03,9550,2019-01-02,1430,021274,NA,3,2,9,1900,0,3,5,NA,2,003,7TH AVE.,STATE ROUTE 60,250,S,N,A,-,N,NA,NA,NA,NA,NA,NA,NA,NA,NA,N,4,0,1,2,A,-,09,21801,A,N,D,C,A,A,H,-,A,D,0,NA,NA,NA,NA,Y,NA,A,01,0,0,1,0,0,0,0,0,0,-,-,34.01860809326172,-117.98860931396484,LOS ANGELES,UNINCORPORATED,-117.98862457275392,34.01879119873047
90897413,2019,2019-01-03,9550,2019-01-03,0810,022180,NA,4,1,5,1919,0,1,3,NA,2,091,SR-91 W/B (ARTESIA FWY),PIONEER BLVD,330,W,N,A,-,Y,NA,NA,91,NA,NA,NA,NA,NA,W,Y,4,0,1,2,A,-,03,22350,NA,N,C,C,A,A,H,-,A,D,0,NA,NA,NA,NA,Y,NA,A,01,0,0,1,0,0,0,0,0,0,-,-,33.87638854980469,-118.08924865722656,LOS ANGELES,CERRITOS,-118.08924865722656,33.876426696777344
90897525,2018,2019-01-04,9535,2018-12-24,1300,015797,NA,1,1,9,1900,0,3,5,NA,2,006,HILL DR.(8000 BLK),ARLAND AVE.,75,E,N,A,-,N,NA,NA,NA,NA,NA,NA,NA,NA,NA,Y,4,0,2,2,A,-,09,21804,A,N,A,C,A,A,H,-,A,D,0,NA,NA,NA,NA,Y,NA,A,01,0,0,2,0,0,0,0,0,0,-,-,34.045658111572266,-118.09332275390624,LOS ANGELES,UNINCORPORATED,-118.09356689453124,34.04572677612305
90897560,2018,2019-01-04,9535,2018-12-24,1705,020855,NA,1,2,5,1901,0,1,1,NA,2,420,I-10 (SAN BERNARDINO FREEWAY) E/B,GARFIELD AVE,920,E,N,A,-,Y,NA,NA,10,NA,NA,NA,NA,NA,E,Y,4,0,1,3,A,-,08,22107,NA,N,C,C,A,A,H,-,D,D,0,NA,NA,NA,NA,Y,NA,A,01,0,0,1,0,0,0,0,0,0,-,-,34.07160949707031,-118.11975860595705,LOS ANGELES,ALHAMBRA,-118.11975860595705,34.07149887084961
90897607,2018,2019-01-04,9575,2018-12-24,2330,017414,NA,1,3,6,1925,0,1,3,NA,2,042,SR-134 W/B FROM HARVEY DR.,HARVEY DR.,7,W,N,C,-,Y,NA,NA,134,NA,NA,NA,R,NA,W,Y,4,0,1,1,A,-,08,22107,NA,N,E,I,A,A,H,-,C,A,0,NA,NA,NA,NA,Y,NA,A,01,0,0,1,0,0,0,0,0,0,-,-,34.1480712890625,-118.22869873046876,LOS ANGELES,GLENDALE,-118.22869873046876,34.1480712890625
90897630,2018,2019-01-04,9525,2018-12-31,1156,020544,NA,1,1,5,1926,0,1,1,NA,2,205,I-210 W/B (FOOTHILL FWY),LONE HILL AVE,1584,W,N,A,-,Y,NA,NA,210,NA,NA,NA,NA,NA,W,Y,4,0,1,2,A,-,03,22350,NA,N,C,C,A,A,H,-,A,D,0,NA,NA,NA,NA,Y,NA,A,01,0,0,1,0,0,0,0,0,0,-,-,34.12104034423828,-117.83425903320313,LOS ANGELES,GLENDORA,-117.83425903320313,34.121028900146484
90897643,2018,2019-01-04,9590,2018-12-29,0510,016127,NA,6,3,7,1942,0,1,1,NA,2,051,I-110 S/B (HARBOR FREEWAY),VERNON AVENUE,300,S,N,A,-,Y,NA,NA,110,NA,NA,NA,NA,NA,S,N,4,0,1,2,A,-,03,22350,NA,F,C,C,A,A,H,-,C,D,0,NA,NA,NA,NA,Y,NA,A,01,0,0,1,0,0,0,0,0,0,-,-,34.00358963012695,-118.28114318847656,LOS ANGELES,LOS ANGELES,-118.2812042236328,34.00358963012695
90897661,2018,2019-01-04,9590,2018-12-28,1035,021072,NA,5,1,7,1942,0,1,1,NA,2,050,I-110 N/B (HARBOR FREEWAY),92ND STREET,500,S,N,A,-,Y,NA,NA,110,NA,NA,NA,NA,NA,N,Y,3,0,3,2,A,-,08,22107,NA,N,B,C,A,A,H,-,A,D,0,NA,NA,NA,NA,Y,NA,D,22,0,1,2,0,0,0,0,0,0,-,-,33.95188903808594,-118.28006744384766,LOS ANGELES,LOS ANGELES,-118.28012847900392,33.95187759399414
90897703,2018,2019-01-04,9530,2018-12-24,1348,021871,NA,1,1,9,1900,0,3,5,NA,2,001,COMPTON AVE. (6100 BLOCK),62ND ST,50,N,N,A,-,N,NA,NA,NA,NA,NA,NA,NA,NA,NA,N,4,0,1,2,A,-,21,22106,NA,N,B,C,A,A,H,-,A,D,0,NA,NA,NA,NA,Y,NA,A,01,0,0,1,0,0,0,0,0,0,-,-,33.98429870605469,-118.2480697631836,LOS ANGELES,UNINCORPORATED,-118.24773406982422,33.9840087890625
90897712,2018,2019-01-04,9530,2018-12-24,0730,019412,NA,1,1,9,1900,0,3,5,NA,2,004,SANTA FE AVE S/B (20400 BLOCK),DEL AMO BLVD.,5,N,N,B,-,N,NA,NA,NA,NA,NA,NA,NA,NA,NA,N,4,0,1,2,A,-,09,21453,B,N,D,G,A,A,H,-,A,A,0,NA,Y,NA,NA,Y,NA,A,07,0,0,1,0,0,0,1,0,0,-,-,33.84672164916992,-118.21170043945313,LOS ANGELES,UNINCORPORATED,-118.2117156982422,33.84658432006836
90897733,2018,2019-01-04,9550,2018-12-25,1820,020861,NA,2,2,9,1900,0,3,5,NA,2,002,TRUMBALL STREET,VICTORIA AVENUE,570,E,N,A,-,N,NA,NA,NA,NA,NA,NA,NA,NA,NA,N,3,0,1,1,A,-,13,22515,A,N,H,A,A,A,H,-,C,D,0,NA,NA,NA,NA,Y,NA,A,01,0,1,0,0,0,0,0,0,0,-,-,33.9334716796875,-118.03295135498048,LOS ANGELES,UNINCORPORATED,-118.03304290771484,33.933555603027344
90897740,2018,2019-01-04,9590,2018-12-30,1807,021537,NA,7,2,7,1942,0,1,1,NA,2,085,I-5 S/B (GSF),LOS FELIZ BLVD,250,N,N,A,-,Y,NA,NA,5,NA,NA,NA,NA,NA,S,Y,4,0,2,2,A,-,03,22350,NA,N,C,C,A,A,H,-,D,D,0,NA,NA,NA,NA,Y,NA,A,01,0,0,2,0,0,0,0,0,0,-,-,34.12990188598633,-118.27440643310548,LOS ANGELES,LOS ANGELES,-118.27437591552734,34.12990951538086
90897755,2018,2019-01-04,9550,2018-12-24,1630,021977,NA,1,2,9,1900,0,2,4,NA,1,011,WORKMAN MILL ROAD,ROSE HILLS ROAD,0,NA,Y,A,-,N,NA,NA,NA,NA,NA,NA,NA,NA,NA,Y,4,0,1,2,A,-,09,21801,B,N,D,C,A,A,H,-,A,A,0,NA,NA,NA,NA,Y,NA,A,01,0,0,1,0,0,0,0,0,0,-,-,34.01713180541992,-118.04107666015624,LOS ANGELES,UNINCORPORATED,-118.04637908935548,34.0136604309082