CASE_ID,ACCIDENT_YEAR,PROC_DATE,JURIS,COLLISION_DATE,COLLISION_TIME,OFFICER_ID,REPORTING_DISTRICT,DAY_OF_WEEK,CHP_SHIFT,POPULATION,CNTY_CITY_LOC,SPECIAL_COND,BEAT_TYPE,CHP_BEAT_TYPE,CITY_DIVISION_LAPD,CHP_BEAT_CLASS,BEAT_NUMBER,PRIMARY_RD,SECONDARY_RD,DISTANCE,DIRECTION,INTERSECTION,WEATHER_1,WEATHER_2,STATE_HWY_IND,CALTRANS_COUNTY,CALTRANS_DISTRICT,STATE_ROUTE,ROUTE_SUFFIX,POSTMILE_PREFIX,POSTMILE,LOCATION_TYPE,RAMP_INTERSECTION,SIDE_OF_HWY,TOW_AWAY,COLLISION_SEVERITY,NUMBER_KILLED,NUMBER_INJURED,PARTY_COUNT,PRIMARY_COLL_FACTOR,PCF_CODE_OF_VIOL,PCF_VIOL_CATEGORY,PCF_VIOLATION,PCF_VIOL_SUBSECTION,HIT_AND_RUN,TYPE_OF_COLLISION,MVIW,PED_ACTION,ROAD_SURFACE,ROAD_COND_1,ROAD_COND_2,LIGHTING,CONTROL_DEVICE,CHP_ROAD_TYPE,PEDESTRIAN_ACCIDENT,BICYCLE_ACCIDENT,MOTORCYCLE_ACCIDENT,TRUCK_ACCIDENT,NOT_PRIVATE_PROPERTY,ALCOHOL_INVOLVED,STWD_VEHTYPE_AT_FAULT,CHP_VEHTYPE_AT_FAULT,COUNT_SEVERE_INJ,COUNT_VISIBLE_INJ,COUNT_COMPLAINT_PAIN,COUNT_PED_KILLED,COUNT_PED_INJURED,COUNT_BICYCLIST_KILLED,COUNT_BICYCLIST_INJURED,COUNT_MC_KILLED,COUNT_MC_INJURED,PRIMARY_RAMP,SECONDARY_RAMP,LATITUDE,LONGITUDE,COUNTY,CITY,POINT_X,POINT_Y
90897767,2018,2019-01-04,9530,2018-12-25,1445,021871,NA,2,2,9,1900,0,3,5,NA,2,001,MANCHESTER AVE. (2200 BLOCK),JUNIPER ST.,62,W,N,A,-,N,NA,NA,NA,NA,NA,NA,NA,NA,NA,Y,4,0,1,4,A,-,13,22515,A,N,C,E,A,A,H,-,A,D,0,NA,NA,NA,NA,Y,NA,A,01,0,0,1,0,0,0,0,0,0,-,-,33.96009826660156,-118.23329925537108,LOS ANGELES,UNINCORPORATED,-118.23309326171876,33.96014404296875
90897770,2018,2019-01-04,9550,2018-12-30,1815,021934,NA,7,2,9,1900,0,1,1,NA,2,651,I-605 NB,FIRESTONE BOULEVARD,1500,N,N,A,-,Y,NA,NA,NA,NA,NA,NA,NA,NA,NA,N,4,0,3,2,A,-,03,22350,NA,N,C,C,A,A,H,-,D,D,0,NA,NA,NA,NA,Y,NA,A,01,0,0,3,0,0,0,0,0,0,-,-,33.92879867553711,-118.10283660888672,LOS ANGELES,UNINCORPORATED,-118.10286712646484,33.928585052490234
90897785,2018,2019-01-04,9530,2018-12-25,2238,021123,NA,2,3,5,1977,0,1,1,NA,2,410,I-405 S/B (SAN DIEGO FREEWAY),DEL AMO BLVD.,160,N,N,A,-,Y,NA,NA,405,NA,NA,NA,NA,NA,S,Y,4,0,1,4,A,-,03,22350,NA,N,C,C,A,A,H,-,C,D,0,NA,NA,NA,NA,Y,NA,A,08,0,0,1,0,0,0,0,0,0,-,-,33.84687042236328,-118.27115631103516,LOS ANGELES,CARSON,-118.27127075195313,33.84672546386719
90897809,2018,2019-01-04,9590,2018-12-29,0232,021245,NA,6,3,7,1942,0,1,1,NA,2,065,I-10 W/B (SMF),EAST OF CENTRAL AVE.,600,E,N,A,-,Y,NA,NA,10,NA,NA,NA,NA,NA,W,Y,2,0,1,3,A,-,01,23152,A,N,B,C,A,A,H,-,C,D,0,NA,NA,NA,NA,Y,Y,A,01,1,0,0,0,0,0,0,0,0,-,-,34.02545928955078,-118.24820709228516,LOS ANGELES,LOS ANGELES,-118.24820709228516,34.02546310424805
90897839,2018,2019-01-04,9530,2018-12-25,1345,021875,NA,2,1,9,1900,0,1,1,NA,2,120,I-110 S/B (HARBOR FREEWAY),DEL AMO BLVD.,250,S,N,A,-,Y,NA,NA,110,NA,NA,NA,NA,NA,S,Y,4,0,1,1,A,-,08,22107,NA,N,H,I,A,A,H,-,A,D,0,NA,NA,NA,NA,Y,NA,A,01,0,0,1,0,0,0,0,0,0,-,-,33.84537124633789,-118.28549957275392,LOS ANGELES,UNINCORPORATED,-118.28540802001952,33.84534454345703
90897843,2018,2019-01-04,9565,2018-12-24,1343,021663,NA,1,1,9,1900,0,3,5,NA,2,003,HALM AVE,SLAUSON AVE,173,S,N,A,-,N,NA,NA,NA,NA,NA,NA,NA,NA,NA,Y,4,0,2,2,A,-,08,22107,NA,N,B,C,A,A,H,-,A,D,0,NA,NA,NA,NA,Y,NA,A,01,0,0,2,0,0,0,0,0,0,-,-,33.98740005493164,-118.37510681152344,LOS ANGELES,UNINCORPORATED,-118.37514495849608,33.98744583129883
90897878,2018,2019-01-04,9590,2018-12-30,1821,022041,NA,7,2,7,1942,0,1,2,NA,2,071,US-101 S/B (HOLLYWOOD FREEWAY),BEAUDRY AVE. U/C,500,N,N,A,-,Y,NA,NA,101,NA,NA,NA,NA,NA,S,N,4,0,2,2,A,-,03,22350,NA,F,C,C,A,A,H,-,C,D,0,NA,NA,NA,NA,Y,NA,-,99,0,0,2,0,0,0,0,0,0,-,-,34.06420135498047,-118.25057983398438,LOS ANGELES,LOS ANGELES,-118.25055694580078,34.06422805786133
90897882,2018,2019-01-04,9575,2018-12-26,1410,022110,NA,3,2,9,1900,0,3,5,NA,2,008,TEMPLE CITY BLVD (6800 BLOCK),NAOMI AVENUE (9000 BLOCK),0,NA,Y,A,-,N,NA,NA,NA,NA,NA,NA,NA,NA,NA,Y,3,0,3,2,A,-,09,21802,A,N,D,C,A,A,H,-,A,A,0,NA,NA,NA,NA,Y,NA,A,01,0,1,2,0,0,0,0,0,0,-,-,34.12282180786133,-118.06405639648438,LOS ANGELES,UNINCORPORATED,-118.06411743164064,34.122779846191406
90897908,2018,2019-01-04,9550,2018-12-27,1245,022210,NA,4,1,9,1900,0,1,3,NA,2,601,SR-60 E/B FROM AZUSA AVE S/B,AZUSA AVENUE,200,W,N,B,-,Y,NA,NA,60,NA,NA,NA,R,NA,E,Y,3,0,1,1,A,-,03,22350,NA,N,F,I,A,A,H,-,A,D,0,NA,NA,NA,Y,Y,NA,G,25,0,1,0,0,0,0,0,0,0,-,-,33.99679946899414,-117.93202972412108,LOS ANGELES,UNINCORPORATED,-117.93202972412108,33.99679946899414
90897941,2018,2019-01-04,9590,2018-12-31,1550,021535,NA,1,2,7,1942,0,1,2,NA,2,070,US-101 N/B (HOLLYWOOD FREEWAY),VIRGIL AVENUE,50,N,N,A,-,Y,NA,NA,101,NA,NA,NA,NA,NA,N,N,4,0,2,2,A,-,03,22350,NA,N,C,C,A,A,H,-,A,D,0,NA,NA,NA,NA,Y,NA,A,01,0,0,2,0,0,0,0,0,0,-,-,34.078399658203125,-118.2871322631836,LOS ANGELES,LOS ANGELES,-118.28712463378906,34.07843780517578
90897945,2018,2019-01-04,9530,2018-12-25,1400,021875,NA,2,2,7,1942,0,1,1,NA,2,110,I-110 S/B (HARBOR FREEWAY),SR-91,400,S,N,A,-,Y,NA,NA,110,NA,NA,NA,NA,NA,S,Y,3,0,2,2,A,-,07,21658,A,N,D,C,A,A,H,-,A,D,0,NA,NA,NA,NA,Y,NA,A,01,0,1,1,0,0,0,0,0,0,-,-,33.87147903442383,-118.28511810302734,LOS ANGELES,LOS ANGELES,-118.28507232666016,33.871482849121094
90897949,2018,2019-01-04,9550,2018-12-30,1310,021934,NA,7,1,9,1900,0,1,1,NA,2,500,I-5 NB,I-605,500,S,N,A,-,Y,NA,NA,NA,NA,NA,NA,NA,NA,NA,Y,4,0,1,3,A,-,03,22350,NA,N,C,C,A,A,H,-,A,D,0,NA,NA,NA,NA,Y,NA,A,07,0,0,1,0,0,0,0,0,0,-,-,33.93980026245117,-118.09557342529295,LOS ANGELES,UNINCORPORATED,-118.09578704833984,33.94009780883789
90897951,2018,2019-01-04,9590,2018-12-30,2005,021667,NA,7,2,7,1942,0,1,1,NA,2,041,I-5 S/B (SANTA ANA FREEWAY),INDIANA STREET,500,N,N,A,-,Y,NA,NA,5,NA,NA,NA,NA,NA,S,Y,4,0,2,2,A,-,03,22350,NA,N,C,C,A,A,H,-,C,D,0,NA,NA,NA,NA,Y,NA,A,07,0,0,2,0,0,0,0,0,0,-,-,34.02027893066406,-118.19296264648438,LOS ANGELES,LOS ANGELES,-118.19297027587892,34.020233154296875
90897962,2019,2019-01-04,9590,2019-01-03,0940,015982,NA,4,1,7,1942,0,1,1,NA,2,011,SR-110 S/B (ARROYO SECO PARKWAY),STADIUM WAY,315,N,N,A,-,Y,NA,NA,110,NA,NA,NA,NA,NA,S,Y,4,0,1,2,A,-,03,22350,NA,N,C,C,A,A,H,-,A,D,0,NA,NA,NA,NA,Y,NA,A,01,0,0,1,0,0,0,0,0,0,-,-,34.07236099243164,-118.23497009277344,LOS ANGELES,LOS ANGELES,-118.23497009277344,34.072357177734375
90897980,2018,2019-01-04,9590,2018-12-31,1500,021757,NA,1,2,7,1942,0,1,3,NA,2,030,SR-60 E/B (POMONA FREEWAY),EUCLID AVE,200,W,N,B,-,Y,NA,NA,60,NA,NA,NA,NA,NA,E,Y,3,0,2,1,A,-,08,22107,NA,N,E,I,A,A,H,-,A,D,0,NA,NA,NA,NA,Y,NA,D,22,0,1,1,0,0,0,0,0,0,-,-,34.02811813354492,-118.20974731445313,LOS ANGELES,LOS ANGELES,-118.20975494384766,34.028106689453125
90897996,2018,2019-01-04,9565,2018-12-25,2200,021453,NA,2,3,9,1900,0,2,4,NA,2,043,LENNOX BLVD.,INGLEWOOD AVE.,0,NA,Y,A,-,N,NA,NA,NA,NA,NA,NA,NA,NA,NA,Y,4,0,2,2,A,-,12,21453,A,N,D,C,A,A,H,-,C,A,0,NA,NA,NA,NA,Y,Y,A,01,0,0,2,0,0,0,0,0,0,-,-,33.9382209777832,-118.36129760742188,LOS ANGELES,UNINCORPORATED,-118.36134338378906,33.93815994262695
90898002,2018,2019-01-04,9530,2018-12-25,1100,021493,NA,2,1,9,1900,0,3,5,NA,2,002,SUCCESS AVE.,118TH ST.,0,NA,Y,A,-,N,NA,NA,NA,NA,NA,NA,NA,NA,NA,Y,4,0,3,5,A,-,12,22450,A,N,D,C,A,A,H,-,A,A,0,NA,NA,NA,NA,Y,NA,A,01,0,0,3,0,0,0,0,0,0,-,-,33.926090240478516,-118.24957275390624,LOS ANGELES,UNINCORPORATED,-118.24932861328124,33.926361083984375
90898020,2018,2019-01-04,9530,2018-12-24,0629,022197,NA,1,1,9,1900,0,3,5,NA,2,002,IMPERIAL HWY.,COMPTON AVE.,0,NA,Y,B,-,N,NA,NA,NA,NA,NA,NA,NA,NA,NA,Y,4,0,1,2,A,-,12,21453,A,F,D,C,A,A,H,-,B,A,0,NA,NA,NA,NA,Y,NA,-,99,0,0,1,0,0,0,0,0,0,-,-,33.92951965332031,-118.24617004394533,LOS ANGELES,UNINCORPORATED,-118.24627685546876,33.92948913574219
90898041,2019,2019-01-04,9580,2019-01-03,0603,018322,NA,4,1,7,1942,0,1,2,NA,2,104,US-101 N/B (VENTURA FREEWAY),TAMPA AVE,1056,S,N,A,-,Y,NA,NA,101,NA,NA,NA,NA,NA,N,Y,4,0,2,2,A,-,03,22350,NA,N,C,C,A,A,H,-,B,D,0,NA,NA,NA,NA,Y,NA,A,01,0,0,2,0,0,0,0,0,0,-,-,34.173500061035156,-118.54920196533205,LOS ANGELES,LOS ANGELES,-118.54920196533205,34.173587799072266
90898059,2018,2019-01-04,9525,2018-12-28,0840,015445,NA,5,1,9,1900,0,3,5,NA,2,004,LOMITAS AVE. (14000 BLOCK),5TH AVE.,420,E,N,A,-,N,NA,NA,NA,NA,NA,NA,NA,NA,NA,Y,4,0,2,2,A,-,03,22350,NA,N,C,C,A,A,H,-,A,D,0,NA,NA,NA,Y,Y,NA,A,01,0,0,2,0,0,0,0,0,0,-,-,34.03010940551758,-117.98931121826172,LOS ANGELES,UNINCORPORATED,-117.98941040039064,34.030242919921875
90898064,2018,2019-01-04,9565,2018-12-19,1510,021761,NA,3,2,9,1900,0,2,4,NA,1,041,5008 W 135TH ST.,OCEAN GATE AVE,350,E,N,A,-,N,NA,NA,NA,NA,NA,NA,NA,NA,NA,N,4,0,1,2,A,-,05,21650,NA,N,D,G,A,A,H,-,A,D,0,NA,Y,NA,NA,Y,NA,L,04,0,0,1,0,0,0,1,0,0,-,-,33.909481048583984,-118.36589050292967,LOS ANGELES,UNINCORPORATED,-118.365966796875,33.909481048583984
90898077,2018,2019-01-04,9575,2018-12-24,0930,021955,NA,1,1,7,1942,0,1,1,NA,2,061,I-210 E/B (FOOTHILL FREEWAY),WENTWORTH ST.,1000,W,N,A,-,Y,NA,NA,210,NA,NA,NA,NA,NA,E,Y,2,0,1,2,A,-,03,22350,NA,N,C,C,A,A,H,-,A,D,0,NA,NA,Y,Y,Y,NA,C,02,1,0,0,0,0,0,0,0,1,-,-,34.26639938354492,-118.33592987060548,LOS ANGELES,LOS ANGELES,-118.336181640625,34.26616287231445
9089808,2020,2020-07-16,1942,2020-03-12,1430,41126,1403,4,5,7,1942,0,0,0,N,0,14A21,AIRPORT BL,WESTCHESTER PKWY,250,N,N,C,-,N,NA,NA,NA,NA,NA,NA,NA,NA,NA,N,4,0,1,2,A,-,08,22107,NA,N,D,C,A,B,H,-,A,A,0,NA,NA,NA,NA,Y,NA,A,01,0,0,1,0,0,0,0,0,0,-,-,NA,NA,LOS ANGELES,LOS ANGELES,-118.38583374023438,33.953346252441406
90898091,2018,2019-01-04,9530,2018-12-26,0630,020583,NA,3,1,5,1956,0,1,1,NA,2,400,I-405 S/B (SAN DIEGO FREEWAY),MARINE AVE.,1100,S,N,A,-,Y,NA,NA,405,NA,NA,NA,NA,NA,S,Y,4,0,1,3,A,-,03,22350,NA,N,C,C,A,A,B,-,B,D,0,NA,NA,NA,NA,Y,NA,D,22,0,0,1,0,0,0,0,0,0,-,-,33.89262008666992,-118.36376953125,LOS ANGELES,REDONDO BEACH,-118.36378479003906,33.89260482788086
90898093,2018,2019-01-04,9580,2018-12-29,1255,021627,NA,6,1,9,1900,0,3,5,NA,1,020,OLD TOPANGA CYN RD (300 BLOCK),MONTE VISTA DR,80,E,N,A,-,N,NA,NA,NA,NA,NA,NA,NA,NA,NA,N,2,0,1,1,A,-,08,22107,NA,N,F,A,A,A,H,-,A,D,0,NA,Y,NA,NA,Y,NA,L,04,1,0,0,0,0,0,1,0,0,-,-,34.092098236083984,-118.60703277587892,LOS ANGELES,UNINCORPORATED,-118.6070556640625,34.0921516418457
90898095,2018,2019-01-04,9580,2018-12-28,1510,021627,NA,5,2,7,1942,0,1,2,NA,2,105,US-101 S/B (VENTURA FREEWAY),CANOGA AVE,670,N,N,A,-,Y,NA,NA,101,NA,NA,NA,NA,NA,S,Y,4,0,2,2,A,-,03,22350,NA,N,C,C,A,A,H,-,A,D,0,NA,NA,NA,NA,Y,NA,A,01,0,0,2,0,0,0,0,0,0,-,-,34.16984939575195,-118.59996795654295,LOS ANGELES,LOS ANGELES,-118.59998321533205,34.16974639892578
90898114,2018,2019-01-14,9580,2018-12-30,0715,022036,NA,7,1,9,1900,0,1,2,NA,2,106,US-101 N/B (VENTURA FREEWAY),PARKWAY CALABASAS,2006,N,N,A,-,Y,NA,NA,101,NA,NA,NA,NA,NA,N,Y,4,0,1,2,A,-,03,22350,NA,N,C,C,A,A,H,-,A,D,0,NA,NA,NA,NA,Y,NA,A,08,0,0,1,0,0,0,0,0,0,-,-,34.15140151977539,-118.65850067138672,LOS ANGELES,UNINCORPORATED,-118.65850830078124,34.15142822265625
90898119,2018,2019-01-04,9430,2018-12-27,1325,017153,NA,4,1,9,1900,0,1,1,NA,2,051,I-5 N/B,GORMAN SCHOOL ROAD,1584,S,N,A,-,Y,NA,NA,NA,NA,NA,NA,NA,NA,NA,Y,3,0,1,3,A,-,03,22350,NA,N,C,C,A,A,H,-,A,D,0,NA,NA,NA,NA,Y,NA,A,01,0,1,0,0,0,0,0,0,0,-,-,34.473899841308594,-118.50499725341795,LOS ANGELES,UNINCORPORATED,-118.84737396240234,34.794532775878906
90898131,2018,2019-01-04,9580,2018-12-28,1350,020728,NA,5,1,7,1942,0,3,5,NA,1,020,PIUMA RD,MASTEN RD,1250,W,N,A,-,N,NA,NA,NA,NA,NA,NA,NA,NA,NA,Y,4,0,1,2,A,-,06,21750,NA,M,B,C,A,A,H,-,A,D,0,NA,NA,Y,NA,Y,NA,-,99,0,0,1,0,0,0,0,0,1,-,-,34.068111419677734,-118.68347930908205,LOS ANGELES,LOS ANGELES,NA,NA
90898136,2018,2019-01-04,9580,2018-12-28,1724,022103,NA,5,2,7,1942,0,1,1,NA,2,407,I-405 S/B (SAN DIEGO FWY),NORDHOFF ST,400,N,N,B,-,Y,NA,NA,405,NA,NA,NA,NA,NA,S,N,4,0,3,3,A,-,03,22350,NA,M,C,C,A,A,H,-,D,D,0,NA,NA,NA,NA,Y,NA,A,07,0,0,3,0,0,0,0,0,0,-,-,34.23939895629883,-118.4731674194336,LOS ANGELES,LOS ANGELES,-118.47314453125,34.23939895629883
90898150,2018,2019-01-04,9580,2018-12-29,1250,021491,NA,6,1,9,1900,0,3,5,NA,1,010,VENTURA BLVD (23800 BLOCK),CRAFTSMAN ROAD,300,E,N,A,-,N,NA,NA,NA,NA,NA,NA,NA,NA,NA,N,3,0,1,1,A,-,08,22107,NA,N,F,A,A,A,H,-,A,D,0,NA,NA,Y,NA,Y,NA,C,06,0,1,0,0,0,0,0,0,1,-,-,34.15644836425781,-118.64695739746094,LOS ANGELES,UNINCORPORATED,-118.6484603881836,34.15522766113281
90898154,2018,2019-04-04,9580,2018-12-28,1440,021627,NA,5,2,7,1942,0,1,2,NA,2,105,US-101 S/B (VENTURA FREEWAY),VALLEY CIRCLE BLVD. OVERCROSSING,1056,N,N,A,-,Y,NA,NA,101,NA,NA,NA,NA,NA,S,N,4,0,1,2,A,-,03,22350,NA,M,C,C,A,A,H,-,A,D,0,NA,NA,NA,NA,Y,NA,-,99,0,0,1,0,0,0,0,0,0,-,-,34.157920837402344,-118.64148712158205,LOS ANGELES,LOS ANGELES,-118.64146423339844,34.15785598754883
9089816,2020,2020-06-25,1942,2020-03-20,2130,43550,1424,5,5,7,1942,0,0,0,N,0,14A11W,PALMS BL,MCLAUGHLIN AV,0,NA,Y,A,-,N,NA,NA,NA,NA,NA,NA,NA,NA,NA,Y,4,0,2,2,A,-,12,21453,A,N,D,C,A,A,H,-,C,A,0,NA,NA,NA,NA,Y,NA,A,01,0,0,2,0,0,0,0,0,0,-,-,NA,NA,LOS ANGELES,LOS ANGELES,-118.43019104003906,34.015899658203125
90898220,2019,2019-01-07,9525,2019-01-03,1245,021595,NA,4,1,6,1955,0,1,1,NA,2,109,I-10 W/B (SAN BERNARDINO FWY),INDIAN HILL BLVD,350,W,N,A,-,Y,NA,NA,10,NA,NA,NA,NA,NA,W,Y,4,0,1,2,A,-,07,21658,A,N,B,C,A,A,H,-,A,D,0,NA,NA,NA,Y,Y,NA,F,27,0,0,1,0,0,0,0,0,0,-,-,34.08182907104492,-117.72254943847656,LOS ANGELES,POMONA,-117.72254943847656,34.081787109375
90898238,2018,2019-01-07,9525,2018-12-29,1400,020989,NA,6,2,4,1905,0,1,1,NA,2,203,I-210 W/B (FOOTHILL FWY),ROCKVALE AVE,110,W,N,A,-,Y,NA,NA,210,NA,NA,NA,NA,NA,W,Y,3,0,3,4,A,-,03,22350,NA,N,C,C,A,A,H,-,A,D,0,NA,NA,NA,Y,Y,NA,G,27,0,1,2,0,0,0,0,0,0,-,-,34.12120819091797,-117.89678192138672,LOS ANGELES,AZUSA,-117.8967742919922,34.12112808227539
90898245,2019,2019-01-07,9525,2019-01-04,0559,020544,NA,5,3,5,1926,0,1,1,NA,2,205,I-210 W/B (FOOTHILL FWY),GLENDORA AVE,1584,E,N,A,-,Y,NA,NA,210,NA,NA,NA,NA,NA,W,N,4,0,1,3,A,-,03,22350,NA,N,C,C,A,A,H,-,C,D,0,NA,NA,NA,NA,Y,NA,A,01,0,0,1,0,0,0,0,0,0,-,-,34.11714172363281,-117.85994720458984,LOS ANGELES,GLENDORA,-117.85994720458984,34.117156982421875
90898253,2018,2019-01-07,9575,2018-12-27,1750,021879,NA,4,2,6,1953,0,1,1,NA,2,063,I-210 E/B (FOOTHILL FREEWAY),MOUNTAIN ST.,650,E,N,A,-,Y,NA,NA,210,NA,NA,NA,NA,NA,E,Y,4,0,1,2,A,-,03,22350,NA,N,C,C,A,A,D,H,C,D,0,NA,NA,NA,NA,Y,NA,A,01,0,0,1,0,0,0,0,0,0,-,-,34.1602783203125,-118.15879821777344,LOS ANGELES,PASADENA,-118.1587371826172,34.160274505615234
90898254,2018,2019-01-07,9575,2018-12-27,2030,021879,NA,4,2,9,1900,0,1,1,NA,2,062,I-210 E/B (FOOTHILL FREEWAY),LA CRESCENTA AVE.,1350,E,N,A,-,Y,NA,NA,210,NA,NA,NA,NA,NA,E,Y,4,0,1,3,A,-,03,22350,NA,N,C,C,A,A,D,H,C,D,0,NA,NA,NA,NA,Y,NA,A,01,0,0,1,0,0,0,0,0,0,-,-,34.21611022949219,-118.23567962646484,LOS ANGELES,UNINCORPORATED,-118.23574829101564,34.21600341796875
90898259,2018,2019-01-07,9575,2018-12-28,0800,021878,NA,5,1,7,1942,0,1,3,NA,2,070,SR-118 E/B TO PAXTON STREET,GLENOAKS BOULEVARD,528,W,N,A,-,Y,NA,NA,118,NA,NA,NA,R,NA,E,N,4,0,3,2,A,-,03,22350,NA,N,C,C,A,A,H,-,A,D,0,NA,NA,NA,Y,Y,NA,F,25,0,0,3,0,0,0,0,0,0,-,-,34.278499603271484,-118.42024993896484,LOS ANGELES,LOS ANGELES,-118.42024993896484,34.278499603271484
90898264,2018,2019-01-07,9575,2018-12-29,1130,020887,NA,6,1,6,1912,0,1,1,NA,2,051,I-5 S/B (GOLDEN STATE FREEWAY),BURBANK BLVD,2000,N,N,A,-,Y,NA,NA,5,NA,NA,NA,NA,NA,S,N,4,0,2,2,A,-,03,22350,NA,N,C,C,A,A,H,-,A,D,0,NA,NA,NA,NA,Y,NA,A,01,0,0,2,0,0,0,0,0,0,-,-,34.18918991088867,-118.32489776611328,LOS ANGELES,BURBANK,-118.3246841430664,34.18946075439453
90898273,2018,2019-01-07,9575,2018-12-29,1130,021302,NA,6,1,6,1953,0,1,1,NA,2,063,I-210 E/B (FOOTHILL FREEWAY),MOUNTAIN ST,0.2,W,N,A,-,Y,NA,NA,210,NA,NA,NA,NA,NA,E,Y,3,0,1,2,A,-,03,22350,NA,N,C,C,A,A,D,H,A,D,0,NA,NA,NA,NA,Y,NA,A,01,0,1,0,0,0,0,0,0,0,-,-,34.16632843017578,-118.15814208984376,LOS ANGELES,PASADENA,-118.15821075439452,34.16633605957031
90898277,2018,2019-01-07,9575,2018-12-29,1749,022110,NA,6,2,6,1953,0,1,1,NA,2,063,I-210 E/B (FOOTHILL FREEWAY),MOUNTAIN STREET,230,E,N,A,-,Y,NA,NA,210,NA,NA,NA,NA,NA,E,Y,4,0,1,3,A,-,03,22350,NA,N,C,C,A,A,D,H,D,D,0,NA,NA,NA,NA,Y,NA,A,08,0,0,1,0,0,0,0,0,0,-,-,34.1613883972168,-118.15872955322266,LOS ANGELES,PASADENA,-118.15863800048828,34.161380767822266
90898310,2018,2019-01-07,9575,2018-12-30,0800,021878,NA,7,1,7,1942,0,1,1,NA,2,053,I-5 N/B (GOLDEN STATE FREEWAY),OSBORNE STREET,1800,S,N,A,-,Y,NA,NA,5,NA,NA,NA,NA,NA,N,Y,4,0,1,2,A,-,07,21658,A,N,B,C,A,A,H,-,A,D,0,NA,NA,NA,NA,Y,NA,A,07,0,0,1,0,0,0,0,0,0,-,-,34.241600036621094,-118.41885375976564,LOS ANGELES,LOS ANGELES,-118.4189224243164,34.24152374267578
90898322,2018,2019-01-07,9575,2018-12-14,1535,020918,NA,5,2,7,1942,0,1,3,NA,2,044,SR-134 E/B TO CAHUENGA BLVD.,CAHUENGA BLVD.,300,E,N,A,-,Y,NA,NA,134,NA,NA,NA,R,NA,E,Y,3,0,4,4,A,-,03,22350,NA,M,C,C,A,A,H,-,A,D,0,NA,NA,NA,NA,Y,NA,A,01,0,1,3,0,0,0,0,0,0,-,-,34.15293884277344,-118.36255645751952,LOS ANGELES,LOS ANGELES,-118.36255645751952,34.15293884277344
9089833,2020,2020-06-30,1942,2020-03-13,1240,43402,1383,5,5,7,1942,0,0,0,M,0,13X45,BROADWAY,GAGE,3,N,N,B,C,N,NA,NA,NA,NA,NA,NA,NA,NA,NA,NA,4,0,1,2,A,-,06,21755,NA,N,A,E,A,B,-,-,A,A,0,NA,NA,Y,NA,Y,NA,A,01,0,0,1,0,0,0,0,0,0,-,-,NA,NA,LOS ANGELES,LOS ANGELES,-118.2782974243164,33.98237991333008
90898339,2019,2019-01-07,9550,2019-01-05,1530,020974,NA,6,2,6,1920,0,1,1,NA,2,500,I-5 N/B,LAKEWOOD BOULEVARD,1000,N,N,C,-,Y,NA,NA,5,NA,NA,NA,NA,NA,N,Y,4,0,2,3,A,-,03,22350,NA,N,C,C,A,B,H,-,A,D,0,NA,NA,NA,NA,Y,NA,A,07,0,0,2,0,0,0,0,0,0,-,-,33.96012878417969,-118.11482238769533,LOS ANGELES,DOWNEY,-118.11479949951172,33.96015548706055
90898346,2018,2019-01-07,9575,2018-12-30,1905,020711,NA,7,2,7,1942,0,1,3,NA,2,043,SR-134 E/B (VENTURA FREEWAY),RIVERSIDE DRIVE,300,E,N,A,-,Y,NA,NA,134,NA,NA,NA,NA,NA,E,N,4,0,1,3,A,-,07,21658,A,M,C,C,A,A,H,-,C,D,0,NA,NA,NA,NA,Y,NA,-,99,0,0,1,0,0,0,0,0,0,-,-,34.15523147583008,-118.29287719726564,LOS ANGELES,LOS ANGELES,-118.29287719726564,34.155235290527344
90898354,2018,2019-01-07,9575,2018-12-31,1750,020030,NA,1,2,6,1912,0,1,1,NA,2,051,I-5 S/B (GOLDEN STATE FREEWAY),VERDUGO AVE,500,N,N,A,-,Y,NA,NA,5,NA,NA,NA,NA,NA,S,Y,4,0,1,1,A,-,08,22107,NA,N,E,I,A,A,H,-,D,D,0,NA,NA,NA,NA,Y,NA,A,01,0,0,1,0,0,0,0,0,0,-,-,34.177978515625,-118.30992889404295,LOS ANGELES,BURBANK,-118.30990600585938,34.17802047729492
90898374,2018,2019-01-07,9575,2018-12-30,1325,020918,NA,7,1,9,1900,0,1,3,NA,2,303,SR-2 (ANGELES CREST HIGHWAY),CAL-TRANS SAND SHED,1848,E,N,A,-,Y,NA,NA,2,NA,NA,NA,NA,NA,NA,Y,2,0,1,1,A,-,08,22107,NA,N,F,A,A,A,H,-,A,D,0,NA,NA,Y,NA,Y,NA,C,02,1,0,0,0,0,0,0,0,1,-,-,34.28923034667969,-117.99562072753906,LOS ANGELES,UNINCORPORATED,-117.99559020996094,34.289306640625