CASE_ID,ACCIDENT_YEAR,PROC_DATE,JURIS,COLLISION_DATE,COLLISION_TIME,OFFICER_ID,REPORTING_DISTRICT,DAY_OF_WEEK,CHP_SHIFT,POPULATION,CNTY_CITY_LOC,SPECIAL_COND,BEAT_TYPE,CHP_BEAT_TYPE,CITY_DIVISION_LAPD,CHP_BEAT_CLASS,BEAT_NUMBER,PRIMARY_RD,SECONDARY_RD,DISTANCE,DIRECTION,INTERSECTION,WEATHER_1,WEATHER_2,STATE_HWY_IND,CALTRANS_COUNTY,CALTRANS_DISTRICT,STATE_ROUTE,ROUTE_SUFFIX,POSTMILE_PREFIX,POSTMILE,LOCATION_TYPE,RAMP_INTERSECTION,SIDE_OF_HWY,TOW_AWAY,COLLISION_SEVERITY,NUMBER_KILLED,NUMBER_INJURED,PARTY_COUNT,PRIMARY_COLL_FACTOR,PCF_CODE_OF_VIOL,PCF_VIOL_CATEGORY,PCF_VIOLATION,PCF_VIOL_SUBSECTION,HIT_AND_RUN,TYPE_OF_COLLISION,MVIW,PED_ACTION,ROAD_SURFACE,ROAD_COND_1,ROAD_COND_2,LIGHTING,CONTROL_DEVICE,CHP_ROAD_TYPE,PEDESTRIAN_ACCIDENT,BICYCLE_ACCIDENT,MOTORCYCLE_ACCIDENT,TRUCK_ACCIDENT,NOT_PRIVATE_PROPERTY,ALCOHOL_INVOLVED,STWD_VEHTYPE_AT_FAULT,CHP_VEHTYPE_AT_FAULT,COUNT_SEVERE_INJ,COUNT_VISIBLE_INJ,COUNT_COMPLAINT_PAIN,COUNT_PED_KILLED,COUNT_PED_INJURED,COUNT_BICYCLIST_KILLED,COUNT_BICYCLIST_INJURED,COUNT_MC_KILLED,COUNT_MC_INJURED,PRIMARY_RAMP,SECONDARY_RAMP,LATITUDE,LONGITUDE,COUNTY,CITY,POINT_X,POINT_Y
90900839,2018,2019-01-09,9530,2018-12-08,0238,014393,NA,6,3,7,1941,0,1,S,NA,2,904,I-405 SOUTHBOUND,LAKEWOOD BLVD,25,S,N,A,-,Y,NA,NA,405,NA,NA,NA,NA,NA,S,Y,2,0,6,1,A,-,08,22107,NA,N,F,J,A,A,H,-,C,D,0,NA,NA,NA,NA,Y,NA,A,01,5,1,0,0,0,0,0,0,0,-,-,33.80546188354492,-118.14219665527344,LOS ANGELES,LONG BEACH,-118.14218139648438,33.8055305480957
90900846,2019,2019-01-09,9525,2019-01-02,1930,018402,NA,3,2,4,1960,0,1,3,NA,2,571,SR-57 S/B (ORANGE FWY),ARROW HIGHWAY,528,S,N,A,-,Y,NA,NA,57,NA,NA,NA,NA,NA,S,Y,4,0,1,1,A,-,08,22107,NA,N,E,I,A,A,H,-,C,D,0,NA,NA,NA,NA,Y,NA,A,01,0,0,1,0,0,0,0,0,0,-,-,34.10329818725586,-117.82009887695313,LOS ANGELES,SAN DIMAS,-117.82017517089844,34.103267669677734
90900847,2018,2019-01-09,9580,2018-12-29,1310,021607,NA,6,1,7,1942,0,1,2,NA,2,102,US-101 N/B (VENTURA FREEWAY),SEPULVEDA BLVD,1056,S,N,A,-,Y,NA,NA,101,NA,NA,NA,NA,NA,N,Y,2,0,1,3,A,-,07,21658,A,N,C,C,A,A,H,-,A,D,0,NA,NA,Y,NA,Y,NA,C,02,1,0,0,0,0,0,0,0,1,-,-,34.15953826904297,-118.4626235961914,LOS ANGELES,LOS ANGELES,-118.4626235961914,34.159507751464844
90900851,2019,2019-01-09,9590,2019-01-06,2325,018529,NA,7,3,7,1942,0,1,1,NA,2,062,I-10 E/B TO I-110 N/B,VENICE BLVD.,200,E,N,B,C,Y,NA,NA,10,NA,NA,NA,R,NA,E,Y,4,0,1,1,A,-,01,23152,A,N,E,J,A,B,H,-,C,D,0,NA,NA,NA,NA,Y,Y,A,01,0,0,1,0,0,0,0,0,0,-,-,34.038978576660156,-118.27204895019533,LOS ANGELES,LOS ANGELES,-118.27204895019533,34.038978576660156
9090086,2020,2020-07-06,1907,2020-03-16,1831,241,1,1,5,4,1907,0,0,0,NA,0,NA,OTIS AV,BELL AV,488,N,N,A,-,N,NA,NA,NA,NA,NA,NA,NA,NA,NA,N,3,0,1,3,A,-,09,21804,A,N,D,C,A,A,H,-,A,D,0,NA,NA,NA,NA,Y,NA,A,01,0,1,0,0,0,0,0,0,0,-,-,33.97629928588867,-118.1932373046875,LOS ANGELES,BELL,-118.19300842285156,33.97633743286133
90900862,2019,2019-01-09,9530,2019-01-01,1225,021994,NA,2,1,5,1943,0,1,1,NA,2,210,I-105 W/B (GLENN ANDERSON FWY),ALAMEDA STREET,120,E,N,A,-,Y,NA,NA,105,NA,NA,NA,NA,NA,W,Y,4,0,1,2,A,-,08,22107,NA,N,B,C,A,A,H,-,A,D,0,NA,NA,NA,NA,Y,NA,A,01,0,0,1,0,0,0,0,0,0,-,-,33.92972183227539,-118.2251434326172,LOS ANGELES,LYNWOOD,-118.2251434326172,33.929718017578125
9090087,2020,2020-07-13,1942,2020-03-24,1715,41064,1487,2,5,7,1942,0,0,0,N,0,14A58,LA TIJERA,BLERIOT AV,0,NA,Y,B,-,N,NA,NA,NA,NA,NA,NA,NA,NA,NA,Y,3,0,1,2,A,-,09,21801,A,N,A,C,A,A,H,-,A,D,0,NA,NA,Y,NA,Y,NA,A,01,0,1,0,0,0,0,0,0,1,-,-,NA,NA,LOS ANGELES,LOS ANGELES,-118.39205169677734,33.95930099487305
90900872,2018,2019-01-09,9565,2018-12-30,2235,021171,NA,7,3,9,1900,0,3,5,NA,2,003,STOCKER STREET,DON MIGUEL DRIVE,100,E,N,A,-,N,NA,NA,NA,NA,NA,NA,NA,NA,NA,Y,3,0,2,2,A,-,03,22350,NA,N,C,C,A,A,H,-,C,A,0,NA,NA,NA,NA,Y,NA,A,01,0,1,1,0,0,0,0,0,0,-,-,34.00490951538086,-118.34976959228516,LOS ANGELES,UNINCORPORATED,-118.35043334960938,34.00495910644531
90900877,2019,2019-01-09,9525,2019-01-05,2250,021224,NA,6,3,5,1990,0,1,3,NA,2,602,SR-60 E/B (POMONA FWY),BREA CANYON RD.,1056,W,N,B,C,Y,NA,NA,60,NA,NA,NA,NA,NA,E,Y,4,0,2,3,A,-,03,22350,NA,N,C,C,A,B,C,-,C,D,0,NA,NA,NA,NA,Y,NA,A,07,0,0,2,0,0,0,0,0,0,-,-,33.99985122680664,-117.84784698486328,LOS ANGELES,DIAMOND BAR,-117.8478546142578,33.99987030029297
9090090,2020,2020-07-06,1942,2020-03-21,2100,33757,1474,6,5,7,1942,0,0,0,N,0,14A73,MANCHESTER AV,LOYOLA BL,2,W,N,A,-,N,NA,NA,NA,NA,NA,NA,NA,NA,NA,N,4,0,1,1,A,-,03,22350,NA,N,E,I,A,A,H,-,C,A,0,NA,NA,NA,NA,Y,NA,A,07,0,0,1,0,0,0,0,0,0,-,-,NA,NA,LOS ANGELES,LOS ANGELES,-118.41669464111328,33.959861755371094
90900907,2019,2019-01-09,9530,2019-01-02,1120,018745,NA,3,1,6,1972,0,1,1,NA,2,400,I-405 N/B (SAN DIEGO FREEWAY),182ND ST.,150,N,N,A,-,Y,NA,NA,405,NA,NA,NA,NA,NA,N,Y,4,0,2,1,A,-,08,22107,NA,N,E,I,A,A,H,-,A,D,0,NA,NA,NA,NA,Y,NA,D,22,0,0,2,0,0,0,0,0,0,-,-,33.866310119628906,-118.33155822753906,LOS ANGELES,TORRANCE,-118.33158111572266,33.86623764038086
90900908,2018,2019-01-09,9565,2018-12-30,1740,021663,NA,7,2,4,1918,0,1,1,NA,2,061,I-405 N/B (SAN DIEGO FREEWAY),VENICE BLVD.,800,S,N,A,-,Y,NA,NA,405,NA,NA,NA,NA,NA,N,N,4,0,1,2,A,-,03,22350,NA,N,C,C,A,A,H,-,C,D,0,NA,NA,NA,NA,Y,NA,A,08,0,0,1,0,0,0,0,0,0,-,-,34.00830078125,-118.41525268554688,LOS ANGELES,CULVER CITY,-118.4152374267578,34.00830841064453
9090091,2020,2020-07-06,1942,2020-03-19,2010,41376,1497,4,5,7,1942,0,0,0,N,0,2TT35,W CENTURY BL,S LA CIENEGA BL,785,W,N,B,-,N,NA,NA,NA,NA,NA,NA,NA,NA,NA,Y,4,0,2,2,A,-,09,21801,A,N,D,C,A,A,H,-,C,D,0,NA,NA,NA,NA,Y,NA,A,01,0,0,2,0,0,0,0,0,0,-,-,NA,NA,LOS ANGELES,LOS ANGELES,-118.37263488769533,33.94533157348633
90900914,2018,2019-01-09,9535,2018-12-28,0135,021381,NA,5,3,5,1969,0,1,1,NA,2,074,I-710 (LONG BEACH FREEWAY) N/B,FIRESTONE BLVD.,2000,S,N,A,-,Y,NA,NA,710,NA,NA,NA,NA,NA,N,Y,4,0,1,1,A,-,01,23152,A,N,E,I,A,A,H,-,C,D,0,NA,NA,NA,NA,Y,Y,A,01,0,0,1,0,0,0,0,0,0,-,-,33.94390106201172,-118.1708984375,LOS ANGELES,SOUTH GATE,-118.17079925537108,33.94388961791992
90900924,2019,2019-01-09,9530,2019-01-02,1800,020375,NA,3,2,5,1977,0,1,3,NA,2,310,SR-91 W/B (ARTESIA FREEWAY),AVALON BLVD.,20,E,N,A,-,Y,NA,NA,91,NA,NA,NA,NA,NA,W,Y,4,0,1,2,A,-,03,22350,NA,N,C,C,A,A,H,-,C,D,0,NA,NA,NA,NA,Y,NA,D,22,0,0,1,0,0,0,0,0,0,-,-,33.87342071533203,-118.2656707763672,LOS ANGELES,CARSON,-118.2656707763672,33.8734245300293
90900925,2018,2019-01-09,9565,2018-12-28,1625,022093,NA,5,2,9,1900,0,3,5,NA,2,003,ANGELES VISTA BLVD,STOCKER ST,200,S,N,A,-,N,NA,NA,NA,NA,NA,NA,NA,NA,NA,N,4,0,1,2,A,-,21,22106,NA,N,H,C,A,A,H,-,B,D,0,NA,NA,NA,NA,Y,NA,A,07,0,0,1,0,0,0,0,0,0,-,-,34.00654983520508,-118.33698272705078,LOS ANGELES,UNINCORPORATED,-118.33705902099608,34.006629943847656
90900931,2018,2019-01-09,9535,2018-12-27,1625,022176,NA,4,2,9,1900,0,3,5,NA,2,002,6TH ST.,ARIZONA AVE,0,NA,Y,A,-,N,NA,NA,NA,NA,NA,NA,NA,NA,NA,N,2,0,1,2,A,-,10,21950,A,F,G,B,B,A,H,-,A,A,0,Y,NA,NA,NA,Y,NA,A,01,1,0,0,0,1,0,0,0,0,-,-,34.026939392089844,-118.16558074951172,LOS ANGELES,UNINCORPORATED,-118.49488830566406,34.0192985534668
90900936,2019,2019-01-09,9530,2019-01-01,0500,021493,NA,2,3,9,1900,0,3,5,NA,2,001,GAGE AVE. (1500 BLOCK),MIRAMONTE BLVD.,30,W,N,A,-,N,NA,NA,NA,NA,NA,NA,NA,NA,NA,Y,4,0,1,4,A,-,05,21650,NA,N,A,E,A,A,H,-,C,D,0,NA,NA,NA,NA,Y,NA,A,01,0,0,1,0,0,0,0,0,0,-,-,33.981990814208984,-118.24553680419922,LOS ANGELES,UNINCORPORATED,-118.24542236328124,33.98202896118164
9090094,2020,2020-07-06,1942,2020-03-18,1240,38262,1406,3,5,7,1942,0,0,0,N,0,14A27,OVERLAND AV,WOODBINE ST,0,NA,Y,A,-,N,NA,NA,NA,NA,NA,NA,NA,NA,NA,Y,4,0,1,2,A,-,09,21802,A,N,D,C,A,A,H,-,A,A,0,NA,NA,NA,NA,Y,NA,A,01,0,0,1,0,0,0,0,0,0,-,-,NA,NA,LOS ANGELES,LOS ANGELES,-118.4126205444336,34.02602005004883
9090095,2020,2020-07-06,1942,2020-03-23,2350,42286,1431,1,5,7,1942,0,0,0,N,0,14A11,N VENICE BL,VENICE WY,135,W,N,A,-,N,NA,NA,NA,NA,NA,NA,NA,NA,NA,Y,4,0,1,1,A,-,03,22350,NA,N,E,I,A,A,H,-,C,D,0,NA,NA,Y,NA,Y,NA,C,03,0,0,1,0,0,0,0,0,1,-,-,NA,NA,LOS ANGELES,LOS ANGELES,-118.46636199951172,33.98731231689453
9090096,2020,2020-07-06,1942,2020-03-24,1530,41535,1454,2,5,7,1942,0,0,0,N,0,14Z5,LINCOLN BL,CULVER LOOP,0,NA,Y,A,-,N,NA,NA,NA,NA,NA,NA,NA,NA,NA,Y,4,0,2,2,A,-,03,22350,A,N,C,C,A,A,H,-,A,A,0,NA,NA,NA,NA,Y,NA,A,01,0,0,2,0,0,0,0,0,0,-,-,NA,NA,LOS ANGELES,LOS ANGELES,-118.43305206298828,33.97602081298828
90900962,2019,2019-01-09,9550,2019-01-01,1120,022180,NA,2,1,5,1908,0,1,3,NA,2,090,SR-91 W/B (ARTESIA FWY),CLARK AVENUE,330,W,N,A,-,Y,NA,NA,91,NA,NA,NA,NA,NA,W,Y,4,0,1,1,C,-,18,NA,NA,N,E,I,A,A,H,-,A,D,0,NA,NA,NA,NA,Y,NA,-,-,0,0,1,0,0,0,0,0,0,-,-,33.87696838378906,-118.1328582763672,LOS ANGELES,BELLFLOWER,-118.13285064697266,33.876991271972656
90900970,2019,2019-01-09,9530,2019-01-02,1555,020956,NA,3,2,9,1900,0,3,5,NA,2,001,SLAUSON AVE. (1400 BLOCK),COMPTON AVE.,40,W,N,A,-,N,NA,NA,NA,NA,NA,NA,NA,NA,NA,N,4,0,1,2,A,-,03,22350,NA,N,C,C,A,A,H,-,A,D,0,NA,NA,NA,NA,Y,NA,D,22,0,0,1,0,0,0,0,0,0,-,-,33.98929977416992,-118.24849700927734,LOS ANGELES,UNINCORPORATED,-118.24789428710938,33.989341735839844
90900971,2019,2019-01-09,9575,2019-01-04,1720,021978,NA,5,2,9,1900,0,2,4,NA,2,016,LA CRESCENTA AVE (5200 BLOCK),HARMONY PL,260,N,N,A,-,N,NA,NA,NA,NA,NA,NA,NA,NA,NA,Y,4,0,1,1,A,-,08,22107,NA,N,E,I,A,A,H,-,B,D,0,NA,NA,NA,NA,Y,NA,A,01,0,0,1,0,0,0,0,0,0,-,-,34.23810958862305,-118.23975372314452,LOS ANGELES,UNINCORPORATED,-118.23985290527344,34.23796463012695
9090098,2020,2020-07-06,1942,2020-03-17,1055,39022,1487,2,5,7,1942,0,0,0,N,0,14A67,MANCHESTER AV,LA TIJERA BL,3,E,N,B,-,N,NA,NA,NA,NA,NA,NA,NA,NA,NA,Y,4,0,1,2,A,-,08,22107,NA,N,E,I,A,A,H,-,A,A,0,NA,NA,NA,NA,Y,NA,A,01,0,0,1,0,0,0,0,0,0,-,-,NA,NA,LOS ANGELES,LOS ANGELES,-118.39150238037108,33.959800720214844
9090099,2020,2020-07-06,1942,2020-03-22,1950,38282,1427,7,5,7,1942,0,0,0,N,0,14A27,NATIONAL BL,S SEPULVEDA BL,275,E,N,C,-,N,NA,NA,NA,NA,NA,NA,NA,NA,NA,N,4,0,1,2,A,-,08,22107,NA,N,B,C,A,B,H,-,C,D,0,NA,NA,NA,NA,Y,NA,A,01,0,0,1,0,0,0,0,0,0,-,-,NA,NA,LOS ANGELES,LOS ANGELES,-118.42784118652344,34.027679443359375
90900994,2018,2019-01-09,9535,2018-12-28,2228,021538,NA,5,3,9,1900,0,3,5,NA,2,002,DITMAN AVE. (1000) BLOCK,DENNISON ST,100,N,N,A,-,N,NA,NA,NA,NA,NA,NA,NA,NA,NA,N,4,0,1,2,A,-,11,21954,A,N,G,B,D,A,H,-,C,D,0,Y,NA,NA,NA,Y,NA,N,60,0,0,1,0,1,0,0,0,0,-,-,34.02067947387695,-118.18919372558594,LOS ANGELES,UNINCORPORATED,-118.18923950195313,34.02078628540039
90900996,2018,2019-10-09,9530,2018-08-11,1720,021771,NA,6,2,9,1900,0,3,5,NA,2,002,ROSECRANS AVE.,AVALON BLVD.,0,NA,Y,A,-,N,NA,NA,NA,NA,NA,NA,NA,NA,NA,Y,4,0,4,2,A,-,12,21453,A,F,D,C,A,A,H,-,A,A,0,NA,NA,NA,Y,Y,NA,F,26,0,0,4,0,0,0,0,0,0,-,-,33.902099609375,-118.26519775390624,LOS ANGELES,UNINCORPORATED,-118.26528167724608,33.90214157104492
9090100,2020,2020-07-13,1942,2020-03-19,1600,40850,1412,4,5,7,1942,0,0,0,N,0,1481,PACIFIC AV,NAVY ST,5,S,N,A,-,N,NA,NA,NA,NA,NA,NA,NA,NA,NA,N,4,0,1,2,A,-,09,21801,A,N,D,-,A,A,H,-,A,A,0,NA,NA,NA,NA,Y,NA,A,01,0,0,1,0,0,0,0,0,0,-,-,NA,NA,LOS ANGELES,LOS ANGELES,-118.47966766357422,33.99701690673828
9090101,2020,2020-06-05,1942,2020-02-28,0810,31688,1011,5,5,7,1942,0,0,0,J,0,10A3,WILBUR AV,VALERIO ST,500,N,N,A,-,N,NA,NA,NA,NA,NA,NA,NA,NA,NA,Y,3,0,4,4,A,-,09,21804,A,N,C,C,A,A,H,-,A,D,0,NA,NA,NA,NA,Y,NA,A,01,0,2,2,0,0,0,0,0,0,-,-,NA,NA,LOS ANGELES,LOS ANGELES,-118.54478454589844,34.206111907958984
90901015,2019,2019-01-09,9530,2019-01-02,1610,021965,NA,3,2,9,1900,0,3,5,NA,2,001,HOOPER AVE.,59TH ST.,0,NA,Y,A,-,N,NA,NA,NA,NA,NA,NA,NA,NA,NA,N,4,0,1,2,A,-,12,22450,A,N,D,G,A,A,H,-,A,D,0,NA,Y,NA,NA,Y,NA,L,04,0,0,1,0,0,0,1,0,0,-,-,33.986961364746094,-118.25213623046876,LOS ANGELES,UNINCORPORATED,-118.25212860107422,33.987060546875
9090102,2020,2020-06-05,1942,2020-02-26,1040,44101,NA,3,5,7,1942,0,0,0,NA,0,1063,COLUMBUS CIR,AVENIDA ORIENTE,0,NA,Y,A,-,N,NA,NA,NA,NA,NA,NA,NA,NA,NA,N,4,0,1,2,A,-,09,21804,A,N,B,C,A,A,H,-,A,A,0,NA,NA,NA,NA,Y,NA,A,01,0,0,1,0,0,0,0,0,0,-,-,NA,NA,LOS ANGELES,LOS ANGELES,-118.53167,34.1641
90901020,2018,2019-01-09,9535,2018-12-30,0350,021381,NA,7,3,5,1901,0,1,1,NA,2,421,I-10 (SAN BERNARDINO FREEWAY) W/B,ATLANTIC BLVD.,1200,E,N,A,-,Y,NA,NA,10,NA,NA,NA,NA,NA,W,N,4,0,1,2,A,-,07,21658,A,M,B,C,A,A,H,-,C,D,0,NA,NA,NA,NA,Y,NA,A,01,0,0,1,0,0,0,0,0,0,-,-,34.07128143310547,-118.1303482055664,LOS ANGELES,ALHAMBRA,-118.13035583496094,34.07172393798828
90901022,2018,2019-01-09,9535,2018-12-29,1210,016175,NA,6,1,9,1900,0,2,4,NA,2,014,CESAR E. CHAVEZ AVE. (4700 BLOCK),KERN AVE.,20,E,N,A,-,N,NA,NA,NA,NA,NA,NA,NA,NA,NA,Y,3,0,1,2,A,-,09,21801,A,N,F,A,A,A,H,-,A,D,0,NA,NA,Y,NA,Y,NA,A,01,0,1,0,0,0,0,0,0,1,-,-,34.04058074951172,-118.16275024414064,LOS ANGELES,UNINCORPORATED,-118.16281127929688,34.04059982299805
90901023,2019,2019-01-09,9545,2019-01-03,2354,021340,NA,4,3,9,1900,0,1,3,NA,2,031,SR-14 S/B,COURSON RANCH RD,1056,N,N,A,-,Y,NA,NA,14,NA,NA,NA,NA,NA,S,Y,2,0,1,1,A,-,08,22107,NA,N,E,I,A,A,H,-,D,D,0,NA,NA,NA,NA,Y,NA,D,22,1,0,0,0,0,0,0,0,0,-,-,34.53855895996094,-118.12139129638672,LOS ANGELES,UNINCORPORATED,-118.12134552001952,34.538597106933594
90901026,2018,2019-01-10,9565,2018-12-28,1500,021892,NA,5,2,5,1928,0,1,1,NA,2,060,I-405 S/B (SAN DIEGO FREEWAY),ROSECRANS AVE,100,N,N,A,-,Y,NA,NA,405,NA,NA,NA,NA,NA,S,Y,4,0,1,2,A,-,03,22350,NA,N,C,C,A,A,H,-,A,D,0,NA,NA,NA,NA,Y,NA,A,01,0,0,1,0,0,0,0,0,0,-,-,33.9027099609375,-118.3704071044922,LOS ANGELES,HAWTHORNE,-118.37054443359376,33.9027099609375
9090103,2020,2020-06-05,1942,2020-02-20,2240,39540,0808,4,5,7,1942,0,0,0,H,0,8XL3,MULHOLLAND DR,BEVERLY RANCH RD,1000,E,N,A,-,N,NA,NA,NA,NA,NA,NA,NA,NA,NA,Y,3,0,1,1,A,-,03,22350,NA,N,A,I,A,A,H,-,D,D,0,NA,NA,NA,NA,Y,NA,A,01,0,1,0,0,0,0,0,0,0,-,-,NA,NA,LOS ANGELES,LOS ANGELES,-118.4250946044922,34.130393981933594
9090104,2020,2020-06-05,1942,2020-02-24,1845,43251,0881,1,5,7,1942,0,0,0,H,0,8X48,BUNDY DR,EXPOSITION,50,S,N,A,-,N,NA,NA,NA,NA,NA,NA,NA,NA,NA,Y,4,0,2,3,A,-,04,21703,NA,N,C,C,A,A,H,-,C,A,0,NA,NA,NA,NA,Y,NA,A,01,0,0,2,0,0,0,0,0,0,-,-,NA,NA,LOS ANGELES,LOS ANGELES,-118.45253753662108,34.031402587890625
90901043,2019,2019-01-09,9545,2019-01-02,1030,016124,NA,3,1,9,1900,0,3,5,NA,2,004,FORT TEJON ROAD,121ST ST EAST,2112,W,N,A,-,N,NA,NA,NA,NA,NA,NA,NA,NA,NA,Y,2,0,2,1,A,-,01,23152,A,N,E,I,A,A,H,-,A,D,0,NA,NA,NA,NA,Y,Y,A,01,1,0,1,0,0,0,0,0,0,-,-,34.4830207824707,-117.92121124267578,LOS ANGELES,UNINCORPORATED,-117.92024993896484,34.48270034790039
9090105,2020,2020-06-05,1942,2020-02-23,1545,35273,0815,7,5,7,1942,0,0,0,H,0,8A13,SEPULVEDA BL,CASHMERE ST,377,S,N,A,-,N,NA,NA,NA,NA,NA,NA,NA,NA,NA,N,3,0,1,2,A,-,07,21658,NA,N,C,E,A,A,H,-,A,A,0,NA,NA,Y,NA,Y,NA,C,02,0,1,0,0,0,0,0,0,0,-,-,NA,NA,LOS ANGELES,LOS ANGELES,-118.45954132080078,34.065372467041016
9090106,2020,2020-06-25,1942,2020-02-07,1200,42665,0832,5,5,7,1942,0,0,0,H,0,8A1,WILSHIRE BL,BARRY AV,0,NA,Y,A,-,N,NA,NA,NA,NA,NA,NA,NA,NA,NA,Y,4,0,2,3,A,-,09,21804,A,N,D,C,A,A,H,-,A,D,0,NA,NA,NA,NA,Y,NA,A,01,0,0,2,0,0,0,0,0,0,-,-,NA,NA,LOS ANGELES,LOS ANGELES,-118.4600830078125,34.050140380859375
9090107,2020,2020-06-05,1942,2020-02-27,1740,39777,0857,4,5,7,1942,0,0,0,H,0,8A95,CARDIFF AV,PICO BL,0,NA,Y,A,-,N,NA,NA,NA,NA,NA,NA,NA,NA,NA,N,4,0,1,2,A,-,08,22100,B,N,D,C,A,A,H,-,B,D,0,NA,NA,NA,NA,Y,NA,-,NA,0,0,1,0,0,0,0,0,0,-,-,NA,NA,LOS ANGELES,LOS ANGELES,-118.39212799072266,34.05527877807617
90901075,2018,2019-01-09,9565,2018-12-29,1400,021761,NA,6,2,5,1928,0,1,1,NA,2,060,I-405 N/B (SAN DIEGO FWY),MARINE AVE.,100,N,N,A,-,Y,NA,NA,405,NA,NA,NA,NA,NA,N,N,4,0,1,2,A,-,03,22350,NA,N,C,C,A,A,H,-,A,D,0,NA,NA,NA,NA,Y,NA,A,01,0,0,1,0,0,0,0,0,0,-,-,33.89488983154297,-118.36666870117188,LOS ANGELES,HAWTHORNE,-118.36664581298828,33.89492416381836
90901078,2019,2019-01-09,9550,2019-01-03,1440,021954,NA,4,2,9,1900,0,3,5,NA,2,003,COLIMA ROAD,HACIENDA BOULEVARD,570,W,N,A,-,N,NA,NA,NA,NA,NA,NA,NA,NA,NA,Y,3,0,3,2,A,-,12,21453,A,N,D,C,A,A,H,-,A,D,0,NA,NA,NA,NA,Y,NA,A,01,0,1,2,0,0,0,0,0,0,-,-,33.98093032836914,-117.97502899169922,LOS ANGELES,UNINCORPORATED,-117.97493743896484,33.98103713989258
9090108,2020,2020-10-13,1942,2020-02-14,0645,43456,0881,5,5,7,1942,0,0,0,H,0,WLA,CENTINELA AV,RT 10,0,NA,Y,A,-,Y,LA,7,10,-,R,4.096,R,4,W,N,4,0,1,2,A,-,09,21801,A,N,A,C,A,A,H,-,A,A,0,NA,NA,NA,NA,Y,NA,A,01,0,0,1,0,0,0,0,0,0,-,-,NA,NA,LOS ANGELES,LOS ANGELES,-118.45655059814452,34.02772903442383
9090109,2020,2020-06-05,1942,2020-02-13,1830,44119,886,4,5,7,1942,0,0,0,NA,0,8A95,ROXBURY DR,PICO BL,0,NA,Y,A,-,N,NA,NA,NA,NA,NA,NA,NA,NA,NA,N,4,0,1,2,A,-,04,21703,NA,N,C,C,A,A,H,-,C,A,0,NA,NA,NA,NA,Y,NA,A,01,0,0,1,0,0,0,0,0,0,-,-,NA,NA,LOS ANGELES,LOS ANGELES,-118.40219116210938,34.05398178100586
9090110,2020,2020-06-23,1942,2020-02-16,1415,34762,885,7,5,7,1942,0,0,0,NA,0,8A29,PICO BL,BEVERLY GLEN BL,0,NA,Y,A,-,N,NA,NA,NA,NA,NA,NA,NA,NA,NA,Y,4,0,1,2,A,-,09,21801,NA,N,A,C,A,A,H,-,A,D,0,NA,NA,NA,NA,Y,NA,A,01,0,0,1,0,0,0,0,0,0,-,-,NA,NA,LOS ANGELES,LOS ANGELES,-118.41709899902344,34.046321868896484
90901107,2019,2019-01-09,9525,2019-01-09,0600,021138,NA,3,1,9,1900,0,3,5,NA,2,004,CALIFORNIA AVE (1300 N BLOCK),BARRYDALE ST,220,S,N,A,-,N,NA,NA,NA,NA,NA,NA,NA,NA,NA,Y,4,0,1,2,A,-,08,22107,NA,N,C,E,A,A,H,-,C,D,0,NA,NA,NA,NA,Y,NA,A,07,0,0,1,0,0,0,0,0,0,-,-,34.04718017578125,-117.95279693603516,LOS ANGELES,UNINCORPORATED,-117.9527587890625,34.04717254638672
9090111,2020,2020-06-05,1942,2020-02-01,1630,38399,1961,6,5,7,1942,0,0,0,NA,0,26TL70,TUPPER ST,SEPULVEDA BL,37,E,N,A,-,N,NA,NA,NA,NA,NA,NA,NA,NA,NA,N,4,0,1,2,A,-,10,21950,A,F,G,B,-,A,H,-,A,A,0,Y,NA,NA,NA,Y,NA,-,99,0,0,1,0,1,0,0,0,0,-,-,NA,NA,LOS ANGELES,LOS ANGELES,-118.46755981445313,34.23917007446289
90901111,2019,2019-01-09,9580,2019-01-06,2227,018297,NA,7,3,7,1942,0,1,2,NA,2,104,US-101 N/B (VENTURA FREEWAY),TAMPA AVE,150,S,N,C,-,Y,NA,NA,101,NA,NA,NA,NA,NA,N,N,4,0,3,2,A,-,07,21658,A,N,B,C,A,B,H,-,D,D,0,NA,NA,NA,NA,Y,NA,-,-,0,0,3,0,0,0,0,0,0,-,-,34.17359161376953,-118.55239868164064,LOS ANGELES,LOS ANGELES,-118.55239868164064,34.17363739013672
90901113,2019,2019-01-09,9550,2019-01-03,1740,021410,NA,4,2,9,1900,0,1,1,NA,2,651,I-105 W/B,PARAMOUNT BLVD.,500,W,N,A,-,Y,NA,NA,NA,NA,NA,NA,NA,NA,NA,N,4,0,1,2,A,-,03,22350,NA,N,C,C,A,A,H,-,D,D,0,NA,NA,NA,NA,Y,NA,A,08,0,0,1,0,0,0,0,0,0,-,-,33.91238021850586,-118.15766143798828,LOS ANGELES,UNINCORPORATED,-118.16154479980467,33.91191482543945
90901115,2019,2019-01-09,9525,2019-01-09,0630,022009,NA,3,1,6,1955,0,1,1,NA,2,108,I-10 E/B (SAN BERNARDINO FWY),VIA VERDE AVE,528,E,N,A,-,Y,NA,NA,NA,NA,NA,NA,NA,NA,NA,Y,4,0,1,2,A,-,03,22350,NA,N,C,C,A,A,D,E,A,D,0,NA,NA,NA,Y,Y,NA,D,22,0,0,1,0,0,0,0,0,0,-,-,34.068138122558594,-117.8376922607422,LOS ANGELES,POMONA,NA,NA