CASE_ID,ACCIDENT_YEAR,PROC_DATE,JURIS,COLLISION_DATE,COLLISION_TIME,OFFICER_ID,REPORTING_DISTRICT,DAY_OF_WEEK,CHP_SHIFT,POPULATION,CNTY_CITY_LOC,SPECIAL_COND,BEAT_TYPE,CHP_BEAT_TYPE,CITY_DIVISION_LAPD,CHP_BEAT_CLASS,BEAT_NUMBER,PRIMARY_RD,SECONDARY_RD,DISTANCE,DIRECTION,INTERSECTION,WEATHER_1,WEATHER_2,STATE_HWY_IND,CALTRANS_COUNTY,CALTRANS_DISTRICT,STATE_ROUTE,ROUTE_SUFFIX,POSTMILE_PREFIX,POSTMILE,LOCATION_TYPE,RAMP_INTERSECTION,SIDE_OF_HWY,TOW_AWAY,COLLISION_SEVERITY,NUMBER_KILLED,NUMBER_INJURED,PARTY_COUNT,PRIMARY_COLL_FACTOR,PCF_CODE_OF_VIOL,PCF_VIOL_CATEGORY,PCF_VIOLATION,PCF_VIOL_SUBSECTION,HIT_AND_RUN,TYPE_OF_COLLISION,MVIW,PED_ACTION,ROAD_SURFACE,ROAD_COND_1,ROAD_COND_2,LIGHTING,CONTROL_DEVICE,CHP_ROAD_TYPE,PEDESTRIAN_ACCIDENT,BICYCLE_ACCIDENT,MOTORCYCLE_ACCIDENT,TRUCK_ACCIDENT,NOT_PRIVATE_PROPERTY,ALCOHOL_INVOLVED,STWD_VEHTYPE_AT_FAULT,CHP_VEHTYPE_AT_FAULT,COUNT_SEVERE_INJ,COUNT_VISIBLE_INJ,COUNT_COMPLAINT_PAIN,COUNT_PED_KILLED,COUNT_PED_INJURED,COUNT_BICYCLIST_KILLED,COUNT_BICYCLIST_INJURED,COUNT_MC_KILLED,COUNT_MC_INJURED,PRIMARY_RAMP,SECONDARY_RAMP,LATITUDE,LONGITUDE,COUNTY,CITY,POINT_X,POINT_Y
90903678,2019,2019-01-14,9545,2019-01-07,0445,018097,NA,1,3,9,1900,0,3,5,NA,2,003,ANGELES FOREST HWY,UPPER BIG TUJUNGA CANYON RD,730,N,N,B,E,N,NA,NA,NA,NA,NA,NA,NA,NA,NA,Y,4,0,1,1,A,-,03,22350,NA,N,E,I,A,B,H,-,D,D,0,NA,NA,NA,NA,Y,NA,A,01,0,0,1,0,0,0,0,0,0,-,-,34.32992935180664,-118.11724853515624,LOS ANGELES,UNINCORPORATED,NA,NA
90903702,2019,2019-01-14,9580,2019-01-06,1526,021999,NA,7,2,9,1900,0,2,4,NA,1,128,KANAN RD,TUNNEL #3,129,S,N,B,-,N,NA,NA,NA,NA,NA,NA,NA,NA,NA,Y,4,0,1,1,A,-,01,23152,A,N,E,I,A,A,D,-,A,D,0,NA,NA,NA,NA,Y,Y,A,01,0,0,1,0,0,0,0,0,0,-,-,34.1078987121582,-118.80442810058594,LOS ANGELES,UNINCORPORATED,NA,NA
90903710,2019,2019-01-14,9525,2019-01-05,2035,021684,NA,6,2,9,1900,0,2,4,NA,2,045,VALLEY BLVD (14000 BLOCK),ATHENS WAY,30,W,N,C,-,N,NA,NA,NA,NA,NA,NA,NA,NA,NA,Y,4,0,1,3,A,-,01,23152,A,N,C,C,A,B,H,-,C,D,0,NA,NA,NA,NA,Y,Y,A,01,0,0,1,0,0,0,0,0,0,-,-,34.04146957397461,-117.9843521118164,LOS ANGELES,UNINCORPORATED,NA,NA
90903715,2019,2019-01-14,9550,2019-01-07,0445,020928,NA,1,3,9,1900,0,3,5,NA,2,005,NOGALES ST NORTHBOUND,WALNUT DR N,50,S,N,C,-,N,NA,NA,NA,NA,NA,NA,NA,NA,NA,Y,4,0,1,2,A,-,08,22107,NA,N,E,I,A,B,H,-,C,A,0,NA,NA,NA,NA,Y,NA,D,22,0,0,1,0,0,0,0,0,0,-,-,33.996089935302734,-117.88829040527344,LOS ANGELES,UNINCORPORATED,-117.88843536376952,33.99617385864258
90903729,2019,2019-01-14,9575,2019-01-10,2114,020902,NA,4,2,7,1942,0,1,3,NA,2,041,SR-134 W/B (VENTURA FREEWAY),ARBOR DELL RD,1500,W,N,A,-,Y,NA,NA,134,NA,NA,NA,NA,NA,W,Y,3,0,1,1,A,-,03,22350,NA,N,F,A,A,A,H,-,D,D,0,NA,NA,Y,NA,Y,NA,C,03,0,1,0,0,0,0,0,0,1,-,-,34.14775848388672,-118.19779205322266,LOS ANGELES,LOS ANGELES,-118.19773864746094,34.14818572998047
90903733,2019,2019-01-14,9525,2019-01-03,1230,020693,NA,4,1,1,1934,0,1,1,NA,2,203,I-210 W/B FROM IRWINDALE AVENUE,IRWINDALE AVE,300,W,N,A,-,Y,NA,NA,210,NA,NA,NA,R,NA,W,Y,3,0,1,2,A,-,07,21658,A,N,C,C,A,A,H,-,A,D,0,NA,NA,NA,NA,Y,NA,A,07,0,1,0,0,0,0,0,0,0,-,-,34.1297607421875,-117.93524932861328,LOS ANGELES,IRWINDALE,-117.93524932861328,34.1297607421875
90903740,2019,2019-01-14,9565,2019-01-02,1150,021729,NA,3,1,6,1933,0,1,1,NA,2,060,I-405 N/B,CENTURY BLVD,300,N,N,A,-,Y,NA,NA,405,NA,NA,NA,NA,NA,N,Y,3,0,2,2,A,-,08,22107,NA,N,B,C,A,A,H,-,A,D,0,NA,NA,NA,NA,Y,NA,A,01,0,2,0,0,0,0,0,0,0,-,-,33.947349548339844,-118.36831665039064,LOS ANGELES,INGLEWOOD,-118.36827850341795,33.94735336303711
90903767,2019,2019-01-14,9565,2019-01-02,1825,022145,NA,3,2,9,1900,0,2,4,NA,2,022,NORMANDIE AVENUE,RAYMOND AVENUE,0,NA,Y,A,-,N,NA,NA,NA,NA,NA,NA,NA,NA,NA,Y,4,0,1,2,A,-,09,21801,A,M,D,C,A,A,H,-,C,D,0,NA,NA,NA,NA,Y,NA,A,01,0,0,1,0,0,0,0,0,0,-,-,33.92573928833008,-118.30029296875,LOS ANGELES,UNINCORPORATED,-118.30033111572266,33.92572021484375
90903772,2019,2019-01-14,9590,2019-01-05,2115,021906,NA,6,2,7,1942,0,1,1,NA,2,051,I-110 S/B (HARBOR FREEWAY),54TH STREET,500,S,N,C,-,Y,NA,NA,110,NA,NA,NA,NA,NA,S,Y,3,0,1,1,A,-,08,22107,NA,N,E,J,A,B,H,-,C,D,0,NA,NA,NA,NA,Y,NA,A,01,0,1,0,0,0,0,0,0,0,-,-,33.99382019042969,-118.2806396484375,LOS ANGELES,LOS ANGELES,-118.28061676025392,33.99382019042969
90903780,2018,2019-01-14,9535,2018-12-15,1504,021000,NA,6,2,5,1969,0,1,1,NA,2,075,I-710 (LONG BEACH FREEWAY) S/B,FILESTONE BLVD,1062,S,N,A,-,Y,NA,NA,NA,NA,NA,NA,NA,NA,NA,Y,4,0,1,4,A,-,07,21658,A,N,B,C,A,A,H,-,B,D,0,NA,NA,NA,NA,Y,NA,A,07,0,0,1,0,0,0,0,0,0,-,-,34.944400787353516,-118.17102813720705,LOS ANGELES,SOUTH GATE,NA,NA
90903792,2019,2019-01-14,9575,2019-01-10,2025,020438,NA,4,2,7,1942,0,1,1,NA,2,050,COLORADO STREET FREEWAY EXTENSION,EDENHURST AVE,1150,E,N,A,-,Y,NA,NA,NA,NA,NA,NA,NA,NA,NA,Y,4,0,1,2,A,-,03,22350,NA,N,C,C,A,A,H,-,C,D,0,NA,NA,NA,NA,Y,NA,A,07,0,0,1,0,0,0,0,0,0,-,-,34.141998291015625,-118.26953125,LOS ANGELES,LOS ANGELES,NA,NA
90903803,2019,2019-05-14,9565,2019-01-02,0950,022206,NA,3,1,9,1900,0,2,4,NA,1,032,SLAUSON AVENUE,LA TIJERA BOULEVARD,0,NA,Y,A,-,N,NA,NA,NA,NA,NA,NA,NA,NA,NA,N,4,0,2,2,A,-,03,22350,NA,N,D,C,A,A,H,-,A,A,0,NA,NA,Y,NA,Y,NA,C,02,0,0,2,0,0,0,0,0,1,-,-,33.987640380859375,-118.36469268798828,LOS ANGELES,UNINCORPORATED,-118.36473083496094,33.98741149902344
90903807,2019,2019-01-14,9535,2019-01-03,2204,022085,NA,4,3,5,1947,0,1,3,NA,2,620,SR-60 (POMONA FREEWAY) E/B,PARAMOUNT BLVD,500,E,N,A,-,Y,NA,NA,60,NA,NA,NA,NA,NA,E,N,4,0,1,1,C,-,18,NA,NA,N,E,I,A,A,H,-,D,D,0,NA,NA,NA,NA,Y,NA,-,-,0,0,1,0,0,0,0,0,0,-,-,34.036460876464844,-118.09078216552734,LOS ANGELES,MONTEBELLO,-118.0907745361328,34.03644561767578
9090382,2020,2020-07-01,1942,2020-03-26,2000,42982,1283,4,5,7,1942,0,0,0,L,0,12A53,WESTERN ST,104TH ST,50,S,N,A,-,N,NA,NA,NA,NA,NA,NA,NA,NA,NA,N,4,0,1,2,A,-,09,21804,A,F,D,C,A,A,H,-,C,D,0,NA,NA,NA,NA,Y,NA,-,99,0,0,1,0,0,0,0,0,0,-,-,NA,NA,LOS ANGELES,LOS ANGELES,-118.30902862548828,33.94168472290039
9090383,2020,2020-11-04,1976,2020-03-12,1630,424,WHITT,4,5,5,1976,0,0,0,NA,0,004,WHITTER BLVD,MILLS AV,285,E,N,B,-,Y,LA,7,72,-,-,2.06,H,-,S,Y,3,0,4,2,D,-,00,NA,NA,N,D,C,A,A,B,-,B,-,0,NA,NA,NA,NA,Y,NA,-,-,0,2,2,0,0,0,0,0,0,-,-,NA,NA,LOS ANGELES,WHITTIER,-118.009765625,33.95016098022461
90903853,2018,2019-01-14,9535,2018-11-12,2320,022142,NA,1,3,9,1900,0,2,4,NA,2,011,EASTERN AVENUE (1700 BLOCK),MARNEY AVENUE,48,W,N,A,-,N,NA,NA,NA,NA,NA,NA,NA,NA,NA,N,4,0,1,4,A,-,03,22350,NA,M,C,C,A,A,H,-,C,A,0,NA,NA,NA,NA,Y,NA,-,99,0,0,1,0,0,0,0,0,0,-,-,34.06129837036133,-118.17709350585938,LOS ANGELES,UNINCORPORATED,-118.17729949951172,34.06135940551758
90903865,2019,2019-01-14,9540,2019-01-05,2117,020527,NA,6,2,9,1900,0,2,4,NA,1,102,HASLEY CANYON ROAD W/B,CAMBRIDGE AVE,735,W,N,C,-,N,NA,NA,NA,NA,NA,NA,NA,NA,NA,Y,2,0,1,1,A,-,03,22350,NA,N,E,I,A,B,H,-,C,D,0,NA,NA,NA,NA,Y,NA,A,01,1,0,0,0,0,0,0,0,0,-,-,34.45288848876953,-118.62387084960938,LOS ANGELES,UNINCORPORATED,-118.62319183349608,34.453556060791016
90903869,2019,2019-01-14,9590,2019-01-07,1533,022136,NA,1,2,7,1942,0,1,1,NA,2,052,SR-110 N/B (ARROYO SECO FREEWAY),PARK ROW DR.,30,S,N,A,-,Y,NA,NA,110,NA,NA,NA,NA,NA,N,N,4,0,2,3,A,-,03,22350,NA,M,C,C,A,A,H,-,A,D,0,NA,NA,NA,NA,Y,NA,-,99,0,0,2,0,0,0,0,0,0,-,-,34.07572937011719,-118.23139190673828,LOS ANGELES,LOS ANGELES,-118.23136901855467,34.07571029663086
9090387,2020,2020-11-04,1976,2020-01-08,1500,516,NA,3,5,5,1976,0,0,0,NA,0,NA,WHITTIER BL,VIRGINIA AV,168,W,N,-,-,Y,LA,7,72,-,-,0.8,H,-,S,N,4,0,1,2,A,-,09,21804,A,N,H,G,A,A,H,-,A,D,0,NA,Y,NA,NA,Y,NA,A,01,0,0,1,0,0,0,1,0,0,-,-,NA,NA,LOS ANGELES,WHITTIER,-117.98961639404295,33.94286346435547
90903872,2018,2019-01-14,9535,2018-12-14,2123,022142,NA,5,2,9,1900,0,2,4,NA,2,022,OLYMPIC BOULEVARD,EASTERN AVENUE,0,NA,Y,A,-,N,NA,NA,NA,NA,NA,NA,NA,NA,NA,Y,4,0,1,2,A,-,09,21801,A,N,D,C,A,A,H,-,C,A,0,NA,NA,NA,NA,Y,NA,I,20,0,0,1,0,0,0,0,0,0,-,-,34.01887893676758,-118.17395782470705,LOS ANGELES,UNINCORPORATED,-118.17389678955078,34.0189094543457
90903884,2018,2019-01-14,9535,2018-12-28,0001,021599,NA,5,3,5,1948,0,1,3,NA,2,620,SR-60 (POMONA FREEWAY) E/B,GREENWOOD AVE,250,W,N,A,-,Y,NA,NA,60,NA,NA,NA,NA,NA,E,N,4,0,1,1,C,-,18,NA,NA,N,E,J,A,A,H,-,C,D,0,NA,NA,NA,NA,Y,NA,-,-,0,0,1,0,0,0,0,0,0,-,-,34.03398895263672,-118.10855102539064,LOS ANGELES,MONTEREY PARK,-118.10855865478516,34.03401565551758
9090390,2020,2020-07-14,1942,2020-03-30,2055,42180,1267,1,5,7,1942,0,0,0,L,0,12A31,FIGUEROA ST,MANCHESTER AV,25,N,N,A,-,N,NA,NA,NA,NA,NA,NA,NA,NA,NA,N,4,0,1,2,A,-,09,21801,A,F,D,C,A,A,H,-,C,A,0,NA,NA,NA,NA,Y,Y,-,NA,0,0,1,0,0,0,0,0,0,-,-,NA,NA,LOS ANGELES,LOS ANGELES,-118.28273010253906,33.96012878417969
90903916,2019,2019-01-14,9565,2019-01-02,0940,021512,NA,3,1,7,1942,0,1,1,NA,2,063,I-405 S/B (SAN DIEGO FWY),SANTA MONICA BLVD,200,S,N,A,-,Y,NA,NA,405,NA,NA,NA,NA,NA,S,Y,4,0,2,6,A,-,03,22350,NA,N,C,C,A,A,H,-,A,D,0,NA,NA,NA,NA,Y,NA,A,07,0,0,2,0,0,0,0,0,0,-,-,34.04328155517578,-118.44373321533205,LOS ANGELES,LOS ANGELES,-118.44367980957033,34.04332733154297
90903923,2019,2019-01-14,9535,2019-01-04,0115,021778,NA,5,3,9,1900,0,1,1,NA,2,501,I-5 (SANTA ANA FREEWAY) S/B,OLYMPIC BLVD.,200,N,N,A,-,Y,NA,NA,NA,NA,NA,NA,NA,NA,NA,Y,3,0,1,1,A,-,03,22350,NA,N,E,J,A,A,H,-,D,D,0,NA,NA,Y,NA,Y,NA,C,02,0,1,0,0,0,0,0,0,1,-,-,34.017669677734375,-118.17935943603516,LOS ANGELES,UNINCORPORATED,-118.1791763305664,34.01918029785156
90903929,2019,2019-01-14,9575,2019-01-11,0905,021569,NA,5,1,7,1942,0,1,1,NA,2,052,I-5 S/B (GOLDEN STATE FREEWAY),HOLLYWOOD WAY,183,N,N,A,-,Y,NA,NA,5,NA,NA,NA,NA,NA,S,N,4,0,1,3,A,-,03,22350,NA,N,C,C,A,A,H,-,A,D,0,NA,NA,NA,NA,Y,NA,A,01,0,0,1,0,0,0,0,0,0,-,-,34.21247100830078,-118.34902191162108,LOS ANGELES,LOS ANGELES,-118.34901428222656,34.21247863769531
9090394,2020,2020-07-01,1942,2020-03-31,1600,42539,1204,2,5,7,1942,0,0,0,L,0,12A3,S VERMONT AV,W 48TH ST,0,NA,Y,A,-,N,NA,NA,NA,NA,NA,NA,NA,NA,NA,N,4,0,1,2,A,-,12,22450,A,F,C,C,A,A,H,-,A,A,0,NA,NA,NA,NA,Y,NA,-,NA,0,0,1,0,0,0,0,0,0,-,-,NA,NA,LOS ANGELES,LOS ANGELES,-118.29154205322266,33.99959182739258
90903940,2018,2019-06-24,9530,2018-11-16,1530,022060,NA,5,2,9,1900,0,3,5,NA,2,002,UNNAMED ROAD (12200 BLOCK),123RD ST.,50,N,N,A,-,N,NA,NA,NA,NA,NA,NA,NA,NA,NA,N,4,0,1,2,D,-,00,NA,NA,N,G,B,E,A,H,-,A,D,0,Y,NA,NA,NA,Y,NA,-,-,0,0,1,0,1,0,0,0,0,-,-,33.92036056518555,-118.246337890625,LOS ANGELES,UNINCORPORATED,NA,NA
9090395,2020,2020-11-04,1942,2020-03-19,1940,44214,0514,4,5,7,1942,0,0,0,E,0,5A12,BAYVIEW AV,PACIFIC COAST HWY,0,NA,Y,B,-,Y,LA,7,1,-,-,10.963,I,5,N,N,4,0,1,2,A,-,05,21650,1,F,D,G,A,A,H,-,C,A,0,NA,Y,NA,NA,Y,NA,L,04,0,0,1,0,0,0,1,0,0,-,-,NA,NA,LOS ANGELES,LOS ANGELES,-118.27081298828124,33.79082489013672
90903957,2019,2019-01-14,9565,2019-01-03,0955,019398,NA,4,1,7,1942,0,1,1,NA,2,061,I-405 N/B (SAN DIEGO FWY),VENICE BLVD.,50,S,N,A,-,Y,NA,NA,405,NA,NA,NA,NA,NA,N,Y,3,0,4,3,A,-,03,22350,NA,N,C,C,A,A,H,-,A,D,0,NA,NA,NA,NA,Y,NA,A,01,0,4,0,0,0,0,0,0,0,-,-,34.01177978515625,-118.4178466796875,LOS ANGELES,LOS ANGELES,-118.4179229736328,34.01171875
9090398,2020,2020-07-01,1942,2020-03-17,0510,34959,0808,2,5,7,1942,0,0,0,H,0,8A29,MULHOLLAND DR,SUMATRA DR,42,E,N,C,-,N,NA,NA,NA,NA,NA,NA,NA,NA,NA,Y,4,0,1,1,A,-,05,21651,A,N,E,I,A,A,H,-,C,D,0,NA,NA,NA,NA,Y,NA,A,07,0,0,1,0,0,0,0,0,0,-,-,NA,NA,LOS ANGELES,LOS ANGELES,-118.42658996582033,34.131080627441406
90904005,2019,2019-01-14,9545,2019-01-09,2048,021340,NA,3,2,9,1900,0,3,5,NA,2,001,20TH STREET EAST,RANCHO VISTA BLVD,416,S,N,A,-,N,NA,NA,NA,NA,NA,NA,NA,NA,NA,Y,4,0,1,1,A,-,08,22107,NA,N,E,I,A,A,H,-,D,D,0,NA,NA,NA,NA,Y,NA,A,01,0,0,1,0,0,0,0,0,0,-,-,34.60078048706055,-118.0943603515625,LOS ANGELES,UNINCORPORATED,-118.16545104980467,34.60057067871094
9090401,2020,2020-06-29,1942,2020-03-07,2350,42624,1434,6,5,7,1942,0,0,0,N,0,14A11,CENTINELA AV,CHARNOCK RD,0,NA,Y,A,-,N,NA,NA,NA,NA,NA,NA,NA,NA,NA,N,4,0,1,2,A,-,10,21950,A,N,G,B,B,A,H,-,C,A,0,Y,NA,NA,NA,Y,NA,A,01,0,0,1,0,1,0,0,0,0,-,-,NA,NA,LOS ANGELES,LOS ANGELES,-118.43665313720705,34.00775146484375
90904010,2018,2019-01-14,9530,2018-11-26,1728,021380,NA,1,2,9,1900,0,3,5,NA,2,002,120TH STREET (1700 BLOCK),WILMINGTON AVE.,440,W,N,B,-,N,NA,NA,NA,NA,NA,NA,NA,NA,NA,N,3,0,1,4,A,-,03,22350,NA,M,C,C,A,A,H,-,C,D,0,NA,NA,NA,NA,Y,NA,A,01,0,1,0,0,0,0,0,0,0,-,-,33.92456817626953,-118.24066925048828,LOS ANGELES,UNINCORPORATED,-118.24058532714844,33.92460250854492
90904011,2019,2019-01-14,9540,2019-01-10,1855,021389,NA,4,2,7,1942,0,1,1,NA,2,500,I-5 N/B (GOLDEN STATE FREEWAY),ROXFORD ST.,1584,S,N,A,-,Y,NA,NA,5,NA,NA,NA,NA,NA,N,Y,4,0,1,3,A,-,03,22350,NA,N,C,C,A,A,H,-,E,D,0,NA,NA,NA,Y,Y,NA,G,25,0,0,1,0,0,0,0,0,0,-,-,34.29804992675781,-118.47415161132813,LOS ANGELES,LOS ANGELES,-118.47428131103516,34.29792022705078
9090402,2020,2020-06-29,1942,2020-03-05,0740,41927,1372,4,5,7,1942,0,0,0,M,0,13A75,SLAUSON AV,METTLER ST,0,NA,Y,A,-,N,NA,NA,NA,NA,NA,NA,NA,NA,NA,N,4,0,2,2,A,-,09,21802,A,N,D,C,A,A,H,-,A,A,0,NA,NA,NA,NA,Y,NA,A,01,0,0,2,0,0,0,0,0,0,-,-,NA,NA,LOS ANGELES,LOS ANGELES,-118.2664031982422,33.98923873901367
90904025,2019,2019-01-14,9565,2019-01-01,1440,022145,NA,2,2,9,1900,0,2,4,NA,2,021,VERMONT AVE,COLDEN AVE,0,NA,Y,A,-,N,NA,NA,NA,NA,NA,NA,NA,NA,NA,Y,4,0,2,2,A,-,09,21801,A,N,D,C,A,A,H,-,A,A,0,NA,NA,NA,NA,Y,NA,A,01,0,0,2,0,0,0,0,0,0,-,-,33.948570251464844,-118.29205322265624,LOS ANGELES,UNINCORPORATED,-118.29190063476564,33.94913864135742
90904027,2019,2019-01-14,9550,2019-01-08,1245,021954,NA,2,1,9,1900,0,2,4,NA,1,051,NOGALES STREET,STATE ROUTE 60 (POMONA FREEWAY),430,S,N,A,-,N,NA,NA,NA,NA,NA,NA,NA,NA,NA,N,4,0,1,2,A,-,03,22350,NA,N,C,C,A,A,H,-,A,A,0,NA,NA,NA,NA,Y,NA,A,08,0,0,1,0,0,0,0,0,0,-,-,33.992801666259766,-118.88873291015624,LOS ANGELES,UNINCORPORATED,-117.88874816894533,33.99288558959961
90904029,2018,2019-01-14,9530,2018-12-04,1210,022132,NA,2,1,7,1941,0,1,1,NA,2,420,I-405 N/B TO I-710 N/B,I-710,1584,S,N,A,-,Y,NA,NA,405,NA,NA,NA,R,NA,N,Y,4,0,1,1,A,-,08,22107,NA,N,E,I,A,A,H,-,A,D,0,NA,NA,NA,NA,Y,NA,A,01,0,0,1,0,0,0,0,0,0,-,-,33.823551177978516,-118.19863128662108,LOS ANGELES,LONG BEACH,-118.19863128662108,33.823551177978516
9090403,2020,2020-06-29,1942,2020-03-13,2140,41376,1414,5,5,7,1942,0,0,0,N,0,14A13,LINCOLN BL,ROSE AV,0,NA,Y,C,-,N,NA,NA,NA,NA,NA,NA,NA,NA,NA,Y,2,0,1,2,A,-,09,21801,A,N,D,C,A,B,H,-,C,A,0,NA,NA,Y,NA,Y,NA,A,01,1,0,0,0,0,0,0,0,1,-,-,NA,NA,LOS ANGELES,LOS ANGELES,-118.46784973144533,34.00135040283203
9090404,2020,2020-06-29,1942,2020-03-13,2250,36233,2029,5,5,7,1942,0,0,0,NA,0,20A45W,6TH ST,COMMONWEALTH AV,0,NA,Y,B,-,N,NA,NA,NA,NA,NA,NA,NA,NA,NA,N,3,0,4,2,A,-,12,21453,A,N,D,C,A,A,H,-,C,A,0,NA,NA,NA,NA,Y,NA,A,01,0,1,3,0,0,0,0,0,0,-,-,NA,NA,LOS ANGELES,LOS ANGELES,-118.2856674194336,34.0637092590332
9090405,2020,2020-06-29,1942,2020-03-31,0555,33169,1469,2,5,7,1942,0,0,0,N,0,14A67,LA CIENEGA BL,HILL ST,0,NA,Y,A,-,N,NA,NA,NA,NA,NA,NA,NA,NA,NA,N,4,0,1,2,A,-,10,21950,A,F,G,B,B,A,H,-,C,A,0,Y,NA,NA,NA,Y,NA,-,99,0,0,1,0,1,0,0,0,0,-,-,NA,NA,LOS ANGELES,LOS ANGELES,-118.37017822265624,33.97303009033203
90904050,2018,2019-01-14,9535,2018-12-29,0532,016915,NA,6,3,5,1906,0,1,1,NA,2,650,I-605 N/B (SAN GABRIEL RIVER FREEWAY),I-10,700,S,N,A,-,Y,NA,NA,605,NA,NA,NA,NA,NA,N,Y,4,0,1,2,A,-,03,22350,NA,N,C,C,A,A,H,-,C,D,0,NA,NA,NA,NA,Y,NA,A,01,0,0,1,0,0,0,0,0,0,-,-,34.06290054321289,-118.00021362304688,LOS ANGELES,BALDWIN PARK,-118.0002212524414,34.06290054321289
90904053,2019,2019-01-14,9550,2019-01-09,0750,015382,NA,3,1,9,1900,0,3,5,NA,2,003,PALM AVENUE,RIDLEY AVE.,4,W,N,A,-,N,NA,NA,NA,NA,NA,NA,NA,NA,NA,N,4,0,1,2,A,-,10,21950,A,N,G,B,B,A,H,-,A,A,0,Y,NA,NA,NA,Y,NA,A,07,0,0,1,0,1,0,0,0,0,-,-,34.01462173461914,-117.98548889160156,LOS ANGELES,UNINCORPORATED,-117.98540496826172,34.014686584472656
90904055,2019,2019-01-14,9545,2019-01-08,1540,014790,NA,2,2,9,1900,0,3,5,NA,2,004,AVENUE R-2,105TH ST E,215,E,N,A,-,N,NA,NA,NA,NA,NA,NA,NA,NA,NA,Y,2,0,1,2,A,-,09,21801,A,N,D,C,A,A,H,-,A,D,0,NA,NA,Y,NA,Y,NA,A,01,1,0,0,0,0,0,0,0,1,-,-,34.570701599121094,-117.94249725341795,LOS ANGELES,UNINCORPORATED,-117.94249725341795,34.570648193359375
90904056,2019,2019-01-14,9540,2019-01-11,0720,018037,NA,5,1,9,1900,0,1,3,NA,1,143,SR-14 S/B (ANTELOPE VALLEY FREEWAY),SIERRA HIGHWAY U/C,162,N,N,B,-,Y,NA,NA,14,NA,NA,NA,NA,NA,S,Y,4,0,2,3,A,-,03,22350,NA,N,C,C,A,A,H,-,A,D,0,NA,NA,NA,NA,Y,NA,A,01,0,0,2,0,0,0,0,0,0,-,-,34.33932113647461,-118.50701904296876,LOS ANGELES,UNINCORPORATED,-118.50701904296876,34.33932113647461
90904059,2018,2019-01-14,9535,2018-12-28,1612,022100,NA,5,2,5,1943,0,1,1,NA,2,074,I-710 (LONG BEACH FREEWAY) N/B,IMPERIAL HWY,1000,S,N,A,-,Y,NA,NA,710,NA,NA,NA,NA,NA,N,Y,4,0,2,4,A,-,04,21703,NA,N,C,C,A,A,H,-,A,D,0,NA,NA,NA,NA,Y,NA,D,22,0,0,2,0,0,0,0,0,0,-,-,33.92795181274414,-118.17816925048828,LOS ANGELES,LYNWOOD,-118.17832946777344,33.92789077758789
9090406,2020,2020-06-29,1942,2020-03-06,1950,40829,1342,5,5,7,1942,0,0,0,M,0,13A41,MAIN,JEFFERSON,3,N,N,A,-,N,NA,NA,NA,NA,NA,NA,NA,NA,NA,Y,4,0,1,2,A,-,09,21801,NA,N,D,C,A,A,H,-,C,A,0,NA,NA,NA,NA,Y,NA,A,01,0,0,1,0,0,0,0,0,0,-,-,NA,NA,LOS ANGELES,LOS ANGELES,-118.27261352539064,34.018646240234375
9090407,2020,2020-06-29,1942,2020-03-22,2200,40899,1414,7,5,7,1942,0,0,0,N,0,14A13,LINCOLN BL,BROOKS AV,30,N,N,C,-,N,NA,NA,NA,NA,NA,NA,NA,NA,NA,N,4,0,1,2,A,-,10,21950,A,F,G,B,B,B,H,-,C,D,0,Y,NA,NA,NA,Y,NA,-,99,0,0,1,0,1,0,0,0,0,-,-,NA,NA,LOS ANGELES,LOS ANGELES,-118.46261596679688,33.998809814453125
9090408,2020,2020-06-29,1942,2020-03-25,1850,41139,2019,3,5,7,1942,0,0,0,NA,0,2A5,W TEMPLE ST,N VIRGIL AV,30,W,N,B,-,N,NA,NA,NA,NA,NA,NA,NA,NA,NA,N,3,0,1,2,A,-,11,21954,A,N,G,B,E,A,H,-,A,D,0,Y,NA,NA,NA,Y,NA,N,60,0,1,0,0,1,0,0,0,0,-,-,NA,NA,LOS ANGELES,LOS ANGELES,-118.2868194580078,34.0767707824707
9090409,2020,2020-06-29,1942,2020-03-19,1440,38262,1432,4,5,7,1942,0,0,0,N,0,14A13,VENICE BL,LINCOLN BL,30,E,N,A,-,N,NA,NA,NA,NA,NA,NA,NA,NA,NA,N,3,0,1,2,A,-,03,22350,NA,F,H,G,A,A,H,-,A,D,0,NA,Y,NA,NA,Y,NA,-,99,0,1,0,0,0,0,1,0,0,-,-,NA,NA,LOS ANGELES,LOS ANGELES,-118.45276641845705,33.994140625
90904092,2018,2019-01-14,9530,2018-12-03,1720,021994,NA,1,2,9,1900,0,3,5,NA,2,002,MCKINLEY AVE (BLOCK 13000),131ST ST.,180,N,N,A,-,N,NA,NA,NA,NA,NA,NA,NA,NA,NA,N,4,0,2,2,D,-,00,NA,NA,N,B,E,A,A,H,-,C,D,0,NA,NA,NA,NA,Y,NA,-,-,0,0,2,0,0,0,0,0,0,-,-,33.91373825073242,-118.26151275634766,LOS ANGELES,UNINCORPORATED,-118.261474609375,33.91374206542969