CASE_ID,ACCIDENT_YEAR,PROC_DATE,JURIS,COLLISION_DATE,COLLISION_TIME,OFFICER_ID,REPORTING_DISTRICT,DAY_OF_WEEK,CHP_SHIFT,POPULATION,CNTY_CITY_LOC,SPECIAL_COND,BEAT_TYPE,CHP_BEAT_TYPE,CITY_DIVISION_LAPD,CHP_BEAT_CLASS,BEAT_NUMBER,PRIMARY_RD,SECONDARY_RD,DISTANCE,DIRECTION,INTERSECTION,WEATHER_1,WEATHER_2,STATE_HWY_IND,CALTRANS_COUNTY,CALTRANS_DISTRICT,STATE_ROUTE,ROUTE_SUFFIX,POSTMILE_PREFIX,POSTMILE,LOCATION_TYPE,RAMP_INTERSECTION,SIDE_OF_HWY,TOW_AWAY,COLLISION_SEVERITY,NUMBER_KILLED,NUMBER_INJURED,PARTY_COUNT,PRIMARY_COLL_FACTOR,PCF_CODE_OF_VIOL,PCF_VIOL_CATEGORY,PCF_VIOLATION,PCF_VIOL_SUBSECTION,HIT_AND_RUN,TYPE_OF_COLLISION,MVIW,PED_ACTION,ROAD_SURFACE,ROAD_COND_1,ROAD_COND_2,LIGHTING,CONTROL_DEVICE,CHP_ROAD_TYPE,PEDESTRIAN_ACCIDENT,BICYCLE_ACCIDENT,MOTORCYCLE_ACCIDENT,TRUCK_ACCIDENT,NOT_PRIVATE_PROPERTY,ALCOHOL_INVOLVED,STWD_VEHTYPE_AT_FAULT,CHP_VEHTYPE_AT_FAULT,COUNT_SEVERE_INJ,COUNT_VISIBLE_INJ,COUNT_COMPLAINT_PAIN,COUNT_PED_KILLED,COUNT_PED_INJURED,COUNT_BICYCLIST_KILLED,COUNT_BICYCLIST_INJURED,COUNT_MC_KILLED,COUNT_MC_INJURED,PRIMARY_RAMP,SECONDARY_RAMP,LATITUDE,LONGITUDE,COUNTY,CITY,POINT_X,POINT_Y
9090937,2020,2020-06-26,1942,2020-03-25,0850,34251,2081,3,5,7,1942,0,0,0,NA,0,20A71,S WESTERN AV 1,WEST WASHINGTON BL,0,NA,Y,B,-,N,NA,NA,NA,NA,NA,NA,NA,NA,NA,Y,4,0,2,2,A,-,12,21453,A,F,D,C,A,A,H,-,A,A,0,NA,NA,NA,NA,Y,NA,-,99,0,0,2,0,0,0,0,0,0,-,-,NA,NA,LOS ANGELES,LOS ANGELES,NA,NA
9090938,2020,2020-06-26,1942,2020-03-21,0230,43089,2029,6,5,7,1942,0,0,0,NA,0,2A69,VERMONT AV,3RD ST,15,N,N,C,-,N,NA,NA,NA,NA,NA,NA,NA,NA,NA,Y,3,0,1,2,A,-,12,21453,NA,N,A,C,A,B,H,-,C,A,0,NA,NA,NA,NA,Y,NA,A,01,0,1,0,0,0,0,0,0,0,-,-,NA,NA,LOS ANGELES,LOS ANGELES,-118.29164886474608,34.069091796875
9090939,2020,2020-06-26,1942,2020-03-31,1605,42664,2029,2,5,7,1942,0,0,0,NA,0,20A39,VIRGIL AV,6TH ST,0,NA,Y,A,-,N,NA,NA,NA,NA,NA,NA,NA,NA,NA,Y,4,0,2,2,A,-,09,21801,A,N,D,C,A,A,H,-,A,A,0,NA,NA,NA,NA,Y,NA,A,01,0,0,2,0,0,0,0,0,0,-,-,NA,NA,LOS ANGELES,LOS ANGELES,-118.28704833984376,34.06372833251953
90909395,2019,2019-01-23,9545,2019-01-12,1835,021173,NA,6,2,9,1900,0,1,3,NA,1,042,SR-138 W/B,SR-18 N/B,425,W,N,B,C,Y,NA,NA,138,NA,NA,NA,NA,NA,W,Y,3,0,1,1,A,-,03,22350,NA,N,F,A,A,B,H,-,D,D,0,NA,NA,NA,NA,Y,NA,A,01,0,1,0,0,0,0,0,0,0,-,-,34.49858093261719,-117.73980712890624,LOS ANGELES,UNINCORPORATED,-117.73981475830078,34.49850082397461
9090940,2020,2020-06-26,1942,2020-03-25,2340,43965,2014,3,5,7,1942,0,0,0,NA,0,20A1,NORMANDIE AV,COUNCIL ST,0,NA,-,A,-,N,NA,NA,NA,NA,NA,NA,NA,NA,NA,Y,4,0,1,3,A,-,03,22350,NA,N,A,E,A,A,H,-,C,D,0,NA,NA,NA,NA,Y,NA,-,NA,0,0,1,0,0,0,0,0,0,-,-,NA,NA,LOS ANGELES,LOS ANGELES,-118.30040740966795,34.07530975341797
90909404,2019,2019-01-23,9530,2019-01-11,1951,022084,NA,5,2,9,1900,0,3,5,NA,2,004,DEL AMO BLVD. (2300 BLOCK),RANCHO WAY,450,W,N,A,-,N,NA,NA,NA,NA,NA,NA,NA,NA,NA,Y,3,0,1,2,A,-,03,22350,NA,N,D,C,A,A,H,-,C,D,0,NA,NA,NA,Y,Y,NA,A,01,0,1,0,0,0,0,0,0,0,-,-,33.84669876098633,-118.22550201416016,LOS ANGELES,UNINCORPORATED,-118.22525024414064,33.846736907958984
90909408,2019,2019-01-23,9530,2019-01-14,1025,021623,NA,1,1,9,1900,0,1,1,NA,2,120,I-110 N/B (HARBOR FREEWAY),220TH ST.,100,N,N,B,C,Y,NA,NA,110,NA,NA,NA,NA,NA,N,Y,4,0,1,1,A,-,08,22107,NA,N,E,I,A,B,H,-,A,D,0,NA,NA,NA,NA,Y,NA,A,07,0,0,1,0,0,0,0,0,0,-,-,33.82912063598633,-118.2870635986328,LOS ANGELES,UNINCORPORATED,-118.28724670410156,33.82912063598633
9090941,2020,2020-06-26,1942,2020-03-20,1730,34393,0758,5,5,7,1942,0,0,0,G,0,7A33W2,PICO BL,QUEEN ANNE PL,0,NA,Y,A,-,N,NA,NA,NA,NA,NA,NA,NA,NA,NA,N,4,0,2,2,A,-,03,22350,NA,N,D,C,A,A,H,-,A,D,0,NA,NA,NA,NA,Y,NA,-,NA,0,0,2,0,0,0,0,0,0,-,-,NA,NA,LOS ANGELES,LOS ANGELES,-118.33261871337892,34.048370361328125
90909411,2019,2019-01-23,9545,2019-01-12,0431,015589,NA,6,3,9,1900,0,1,3,NA,2,011,SR-14 N/B,AVENUE C,1056,S,N,B,C,Y,NA,NA,14,NA,NA,NA,NA,NA,N,Y,2,0,3,2,A,-,01,23152,A,N,A,D,A,B,H,-,D,D,0,NA,NA,NA,NA,Y,Y,A,01,3,0,0,0,0,0,0,0,0,-,-,34.78828048706055,-118.17064666748048,LOS ANGELES,UNINCORPORATED,-118.17056274414064,34.78828048706055
90909417,2019,2019-01-23,9590,2019-01-14,1810,021111,NA,1,2,7,1942,0,1,1,NA,2,051,I-110 S/B (HARBOR FREEWAY),SLAUSON AVENUE,500,S,N,B,C,Y,NA,NA,NA,NA,NA,NA,NA,NA,NA,Y,4,0,2,2,A,-,03,22350,NA,N,C,C,A,B,H,-,B,D,0,NA,NA,NA,NA,Y,NA,A,01,0,0,2,0,0,0,0,0,0,-,-,34.99214172363281,-118.28072357177734,LOS ANGELES,LOS ANGELES,-118.28076934814452,33.987789154052734
90909419,2019,2019-01-23,9530,2019-01-14,1800,020140,NA,1,2,9,1900,0,3,5,NA,2,002,135TH ST.,AVALON BLVD.,0,NA,Y,B,-,N,NA,NA,NA,NA,NA,NA,NA,NA,NA,Y,3,0,2,2,A,-,09,21801,A,N,D,C,A,B,H,-,C,A,0,NA,NA,NA,NA,Y,NA,D,22,0,1,1,0,0,0,0,0,0,-,-,33.909141540527344,-118.26531219482422,LOS ANGELES,UNINCORPORATED,-118.26531219482422,33.9091796875
9090942,2020,2020-06-29,1942,2020-03-20,1500,42839,0719,5,5,7,1942,0,0,0,G,0,7A17,LARCHMONT BL,BEVERLY BL,0,NA,Y,A,-,N,NA,NA,NA,NA,NA,NA,NA,NA,NA,N,4,0,2,2,A,-,04,21703,NA,N,C,C,A,A,H,-,A,A,0,NA,NA,NA,NA,Y,NA,-,NA,0,0,2,0,0,0,0,0,0,-,-,NA,NA,LOS ANGELES,LOS ANGELES,-118.32363128662108,34.07622146606445
9090943,2020,2020-07-16,1942,2020-03-16,1415,42664,0752,1,5,7,1942,0,0,0,G,0,7A53,PICO BL,S CRESCENT HEIGHTS BL,0,NA,Y,B,-,N,NA,NA,NA,NA,NA,NA,NA,NA,NA,Y,4,0,1,2,A,-,12,21453,A,N,D,C,A,A,H,-,A,A,0,NA,NA,NA,NA,Y,NA,-,-,0,0,1,0,0,0,0,0,0,-,-,NA,NA,LOS ANGELES,LOS ANGELES,-118.37210083007813,34.05253982543945
9090944,2020,2020-06-29,1942,2020-03-13,1400,44036,077,5,5,7,1942,0,0,0,G,0,7A47,S WASHINGTON BL,REDONDO BL,7,E,N,C,-,N,NA,NA,NA,NA,NA,NA,NA,NA,NA,N,4,0,1,2,A,-,08,22100,A,N,B,C,A,B,H,-,A,A,0,NA,NA,NA,NA,Y,NA,M,47,0,0,1,0,0,0,0,0,0,-,-,NA,NA,LOS ANGELES,LOS ANGELES,-118.35279083251952,34.04120635986328
90909440,2019,2019-01-23,9590,2019-01-15,0925,016127,NA,2,1,7,1942,0,1,1,NA,2,500,I-110 N/B (HARBOR FREEWAY),37TH STREET,300,S,N,A,-,Y,NA,NA,110,NA,NA,NA,NA,NA,N,N,4,0,1,2,A,-,03,22350,NA,N,C,C,A,A,H,-,A,D,0,NA,NA,NA,NA,Y,NA,A,07,0,0,1,0,0,0,0,0,0,-,-,34.02067947387695,-118.27819061279295,LOS ANGELES,LOS ANGELES,-118.27822875976564,34.02070617675781
9090945,2020,2020-06-29,1942,2020-03-14,2140,43906,0717,6,5,7,1942,0,0,0,G,0,7A47,ROSSMORE AV,BEVERLY BL,45,N,N,A,-,N,NA,NA,NA,NA,NA,NA,NA,NA,NA,N,4,0,1,2,A,-,03,22350,NA,N,C,C,A,A,H,-,C,D,0,NA,NA,NA,NA,Y,NA,-,NA,0,0,1,0,0,0,0,0,0,-,-,NA,NA,LOS ANGELES,LOS ANGELES,-118.32717895507813,34.076202392578125
90909451,2018,2019-01-23,9530,2018-12-28,1235,022083,NA,5,1,7,1942,0,1,1,NA,2,110,I-110 N/B (HARBOR FREEWAY),I-105 E/B (GLENN ANDERSON FWY),1100,S,N,A,-,Y,NA,NA,110,NA,NA,NA,NA,NA,N,N,3,0,1,4,A,-,03,22350,NA,N,C,C,A,A,H,-,A,D,0,NA,NA,NA,NA,Y,NA,A,01,0,1,0,0,0,0,0,0,0,-,-,33.92510986328125,-118.2810516357422,LOS ANGELES,LOS ANGELES,-118.28108978271484,33.925113677978516
90909453,2019,2019-01-23,9545,2019-01-12,1550,020849,NA,6,2,9,1900,0,1,3,NA,2,021,SR-14 N/B FROM PALMDALE BL E/B,PALMDALE BLVD,200,S,N,C,-,Y,NA,NA,NA,NA,NA,NA,NA,NA,NA,N,3,0,1,1,A,-,03,22350,NA,N,E,I,A,B,H,-,A,D,0,NA,NA,NA,NA,Y,NA,D,22,0,1,0,0,0,0,0,0,0,-,-,34.58041000366211,-118.13340759277344,LOS ANGELES,UNINCORPORATED,-118.13362884521484,34.580780029296875
9090946,2020,2020-06-29,1942,2020-03-20,1130,37511,0765,5,5,7,1942,0,0,0,G,0,7A47,W PICO BL,S ORANGE DR,100,E,N,B,-,N,NA,NA,NA,NA,NA,NA,NA,NA,NA,Y,4,0,1,4,A,-,08,22100,5,N,B,C,A,A,H,-,A,B,0,NA,NA,NA,NA,Y,NA,A,01,0,0,1,0,0,0,0,0,0,-,-,NA,NA,LOS ANGELES,LOS ANGELES,-118.34669494628906,34.04780197143555
90909461,2019,2019-01-23,9530,2019-01-14,1710,022132,NA,1,2,5,1943,0,1,1,NA,2,210,I-105 E/B (GLENN ANDERSON FWY),LONG BEACH BLVD.,2640,W,N,B,C,Y,NA,NA,105,NA,NA,NA,NA,NA,E,Y,4,0,1,2,A,-,03,22350,NA,N,C,C,A,B,H,-,D,D,0,NA,NA,NA,NA,Y,NA,A,07,0,0,1,0,0,0,0,0,0,-,-,33.9281005859375,-118.21761322021484,LOS ANGELES,LYNWOOD,-118.21761322021484,33.9280891418457
90909464,2019,2019-01-23,9580,2019-01-14,0920,014592,NA,1,1,7,1942,0,1,3,NA,2,117,SR-118 W/B (RONALD REAGAN FWY.),CORBIN AVE,10,W,N,B,C,Y,NA,NA,118,NA,NA,NA,NA,NA,W,Y,4,0,2,3,A,-,03,22350,NA,N,C,C,A,B,H,-,A,D,0,NA,NA,NA,NA,Y,NA,A,01,0,0,2,0,0,0,0,0,0,-,-,34.273101806640625,-118.5626220703125,LOS ANGELES,LOS ANGELES,-118.56261444091795,34.27311706542969
9090947,2020,2020-06-29,1942,2020-03-20,1700,42750,0723,5,5,7,1942,0,0,0,G,0,7A34-W,FAIRFAX AV,3RD ST,0,NA,-,A,-,N,NA,NA,NA,NA,NA,NA,NA,NA,NA,N,4,0,1,2,A,-,10,21950,A,N,G,B,E,A,H,-,A,A,0,Y,NA,NA,NA,Y,NA,A,01,0,0,1,0,1,0,0,0,0,-,-,NA,NA,LOS ANGELES,LOS ANGELES,-118.36144256591795,34.07154846191406
9090948,2020,2020-06-29,1942,2020-03-20,1700,43749,0769,5,5,7,1942,0,0,0,G,0,7A32,PICO BL,3RD ST,0,NA,N,A,-,N,NA,NA,NA,NA,NA,NA,NA,NA,NA,N,4,0,2,2,A,-,09,21804,A,N,B,C,A,A,H,-,A,A,0,NA,NA,NA,NA,Y,NA,A,01,0,0,2,0,0,0,0,0,0,-,-,NA,NA,LOS ANGELES,LOS ANGELES,-118.32008361816406,34.0472297668457
90909485,2019,2019-01-23,9530,2019-01-14,0820,021493,NA,1,1,5,1977,0,1,3,NA,2,310,SR-91 E/B (ARTESIA FREEWAY),AVALON BLVD.,800,W,N,B,C,Y,NA,NA,91,NA,NA,NA,NA,NA,E,Y,3,0,1,2,A,-,07,21658,A,N,B,C,A,B,H,-,A,D,0,NA,NA,NA,NA,Y,NA,-,-,0,1,0,0,0,0,0,0,0,-,-,33.87274169921875,-118.26879119873048,LOS ANGELES,CARSON,-118.26879119873048,33.87275314331055
90909489,2019,2019-01-23,9545,2019-01-13,1755,020655,NA,7,2,9,1900,0,1,3,NA,1,042,SR-138,136TH ST  E,285,W,N,A,-,Y,NA,NA,138,NA,NA,NA,NA,NA,NA,Y,4,0,5,2,A,-,03,22350,NA,N,C,C,A,A,H,-,D,A,0,NA,NA,NA,NA,Y,NA,A,01,0,0,5,0,0,0,0,0,0,-,-,34.5064697265625,-117.88897705078124,LOS ANGELES,UNINCORPORATED,-117.88897705078124,34.50643539428711
9090949,2020,2020-06-29,1942,2020-04-02,1450,37715,0739,4,5,7,1942,0,0,0,G,0,7A17,W 6TH ST,S ARDEN BL,0,NA,Y,A,-,N,NA,NA,NA,NA,NA,NA,NA,NA,NA,Y,4,0,2,2,A,-,12,21453,A,N,D,C,A,A,H,-,A,A,0,NA,NA,NA,NA,Y,NA,-,-,0,0,2,0,0,0,0,0,0,-,-,NA,NA,LOS ANGELES,LOS ANGELES,-118.32582855224608,34.06364822387695
90909496,2019,2019-07-18,9540,2019-01-21,0432,021361,NA,1,3,9,1900,0,2,4,NA,1,201,SIERRA HIGHWAY (35400 BLOCK),PENMAN RD,286,S,N,A,-,N,NA,NA,NA,NA,NA,NA,NA,NA,NA,Y,2,0,4,2,A,-,01,23152,A,N,A,C,A,A,H,-,D,D,0,NA,NA,NA,NA,Y,Y,D,22,3,1,0,0,0,0,0,0,0,-,-,34.52119827270508,-118.2656021118164,LOS ANGELES,UNINCORPORATED,-118.265380859375,34.52125549316406
9090950,2020,2020-06-29,1942,2020-03-28,1750,36553,0705,6,5,7,1942,0,0,0,G,0,7A1,MELROSE AV,N LA BREA AV,0,NA,Y,A,-,N,NA,NA,NA,NA,NA,NA,NA,NA,NA,N,4,0,1,2,D,-,00,NA,NA,N,D,C,A,A,H,-,A,A,0,NA,NA,NA,NA,Y,NA,-,-,0,0,1,0,0,0,0,0,0,-,-,NA,NA,LOS ANGELES,LOS ANGELES,-118.34407043457033,34.08345031738281
9090951,2020,2020-06-29,1942,2020-03-28,1206,38262,0721,6,5,7,1942,0,0,0,G,0,7A21,W 3RD ST,S DOHENY DR,0,NA,Y,A,-,N,NA,NA,NA,NA,NA,NA,NA,NA,NA,Y,4,0,2,2,A,-,12,21453,A,N,D,C,A,A,H,-,A,A,0,NA,NA,NA,NA,Y,NA,-,-,0,0,2,0,0,0,0,0,0,-,-,NA,NA,LOS ANGELES,LOS ANGELES,-118.38971710205078,34.073631286621094
90909512,2019,2019-01-23,9590,2019-01-05,0014,021848,NA,6,3,7,1942,0,1,1,NA,2,051,I-110 S/B (HARBOR FREEWAY),MANCHESTER AVENUE,150,S,N,A,-,Y,NA,NA,110,NA,NA,NA,NA,NA,S,N,4,0,1,2,D,-,00,NA,NA,N,B,C,A,A,D,-,C,D,0,NA,NA,Y,NA,Y,NA,-,-,0,0,1,0,0,0,0,0,1,-,-,33.95970916748047,-118.28108215332033,LOS ANGELES,LOS ANGELES,-118.28092956542967,33.95970916748047
9090952,2020,2020-06-29,1942,2020-03-08,1830,38801,NA,7,5,7,1942,0,0,0,NA,0,7A76,PICO BL,HAUSER BL,0,NA,Y,A,-,N,NA,NA,NA,NA,NA,NA,NA,NA,NA,Y,4,0,2,3,A,-,12,21453,A,N,D,C,A,A,H,-,A,A,0,NA,NA,NA,NA,Y,NA,A,08,0,0,2,0,0,0,0,0,0,-,-,NA,NA,LOS ANGELES,LOS ANGELES,-118.35687255859376,34.04869842529297
90909524,2019,2019-01-23,9590,2019-01-11,1615,021190,NA,5,2,7,1942,1,4,S,NA,2,901,VERMONT AVENUE (3500 BLOCK),FLORENCE AVENUE,50,N,N,A,-,N,NA,NA,NA,NA,NA,NA,NA,NA,NA,Y,4,0,1,3,A,-,07,21658,A,F,B,C,A,A,H,-,A,A,0,NA,NA,NA,NA,Y,NA,A,07,0,0,1,0,0,0,0,0,0,-,-,33.97481155395508,-118.291748046875,LOS ANGELES,LOS ANGELES,-118.29174041748048,33.97476577758789
9090953,2020,2020-06-29,1942,2020-03-20,0705,42451,0753,5,5,7,1942,0,0,0,G,0,7A53,S ORANGE GROVE AV,PICO BL,0,NA,Y,B,-,N,NA,NA,NA,NA,NA,NA,NA,NA,NA,N,4,0,3,2,A,-,09,21802,A,N,D,C,A,A,H,-,A,A,0,NA,NA,NA,NA,Y,NA,A,01,0,0,3,0,0,0,0,0,0,-,-,NA,NA,LOS ANGELES,LOS ANGELES,-118.3656997680664,34.05131912231445
9090954,2020,2020-06-29,1942,2020-03-06,2310,43906,0711,5,5,7,1942,0,0,0,G,0,0711,FAIRFAX AV,BEVERLY BL,53,N,N,A,-,N,NA,NA,NA,NA,NA,NA,NA,NA,NA,N,4,0,2,2,A,-,08,22107,NA,F,B,C,A,A,H,-,C,D,0,NA,NA,NA,NA,Y,NA,-,99,0,0,2,0,0,0,0,0,0,-,-,NA,NA,LOS ANGELES,LOS ANGELES,-118.36145782470705,34.07624435424805
9090955,2020,2020-06-29,1942,2020-03-25,1230,37966,0702,3,5,7,1942,0,0,0,G,0,7A1,N GARDNER ST,CLINTON ST,25,N,N,A,-,N,NA,NA,NA,NA,NA,NA,NA,NA,NA,N,4,0,2,2,A,-,03,22350,NA,F,C,C,A,A,H,-,A,D,0,NA,NA,NA,NA,Y,NA,-,99,0,0,2,0,0,0,0,0,0,-,-,NA,NA,LOS ANGELES,LOS ANGELES,-118.35324096679688,34.08189010620117
9090956,2020,2020-06-29,1942,2020-03-05,1800,34882,0706,4,5,7,1942,0,0,0,G,0,7A17,MC CADDEN PL,MELROSE AV,0,NA,Y,A,-,N,NA,NA,NA,NA,NA,NA,NA,NA,NA,N,4,0,2,2,A,-,09,21802,A,F,D,C,A,A,H,-,A,A,0,NA,NA,NA,NA,Y,NA,-,99,0,0,2,0,0,0,0,0,0,-,-,NA,NA,LOS ANGELES,LOS ANGELES,-118.33740997314452,34.08348083496094
90909566,2019,2019-01-23,9535,2019-01-11,1045,017943,NA,5,1,3,1968,0,1,1,NA,2,075,I-710 S/B TO FIRESTONE BLVD.,FILESTONE BLVD,16,N,N,B,-,Y,NA,NA,NA,NA,NA,NA,NA,NA,NA,N,3,0,1,2,A,-,09,21804,A,N,D,G,A,A,H,-,A,A,0,NA,Y,NA,NA,Y,NA,L,04,0,1,0,0,0,0,1,0,0,-,-,33.95011901855469,-118.1719207763672,LOS ANGELES,SOUTH EL MONTE,NA,NA
9090957,2020,2020-06-29,1942,2020-03-04,1830,43928,0782,3,5,7,1942,0,0,0,G,0,7A76,LA CIENEGA BL,CADILLAC AV,0,NA,Y,A,-,N,NA,NA,NA,NA,NA,NA,NA,NA,NA,Y,4,0,1,2,A,-,09,21801,A,F,A,C,A,A,H,-,C,A,0,NA,NA,NA,NA,Y,NA,-,99,0,0,1,0,0,0,0,0,0,-,-,NA,NA,LOS ANGELES,LOS ANGELES,-118.3772201538086,34.038238525390625
9090958,2020,2020-06-29,1942,2020-03-04,1559,39655,0765,3,5,7,1942,0,0,0,G,0,7A85,VENICE BL,S RIMPAU BL,135,E,N,A,-,N,NA,NA,NA,NA,NA,NA,NA,NA,NA,N,4,0,1,2,A,-,08,22107,NA,F,H,G,A,A,H,-,A,D,0,NA,Y,NA,NA,Y,NA,-,99,0,0,1,0,0,0,1,0,0,-,-,NA,NA,LOS ANGELES,LOS ANGELES,-118.3401336669922,34.04679489135742
90909583,2019,2019-01-23,9575,2019-01-17,0900,018762,NA,4,1,6,1953,0,1,3,NA,2,040,SR-134 E/B (VENTURA FREEWAY),SAN RAFAEL AVENUE,260,E,N,B,C,Y,NA,NA,134,NA,NA,NA,NA,NA,E,Y,4,0,1,1,A,-,03,22350,NA,N,E,I,A,B,H,-,A,D,0,NA,NA,NA,NA,Y,NA,A,01,0,0,1,0,0,0,0,0,0,-,-,34.14360046386719,-118.1697006225586,LOS ANGELES,PASADENA,-118.1697235107422,34.14365768432617
9090959,2020,2020-06-29,1942,2020-03-09,0445,38476,0747,1,5,7,1942,0,0,0,G,0,7Z1,HIGHLAND AV,8TH ST,150,S,N,A,-,N,NA,NA,NA,NA,NA,NA,NA,NA,NA,N,4,0,1,3,A,-,03,22350,NA,N,A,E,A,A,H,-,C,D,0,NA,NA,NA,NA,Y,NA,-,NA,0,0,1,0,0,0,0,0,0,-,-,NA,NA,LOS ANGELES,LOS ANGELES,-118.33893585205078,34.05997848510742
9090960,2020,2020-06-29,1942,2020-03-22,2215,33757,0767,7,5,7,1942,0,0,0,G,0,7A69,PICO BL,NORTON AV,35,W,N,C,-,N,NA,NA,NA,NA,NA,NA,NA,NA,NA,N,4,0,1,2,A,-,07,21658,A,F,B,C,A,B,H,-,C,A,0,NA,NA,NA,NA,Y,NA,-,99,0,0,1,0,0,0,0,0,0,-,-,NA,NA,LOS ANGELES,LOS ANGELES,-118.3239517211914,34.04758071899414
90909606,2019,2019-01-23,9525,2019-01-19,1500,021542,NA,6,2,5,1906,0,1,1,NA,2,104,I-10 E/B (SAN BERNARDINO FWY),FRANCISQUITO AVE,100,W,N,A,-,Y,NA,NA,10,NA,NA,NA,NA,NA,E,N,4,0,1,3,A,-,03,22350,NA,N,C,C,A,A,H,-,A,D,0,NA,NA,NA,Y,Y,NA,G,25,0,0,1,0,0,0,0,0,0,-,-,34.06840896606445,-117.9748077392578,LOS ANGELES,BALDWIN PARK,-117.9748077392578,34.0683708190918
90909625,2019,2019-01-23,9590,2019-01-14,1520,021535,NA,1,2,7,1942,0,1,1,NA,2,013,SR-110 S/B (ARROYO SECO PARKWAY),MARMION WAY,800,S,N,C,-,Y,NA,NA,110,NA,NA,NA,NA,NA,S,Y,3,0,1,1,A,-,08,22107,NA,N,E,I,A,B,H,-,A,D,0,NA,NA,NA,NA,Y,NA,A,01,0,1,0,0,0,0,0,0,0,-,-,34.111419677734375,-118.18389129638672,LOS ANGELES,LOS ANGELES,-118.1838607788086,34.111366271972656
90909634,2019,2019-01-23,9550,2019-01-20,1715,021954,NA,7,2,9,1900,0,2,4,NA,1,031,HACIENDA BOULEVARD,LA SUBIDA DRIVE,200,S,N,B,-,N,NA,NA,NA,NA,NA,NA,NA,NA,NA,Y,3,0,1,1,A,-,08,22107,NA,N,E,I,A,A,H,-,A,D,0,NA,NA,NA,NA,Y,NA,A,01,0,1,0,0,0,0,0,0,0,-,-,33.989219665527344,-117.970458984375,LOS ANGELES,UNINCORPORATED,-117.97039031982422,33.989234924316406
90909641,2019,2019-01-23,9530,2019-01-14,0925,021994,NA,1,1,7,1942,0,1,1,NA,2,110,I-105 TO I-110 N/B,IMPERIAL HIGHWAY,470,N,N,C,-,Y,NA,NA,NA,NA,NA,NA,NA,NA,NA,N,4,0,2,2,A,-,08,22107,NA,N,D,C,A,B,H,-,A,D,0,NA,NA,NA,NA,Y,NA,A,01,0,0,2,0,0,0,0,0,0,-,-,33.93251037597656,-118.27955627441406,LOS ANGELES,LOS ANGELES,-118.39288330078124,33.931270599365234
90909658,2019,2019-01-23,9525,2019-01-18,1437,019291,NA,5,2,1,1934,0,1,1,NA,2,203,I-210 W/B (FOOTHILL FWY),IRWINDALE AVE,150,W,N,A,-,Y,NA,NA,210,NA,NA,NA,NA,NA,W,Y,4,0,1,2,A,-,03,22350,NA,N,C,C,A,A,H,-,A,D,0,NA,NA,NA,NA,Y,NA,A,01,0,0,1,0,0,0,0,0,0,-,-,34.129730224609375,-117.9342803955078,LOS ANGELES,IRWINDALE,-117.9342803955078,34.12974548339844
90909663,2019,2019-01-23,9590,2019-01-14,1354,021535,NA,1,1,7,1942,0,1,1,NA,2,012,SR-110 N/B (ARROYO SECO PARKWAY),AVENUE 43,300,N,N,C,-,Y,NA,NA,110,NA,NA,NA,NA,NA,N,Y,4,0,1,1,A,-,08,22107,NA,N,E,I,A,B,H,-,A,D,0,NA,NA,NA,NA,Y,NA,A,07,0,0,1,0,0,0,0,0,0,-,-,34.09469985961914,-118.20581817626952,LOS ANGELES,LOS ANGELES,-118.20586395263672,34.0947265625
90909668,2019,2019-01-23,9590,2019-01-14,1732,022136,NA,1,2,7,1942,0,1,1,NA,2,010,SR-110 N/B (ARROYO SECO PARKWAY),FIGUEROA STREET,500,S,N,C,-,Y,NA,NA,NA,NA,NA,NA,NA,NA,NA,N,4,0,2,3,A,-,03,22350,NA,M,C,C,A,B,H,-,C,D,0,NA,NA,NA,NA,Y,NA,-,99,0,0,2,0,0,0,0,0,0,-,-,34.0802116394043,-119.22590637207033,LOS ANGELES,LOS ANGELES,-118.28409576416016,33.9188232421875
90909680,2019,2019-01-23,9530,2019-01-14,0830,020427,NA,1,1,9,1900,0,3,5,NA,2,002,EL SEGUNDO BLVD. (400 BLOCK),W. ATHENS WAY,10,E,N,B,C,N,NA,NA,NA,NA,NA,NA,NA,NA,NA,N,4,0,1,2,A,-,07,21658,A,F,B,C,A,B,H,-,A,A,0,NA,NA,NA,NA,Y,NA,-,99,0,0,1,0,0,0,0,0,0,-,-,33.916351318359375,-118.28112030029295,LOS ANGELES,UNINCORPORATED,-118.28118896484376,33.916419982910156
90909687,2019,2019-01-23,9545,2019-01-14,1345,020849,NA,1,1,9,1900,0,1,3,NA,2,031,SR-14,SIERRA HWY,140,N,N,C,-,Y,NA,NA,14,NA,NA,NA,NA,NA,NA,N,3,0,1,2,A,-,03,22350,NA,N,E,I,A,B,H,-,A,D,0,NA,NA,NA,NA,Y,NA,D,22,0,1,0,0,0,0,0,0,0,-,-,34.488121032714844,-118.1389389038086,LOS ANGELES,UNINCORPORATED,-118.13896942138672,34.4881591796875
90909709,2018,2019-01-23,9525,2018-12-16,1205,22159,NA,7,1,6,1975,0,1,1,NA,2,106,I-10 E/B (SAN BERNARDINO FWY),VINCENT AVE,1400,E,N,A,-,Y,NA,NA,10,NA,NA,NA,NA,NA,E,Y,4,0,1,3,A,-,08,22107,NA,N,B,C,A,A,H,-,A,D,0,NA,NA,Y,NA,Y,NA,A,01,0,0,1,0,0,0,0,0,0,-,-,34.072200775146484,-117.92194366455078,LOS ANGELES,WEST COVINA,-117.92194366455078,34.07217025756836
90909729,2019,2019-01-23,9590,2019-01-15,1958,018345,NA,2,2,7,1942,0,1,1,NA,2,061,I-10 WB (SMF),ARLINGTON AVE,400,E,N,B,C,Y,NA,NA,10,NA,NA,NA,NA,NA,W,Y,3,0,1,2,A,-,07,21658,A,F,B,C,A,B,H,-,D,D,0,NA,NA,NA,NA,Y,NA,A,01,0,1,0,0,0,0,0,0,0,-,-,34.03702926635742,-118.3168716430664,LOS ANGELES,LOS ANGELES,-118.31685638427734,34.03691482543945