CASE_ID,ACCIDENT_YEAR,PROC_DATE,JURIS,COLLISION_DATE,COLLISION_TIME,OFFICER_ID,REPORTING_DISTRICT,DAY_OF_WEEK,CHP_SHIFT,POPULATION,CNTY_CITY_LOC,SPECIAL_COND,BEAT_TYPE,CHP_BEAT_TYPE,CITY_DIVISION_LAPD,CHP_BEAT_CLASS,BEAT_NUMBER,PRIMARY_RD,SECONDARY_RD,DISTANCE,DIRECTION,INTERSECTION,WEATHER_1,WEATHER_2,STATE_HWY_IND,CALTRANS_COUNTY,CALTRANS_DISTRICT,STATE_ROUTE,ROUTE_SUFFIX,POSTMILE_PREFIX,POSTMILE,LOCATION_TYPE,RAMP_INTERSECTION,SIDE_OF_HWY,TOW_AWAY,COLLISION_SEVERITY,NUMBER_KILLED,NUMBER_INJURED,PARTY_COUNT,PRIMARY_COLL_FACTOR,PCF_CODE_OF_VIOL,PCF_VIOL_CATEGORY,PCF_VIOLATION,PCF_VIOL_SUBSECTION,HIT_AND_RUN,TYPE_OF_COLLISION,MVIW,PED_ACTION,ROAD_SURFACE,ROAD_COND_1,ROAD_COND_2,LIGHTING,CONTROL_DEVICE,CHP_ROAD_TYPE,PEDESTRIAN_ACCIDENT,BICYCLE_ACCIDENT,MOTORCYCLE_ACCIDENT,TRUCK_ACCIDENT,NOT_PRIVATE_PROPERTY,ALCOHOL_INVOLVED,STWD_VEHTYPE_AT_FAULT,CHP_VEHTYPE_AT_FAULT,COUNT_SEVERE_INJ,COUNT_VISIBLE_INJ,COUNT_COMPLAINT_PAIN,COUNT_PED_KILLED,COUNT_PED_INJURED,COUNT_BICYCLIST_KILLED,COUNT_BICYCLIST_INJURED,COUNT_MC_KILLED,COUNT_MC_INJURED,PRIMARY_RAMP,SECONDARY_RAMP,LATITUDE,LONGITUDE,COUNTY,CITY,POINT_X,POINT_Y
90920016,2019,2019-02-06,9550,2019-01-30,1916,022203,NA,3,2,9,1900,0,2,4,NA,1,051,FULLERTON RD N/B,CROSSHAVEN DR,15,N,N,A,-,N,NA,NA,NA,NA,NA,NA,NA,NA,NA,Y,3,0,1,5,A,-,08,22107,NA,N,C,E,A,A,H,-,C,A,0,NA,NA,NA,NA,Y,NA,A,07,0,1,0,0,0,0,0,0,0,-,-,33.984031677246094,-117.90763092041016,LOS ANGELES,UNINCORPORATED,-117.90770721435548,33.98393249511719
9092002,2020,2020-07-24,1900,2020-04-12,2218,652535,2607,7,5,6,1950,0,0,0,NA,0,264T1,PALMDALE BL,55TH ST EAST,1267,W,N,A,-,N,NA,NA,NA,NA,NA,NA,NA,NA,NA,Y,4,0,1,1,A,-,08,22107,NA,N,E,J,A,A,H,-,C,D,0,NA,NA,NA,NA,Y,NA,A,01,0,0,1,0,0,0,0,0,0,-,-,34.57960891723633,-118.03597259521484,LOS ANGELES,PALMDALE,-118.0358657836914,34.579864501953125
90920034,2019,2019-02-06,9540,2019-02-02,0432,021106,NA,6,3,9,1900,0,1,1,NA,2,512,I-5 NORTHBOUND (GOLDEN STATE FREEWAY),SMOKEY BEAR RD,2640,S,N,B,C,Y,NA,NA,5,NA,NA,NA,NA,NA,N,Y,3,0,1,1,A,-,03,22350,NA,N,E,I,A,B,H,-,D,D,0,NA,NA,NA,NA,Y,NA,A,01,0,1,0,0,0,0,0,0,0,-,-,34.701210021972656,-118.79302215576172,LOS ANGELES,UNINCORPORATED,-118.79315185546876,34.701168060302734
90920039,2019,2019-02-06,9550,2019-01-28,1440,022180,NA,1,2,9,1900,0,2,4,NA,1,022,TELEGRAPH RD. W/B,VALLEY VIEW AVENUE,0,NA,Y,A,-,Y,NA,NA,NA,NA,NA,NA,NA,NA,NA,Y,4,0,1,2,A,-,09,21801,A,N,D,C,A,A,H,-,A,A,0,NA,NA,NA,NA,Y,NA,A,08,0,0,1,0,0,0,0,0,0,-,-,33.92815017700195,-118.02896881103516,LOS ANGELES,UNINCORPORATED,-118.0290298461914,33.92808151245117
90920050,2019,2019-02-06,9550,2019-01-12,1945,021742,NA,6,2,6,1920,0,1,1,NA,2,651,INTERSTATE 605 (SAN GABRIEL RIVER FREEW,THE FLORENCE AVENUE U/C,100,S,N,B,-,Y,NA,NA,605,NA,NA,NA,NA,NA,NA,Y,4,0,1,2,C,-,18,NA,NA,N,E,J,A,B,H,-,C,D,0,NA,NA,NA,Y,Y,NA,-,-,0,0,1,0,0,0,0,0,0,-,-,33.937679290771484,-118.09871673583984,LOS ANGELES,DOWNEY,-118.09861755371094,33.9376220703125
90920066,2019,2019-02-06,9540,2019-02-02,1245,020678,NA,6,1,9,1900,0,1,3,NA,2,148,SR-14 N/B (ANTELOPLE VALLEY FWY),AGUA DULCE CYN RD,50,S,N,B,C,Y,NA,NA,14,NA,NA,NA,NA,NA,N,Y,4,0,1,1,A,-,03,22350,NA,N,E,I,A,B,H,-,A,D,0,NA,NA,NA,NA,Y,NA,A,01,0,0,1,0,0,0,0,0,0,-,-,34.46651077270508,-118.33087158203124,LOS ANGELES,UNINCORPORATED,-118.33086395263672,34.466461181640625
90920072,2019,2019-02-06,9540,2019-02-02,1400,020678,NA,6,2,9,1900,0,1,3,NA,2,147,SR-14 S/B (ANTELOPE VALLEY FWY),AGUA DULCE CYN RD,5280,S,N,B,C,Y,NA,NA,14,NA,NA,NA,NA,NA,S,Y,4,0,1,1,A,-,03,22350,NA,N,E,I,A,B,H,-,A,D,0,NA,NA,NA,NA,Y,NA,D,22,0,0,1,0,0,0,0,0,0,-,-,34.461219787597656,-118.34327697753906,LOS ANGELES,UNINCORPORATED,-118.34324645996094,34.46119689941406
90920119,2019,2019-02-06,9575,2019-02-01,1810,021006,NA,5,2,9,1900,0,2,4,NA,2,082,HUNTINGTON DR.,SAN GABRIEL BLVD.,200,E,N,B,-,N,NA,NA,NA,NA,NA,NA,NA,NA,NA,Y,4,0,7,5,A,-,03,22350,NA,N,C,C,A,A,H,-,C,A,0,NA,NA,NA,NA,Y,NA,A,01,0,0,7,0,0,0,0,0,0,-,-,34.12760925292969,-118.08940887451172,LOS ANGELES,UNINCORPORATED,-118.09046173095705,34.12727355957031
90920122,2019,2019-02-06,9565,2019-01-25,2015,019540,NA,5,2,7,1942,0,1,1,NA,2,083,I-10 E/B (SANTA MONICA FREEWAY),OVERLAND AVE,800,W,N,A,-,Y,NA,NA,10,NA,NA,NA,NA,NA,E,Y,2,0,1,2,A,-,03,22350,NA,N,C,C,A,A,H,-,C,D,0,NA,NA,Y,NA,Y,NA,C,02,1,0,0,0,0,0,0,0,1,-,-,34.03160095214844,-118.42088317871094,LOS ANGELES,LOS ANGELES,-118.42088317871094,34.03166198730469
90920125,2019,2019-02-06,9550,2019-01-28,1630,022180,NA,1,2,9,1900,0,2,4,NA,1,021,WALNUT STREET,NORWALK BOULEVARD,5,W,N,A,-,Y,NA,NA,NA,NA,NA,NA,NA,NA,NA,N,3,0,1,2,A,-,05,21650,NA,F,D,G,A,A,H,-,C,A,0,NA,Y,NA,NA,Y,NA,L,04,0,1,0,0,0,0,1,0,0,-,-,33.96210861206055,-118.07061004638672,LOS ANGELES,UNINCORPORATED,-118.07064819335938,33.96207046508789
90920156,2019,2019-02-06,9565,2019-01-25,0818,022124,NA,5,1,9,1900,0,2,4,NA,2,022,NORMANDIE AVE,CENTURY BLVD,90,N,N,A,-,N,NA,NA,NA,NA,NA,NA,NA,NA,NA,N,4,0,1,2,A,-,07,21658,A,N,B,C,A,A,H,-,A,D,0,NA,NA,NA,NA,Y,NA,A,01,0,0,1,0,0,0,0,0,0,-,-,33.945831298828125,-118.30034637451172,LOS ANGELES,UNINCORPORATED,-118.30027770996094,33.945735931396484
9092017,2020,2020-07-24,1941,2020-04-12,1318,11146,901T,7,5,7,1941,0,0,0,NA,0,NA,HILL ST,PACIFIC AV,0,NA,Y,A,-,N,NA,NA,NA,NA,NA,NA,NA,NA,NA,N,4,0,1,2,A,-,08,22107,NA,N,D,C,A,A,H,-,A,A,0,NA,NA,NA,NA,Y,NA,A,NA,0,0,1,0,0,0,0,0,0,-,-,NA,NA,LOS ANGELES,LONG BEACH,-118.19377136230467,33.797119140625
9092018,2020,2020-08-04,1941,2020-04-13,0926,11392,901T,1,5,7,1941,0,0,0,NA,0,NA,WILLOW ST,PACIFIC AV,0,NA,Y,A,-,N,NA,NA,NA,NA,NA,NA,NA,NA,NA,Y,3,0,1,2,A,-,12,21453,A,N,D,C,A,A,H,-,A,A,0,NA,NA,NA,NA,Y,NA,A,NA,0,1,0,0,0,0,0,0,0,-,-,NA,NA,LOS ANGELES,LONG BEACH,-118.19371032714844,33.80445098876953
90920189,2019,2019-02-06,9565,2019-01-27,1610,022145,NA,7,2,9,1900,0,2,4,NA,2,021,VERMONT AVENUE (SOUTHBOUND),104TH ST,100,N,N,A,-,N,NA,NA,NA,NA,NA,NA,NA,NA,NA,Y,4,0,5,2,A,-,03,22350,NA,N,C,C,A,A,H,-,A,D,0,NA,NA,NA,NA,Y,NA,A,07,0,0,5,0,0,0,0,0,0,-,-,33.942649841308594,-118.29196166992188,LOS ANGELES,UNINCORPORATED,-118.29191589355467,33.94256591796875
90920203,2019,2019-02-06,9565,2019-01-26,1830,016074,NA,6,2,7,1942,0,1,1,NA,2,064,I-405 S/B (SAN DIEGO FWY),GETTY CENTER DR,1000,S,N,A,-,Y,NA,NA,405,NA,NA,NA,NA,NA,S,N,4,0,1,2,A,-,03,22350,NA,N,C,C,A,A,H,-,D,D,0,NA,NA,NA,NA,Y,NA,A,07,0,0,1,0,0,0,0,0,0,-,-,34.0853385925293,-118.47511291503906,LOS ANGELES,LOS ANGELES,-118.4749755859375,34.085357666015625
90920207,2019,2019-02-06,9550,2019-02-01,0840,022139,NA,5,1,5,1919,0,1,1,NA,2,652,INTERSTATE 605 SOUTHBOUND,STATE ROUTE 91 (ARTESIA FREEWAY),900,N,N,A,-,Y,NA,NA,605,NA,NA,NA,NA,NA,S,N,4,0,2,2,A,-,03,22350,NA,N,C,C,A,A,H,-,A,D,0,NA,NA,NA,NA,Y,NA,A,07,0,0,2,0,0,0,0,0,0,-,-,33.870479583740234,-118.1001205444336,LOS ANGELES,CERRITOS,-118.10045623779295,33.870357513427734
90920227,2019,2019-02-06,9565,2019-01-25,2225,022097,NA,5,3,9,1900,0,2,4,NA,2,022,NORMANDIE AVE,111TH ST,0,NA,Y,A,-,N,NA,NA,NA,NA,NA,NA,NA,NA,NA,Y,4,0,2,2,A,-,09,21801,A,N,D,C,A,A,H,-,C,D,0,NA,NA,NA,NA,Y,NA,A,01,0,0,2,0,0,0,0,0,0,-,-,33.93402862548828,-118.30032348632813,LOS ANGELES,UNINCORPORATED,-118.30032348632813,33.93402099609375
9092023,2020,2020-08-04,1967,2020-04-10,1530,143,NA,5,5,2,1967,0,0,0,NA,0,SOUTH,ORANGE AV,WILLOW,0,NA,Y,B,-,N,NA,NA,NA,NA,NA,NA,NA,NA,NA,Y,3,0,3,2,A,-,12,21453,A,N,D,C,A,A,H,-,A,A,0,NA,NA,NA,NA,Y,NA,-,-,0,2,1,0,0,0,0,0,0,-,-,NA,NA,LOS ANGELES,SIGNAL HILL,-118.17633056640624,33.80440139770508
90920237,2019,2019-02-13,9575,2019-01-19,1510,021302,NA,6,2,6,1953,0,1,1,NA,2,064,I-210 W/B (FOOTHILL FREEWAY),WILSON AVENUE,528,E,N,A,-,Y,NA,NA,210,NA,NA,NA,NA,NA,W,N,3,0,1,2,A,-,03,22350,NA,N,C,C,A,A,H,-,A,D,0,NA,NA,NA,NA,Y,NA,J,49,0,1,0,0,0,0,0,0,0,-,-,34.1520881652832,-118.12618255615234,LOS ANGELES,PASADENA,-118.12618255615234,34.15212631225586
90920252,2019,2019-02-06,9545,2019-01-27,0022,021851,NA,7,3,9,1900,0,3,5,NA,2,001,40TH STREET EAST,AVENUE H,16,N,N,A,-,N,NA,NA,NA,NA,NA,NA,NA,NA,NA,Y,4,0,1,2,A,-,03,22350,NA,N,D,C,A,A,H,-,D,D,0,NA,NA,Y,NA,Y,NA,C,02,0,0,1,0,0,0,0,0,1,-,-,34.71942901611328,-118.05917358398438,LOS ANGELES,UNINCORPORATED,-118.05919647216795,34.71933364868164
90920261,2019,2019-02-06,9580,2019-01-31,2205,021592,NA,4,3,7,1942,0,1,2,NA,2,101,US-101 S/B (VENTURA FREEWAY),TUJUNGA AVE,100,N,N,A,-,Y,NA,NA,101,NA,NA,NA,NA,NA,S,Y,4,0,2,2,A,-,07,21658,A,N,B,C,A,A,H,-,D,D,0,NA,NA,NA,NA,Y,NA,A,01,0,0,2,0,0,0,0,0,0,-,-,34.15419006347656,-118.37982177734376,LOS ANGELES,LOS ANGELES,-118.37982177734376,34.1541862487793
90920262,2019,2019-02-06,9575,2019-02-02,2104,021302,NA,6,2,6,1925,0,1,3,NA,2,042,SR-134 E/B (VENTURA FREEWAY),GLENDALE AVE,1056,E,N,C,-,Y,NA,NA,134,NA,NA,NA,NA,NA,E,Y,4,0,1,2,A,-,03,22350,NA,N,C,C,A,B,H,-,D,D,0,NA,NA,NA,NA,Y,NA,A,01,0,0,1,0,0,0,0,0,0,-,-,34.15422058105469,-118.23918914794922,LOS ANGELES,GLENDALE,-118.23920440673828,34.154205322265625
90920275,2019,2019-02-06,9575,2019-02-02,2100,021685,NA,6,2,6,1925,0,1,3,NA,2,042,SR-134 E/B (VENTURA FREEWAY),CHEVY CHASE DRIVE,165,W,N,C,-,Y,NA,NA,134,NA,NA,NA,NA,NA,E,Y,4,0,1,2,A,-,03,22350,NA,M,C,C,A,B,H,-,C,D,0,NA,NA,NA,NA,Y,Y,A,01,0,0,1,0,0,0,0,0,0,-,-,34.151790618896484,-118.23590850830078,LOS ANGELES,GLENDALE,-118.23593902587892,34.15175247192383
90920287,2019,2019-02-06,9545,2019-01-31,1445,019414,NA,4,2,9,1900,0,3,5,NA,2,003,ANGELES FOREST HWY,HILLSIDE DR,900,S,N,B,-,Y,NA,NA,NA,NA,NA,NA,NA,NA,NA,Y,3,0,1,1,A,-,08,22107,NA,N,F,A,A,B,H,-,A,D,0,NA,NA,NA,NA,Y,NA,A,01,0,1,0,0,0,0,0,0,0,-,-,34.480491638183594,-118.11785888671876,LOS ANGELES,UNINCORPORATED,-118.11781311035156,34.48054504394531
90920294,2019,2019-02-06,9525,2019-02-01,2359,021713,NA,5,3,9,1900,0,3,5,NA,2,005,MT BALDY RD.,NORTH OF SHINN RD.,7920,N,N,C,-,N,NA,NA,NA,NA,NA,NA,NA,NA,NA,Y,4,0,1,1,A,-,03,22350,NA,N,E,I,A,B,H,-,C,D,0,NA,NA,NA,NA,Y,NA,A,01,0,0,1,0,0,0,0,0,0,-,-,34.199798583984375,-117.6759033203125,LOS ANGELES,UNINCORPORATED,NA,NA
90920297,2019,2019-02-06,9575,2019-02-02,0918,018329,NA,6,1,6,1953,0,1,1,NA,2,064,I-210 E/B (FOOTHILL FREEWAY),FOOTHILL BLVD,180,E,N,B,C,Y,NA,NA,210,NA,NA,NA,NA,NA,E,Y,3,0,1,1,A,-,08,22107,NA,N,E,I,A,B,H,-,A,D,0,NA,NA,NA,NA,Y,NA,A,01,0,1,0,0,0,0,0,0,0,-,-,34.14957046508789,-118.08811950683594,LOS ANGELES,PASADENA,-118.0881576538086,34.1495246887207
90920299,2019,2019-02-06,9550,2019-02-01,0240,021150,NA,5,3,5,1919,0,1,1,NA,2,652,I-605 N/B,SR 91,100,N,N,A,-,Y,NA,NA,605,NA,NA,NA,NA,NA,N,Y,4,0,1,2,A,-,08,22107,NA,N,C,C,A,A,H,-,C,D,0,NA,NA,NA,NA,Y,Y,A,01,0,0,1,0,0,0,0,0,0,-,-,33.876861572265625,-118.10254669189452,LOS ANGELES,CERRITOS,-118.1025390625,33.876861572265625
90920307,2019,2019-02-06,9525,2019-02-01,2355,021451,NA,5,3,6,1975,0,1,1,NA,2,104,I-10 E/B (SAN BERNARDINO FWY),WEST COVINA PARKWAY,1000,W,N,B,C,Y,NA,NA,10,NA,NA,NA,NA,NA,E,Y,2,0,3,2,A,-,01,23152,A,N,C,C,A,B,D,E,C,D,0,NA,NA,NA,NA,Y,Y,A,01,1,1,1,0,0,0,0,0,0,-,-,34.071250915527344,-117.95152282714844,LOS ANGELES,WEST COVINA,-117.95151519775392,34.07118225097656
90920314,2019,2019-02-06,9580,2019-01-27,1555,022090,NA,7,2,9,1900,0,3,5,NA,1,020,SCHUEREN RD,MOONRISE DR.,140,N,N,A,-,N,NA,NA,NA,NA,NA,NA,NA,NA,NA,Y,2,0,1,1,A,-,08,22107,NA,N,E,I,A,A,H,-,A,D,0,NA,NA,Y,NA,Y,NA,C,02,1,0,0,0,0,0,0,0,1,-,-,34.078800201416016,-118.64900207519533,LOS ANGELES,UNINCORPORATED,-118.64815521240234,34.07856750488281
90920316,2019,2019-02-06,9525,2019-01-29,1300,021250,NA,2,1,1,1934,0,1,1,NA,2,204,I-210 E/B (FOOTHILL FWY),IRWINDALE AVE,2000,W,N,A,-,Y,NA,NA,210,NA,NA,NA,NA,NA,E,Y,4,0,1,4,A,-,03,22350,NA,N,C,C,A,A,H,-,A,D,0,NA,NA,NA,NA,Y,NA,D,22,0,0,1,0,0,0,0,0,0,-,-,34.128780364990234,-117.94032287597656,LOS ANGELES,IRWINDALE,-117.94033050537108,34.12872314453125
90920321,2019,2019-02-06,9580,2019-01-27,1448,022080,NA,7,2,7,1942,0,1,2,NA,2,102,US-101 N/B (VENTURA FREEWAY),VAN NUYS BLVD,1320,S,N,A,-,Y,NA,NA,101,NA,NA,NA,NA,NA,N,N,3,0,1,2,A,-,01,23152,A,M,C,C,A,A,H,-,A,D,0,NA,NA,NA,NA,Y,Y,A,01,0,1,0,0,0,0,0,0,0,-,-,34.15528106689453,-118.4423828125,LOS ANGELES,LOS ANGELES,-118.4423828125,34.15530776977539
90920330,2019,2019-02-06,9565,2019-01-25,1215,022117,NA,5,1,9,1900,0,2,4,NA,2,031,LA CIENEGA BLVD. S/B,STOCKER ST.,270,S,N,A,-,N,NA,NA,NA,NA,NA,NA,NA,NA,NA,Y,4,0,1,1,A,-,03,22350,NA,N,E,I,A,A,H,-,A,D,0,NA,NA,NA,NA,Y,NA,A,01,0,0,1,0,0,0,0,0,0,-,-,33.99726104736328,-118.36934661865234,LOS ANGELES,UNINCORPORATED,-118.36934661865234,33.99734115600586
9092034,2020,2020-07-23,1942,2020-04-01,1245,37597,303,3,5,7,1942,0,0,0,NA,0,3A41,LA BREA AV,ADAMS BL,0,NA,Y,A,-,N,NA,NA,NA,NA,NA,NA,NA,NA,NA,N,2,0,1,1,C,-,18,NA,NA,N,H,I,A,A,H,-,A,A,0,NA,NA,Y,NA,Y,NA,-,-,1,0,0,0,0,0,0,0,1,-,-,NA,NA,LOS ANGELES,LOS ANGELES,-118.35092926025392,34.032508850097656
90920343,2019,2019-02-06,9550,2019-01-25,1540,021977,NA,5,2,9,1900,0,2,4,NA,1,012,WASHINGTON BOULEVARD WESTBOUND,NORWALK BOULEVARD,75,W,N,A,-,N,NA,NA,NA,NA,NA,NA,NA,NA,NA,N,3,0,1,2,A,-,09,21803,A,N,B,C,A,A,H,-,A,D,0,NA,NA,Y,NA,Y,NA,A,01,0,1,0,0,0,0,0,0,1,-,-,33.58209991455078,-118.0427017211914,LOS ANGELES,UNINCORPORATED,-118.07422637939452,33.972557067871094
90920356,2019,2019-02-06,9580,2019-01-30,0850,016413,NA,3,1,7,1942,0,1,2,NA,2,102,US-101 N/B (VENTURA FREEWAY),HAYVENHURST AVE,528,S,N,B,-,Y,NA,NA,101,NA,NA,NA,NA,NA,N,Y,4,0,2,3,A,-,03,22350,NA,N,C,C,A,A,H,-,A,D,0,NA,NA,NA,NA,Y,NA,A,08,0,0,2,0,0,0,0,0,0,-,-,34.16619110107422,-118.48592376708984,LOS ANGELES,LOS ANGELES,-118.48590850830078,34.165348052978516
9092036,2020,2020-07-23,1955,2020-04-07,1634,41881,85,2,5,6,1955,0,0,0,NA,0,004,PHILLIPS BL,GAREY AV,0,NA,Y,C,-,N,NA,NA,NA,NA,NA,NA,NA,NA,NA,N,4,0,1,2,A,-,08,22107,NA,N,B,C,A,B,H,-,A,A,0,NA,NA,NA,NA,Y,NA,A,01,0,0,1,0,0,0,0,0,0,-,-,NA,NA,LOS ANGELES,POMONA,-117.74971771240234,34.04420852661133
90920365,2019,2019-02-06,9580,2019-01-27,1030,020153,NA,7,1,9,1900,0,2,4,NA,1,127,LAS VIRGENES RD,DOROTHY DR,0,NA,Y,A,-,N,NA,NA,NA,NA,NA,NA,NA,NA,NA,Y,3,0,1,2,A,-,09,21802,A,N,D,C,A,A,H,-,A,A,0,NA,NA,Y,NA,Y,NA,C,02,0,1,0,0,0,0,0,0,1,-,-,34.083370208740234,-118.7048797607422,LOS ANGELES,UNINCORPORATED,-118.704918,34.083441
9092037,2020,2020-08-04,1955,2020-04-03,1520,42150,24,5,5,6,1955,0,0,0,NA,0,002,ORANGE GROVE AV,LA VERNE AV,0,NA,Y,A,-,N,NA,NA,NA,NA,NA,NA,NA,NA,NA,Y,4,0,1,2,A,-,12,21453,A,N,D,C,A,A,H,-,A,A,0,NA,NA,NA,NA,Y,NA,-,-,0,0,1,0,0,0,0,0,0,-,-,NA,NA,LOS ANGELES,POMONA,-117.74626922607422,34.08211135864258
90920385,2019,2019-02-06,9550,2019-02-01,1735,022210,NA,5,2,9,1900,0,1,1,NA,2,650,INTERSTATE 605 S/B,ROSE HILLS ROAD,1500,N,N,A,-,Y,NA,NA,NA,NA,NA,NA,NA,NA,NA,Y,3,0,4,3,A,-,03,22350,NA,N,C,C,A,A,H,-,C,D,0,NA,NA,NA,NA,Y,NA,A,01,0,3,1,0,0,0,0,0,0,-,-,34.02050018310547,-118.04885864257813,LOS ANGELES,UNINCORPORATED,-118.04895782470705,34.02046585083008
9092039,2020,2020-07-23,1900,2020-04-03,1257,648000,2610,5,5,6,1950,0,0,0,NA,0,261T1,SIERRA HIGHWAY,6TH ST EAST,109,E,N,A,-,N,NA,NA,NA,NA,NA,NA,NA,NA,NA,N,4,0,1,2,A,-,04,21703,NA,N,C,C,A,A,H,-,A,A,0,NA,NA,NA,NA,Y,NA,A,01,0,0,1,0,0,0,0,0,0,-,-,34.59442901611328,-118.120361328125,LOS ANGELES,PALMDALE,-118.11952972412108,34.59272384643555
90920399,2019,2019-02-06,9525,2019-01-31,1000,016679,NA,4,1,5,1990,0,1,3,NA,2,603,SR-60 W/B (POMONA FWY),GRAND AVE,250,E,N,B,-,Y,NA,NA,60,NA,NA,NA,NA,NA,W,Y,4,0,1,2,A,-,03,22350,NA,N,C,C,A,A,H,-,A,D,0,NA,NA,NA,NA,Y,NA,D,22,0,0,1,0,0,0,0,0,0,-,-,34.01081085205078,-117.82290649414064,LOS ANGELES,DIAMOND BAR,-117.82289123535156,34.01079177856445
9092040,2020,2020-07-23,1900,2020-04-09,2320,630200,2617,4,5,6,1950,0,0,0,NA,0,262T1,AVENUE N,60TH ST WEST,0,NA,Y,C,-,N,NA,NA,NA,NA,NA,NA,NA,NA,NA,Y,3,0,1,1,A,-,03,22350,NA,N,E,I,A,B,H,-,C,A,0,NA,NA,NA,NA,Y,NA,A,01,0,1,0,0,0,0,0,0,0,-,-,34.37512969970703,-118.14112091064452,LOS ANGELES,PALMDALE,-118.23632049560548,34.63080978393555
90920404,2019,2019-02-06,9590,2019-01-27,1605,022087,NA,7,2,7,1942,0,1,1,NA,2,063,I-10 W/B (SMF) COLLECTOR,BUDLONG AVENUE,25,E,N,A,-,Y,NA,NA,10,NA,NA,NA,NA,NA,W,N,4,0,1,2,A,-,03,22350,NA,N,C,C,A,A,H,-,A,D,0,NA,NA,NA,NA,Y,Y,A,01,0,0,1,0,0,0,0,0,0,-,-,34.03731918334961,-118.29601287841795,LOS ANGELES,LOS ANGELES,-118.29601287841795,34.037113189697266
9092041,2020,2020-07-30,1942,2020-04-02,2130,42273,0317,4,5,7,1942,0,0,0,C,0,3A74,25TH ST,ELLENDALE AV,500,W,N,A,-,N,NA,NA,NA,NA,NA,NA,NA,NA,NA,N,4,0,1,2,A,-,21,22106,NA,F,D,G,A,A,H,-,C,D,0,NA,Y,NA,NA,Y,NA,-,99,0,0,1,0,0,0,1,0,0,-,-,NA,NA,LOS ANGELES,LOS ANGELES,-118.29063415527344,34.033573150634766
90920411,2019,2019-02-06,9565,2019-01-27,2007,022145,NA,7,2,9,1900,0,2,4,NA,2,021,VERMONT AVENUE S/B,105TH ST,0,NA,Y,A,-,N,NA,NA,NA,NA,NA,NA,NA,NA,NA,N,2,0,1,2,A,-,10,21950,A,F,G,B,B,A,H,-,C,D,0,Y,NA,NA,NA,Y,NA,A,01,1,0,0,0,1,0,0,0,0,-,-,33.94116973876953,-118.29192352294922,LOS ANGELES,UNINCORPORATED,-118.29190826416016,33.941219329833984
90920414,2019,2019-02-06,9535,2019-01-28,1450,021353,NA,1,2,9,1900,0,3,5,NA,2,002,WESTSIDE DR. (1100 BLOCK),OLYMPIC BLVD,100,N,N,A,-,N,NA,NA,NA,NA,NA,NA,NA,NA,NA,N,4,0,1,2,A,-,21,22106,NA,N,B,C,A,A,H,-,A,D,0,NA,NA,NA,NA,Y,NA,A,01,0,0,1,0,0,0,0,0,0,-,-,34.01258850097656,-118.137451171875,LOS ANGELES,UNINCORPORATED,-118.13746643066406,34.012752532958984
9092042,2020,2020-07-30,1942,2020-04-03,0437,42906,0356,5,5,7,1942,0,0,0,C,0,3A55,EXPOSITION BL,DENKER AV,0,NA,Y,B,-,N,NA,NA,NA,NA,NA,NA,NA,NA,NA,N,3,0,1,2,D,-,00,NA,NA,F,A,B,B,A,H,-,C,A,0,Y,NA,NA,NA,Y,NA,-,-,0,1,0,0,1,0,0,0,0,-,-,NA,NA,LOS ANGELES,LOS ANGELES,-118.30451965332033,34.01839828491211
90920420,2019,2019-02-06,9590,2019-01-27,1548,022136,NA,7,2,7,1942,0,1,1,NA,2,053,I-110 S/B (HARBOR FREEWAY),OLYMPIC BLVD.,400,N,N,A,-,Y,NA,NA,110,NA,NA,NA,NA,NA,S,N,4,0,1,3,A,-,03,22350,NA,N,C,A,A,A,H,-,A,D,0,NA,NA,NA,NA,Y,NA,A,01,0,0,1,0,0,0,0,0,0,-,-,34.04901123046875,-118.26503753662108,LOS ANGELES,LOS ANGELES,-118.26502227783205,34.048980712890625
90920421,2019,2019-02-06,9530,2019-01-29,0925,021004,NA,2,1,9,1900,0,3,5,NA,2,001,ALAMEDA ST.,NADEAU ST.,543,N,N,A,-,N,NA,NA,NA,NA,NA,NA,NA,NA,NA,Y,4,0,3,3,A,-,05,21650,NA,N,A,C,A,A,H,-,A,D,0,NA,NA,NA,Y,Y,NA,A,07,0,0,3,0,0,0,0,0,0,-,-,33.96908187866211,-118.23367309570313,LOS ANGELES,UNINCORPORATED,-118.23355102539064,33.96891403198242
9092043,2020,2020-07-30,1942,2020-04-02,2025,44169,0354,4,5,7,1942,0,0,0,C,0,3A99,ARLINGTON AV,36TH ST,0,NA,Y,A,-,N,NA,NA,NA,NA,NA,NA,NA,NA,NA,N,3,0,1,2,A,-,03,22350,NA,F,G,B,C,A,H,-,C,D,0,Y,NA,NA,NA,Y,NA,-,99,0,1,0,0,1,0,0,0,0,-,-,NA,NA,LOS ANGELES,LOS ANGELES,-118.3176498413086,34.02286911010742
9092044,2020,2020-08-13,1942,2020-04-03,1930,43767,0315,5,5,7,1942,0,0,0,C,0,3A62,ADAMS BL,WESTERN AV,0,NA,Y,A,-,N,NA,NA,NA,NA,NA,NA,NA,NA,NA,N,4,0,1,2,A,-,03,22350,NA,N,C,C,A,A,H,-,A,A,0,NA,NA,NA,NA,Y,NA,A,01,0,0,1,0,0,0,0,0,0,-,-,NA,NA,LOS ANGELES,LOS ANGELES,-118.30898284912108,34.03269958496094