CASE_ID,ACCIDENT_YEAR,PROC_DATE,JURIS,COLLISION_DATE,COLLISION_TIME,OFFICER_ID,REPORTING_DISTRICT,DAY_OF_WEEK,CHP_SHIFT,POPULATION,CNTY_CITY_LOC,SPECIAL_COND,BEAT_TYPE,CHP_BEAT_TYPE,CITY_DIVISION_LAPD,CHP_BEAT_CLASS,BEAT_NUMBER,PRIMARY_RD,SECONDARY_RD,DISTANCE,DIRECTION,INTERSECTION,WEATHER_1,WEATHER_2,STATE_HWY_IND,CALTRANS_COUNTY,CALTRANS_DISTRICT,STATE_ROUTE,ROUTE_SUFFIX,POSTMILE_PREFIX,POSTMILE,LOCATION_TYPE,RAMP_INTERSECTION,SIDE_OF_HWY,TOW_AWAY,COLLISION_SEVERITY,NUMBER_KILLED,NUMBER_INJURED,PARTY_COUNT,PRIMARY_COLL_FACTOR,PCF_CODE_OF_VIOL,PCF_VIOL_CATEGORY,PCF_VIOLATION,PCF_VIOL_SUBSECTION,HIT_AND_RUN,TYPE_OF_COLLISION,MVIW,PED_ACTION,ROAD_SURFACE,ROAD_COND_1,ROAD_COND_2,LIGHTING,CONTROL_DEVICE,CHP_ROAD_TYPE,PEDESTRIAN_ACCIDENT,BICYCLE_ACCIDENT,MOTORCYCLE_ACCIDENT,TRUCK_ACCIDENT,NOT_PRIVATE_PROPERTY,ALCOHOL_INVOLVED,STWD_VEHTYPE_AT_FAULT,CHP_VEHTYPE_AT_FAULT,COUNT_SEVERE_INJ,COUNT_VISIBLE_INJ,COUNT_COMPLAINT_PAIN,COUNT_PED_KILLED,COUNT_PED_INJURED,COUNT_BICYCLIST_KILLED,COUNT_BICYCLIST_INJURED,COUNT_MC_KILLED,COUNT_MC_INJURED,PRIMARY_RAMP,SECONDARY_RAMP,LATITUDE,LONGITUDE,COUNTY,CITY,POINT_X,POINT_Y
90920441,2019,2019-02-06,9590,2019-02-05,0830,013435,NA,2,1,7,1942,0,1,3,NA,2,030,SR60 E/B (POF) TO WHITTIER BLVD.,WHITTIER BOULEVARD,45,W,N,B,C,Y,NA,NA,60,NA,NA,NA,R,NA,E,N,4,0,1,2,A,-,03,22350,NA,F,C,C,A,B,H,-,A,D,0,NA,NA,NA,NA,Y,NA,A,01,0,0,1,0,0,0,0,0,0,-,-,34.028141021728516,-118.20207977294922,LOS ANGELES,LOS ANGELES,-118.20207977294922,34.028141021728516
9092045,2020,2020-08-12,1942,2020-04-03,2120,38171,1128,5,5,7,1942,0,0,0,K,0,11A25,NORTH FIGUEROA ST,PIEDMONT AV,0,NA,Y,B,-,N,NA,NA,NA,NA,NA,NA,NA,NA,NA,Y,2,0,1,2,A,-,08,22100,NA,N,D,C,A,A,H,-,C,D,0,NA,NA,Y,NA,Y,NA,A,01,1,0,0,0,0,0,0,0,1,-,-,NA,NA,LOS ANGELES,LOS ANGELES,-118.18567657470705,34.11415100097656
90920451,2019,2019-02-06,9530,2019-01-29,1540,022084,NA,2,2,9,1900,0,3,5,NA,2,001,FLORENCE AVE.,PACIFIC BLVD.,0,NA,Y,A,-,N,NA,NA,NA,NA,NA,NA,NA,NA,NA,Y,4,0,2,2,A,-,09,21801,A,N,A,C,A,A,H,-,A,A,0,NA,NA,NA,NA,Y,NA,D,22,0,0,2,0,0,0,0,0,0,-,-,33.97420120239258,-118.22519683837892,LOS ANGELES,UNINCORPORATED,-118.22522735595705,33.974220275878906
90920455,2019,2019-02-06,9525,2019-01-31,1800,021080,NA,4,2,9,1900,0,1,1,NA,2,105,I-10 W/B (SAN BERNARDINO FWY),HOLT AVE,300,E,N,B,-,Y,NA,NA,10,NA,NA,NA,NA,NA,W,Y,4,0,2,4,A,-,03,22350,NA,N,C,C,A,B,D,E,E,D,0,NA,NA,NA,NA,Y,NA,A,01,0,0,2,0,0,0,0,0,0,-,-,34.0695686340332,-117.86293792724608,LOS ANGELES,UNINCORPORATED,-117.86294555664064,34.06956481933594
90920457,2019,2019-02-06,9535,2019-01-15,0532,016915,NA,2,3,5,1901,0,1,1,NA,2,420,I-10 E/B (SBF) FROM NEW AVE,NEW AVE,70,W,N,B,-,Y,NA,NA,10,NA,NA,NA,R,NA,E,Y,2,0,2,2,A,-,03,22350,NA,N,D,C,A,B,H,-,C,A,0,NA,NA,NA,NA,Y,NA,A,01,2,0,0,0,0,0,0,0,0,-,-,34.0715217590332,-118.10858917236328,LOS ANGELES,ALHAMBRA,-118.10858917236328,34.0715217590332
90920461,2019,2019-02-06,9590,2019-01-26,1540,022041,NA,6,2,7,1942,0,1,1,NA,2,051,I-110 S/B (HARBOR FREEWAY),MANCHESTER AVE. U/C,800,S,N,A,-,Y,NA,NA,NA,NA,NA,NA,NA,NA,NA,Y,3,0,1,3,A,-,03,22350,NA,N,C,C,A,A,H,-,A,D,0,NA,NA,NA,NA,Y,NA,A,01,0,1,0,0,0,0,0,0,0,-,-,34.95505142211914,-118.28092956542967,LOS ANGELES,LOS ANGELES,-118.28107452392578,33.9578971862793
90920475,2019,2019-02-06,9525,2019-02-01,1715,020907,NA,5,2,9,1900,0,3,5,NA,2,004,VALLEY BLVD. (13000 BLOCK),TEMPLE AVE,10,E,N,A,-,N,NA,NA,NA,NA,NA,NA,NA,NA,NA,N,4,0,1,3,A,-,03,22350,NA,N,B,C,A,A,H,-,C,A,0,NA,NA,Y,NA,Y,NA,C,02,0,0,1,0,0,0,0,0,1,-,-,34.05315017700195,-117.00213623046876,LOS ANGELES,UNINCORPORATED,-117.81233215332033,34.04844284057617
90920501,2019,2019-02-06,9525,2019-01-27,1045,021250,NA,7,1,4,1905,0,1,1,NA,2,203,I-210 W/B (FOOTHILL FWY),AZUSA AVE,1500,E,N,A,-,Y,NA,NA,210,NA,NA,NA,NA,NA,W,N,4,0,3,6,A,-,03,22350,NA,M,C,C,A,A,H,-,A,D,0,NA,NA,NA,NA,Y,NA,A,01,0,0,3,0,0,0,0,0,0,-,-,34.12107849121094,-117.90260314941406,LOS ANGELES,AZUSA,-117.90260314941406,34.121097564697266
90920510,2019,2019-02-06,9525,2019-01-31,1450,021684,NA,4,2,9,1900,0,3,5,NA,2,004,SUNSET AVE (2000 BLOCK),FAIRGROVE AVE,30,S,N,B,C,N,NA,NA,NA,NA,NA,NA,NA,NA,NA,Y,4,0,3,2,A,-,03,22350,NA,N,C,C,A,B,H,-,A,D,0,NA,NA,NA,NA,Y,NA,A,01,0,0,3,0,0,0,0,0,0,-,-,34.049198150634766,-117.95890045166016,LOS ANGELES,UNINCORPORATED,-117.95909118652344,34.04916000366211
90920522,2019,2019-02-06,9535,2019-01-30,1820,021976,NA,3,2,9,1900,0,1,1,NA,2,070,I-710 N/B TO CESAR E. CHAVEZ AVE OFF,1ST ST.,260,N,N,A,-,Y,NA,NA,710,NA,NA,NA,R,NA,N,N,4,0,2,2,A,-,03,22350,NA,N,C,C,A,A,H,-,C,D,0,NA,NA,NA,NA,Y,NA,A,01,0,0,2,0,0,0,0,0,0,-,-,34.03824996948242,-118.16980743408205,LOS ANGELES,UNINCORPORATED,-118.16980743408205,34.03824996948242
90920529,2019,2019-02-06,9525,2019-02-01,0900,016679,NA,5,1,5,1990,0,1,3,NA,2,574,SR-57 N/B FROM DIAMOND BAR BLVD.,DIAMOND BAR BLVD.,130,N,N,A,-,Y,NA,NA,57,NA,NA,NA,R,NA,N,Y,4,0,1,2,A,-,03,22350,NA,N,C,E,A,A,H,-,A,D,0,NA,NA,NA,NA,Y,NA,A,01,0,0,1,0,0,0,0,0,0,-,-,33.96929931640625,-117.84770965576172,LOS ANGELES,DIAMOND BAR,-117.84770965576172,33.96929931640625
90920531,2018,2019-02-06,9550,2018-10-04,1925,021166,NA,4,2,5,1976,0,1,1,NA,2,650,I-605 S/B,BEVERLY BLVD.,400,S,N,A,-,Y,NA,NA,605,NA,NA,NA,NA,NA,S,Y,4,0,2,2,A,-,08,22107,NA,F,D,C,A,A,H,-,C,D,0,NA,NA,NA,NA,Y,NA,A,01,0,0,2,0,0,0,0,0,0,-,-,34.003719329833984,-118.06478881835938,LOS ANGELES,WHITTIER,-118.06478118896484,34.00370788574219
90920536,2019,2019-02-06,9565,2019-01-26,1715,021761,NA,6,2,7,1942,0,1,1,NA,2,061,I-405 N/B (SAN DIEGO FWY),HOWARD HUGHES PKY,1200,N,N,A,-,Y,NA,NA,405,NA,NA,NA,NA,NA,N,Y,4,0,2,3,A,-,03,22350,NA,N,C,C,A,A,H,-,B,D,0,NA,NA,NA,NA,Y,NA,A,01,0,0,2,0,0,0,0,0,0,-,-,33.97816848754883,-118.39028930664064,LOS ANGELES,LOS ANGELES,-118.39029693603516,33.9781608581543
90920551,2019,2019-02-06,9550,2019-02-01,0750,015040,NA,5,1,3,1964,0,1,1,NA,2,501,INTERSTATE 5 SOUTHBOUND,CARMENITA ROAD,1500,N,N,A,B,Y,NA,NA,5,NA,NA,NA,NA,NA,S,Y,4,0,1,3,A,-,03,22350,NA,N,C,C,A,A,D,-,A,D,0,NA,NA,NA,NA,Y,NA,J,48,0,0,1,0,0,0,0,0,0,-,-,33.89514923095703,-118.05126953125,LOS ANGELES,SANTA FE SPRINGS,-118.05087280273438,33.89588928222656
90920571,2019,2019-02-06,9550,2019-01-29,0940,015040,NA,2,1,9,1900,0,2,4,NA,1,022,TELEGRAPH ROAD,COLIMA ROAD,0,NA,Y,A,-,N,NA,NA,NA,NA,NA,NA,NA,NA,NA,Y,4,0,1,3,A,-,12,21453,A,N,D,C,A,A,H,-,A,A,0,NA,NA,NA,NA,Y,NA,A,01,0,0,1,0,0,0,0,0,0,-,-,33.92422866821289,-118.023193359375,LOS ANGELES,UNINCORPORATED,-118.02449798583984,33.925018310546875
90920578,2019,2019-02-06,9565,2019-01-26,1710,022145,NA,6,2,9,1900,0,2,4,NA,2,042,LENNOX BLVD,FREEMAN AVE,20,W,N,A,-,N,NA,NA,NA,NA,NA,NA,NA,NA,NA,N,4,0,1,2,A,-,03,22350,NA,N,C,C,A,A,H,-,A,A,0,NA,NA,NA,NA,Y,NA,D,22,0,0,1,0,0,0,0,0,0,-,-,33.9382209777832,-118.3484115600586,LOS ANGELES,UNINCORPORATED,-118.3483428955078,33.93819046020508
90920581,2019,2019-02-06,9575,2019-01-27,0355,021932,NA,7,3,7,1942,0,1,1,NA,2,053,I-5 N/B TO OSBORNE ST.,OSBORNE ST.,900,S,N,A,-,Y,NA,NA,5,NA,NA,NA,R,NA,N,Y,3,0,1,2,A,-,01,23152,A,N,C,C,A,A,H,-,C,D,0,NA,NA,NA,Y,Y,Y,A,07,0,1,0,0,0,0,0,0,0,-,-,34.243019104003906,-118.4201202392578,LOS ANGELES,LOS ANGELES,-118.4201202392578,34.243019104003906
90920594,2019,2019-02-06,9530,2019-01-25,1155,020923,NA,5,1,9,1900,0,3,5,NA,2,001,ALAMEDA ST. (7800 BLOCK),NADEAU ST.,340,N,N,A,-,N,NA,NA,NA,NA,NA,NA,NA,NA,NA,N,4,0,1,2,A,-,03,22350,NA,N,C,C,A,A,H,-,A,D,0,NA,NA,NA,NA,Y,NA,D,22,0,0,1,0,0,0,0,0,0,-,-,33.968868255615234,-118.2335968017578,LOS ANGELES,UNINCORPORATED,-118.23342895507813,33.96836471557617
90920599,2019,2019-02-06,9530,2019-01-30,0815,014701,NA,3,1,7,1941,0,1,1,NA,2,420,I-405 N/B (SAN DIEGO FREEWAY),PACIFIC AVE.,341,N,N,B,-,Y,NA,NA,405,NA,NA,NA,NA,NA,N,N,4,0,1,2,A,-,03,22350,NA,N,C,C,A,A,H,-,A,D,0,NA,NA,NA,NA,Y,NA,A,01,0,0,1,0,0,0,0,0,0,-,-,33.824119567871094,-118.20034027099608,LOS ANGELES,LONG BEACH,-118.20033264160156,33.824127197265625
90920622,2019,2019-02-06,9590,2019-01-26,1625,022160,NA,6,2,7,1942,0,1,1,NA,2,053,I-110 S/B (HAF),VENICE BLVD.,150,N,N,A,-,Y,NA,NA,110,NA,NA,NA,NA,NA,S,N,4,0,1,2,A,-,07,21658,A,N,B,C,A,A,H,-,A,D,0,NA,NA,Y,NA,Y,NA,A,01,0,0,1,0,0,0,0,0,1,-,-,34.03961181640625,-118.27384185791016,LOS ANGELES,LOS ANGELES,-118.2739028930664,34.03961944580078
90920634,2019,2019-02-06,9580,2019-01-26,1713,022103,NA,6,2,9,1900,0,3,5,NA,1,020,FERNWOOD PACIFIC DRIVE (900 BLOCK),BASIN DR,100,W,N,A,-,N,NA,NA,NA,NA,NA,NA,NA,NA,NA,Y,4,0,1,1,A,-,08,22107,NA,N,F,A,A,A,H,-,A,D,0,NA,NA,Y,NA,Y,NA,C,02,0,0,1,0,0,0,0,0,1,-,-,34.08100891113281,-118.60375213623048,LOS ANGELES,UNINCORPORATED,-118.60355377197266,34.08100509643555
90920642,2019,2019-02-06,9530,2019-01-27,1900,022132,NA,7,2,9,1900,0,3,5,NA,2,002,BROADWAY,135TH ST.,180,S,N,A,-,N,NA,NA,NA,NA,NA,NA,NA,NA,NA,Y,3,0,1,4,A,-,08,22107,NA,N,B,C,A,A,H,-,C,D,0,NA,NA,NA,NA,Y,NA,A,07,0,1,0,0,0,0,0,0,0,-,-,33.90858840942383,-118.27848052978516,LOS ANGELES,UNINCORPORATED,-118.27840423583984,33.90866470336914
90920659,2019,2019-02-06,9575,2019-02-03,1108,018329,NA,7,1,7,1942,0,1,1,NA,2,062,I-210 W/B (FOOTHILL FREEWAY),LA TUNA CANYON RD,5280,E,N,B,C,Y,NA,NA,210,NA,NA,NA,NA,NA,W,Y,3,0,1,1,A,-,03,22350,NA,N,E,I,A,B,H,-,A,D,0,NA,NA,NA,NA,Y,NA,A,07,0,1,0,0,0,0,0,0,0,-,-,34.233238220214844,-118.2751007080078,LOS ANGELES,LOS ANGELES,-118.27508544921876,34.23329162597656
90920667,2019,2019-02-06,9525,2019-02-02,1155,020544,NA,6,1,3,1921,0,1,1,NA,2,201,I-210 W/B (FOOTHILL FWY),I-605 S/B (SAN GABRIEL RIVER FWY),1584,W,N,B,C,Y,NA,NA,210,NA,NA,NA,NA,NA,W,N,4,0,1,1,A,-,03,22350,NA,N,E,I,A,B,H,-,A,D,0,NA,NA,NA,NA,Y,NA,A,01,0,0,1,0,0,0,0,0,0,-,-,34.13555908203125,-117.96298217773438,LOS ANGELES,DUARTE,-117.96297454833984,34.13557815551758
90920671,2019,2019-02-06,9525,2019-02-02,1225,022009,NA,6,1,6,1955,0,1,1,NA,2,118,I-10 E/B (SAN BERNARDINO FWY),DUDLEY ST.,1584,W,N,C,-,Y,NA,NA,10,NA,NA,NA,NA,NA,E,N,4,0,4,2,A,-,03,22350,NA,N,C,C,A,B,H,-,A,D,0,NA,NA,NA,NA,Y,NA,A,01,0,0,4,0,0,0,0,0,0,-,-,34.07284164428711,-117.78392028808594,LOS ANGELES,POMONA,-117.78392028808594,34.072811126708984
90920675,2019,2019-02-06,9550,2019-02-02,0415,021150,NA,6,3,5,1908,0,1,3,NA,2,091,STATE ROUTE 91 W/B,WOODRUFF AVENUE,1000,E,N,B,C,Y,NA,NA,91,NA,NA,NA,NA,NA,W,Y,4,0,2,1,A,-,03,22350,NA,N,E,I,A,B,H,-,C,D,0,NA,NA,NA,NA,Y,NA,A,01,0,0,2,0,0,0,0,0,0,-,-,33.876869201660156,-118.11392211914064,LOS ANGELES,BELLFLOWER,-118.11392211914064,33.87688446044922
90920682,2019,2019-02-06,9550,2019-01-31,0825,022144,NA,4,1,9,1900,0,2,4,NA,1,013,BROADWAY AVENUE S/B,WHITTIER BOULEVARD,250,S,N,B,-,N,NA,NA,NA,NA,NA,NA,NA,NA,NA,Y,4,0,1,2,A,-,08,22100,B,N,B,C,A,A,H,-,A,D,0,NA,NA,NA,NA,Y,NA,A,07,0,0,1,0,0,0,0,0,0,-,-,33.98466873168945,-118.05782318115234,LOS ANGELES,UNINCORPORATED,-118.05773162841795,33.98475646972656
90920716,2019,2019-02-06,9550,2019-01-29,1530,022180,NA,2,2,9,1900,0,2,4,NA,1,021,SHOEMAKER AVE N/B,SUNSHINE AVE,0,NA,Y,B,-,Y,NA,NA,NA,NA,NA,NA,NA,NA,NA,Y,3,0,3,2,A,-,09,21801,A,N,D,C,A,A,H,-,A,D,0,NA,NA,NA,NA,Y,Y,D,22,0,2,1,0,0,0,0,0,0,-,-,33.92089080810547,-118.05493927001952,LOS ANGELES,UNINCORPORATED,-118.05522918701172,33.92079162597656
90920728,2019,2020-01-03,9565,2019-01-25,1030,020560,NA,5,1,4,1918,0,1,1,NA,2,061,I-405 N/B,CULVER BLVD,1500,S,N,A,-,Y,NA,NA,405,NA,NA,NA,NA,NA,N,N,4,0,1,3,A,-,07,21658,A,F,C,C,A,A,H,-,A,D,0,NA,NA,NA,NA,Y,NA,-,99,0,0,1,0,0,0,0,0,0,-,-,33.999420166015625,-118.40798950195313,LOS ANGELES,CULVER CITY,-118.40813446044922,33.99930953979492
90920731,2019,2019-02-06,9535,2019-01-26,1210,016915,NA,6,1,9,1900,0,3,5,NA,2,006,ROOKS RD,PECK RD,0,NA,Y,A,-,N,NA,NA,NA,NA,NA,NA,NA,NA,NA,Y,4,0,1,2,A,-,12,21453,A,N,D,C,A,A,H,-,A,A,0,NA,NA,NA,Y,Y,NA,A,01,0,0,1,0,0,0,0,0,0,-,-,34.03022003173828,-118.0373077392578,LOS ANGELES,UNINCORPORATED,-118.03726196289064,34.0301399230957
90920735,2019,2019-02-12,9580,2019-01-27,0002,020353,NA,7,3,7,1942,0,1,3,NA,2,117,SR-118 W/B (RONALD REAGAN FWY.),RESEDA BLVD,1300,W,N,A,-,Y,NA,NA,118,NA,NA,NA,NA,NA,W,Y,2,0,3,6,A,-,03,22350,NA,N,C,C,E,A,H,-,D,D,0,Y,NA,NA,NA,Y,NA,I,09,1,1,1,0,2,0,0,0,0,-,-,34.27463912963867,-118.54049682617188,LOS ANGELES,LOS ANGELES,-118.54049682617188,34.274620056152344
90920746,2019,2019-02-06,9580,2019-02-01,2240,022046,NA,5,3,7,1942,0,1,3,NA,2,170,SR-170 N/B (HOLLYWOOD FWY.),BURBANK BLVD,200,S,N,C,-,Y,NA,NA,170,NA,NA,NA,NA,NA,N,Y,4,0,1,1,A,-,01,23152,A,N,E,I,A,B,H,-,C,D,0,NA,NA,NA,NA,Y,Y,A,01,0,0,1,0,0,0,0,0,0,-,-,34.171871185302734,-118.38826751708984,LOS ANGELES,LOS ANGELES,-118.38829040527344,34.171844482421875
90920749,2019,2019-02-06,9580,2019-01-30,0830,017386,NA,3,1,7,1942,0,1,2,NA,2,104,US-101 N/B (VENTURA FREEWAY),WHITE OAK AVE,850,N,N,B,-,Y,NA,NA,101,NA,NA,NA,NA,NA,N,Y,4,0,1,2,A,-,07,21658,A,N,B,C,A,A,H,-,A,D,0,NA,NA,Y,NA,Y,NA,C,02,0,0,1,0,0,0,0,0,1,-,-,34.17129898071289,-118.52169799804688,LOS ANGELES,LOS ANGELES,-118.52169799804688,34.17129898071289
90920754,2019,2019-02-06,9590,2019-01-26,0120,021848,NA,6,3,7,1942,0,1,1,NA,2,051,I-110 S/B (HARBOR FREEWAY),WEST 83RD STREET,500,N,N,A,-,Y,NA,NA,110,NA,NA,NA,NA,NA,S,Y,4,0,1,4,A,-,03,22350,NA,N,C,C,A,A,D,-,C,D,0,NA,NA,NA,NA,Y,NA,A,01,0,0,1,0,0,0,0,0,0,-,-,33.965431213378906,-118.28099060058594,LOS ANGELES,LOS ANGELES,-118.28093719482422,33.965431213378906
90920764,2019,2019-02-06,9550,2019-02-02,0415,018412,NA,6,3,5,1919,0,1,3,NA,2,092,SR-91 W/B,NORWALK BOULEVARD,25,W,N,B,C,Y,NA,NA,91,NA,NA,NA,NA,NA,W,Y,3,0,1,1,A,-,01,23152,A,N,E,I,A,B,H,-,D,D,0,NA,NA,NA,NA,Y,Y,A,01,0,1,0,0,0,0,0,0,0,-,-,33.8767204284668,-118.07260131835938,LOS ANGELES,CERRITOS,-118.07260131835938,33.87649154663086
90920765,2019,2019-02-06,9580,2019-01-27,1044,019952,NA,7,1,9,1900,0,1,3,NA,1,271,SR-27 S/B (TOPANGA CYN. BLVD.),SR-1 N/B (PACIFIC COAST HWY.),5280,N,N,A,-,Y,NA,NA,27,NA,NA,NA,NA,NA,S,Y,4,0,1,2,A,-,03,22350,NA,N,C,C,A,A,H,-,A,D,0,NA,NA,NA,NA,Y,NA,A,07,0,0,1,0,0,0,0,0,0,-,-,34.0525016784668,-118.58170318603516,LOS ANGELES,UNINCORPORATED,-118.5816650390625,34.052494049072266
90920775,2019,2019-02-06,9535,2019-01-28,1020,020825,NA,1,1,5,1969,0,1,1,NA,2,075,I-710 S/B (LONG BEACH FREEWAY),MILLER WAY,100,S,N,A,-,Y,NA,NA,NA,NA,NA,NA,NA,NA,NA,N,4,0,1,2,A,-,03,22350,NA,N,C,C,A,A,H,-,A,D,0,NA,NA,NA,NA,Y,NA,A,07,0,0,1,0,0,0,0,0,0,-,-,33.93756866455078,-118.18621826171876,LOS ANGELES,SOUTH GATE,-118.17218780517578,33.9387321472168
90920779,2019,2019-02-06,9525,2019-02-03,1100,020216,NA,7,1,5,1926,0,1,1,NA,2,215,I-210 W/B (FOOTHILL FWY),GRAND AVE.,1056,E,N,B,C,Y,NA,NA,210,NA,NA,NA,NA,NA,W,Y,4,0,1,1,A,-,03,22350,NA,N,E,I,A,B,H,-,A,D,0,NA,NA,NA,NA,Y,NA,A,01,0,0,1,0,0,0,0,0,0,-,-,34.120208740234375,-117.86888885498048,LOS ANGELES,GLENDORA,-117.86890411376952,34.12017059326172
90920785,2019,2019-02-06,9550,2019-01-31,1640,022203,NA,4,2,9,1900,0,3,5,NA,2,005,JELLICK AVE,SIERRA  LEONE AVE,0,NA,Y,B,-,N,NA,NA,NA,NA,NA,NA,NA,NA,NA,N,4,0,1,2,A,-,09,21802,A,N,D,C,A,B,H,-,C,A,0,NA,NA,NA,NA,Y,NA,A,08,0,0,1,0,0,0,0,0,0,-,-,33.986961364746094,-117.90116119384766,LOS ANGELES,UNINCORPORATED,-117.90113067626952,33.98698043823242
9092079,2020,2020-08-03,1900,2020-04-10,1430,510509,1121,5,5,6,1992,0,0,0,NA,0,112T4,AVENUE I,13TH ST WEST,0,NA,Y,B,C,N,NA,NA,NA,NA,NA,NA,NA,NA,NA,Y,4,0,2,2,A,-,12,21453,A,N,B,C,A,B,H,-,A,A,0,NA,NA,NA,NA,Y,NA,A,01,0,0,2,0,0,0,0,0,0,-,-,NA,NA,LOS ANGELES,LANCASTER,-118.15335083007813,34.70418167114258
90920797,2019,2019-02-06,9550,2019-01-29,1115,020688,NA,2,1,9,1900,0,2,4,NA,1,051,FULLERTON ROAD,LOS PALACIOS DRIVE,400,S,N,A,-,N,NA,NA,NA,NA,NA,NA,NA,NA,NA,Y,3,0,1,3,A,-,03,22350,NA,N,C,C,A,A,H,-,A,D,0,NA,NA,NA,NA,Y,NA,A,01,0,1,0,0,0,0,0,0,0,-,-,33.98978042602539,-117.90553283691406,LOS ANGELES,UNINCORPORATED,-117.90555572509766,33.989845275878906
9092080,2020,2020-08-03,1900,2020-04-08,1138,551435,1134,3,5,6,1992,0,0,0,NA,0,112T2,AVENUE K,6TH ST EAST,0,NA,Y,C,-,N,NA,NA,NA,NA,NA,NA,NA,NA,NA,Y,4,0,2,2,A,-,12,22450,A,N,D,C,A,B,H,-,A,A,0,NA,NA,NA,NA,Y,NA,A,01,0,0,2,0,0,0,0,0,0,-,-,NA,NA,LOS ANGELES,LANCASTER,-118.12017059326172,34.675010681152344
90920800,2019,2019-02-15,9550,2019-01-28,0830,020245,NA,1,1,9,1900,0,1,3,NA,2,602,SR-60 EASTBOUND,NOGALES STREET,500,E,N,A,-,Y,NA,NA,60,NA,NA,NA,NA,NA,E,N,3,0,1,2,A,-,08,22107,NA,F,C,C,A,A,H,-,A,D,0,NA,NA,Y,NA,Y,NA,A,07,0,1,0,0,0,0,0,0,1,-,-,33.99325180053711,-117.88794708251952,LOS ANGELES,UNINCORPORATED,-117.88794708251952,33.99405288696289
90920808,2019,2019-02-06,9535,2019-01-31,1735,020488,NA,4,2,5,1947,0,1,3,NA,2,600,SR-60 (POMONA FREEWAY) E/B,MARKLAND DR.,50,W,N,A,-,Y,NA,NA,60,NA,NA,NA,NA,NA,E,Y,4,0,2,2,A,-,03,22350,NA,N,C,C,A,A,H,-,A,D,0,NA,NA,NA,NA,Y,NA,A,01,0,0,2,0,0,0,0,0,0,-,-,34.03316116333008,-118.11830139160156,LOS ANGELES,MONTEBELLO,-118.11830139160156,34.033180236816406
90920822,2019,2019-02-06,9535,2019-01-31,2025,020943,NA,4,2,9,1900,0,3,5,NA,2,006,ROOKS RD. (12100 BLOCK),SPORTS ARENA DR.,100,N,N,B,-,N,NA,NA,NA,NA,NA,NA,NA,NA,NA,Y,4,0,1,1,A,-,03,22350,NA,N,E,I,A,A,H,-,D,D,0,NA,NA,NA,NA,Y,NA,A,01,0,0,1,0,0,0,0,0,0,-,-,34.0265007019043,-118.04212951660156,LOS ANGELES,UNINCORPORATED,-118.04244995117188,34.02611541748047
90920845,2019,2019-02-06,9525,2019-02-04,0900,020216,NA,1,1,4,1938,0,1,1,NA,2,207,SR-210 W/B (FOOTHILL FWY),FOOTHILL BLVD.,1584,W,N,B,C,Y,NA,NA,210,NA,NA,NA,NA,NA,W,N,4,0,1,2,A,-,03,22350,NA,N,C,C,A,B,H,-,A,D,0,NA,NA,NA,NA,Y,NA,D,22,0,0,1,0,0,0,0,0,0,-,-,34.12004852294922,-117.7894287109375,LOS ANGELES,LA VERNE,-117.7894287109375,34.11998748779297
90920857,2019,2019-02-06,9535,2019-01-31,1753,018138,NA,4,2,9,1900,0,1,1,NA,2,651,I-605 S/B,SR-60,1500,N,N,B,-,Y,NA,NA,605,NA,NA,NA,NA,NA,S,N,4,0,1,2,A,-,03,22350,NA,N,C,C,A,B,H,-,C,D,0,NA,NA,NA,NA,Y,NA,A,01,0,0,1,0,0,0,0,0,0,-,-,34.036319732666016,-118.0242919921875,LOS ANGELES,UNINCORPORATED,-118.02429962158205,34.03632736206055
90920859,2019,2019-02-06,9525,2019-02-04,1710,021074,NA,1,2,6,1975,0,1,1,NA,2,104,I-10 E/B (SAN BERNARDINO FWY),PACIFIC AVE,75,E,N,B,C,Y,NA,NA,10,NA,NA,NA,NA,NA,E,Y,4,0,1,2,A,-,03,22350,NA,N,C,C,A,A,H,-,B,D,0,NA,NA,NA,NA,Y,NA,A,01,0,0,1,0,0,0,0,0,0,-,-,34.072181701660156,-117.94207763671876,LOS ANGELES,WEST COVINA,-117.94207763671876,34.072174072265625
9092087,2020,2020-06-15,1942,2020-02-21,2015,36885,1563,5,5,7,1942,0,0,0,O,0,15A3,MOORPARK ST,KRAFT AV,8,E,N,B,-,N,NA,NA,NA,NA,NA,NA,NA,NA,NA,N,3,0,1,2,A,-,10,21950,A,N,A,B,B,A,H,-,C,D,0,Y,NA,NA,NA,Y,NA,-,NA,0,1,0,0,1,0,0,0,0,-,-,NA,NA,LOS ANGELES,LOS ANGELES,-118.38006591796876,34.150367736816406