CASE_ID,ACCIDENT_YEAR,PROC_DATE,JURIS,COLLISION_DATE,COLLISION_TIME,OFFICER_ID,REPORTING_DISTRICT,DAY_OF_WEEK,CHP_SHIFT,POPULATION,CNTY_CITY_LOC,SPECIAL_COND,BEAT_TYPE,CHP_BEAT_TYPE,CITY_DIVISION_LAPD,CHP_BEAT_CLASS,BEAT_NUMBER,PRIMARY_RD,SECONDARY_RD,DISTANCE,DIRECTION,INTERSECTION,WEATHER_1,WEATHER_2,STATE_HWY_IND,CALTRANS_COUNTY,CALTRANS_DISTRICT,STATE_ROUTE,ROUTE_SUFFIX,POSTMILE_PREFIX,POSTMILE,LOCATION_TYPE,RAMP_INTERSECTION,SIDE_OF_HWY,TOW_AWAY,COLLISION_SEVERITY,NUMBER_KILLED,NUMBER_INJURED,PARTY_COUNT,PRIMARY_COLL_FACTOR,PCF_CODE_OF_VIOL,PCF_VIOL_CATEGORY,PCF_VIOLATION,PCF_VIOL_SUBSECTION,HIT_AND_RUN,TYPE_OF_COLLISION,MVIW,PED_ACTION,ROAD_SURFACE,ROAD_COND_1,ROAD_COND_2,LIGHTING,CONTROL_DEVICE,CHP_ROAD_TYPE,PEDESTRIAN_ACCIDENT,BICYCLE_ACCIDENT,MOTORCYCLE_ACCIDENT,TRUCK_ACCIDENT,NOT_PRIVATE_PROPERTY,ALCOHOL_INVOLVED,STWD_VEHTYPE_AT_FAULT,CHP_VEHTYPE_AT_FAULT,COUNT_SEVERE_INJ,COUNT_VISIBLE_INJ,COUNT_COMPLAINT_PAIN,COUNT_PED_KILLED,COUNT_PED_INJURED,COUNT_BICYCLIST_KILLED,COUNT_BICYCLIST_INJURED,COUNT_MC_KILLED,COUNT_MC_INJURED,PRIMARY_RAMP,SECONDARY_RAMP,LATITUDE,LONGITUDE,COUNTY,CITY,POINT_X,POINT_Y
9092115,2020,2020-07-17,1942,2020-04-12,0540,42998,2141,7,5,7,1942,0,0,0,NA,0,21A43,VANOWEN ST,PLATT AV,0,NA,Y,-,-,N,NA,NA,NA,NA,NA,NA,NA,NA,NA,Y,4,0,1,2,A,-,12,21453,A,N,-,-,A,-,-,-,-,-,0,NA,NA,NA,NA,Y,NA,A,01,0,0,1,0,0,0,0,0,0,-,-,NA,NA,LOS ANGELES,LOS ANGELES,-118.64248657226564,34.1932487487793
90921151,2019,2019-02-07,9565,2019-01-18,1830,021905,NA,5,2,5,1965,0,1,1,NA,2,082,I-10 E/B,17TH ST,180,E,N,A,-,Y,NA,NA,10,NA,NA,NA,NA,NA,E,Y,4,0,1,3,A,-,08,22107,NA,F,B,C,A,A,H,-,C,D,0,NA,NA,NA,NA,Y,NA,D,22,0,0,1,0,0,0,0,0,0,-,-,34.021759033203125,-118.47650146484376,LOS ANGELES,SANTA MONICA,-118.47653198242188,34.021793365478516
90921156,2019,2019-02-07,9575,2019-01-18,1413,017491,NA,5,2,7,1942,0,1,3,NA,2,044,SR-134 W/B (VENTURA FREEWAY),LEDGE AVENUE,162,E,N,A,B,Y,NA,NA,134,NA,NA,NA,NA,NA,W,Y,4,0,3,3,A,-,03,22350,NA,N,C,C,A,A,H,-,A,D,0,NA,NA,NA,NA,Y,NA,A,01,0,0,3,0,0,0,0,0,0,-,-,34.15304183959961,-118.35649871826172,LOS ANGELES,LOS ANGELES,-118.35649871826172,34.15308380126953
9092116,2020,2020-07-17,1942,2020-04-13,1925,42818,NA,1,5,7,1942,0,0,0,NA,0,2129,CORBIN AV,BLYTHE ST,152,S,N,A,-,N,NA,NA,NA,NA,NA,NA,NA,NA,NA,Y,2,0,1,2,A,-,08,22100,5,N,B,C,A,A,H,-,B,A,0,NA,NA,Y,NA,Y,NA,A,01,1,0,0,0,0,0,0,0,1,-,-,NA,NA,LOS ANGELES,LOS ANGELES,-118.56228637695313,34.214332580566406
9092117,2020,2020-07-17,1942,2020-04-13,2020,44092,0901,1,5,7,1942,0,0,0,I,0,9A19,SEPULVEDA BL,SATICOY,0,NA,Y,A,-,N,NA,NA,NA,NA,NA,NA,NA,NA,NA,Y,2,0,2,2,A,-,08,22107,NA,F,B,C,A,A,H,-,C,A,0,NA,NA,NA,NA,Y,NA,-,NA,1,1,0,0,0,0,0,0,0,-,-,NA,NA,LOS ANGELES,LOS ANGELES,-118.46620941162108,34.20845031738281
90921171,2019,2019-02-07,9590,2019-01-12,0305,021596,NA,6,3,7,1942,0,1,2,NA,2,070,US-101 N/B (HOF) TO ALVARADO STREET,ALVARADO ST,150,S,N,A,C,Y,NA,NA,101,NA,NA,NA,R,NA,N,Y,3,0,1,1,A,-,01,23152,A,N,E,I,A,B,H,-,C,D,0,NA,NA,NA,NA,Y,Y,A,01,0,1,0,0,0,0,0,0,0,-,-,34.07212829589844,-118.26616668701172,LOS ANGELES,LOS ANGELES,-118.26616668701172,34.07212829589844
9092118,2020,2020-07-17,1942,2020-04-02,1240,38326,2143,4,5,7,1942,0,0,0,NA,0,21A43,VICTORY BL,ROYER AV,250,E,N,A,-,N,NA,NA,NA,NA,NA,NA,NA,NA,NA,N,3,0,1,2,A,-,09,21804,A,N,D,G,A,A,H,-,A,D,0,NA,Y,NA,NA,Y,NA,A,01,0,1,0,0,0,0,1,0,0,-,-,NA,NA,LOS ANGELES,LOS ANGELES,-118.62689208984376,34.18644332885742
90921188,2017,2019-02-07,9575,2017-09-15,0311,021344,NA,5,3,7,1942,0,1,1,NA,2,053,I-5 S/B (GOLDEN STATE FREEWAY),BRANFORD STREET,795,S,N,B,-,Y,NA,NA,5,NA,NA,NA,NA,NA,S,Y,4,0,1,2,A,-,03,22350,NA,N,C,C,A,A,H,-,E,D,0,NA,NA,NA,NA,Y,NA,A,01,0,0,1,0,0,0,0,0,0,-,-,34.23704,-118.41436,LOS ANGELES,LOS ANGELES,-118.41439913,34.23699873
9092119,2020,2020-07-17,1942,2020-04-01,1340,38947,2173,3,5,7,1942,0,0,0,NA,0,21A73,FALLBROOK AV,MARIANO ST,0,NA,Y,A,-,N,NA,NA,NA,NA,NA,NA,NA,NA,NA,Y,4,0,2,2,A,-,09,21802,A,N,A,C,A,A,H,-,A,A,0,NA,NA,NA,NA,Y,NA,A,01,0,0,2,0,0,0,0,0,0,-,-,NA,NA,LOS ANGELES,LOS ANGELES,-118.623291015625,34.168338775634766
90921191,2017,2019-02-07,9575,2017-09-15,0313,021344,NA,5,3,7,1942,0,1,1,NA,2,053,I-5 S/B (GOLDEN STATE FREEWAY),BRANFORD STREET,941,S,N,B,-,Y,NA,NA,5,NA,NA,NA,NA,NA,S,Y,2,0,2,2,C,-,18,NA,NA,N,A,C,A,A,H,-,E,D,0,NA,NA,NA,NA,Y,NA,-,-,1,0,1,0,0,0,0,0,0,-,-,34.2367,-118.41411,LOS ANGELES,LOS ANGELES,-118.41409771,34.23671296
90921198,2017,2019-02-12,9575,2017-09-15,0314,021344,NA,5,3,7,1942,0,1,1,NA,2,053,I-5 S/B (GOLDEN STATE FREEWAY),BRANFORD STREET,1088,S,N,B,-,Y,NA,NA,5,NA,NA,NA,NA,NA,S,Y,1,1,4,3,C,-,18,NA,NA,N,D,C,A,A,H,-,E,D,0,NA,NA,NA,NA,Y,NA,-,-,0,2,2,0,0,0,0,0,0,-,-,34.23638,-118.4138,LOS ANGELES,LOS ANGELES,-118.41377468,34.23640671
9092120,2020,2020-07-17,1942,2020-04-01,0810,40165,2149,3,5,7,1942,0,0,0,NA,0,21A29,VANOWEN ST,QUAKERTOWN AV,0,NA,Y,A,-,N,NA,NA,NA,NA,NA,NA,NA,NA,NA,Y,4,0,1,2,A,-,03,22350,NA,N,C,C,A,A,H,-,A,D,0,NA,NA,NA,NA,Y,NA,A,07,0,0,1,0,0,0,0,0,0,-,-,NA,NA,LOS ANGELES,LOS ANGELES,-118.56987762451172,34.193790435791016
90921206,2019,2019-02-07,9575,2019-02-01,0855,020887,NA,5,1,7,1942,0,1,3,NA,2,044,SR-134 E/B (VENTURA FREEWAY),PASS AVE,1500,W,N,A,-,Y,NA,NA,134,NA,NA,NA,NA,NA,E,Y,3,0,1,3,A,-,03,22350,NA,N,C,C,A,A,H,-,A,D,0,NA,NA,NA,NA,Y,NA,A,01,0,1,0,0,0,0,0,0,0,-,-,34.15336990356445,-118.3498764038086,LOS ANGELES,LOS ANGELES,-118.34988403320313,34.153404235839844
9092121,2020,2020-07-20,1942,2020-04-04,0020,41024,1362,6,5,7,1942,0,0,0,M,0,13A85W,AVALON',51ST ST,20,S,N,A,-,N,NA,NA,NA,NA,NA,NA,NA,NA,NA,Y,4,0,1,2,A,-,05,21460,NA,F,A,C,A,A,H,-,C,A,0,NA,NA,NA,NA,Y,Y,A,01,0,0,1,0,0,0,0,0,0,-,-,NA,NA,LOS ANGELES,LOS ANGELES,-118.26522827148438,33.99650573730469
90921215,2018,2020-04-17,9535,2018-12-01,1748,022059,NA,6,2,9,1900,0,2,4,NA,2,022,OLYMPIC BOULEVARD (5900 BLOCK),SOUTHSIDE DRIVE,350,W,N,A,-,N,NA,NA,NA,NA,NA,NA,NA,NA,NA,N,4,0,2,2,A,-,03,22350,NA,N,C,C,A,A,H,-,C,A,0,NA,NA,NA,NA,Y,NA,A,07,0,0,2,0,0,0,0,0,0,-,-,34.01359939575195,-118.14507293701172,LOS ANGELES,UNINCORPORATED,-118.14544677734376,34.013668060302734
9092122,2020,2020-07-20,1942,2020-04-05,2000,44110,RD138,7,5,7,1942,0,0,0,NA,0,13A43,SLAUSON AV,BRENTWOOD,0,NA,Y,C,-,N,NA,NA,NA,NA,NA,NA,NA,NA,NA,N,4,0,3,2,A,-,03,22350,NA,F,C,C,A,B,H,-,A,D,0,NA,NA,NA,NA,Y,NA,-,99,0,0,3,0,0,0,0,0,0,-,-,NA,NA,LOS ANGELES,LOS ANGELES,-118.27720642089844,33.98918914794922
9092123,2020,2020-07-20,1942,2020-04-08,1350,41629,0409,3,5,7,1942,0,0,0,D,0,4A9,HUNTINGTON DR N,MAYCREST AV,0,NA,Y,B,C,N,NA,NA,NA,NA,NA,NA,NA,NA,NA,N,2,0,1,2,A,-,11,21954,A,N,G,B,D,B,H,-,A,D,0,Y,NA,NA,NA,Y,Y,N,60,1,0,0,0,1,0,0,0,0,-,-,NA,NA,LOS ANGELES,LOS ANGELES,-118.16114044189452,34.09342956542969
90921231,2019,2019-02-07,9530,2019-01-29,1925,022079,NA,2,2,5,1915,0,1,3,NA,2,310,SR-91 E/B (ARTESIA FREEWAY),WILMINGTON AVE.,800,W,N,A,-,Y,NA,NA,91,NA,NA,NA,NA,NA,E,N,4,0,2,4,A,-,03,22350,NA,N,C,C,A,A,H,-,C,D,0,NA,NA,NA,NA,Y,NA,D,22,0,0,2,0,0,0,0,0,0,-,-,33.873600006103516,-118.23834991455078,LOS ANGELES,COMPTON,-118.23834991455078,33.873558044433594
90921234,2019,2019-02-07,9575,2019-02-02,0449,021925,NA,6,3,6,1925,0,1,3,NA,2,042,SR-134 W/B (VENTURA FREEWAY),GLENDALE AVENUE,1000,E,N,B,C,Y,NA,NA,134,NA,NA,NA,NA,NA,W,Y,3,0,1,1,A,-,03,22350,NA,N,E,I,A,B,H,-,C,D,0,NA,NA,NA,NA,Y,NA,A,01,0,1,0,0,0,0,0,0,0,-,-,34.15494155883789,-118.239990234375,LOS ANGELES,GLENDALE,-118.23998260498048,34.15495300292969
9092124,2020,2020-07-20,1942,2020-04-09,1530,42539,1802,4,5,7,1942,0,0,0,R,0,25T52,W 92ND ST,GRAND AV,8,W,N,C,-,N,NA,NA,NA,NA,NA,NA,NA,NA,NA,Y,4,0,1,2,A,-,03,22350,NA,F,C,D,A,B,H,-,D,A,0,NA,NA,NA,NA,Y,NA,-,99,0,0,1,0,0,0,0,0,0,-,-,NA,NA,LOS ANGELES,LOS ANGELES,-118.27988433837892,33.95280075073242
9092125,2020,2021-08-20,1942,2020-04-02,0200,35722,0504,4,5,7,1942,0,0,0,E,0,5A11,NORMANDIE AV,212TH ST,375,N,N,A,-,N,NA,NA,NA,NA,NA,NA,NA,NA,NA,N,3,0,1,2,A,-,11,21955,NA,N,-,B,E,A,H,-,D,D,0,Y,NA,NA,NA,Y,NA,N,60,0,1,0,0,1,0,0,0,0,-,-,NA,NA,LOS ANGELES,LOS ANGELES,-118.2996063232422,33.83753967285156
90921257,2019,2019-02-07,9575,2019-02-02,0755,021569,NA,6,1,6,1953,0,1,3,NA,2,040,SR-134 E/B (VENTURA FREEWAY),SR-134 W/B FROM ORANGE GROVE,429,W,N,C,-,Y,NA,NA,134,NA,NA,NA,NA,NA,E,N,3,0,1,1,C,-,18,NA,NA,N,E,J,A,B,H,-,A,D,0,NA,NA,NA,NA,Y,NA,-,-,0,1,0,0,0,0,0,0,0,-,-,34.14596176147461,-118.1644287109375,LOS ANGELES,PASADENA,-118.16439819335938,34.14582061767578
9092126,2020,2020-07-24,1942,2020-04-09,2100,44184,1846,4,5,7,1942,0,0,0,R,0,18A49,IMPERIAL HWY,PARMELEE AV,50,E,N,C,-,N,NA,NA,NA,NA,NA,NA,NA,NA,NA,N,3,0,1,2,A,-,03,22350,NA,F,A,B,D,B,H,-,C,D,0,Y,NA,NA,NA,Y,NA,-,99,0,1,0,0,1,0,0,0,0,-,-,NA,NA,LOS ANGELES,LOS ANGELES,NA,NA
90921266,2019,2019-02-07,9580,2019-01-31,1815,020462,NA,4,2,7,1942,0,1,2,NA,2,103,US-101 S/B (VENTURA FREEWAY),WHITE OAK AVE,750,S,N,A,-,Y,NA,NA,101,NA,NA,NA,NA,NA,S,Y,3,0,1,2,A,-,03,22350,NA,N,C,C,A,A,H,-,C,D,0,NA,NA,NA,NA,Y,NA,A,01,0,1,0,0,0,0,0,0,0,-,-,34.171051025390625,-118.51406860351564,LOS ANGELES,LOS ANGELES,-118.51406860351564,34.17108917236328
9092127,2020,2020-07-20,1942,2020-04-09,1340,41865,1831,4,5,7,1942,0,0,0,R,0,18A41,FIGUEROA ST,126TH ST,50,N,N,C,-,N,NA,NA,NA,NA,NA,NA,NA,NA,NA,Y,4,0,1,2,A,-,03,22350,NA,N,B,E,A,B,H,-,A,D,0,NA,NA,NA,NA,Y,NA,A,01,0,0,1,0,0,0,0,0,0,-,-,NA,NA,LOS ANGELES,LOS ANGELES,-118.28303527832033,33.918968200683594
90921276,2019,2019-02-07,9580,2019-01-31,1258,016523,NA,4,1,7,1942,0,1,1,NA,2,406,I-405 N/B (SAN DIEGO FWY),ROSCOE BLVD,10,N,N,B,-,Y,NA,NA,405,NA,NA,NA,NA,NA,N,Y,4,0,2,2,A,-,03,22350,NA,N,C,C,A,B,G,-,A,D,0,NA,NA,NA,NA,Y,NA,A,01,0,0,2,0,0,0,0,0,0,-,-,34.221378326416016,-118.47309112548828,LOS ANGELES,LOS ANGELES,-118.47309112548828,34.221378326416016
9092128,2020,2020-07-20,1942,2020-04-10,1810,43037,1841,5,5,7,1942,0,0,0,R,0,18A44,W 107TH ST,BARING CROSS ST,55,E,N,A,-,N,NA,NA,NA,NA,NA,NA,NA,NA,NA,Y,3,0,2,3,A,-,03,22350,NA,N,C,C,A,A,H,-,A,D,0,NA,NA,NA,NA,Y,NA,A,01,0,2,0,0,0,0,0,0,0,-,-,NA,NA,LOS ANGELES,LOS ANGELES,-118.28920745849608,33.93906021118164
9092129,2020,2020-07-20,1942,2020-04-10,1320,40404,1258,5,5,7,1942,0,0,0,L,0,12A57,S BROADWAY,W 79TH ST,0,NA,Y,B,-,N,NA,NA,NA,NA,NA,NA,NA,NA,NA,Y,4,0,1,3,A,-,12,21453,A,F,D,C,A,B,H,-,A,A,0,NA,NA,NA,NA,Y,NA,A,01,0,0,1,0,0,0,0,0,0,-,-,NA,NA,LOS ANGELES,LOS ANGELES,-118.2782974243164,33.96788024902344
90921295,2019,2019-02-07,9580,2019-02-01,1930,019715,NA,5,2,7,1942,0,1,3,NA,2,170,SR-170 N/B (HOLLYWOOD FWY.),WHITSETT AVE,500,N,N,B,C,Y,NA,NA,170,NA,NA,NA,NA,NA,N,N,4,0,1,3,A,-,08,22107,NA,M,B,C,A,B,H,-,D,D,0,NA,NA,NA,NA,Y,NA,-,99,0,0,1,0,0,0,0,0,0,-,-,34.213409423828125,-118.40767669677734,LOS ANGELES,LOS ANGELES,-118.40779113769533,34.21337890625
90921296,2019,2019-02-07,9575,2019-02-02,1216,021569,NA,6,1,6,1953,0,1,1,NA,2,063,I-210 W/B (FOOTHILL FREEWAY),ARROYO BOULEVARD,236,W,N,C,-,Y,NA,NA,210,NA,NA,NA,NA,NA,W,Y,3,0,1,1,A,-,03,22350,NA,N,E,I,A,B,H,-,A,D,0,NA,NA,NA,NA,Y,NA,A,08,0,1,0,0,0,0,0,0,0,-,-,34.18104934692383,-118.16989135742188,LOS ANGELES,PASADENA,-118.16957855224608,34.1816520690918
9092130,2020,2020-07-20,1942,2020-04-10,1105,41808,1211,5,5,7,1942,0,0,0,L,0,NA,69TH ST,MENLO,50,E,N,A,-,N,NA,NA,NA,NA,NA,NA,NA,NA,NA,N,4,0,1,2,A,-,03,22350,NA,F,A,B,B,A,H,-,A,D,0,Y,NA,NA,NA,Y,NA,-,99,0,0,1,0,1,0,0,0,0,-,-,NA,NA,LOS ANGELES,LOS ANGELES,-118.2890853881836,33.97724914550781
9092131,2020,2020-07-20,1942,2020-04-08,2215,43418,1207,3,5,7,1942,0,0,0,L,0,12X27,VERNON AV,MENLO AV,0,NA,Y,C,-,N,NA,NA,NA,NA,NA,NA,NA,NA,NA,N,3,0,2,2,A,-,12,21453,A,N,B,C,A,B,H,-,C,A,0,NA,NA,NA,NA,Y,NA,A,01,0,2,0,0,0,0,0,0,0,-,-,NA,NA,LOS ANGELES,LOS ANGELES,-118.29003143310548,34.00368881225586
90921312,2019,2019-02-07,9590,2019-01-29,1930,022087,NA,2,2,7,1942,0,1,2,NA,2,072,US-101 N/B (HOLLYWOOD FREEWAY),MULHOLLAND DR.,515,N,N,A,-,Y,NA,NA,101,NA,NA,NA,NA,NA,N,N,4,0,2,3,A,-,03,22350,NA,N,C,C,A,A,H,-,C,D,0,NA,NA,NA,NA,Y,NA,A,01,0,0,2,0,0,0,0,0,0,-,-,34.1243782043457,-118.34307861328124,LOS ANGELES,LOS ANGELES,-118.343017578125,34.124454498291016
9092132,2020,2020-07-20,1942,2020-04-09,1500,42681,1259,4,5,7,1942,0,0,0,L,0,12X58,AVALON BL,79TH ST,4,S,N,B,C,N,NA,NA,NA,NA,NA,NA,NA,NA,NA,N,3,0,1,2,A,-,10,21950,NA,F,A,B,B,B,-,-,A,A,0,Y,NA,NA,NA,Y,NA,-,99,0,1,0,0,1,0,0,0,0,-,-,NA,NA,LOS ANGELES,LOS ANGELES,-118.2651596069336,33.96738052368164
90921325,2019,2019-02-07,9590,2019-01-29,0745,017878,NA,2,1,7,1942,0,1,1,NA,2,500,I-110 N/B (HARBOR FREEWAY),MANCHESTER BLVD,2000,N,N,A,-,Y,NA,NA,110,NA,NA,NA,NA,NA,N,N,3,0,1,3,A,-,03,22350,NA,N,C,C,A,A,H,-,A,D,0,NA,NA,NA,NA,Y,NA,A,01,0,1,0,0,0,0,0,0,0,-,-,33.96044158935547,-118.28069305419922,LOS ANGELES,LOS ANGELES,-118.28072357177734,33.96044158935547
9092133,2020,2020-07-20,1942,2020-04-04,1635,36268,1233,6,5,7,1942,0,0,0,L,0,12A67,WESTERN AV,62ND ST,0,NA,Y,A,-,N,NA,NA,NA,NA,NA,NA,NA,NA,NA,N,3,0,1,2,A,-,10,21950,NA,N,G,B,B,A,H,-,A,A,0,Y,NA,NA,NA,Y,NA,A,01,0,1,0,0,1,0,0,0,0,-,-,NA,NA,LOS ANGELES,LOS ANGELES,-118.3089599609375,33.98337936401367
90921332,2019,2019-02-07,9550,2019-02-06,1320,018531,NA,3,1,6,1920,0,1,1,NA,2,651,I-605 NORTHBOUND,FLORENCE AVE.,2800,S,N,A,-,Y,NA,NA,605,NA,NA,NA,NA,NA,N,Y,4,0,1,3,A,-,03,22350,NA,N,C,C,A,A,H,-,A,D,0,NA,NA,NA,NA,Y,NA,A,01,0,0,1,0,0,0,0,0,0,-,-,33.93077087402344,-118.10179138183594,LOS ANGELES,DOWNEY,-118.10184478759766,33.9307975769043
9092134,2020,2020-07-20,1942,2020-04-12,1420,41579,1243,7,5,7,1942,0,0,0,L,0,25TL54,W GAGE AV,HAAS AV,0,NA,Y,A,B,N,NA,NA,NA,NA,NA,NA,NA,NA,NA,Y,4,0,3,2,A,-,12,22450,A,F,D,C,A,A,H,-,A,A,0,NA,NA,NA,NA,Y,NA,A,01,0,0,3,0,0,0,0,0,0,-,-,NA,NA,LOS ANGELES,LOS ANGELES,-118.31680297851564,33.98183822631836
90921345,2019,2019-02-07,9580,2019-02-02,0940,016523,NA,6,1,7,1942,0,1,3,NA,2,117,SR-118 W/B (RONALD REAGAN FWY.),TAMPA AVE,100,E,N,B,C,Y,NA,NA,118,NA,NA,NA,NA,NA,W,N,4,0,1,1,A,-,03,22350,NA,N,E,I,A,A,H,-,A,D,0,NA,NA,NA,NA,Y,NA,A,07,0,0,1,0,0,0,0,0,0,-,-,34.27241134643555,-118.55574798583984,LOS ANGELES,LOS ANGELES,-118.55574798583984,34.272422790527344
9092135,2020,2020-07-20,1942,2020-04-10,1010,38088,1283,5,5,7,1942,0,0,0,L,0,25T27,CENTURY,HARVARD BL,100,E,N,C,-,N,NA,NA,NA,NA,NA,NA,NA,NA,NA,N,4,0,2,3,A,-,03,22350,NA,N,C,C,D,B,H,-,A,D,0,Y,NA,NA,NA,Y,Y,A,07,0,0,2,0,1,0,0,0,0,-,-,NA,NA,LOS ANGELES,LOS ANGELES,-118.30648803710938,33.94546890258789
90921355,2019,2019-02-07,9550,2019-02-02,1015,019857,NA,6,1,9,1900,0,3,5,NA,2,001,BROADWAY S/B (7700 BLOCK),SARAGOSA STREET,140,S,N,B,C,N,NA,NA,NA,NA,NA,NA,NA,NA,NA,Y,4,0,1,3,A,-,03,22350,NA,N,C,E,A,B,H,-,A,D,0,NA,NA,NA,NA,Y,NA,A,08,0,0,1,0,0,0,0,0,0,-,-,33.973968505859375,-118.0680923461914,LOS ANGELES,UNINCORPORATED,-118.06795501708984,33.974082946777344
9092136,2020,2020-07-20,1942,2020-04-12,2230,40105,1211,7,5,7,1942,0,0,0,L,0,12A31,W SLAUSON AV,WEST BL,9,E,N,B,-,N,NA,NA,NA,NA,NA,NA,NA,NA,NA,Y,3,0,1,1,A,-,03,22350,NA,N,E,I,A,B,H,-,C,A,0,NA,NA,NA,NA,Y,NA,A,01,0,1,0,0,0,0,0,0,0,-,-,NA,NA,LOS ANGELES,LOS ANGELES,-118.33521270751952,33.988990783691406
9092137,2020,2020-07-20,1942,2020-04-12,1640,43171,1832,7,5,7,1942,0,0,0,R,0,18A44,GRAPE ST,107TH ST,50,N,N,B,-,N,NA,NA,NA,NA,NA,NA,NA,NA,NA,N,3,0,2,2,A,-,22,23123,A,N,C,E,A,A,H,-,A,D,0,NA,NA,NA,NA,Y,NA,A,01,0,2,0,0,0,0,0,0,0,-,-,NA,NA,LOS ANGELES,LOS ANGELES,-118.23696136474608,33.93901824951172
9092138,2020,2020-07-20,1942,2020-04-11,1715,42929,180,6,5,7,1942,0,0,0,R,0,18A3,CENTRAL AV,87TH ST,0,NA,Y,A,-,N,NA,NA,NA,NA,NA,NA,NA,NA,NA,Y,3,0,2,3,A,-,12,22450,NA,N,H,C,A,A,H,-,A,D,0,NA,NA,NA,NA,Y,NA,A,01,0,2,0,0,0,0,0,0,0,-,-,NA,NA,LOS ANGELES,LOS ANGELES,-118.25640869140624,33.95928955078125
90921382,2019,2019-02-07,9525,2019-02-02,1450,021542,NA,6,2,6,1955,0,1,1,NA,2,109,I-10 W/B (SAN BERNARDINO FWY),TOWNE AVE,1000,E,N,B,C,Y,NA,NA,10,NA,NA,NA,NA,NA,W,Y,3,0,1,1,A,-,03,22350,NA,N,E,I,A,B,H,-,A,D,0,NA,NA,NA,NA,Y,NA,A,01,0,1,0,0,0,0,0,0,0,-,-,34.0813102722168,-117.7340087890625,LOS ANGELES,POMONA,-117.7340087890625,34.081298828125
9092139,2020,2020-07-20,1942,2020-04-12,1548,43270,1837,7,5,7,1942,0,0,0,R,0,18A35,WILMINGTON AV,E 108TH ST,0,NA,Y,B,-,N,NA,NA,NA,NA,NA,NA,NA,NA,NA,Y,3,0,3,2,A,-,09,21801,A,N,A,C,A,A,H,-,A,A,0,NA,NA,NA,NA,Y,NA,A,01,0,1,2,0,0,0,0,0,0,-,-,NA,NA,LOS ANGELES,LOS ANGELES,-118.23902893066406,33.93785095214844
9092140,2020,2020-07-20,1942,2020-04-12,2050,43836,1253,7,5,7,1942,0,0,0,L,0,12A73,WESTERN AV,79TH ST,55,N,N,A,-,N,NA,NA,NA,NA,NA,NA,NA,NA,NA,Y,3,0,1,2,A,-,08,22107,NA,F,C,C,A,A,H,-,C,A,0,NA,NA,Y,NA,Y,NA,-,NA,0,1,0,0,0,0,0,0,1,-,-,NA,NA,LOS ANGELES,LOS ANGELES,-118.30902099609376,33.96744155883789
9092141,2020,2020-07-21,1942,2020-04-11,1230,40291,1775,6,5,7,1942,0,0,0,Q,0,17A95,NORDHOFF ST,LOUISE AV,20,E,N,A,-,N,NA,NA,NA,NA,NA,NA,NA,NA,NA,N,4,0,1,2,A,-,03,22350,NA,N,C,C,A,A,H,-,A,A,0,NA,NA,NA,NA,Y,NA,A,01,0,0,1,0,0,0,0,0,0,-,-,NA,NA,LOS ANGELES,LOS ANGELES,-118.51119232177734,34.23576736450195
90921411,2019,2019-02-07,9535,2019-02-02,0202,022017,NA,6,3,4,1907,0,1,1,NA,2,073,I-710 (LONG BEACH FREEWAY) S/B,FLORENCE AVENUE,200,N,N,B,C,Y,NA,NA,710,NA,NA,NA,NA,NA,S,N,3,0,1,1,A,-,03,22350,NA,N,E,I,A,B,H,-,D,D,0,NA,NA,NA,NA,Y,NA,A,01,0,1,0,0,0,0,0,0,0,-,-,33.97200012207031,-118.16802215576172,LOS ANGELES,BELL,-118.16796875,33.97200393676758
9092142,2020,2020-07-21,1942,2020-04-10,1410,41514,1763,5,5,7,1942,0,0,0,Q,0,17A81,LASSEN ST,CORBIN AV,100,W,N,C,-,N,NA,NA,NA,NA,NA,NA,NA,NA,NA,Y,3,0,2,4,A,-,21,22106,NA,N,D,C,A,B,H,-,A,D,0,NA,NA,NA,NA,Y,NA,A,01,0,2,0,0,0,0,0,0,0,-,-,NA,NA,LOS ANGELES,LOS ANGELES,-118.56263732910156,34.25
90921429,2019,2020-03-30,9575,2019-02-05,1240,016536,NA,2,1,5,1902,0,1,1,NA,2,065,I-210 W/B (FOOTHILL FREEWAY),BALDWIN AVE.,1000,W,N,B,-,Y,NA,NA,210,NA,NA,NA,NA,NA,W,Y,4,0,1,5,A,-,03,22350,NA,M,C,C,A,A,H,-,A,D,0,NA,NA,NA,NA,Y,NA,A,01,0,0,1,0,0,0,0,0,0,-,-,34.14889907836914,-118.05850219726564,LOS ANGELES,ARCADIA,-118.05850219726564,34.1489372253418
9092143,2020,2020-07-21,1941,2020-04-07,1608,11353,NA,2,5,7,1941,0,0,0,NA,0,NA,ORANGE AV,56TH ST,117,S,N,C,-,N,NA,NA,NA,NA,NA,NA,NA,NA,NA,Y,4,0,1,3,A,-,21,22106,NA,F,H,C,A,B,H,-,A,D,0,NA,NA,NA,NA,Y,Y,-,NA,0,0,1,0,0,0,0,0,0,-,-,NA,NA,LOS ANGELES,LONG BEACH,-118.1772918701172,33.857818603515625
90921439,2019,2019-02-07,9580,2019-02-02,1045,016523,NA,6,1,7,1942,0,1,3,NA,2,117,SR-118 W/B (RONALD REAGAN FWY.),WILBUR AVE,50,W,N,B,C,Y,NA,NA,118,NA,NA,NA,NA,NA,W,Y,4,0,2,2,A,-,03,22350,NA,N,D,C,A,B,H,-,A,D,0,NA,NA,NA,NA,Y,NA,A,01,0,0,2,0,0,0,0,0,0,-,-,34.2741584777832,-118.5470962524414,LOS ANGELES,LOS ANGELES,-118.54710388183594,34.2741813659668