CASE_ID,ACCIDENT_YEAR,PROC_DATE,JURIS,COLLISION_DATE,COLLISION_TIME,OFFICER_ID,REPORTING_DISTRICT,DAY_OF_WEEK,CHP_SHIFT,POPULATION,CNTY_CITY_LOC,SPECIAL_COND,BEAT_TYPE,CHP_BEAT_TYPE,CITY_DIVISION_LAPD,CHP_BEAT_CLASS,BEAT_NUMBER,PRIMARY_RD,SECONDARY_RD,DISTANCE,DIRECTION,INTERSECTION,WEATHER_1,WEATHER_2,STATE_HWY_IND,CALTRANS_COUNTY,CALTRANS_DISTRICT,STATE_ROUTE,ROUTE_SUFFIX,POSTMILE_PREFIX,POSTMILE,LOCATION_TYPE,RAMP_INTERSECTION,SIDE_OF_HWY,TOW_AWAY,COLLISION_SEVERITY,NUMBER_KILLED,NUMBER_INJURED,PARTY_COUNT,PRIMARY_COLL_FACTOR,PCF_CODE_OF_VIOL,PCF_VIOL_CATEGORY,PCF_VIOLATION,PCF_VIOL_SUBSECTION,HIT_AND_RUN,TYPE_OF_COLLISION,MVIW,PED_ACTION,ROAD_SURFACE,ROAD_COND_1,ROAD_COND_2,LIGHTING,CONTROL_DEVICE,CHP_ROAD_TYPE,PEDESTRIAN_ACCIDENT,BICYCLE_ACCIDENT,MOTORCYCLE_ACCIDENT,TRUCK_ACCIDENT,NOT_PRIVATE_PROPERTY,ALCOHOL_INVOLVED,STWD_VEHTYPE_AT_FAULT,CHP_VEHTYPE_AT_FAULT,COUNT_SEVERE_INJ,COUNT_VISIBLE_INJ,COUNT_COMPLAINT_PAIN,COUNT_PED_KILLED,COUNT_PED_INJURED,COUNT_BICYCLIST_KILLED,COUNT_BICYCLIST_INJURED,COUNT_MC_KILLED,COUNT_MC_INJURED,PRIMARY_RAMP,SECONDARY_RAMP,LATITUDE,LONGITUDE,COUNTY,CITY,POINT_X,POINT_Y
90930932,2019,2019-02-21,9530,2019-02-14,1014,021089,NA,4,1,9,1900,0,1,3,NA,2,310,SR-91 W/B (ARTESIA FREEWAY),MAIN ST.,300,E,N,B,C,Y,NA,NA,NA,NA,NA,NA,NA,NA,NA,Y,4,0,1,2,A,-,03,22350,NA,N,C,C,A,B,H,-,A,D,0,NA,NA,NA,NA,Y,NA,A,01,0,0,1,0,0,0,0,0,0,-,-,33.87321090698242,-118.26812744140624,LOS ANGELES,UNINCORPORATED,-118.27450561523438,33.87275314331055
90930937,2019,2019-02-21,9550,2019-02-14,0118,022180,NA,4,3,9,1900,0,1,3,NA,2,600,SR-60 E/B (POMONA FWY),HACIENDA BOULEVARD,2000,W,N,C,-,Y,NA,NA,60,NA,NA,NA,NA,NA,E,Y,3,0,1,2,A,-,01,23152,A,N,B,C,A,B,H,-,C,A,0,NA,NA,NA,NA,Y,Y,A,07,0,1,0,0,0,0,0,0,0,-,-,34.009559631347656,-117.973876953125,LOS ANGELES,UNINCORPORATED,-117.97383880615234,34.009708404541016
90930949,2019,2019-02-21,9540,2019-02-12,1032,014339,NA,2,1,9,1900,0,1,1,NA,2,507,I-5 S/B (GOLDEN STATE FREEWAY),RYE CANYON RD.,2190,N,N,A,-,Y,NA,NA,5,NA,NA,NA,NA,NA,S,Y,2,0,1,4,A,-,03,22350,NA,N,C,C,A,A,D,-,A,D,0,NA,NA,Y,Y,Y,NA,D,22,1,0,0,0,0,0,0,0,1,-,-,34.43545913696289,-118.59342956542967,LOS ANGELES,UNINCORPORATED,-118.59343719482422,34.43545150756836
9093103,2020,2020-08-18,1942,2020-04-07,2320,43812,LOSAN,2,5,7,1942,0,0,0,NA,0,1841,IMPERIAL,BROADWAY,100,W,N,B,-,N,NA,NA,NA,NA,NA,NA,NA,NA,NA,N,4,0,2,2,A,-,03,22350,A,F,B,C,A,B,H,-,C,A,0,NA,NA,NA,NA,Y,NA,B,01,0,0,2,0,0,0,0,0,0,-,-,NA,NA,LOS ANGELES,LOS ANGELES,-118.2787857055664,33.93101119995117
90931057,2019,2019-02-21,9565,2019-02-05,1828,021429,NA,2,2,9,1900,0,2,4,NA,2,024,IMPERIAL HIGHWAY,DENKER AVENUE,0,NA,Y,A,-,N,NA,NA,NA,NA,NA,NA,NA,NA,NA,Y,4,0,3,2,A,-,09,21801,A,N,D,C,A,A,H,-,C,A,0,NA,NA,NA,NA,Y,NA,A,01,0,0,3,0,0,0,0,0,0,-,-,33.930999755859375,-118.3047103881836,LOS ANGELES,UNINCORPORATED,-118.3047332763672,33.9310302734375
90931081,2019,2019-02-21,9430,2019-02-13,2205,016681,NA,3,3,9,1900,0,1,1,NA,2,051,N/B I-5 (GSF),5/138 SEP BRIDGE 53-1800R,2640,N,N,C,-,Y,NA,NA,5,NA,NA,NA,NA,NA,NA,Y,3,0,1,3,A,-,03,22350,NA,N,C,C,A,B,H,-,D,D,0,NA,NA,NA,NA,Y,NA,A,01,0,1,0,0,0,0,0,0,0,-,-,34.77396011352539,-118.80629730224608,LOS ANGELES,UNINCORPORATED,-118.80634307861328,34.77390670776367
90931083,2019,2019-02-21,9575,2019-02-16,1217,021569,NA,6,1,9,1900,0,3,5,NA,2,002,SANTA ROSA AVENUE (2600 BLOCK),ALTADENA DRIVE,0,NA,Y,A,-,N,NA,NA,NA,NA,NA,NA,NA,NA,NA,Y,3,0,2,2,A,-,09,21802,A,N,D,C,A,A,H,-,A,D,0,NA,NA,NA,NA,Y,NA,A,07,0,2,0,0,0,0,0,0,0,-,-,34.19083023071289,-118.1356964111328,LOS ANGELES,UNINCORPORATED,-118.13568115234376,34.19084167480469
90931084,2019,2019-02-21,9535,2019-02-14,0703,019121,NA,4,1,3,1914,0,1,1,NA,2,072,I-710 (LONG BEACH FREEWAY) N/B,WASHINGTON BOULEVARD,1000,S,N,C,-,Y,NA,NA,710,NA,NA,NA,NA,NA,N,Y,4,0,1,3,A,-,03,22350,NA,N,B,C,A,B,H,-,A,D,0,NA,NA,NA,NA,Y,NA,A,01,0,0,1,0,0,0,0,0,0,-,-,34.003379821777344,-118.17333984375,LOS ANGELES,COMMERCE,-118.1733169555664,34.00337219238281
90931090,2018,2019-03-08,9550,2018-09-27,0115,021129,NA,4,3,9,1900,0,1,3,NA,2,601,STATE ROUTE-60 E/B TO AZUSA AVENUE,AZUSA AVENUE,350,W,N,A,-,Y,NA,NA,60,NA,NA,NA,R,NA,E,Y,2,0,2,1,A,-,01,23152,A,N,E,I,A,A,H,-,C,D,0,NA,NA,NA,NA,Y,Y,A,01,2,0,0,0,0,0,0,0,0,-,-,33.996429443359375,-117.93251800537108,LOS ANGELES,UNINCORPORATED,-117.93251800537108,33.996429443359375
90931095,2019,2019-02-21,9565,2019-02-06,1652,021575,NA,3,2,7,1942,0,1,1,NA,2,083,I-10 EASTBOUND (SANTA MONICA FREEWAY),CATTARAUGUS AVENUE,250,E,N,A,-,Y,NA,NA,10,NA,NA,NA,NA,NA,E,N,4,0,3,3,A,-,03,22350,NA,F,C,C,A,A,H,-,A,D,0,NA,NA,NA,NA,Y,NA,D,22,0,0,3,0,0,0,0,0,0,-,-,34.03432083129883,-118.38504791259766,LOS ANGELES,LOS ANGELES,-118.38500213623048,34.034244537353516
90931096,2019,2019-02-21,9535,2019-02-13,1645,021052,NA,3,2,9,1900,0,2,4,NA,2,011,EASTERN AVE. (1600 BLOCK),I-10,16,S,N,B,-,N,NA,NA,NA,NA,NA,NA,NA,NA,NA,N,3,0,1,2,A,-,12,21453,A,N,D,C,A,A,H,-,A,A,0,NA,NA,Y,NA,Y,NA,C,02,0,1,0,0,0,0,0,0,1,-,-,34.060340881347656,-118.17326354980467,LOS ANGELES,UNINCORPORATED,-118.17351531982422,34.060550689697266
90931103,2019,2019-02-21,9540,2019-02-08,0549,018759,NA,5,3,6,1985,0,1,1,NA,2,507,I-5 S/B (GOLDEN STATE FREEWAY),SR-126,3107,S,N,A,-,Y,NA,NA,5,NA,NA,NA,NA,NA,S,Y,3,0,2,3,A,-,03,22350,NA,N,C,C,A,A,D,E,D,D,0,NA,NA,NA,NA,Y,NA,D,22,0,1,1,0,0,0,0,0,0,-,-,34.43912887573242,-118.59803771972656,LOS ANGELES,SANTA CLARITA,-118.59803009033205,34.439144134521484
90931106,2019,2019-02-21,9590,2019-02-13,0640,021671,NA,3,1,7,1942,0,1,1,NA,2,015,SR-110 S/B (ASP) FROM SHULTS STREET,SHULTS STREET,25,S,N,B,-,Y,NA,NA,110,NA,NA,NA,R,NA,S,N,4,0,1,2,A,-,03,22350,NA,N,C,C,A,A,H,-,A,A,0,NA,NA,NA,NA,Y,NA,A,07,0,0,1,0,0,0,0,0,0,-,-,34.106998443603516,-118.18711853027344,LOS ANGELES,LOS ANGELES,-118.18711853027344,34.106998443603516
90931123,2019,2019-02-21,9525,2019-02-13,0800,020216,NA,3,1,6,1975,0,1,1,NA,2,103,I-10 W/B (SAN BERNARDINO FWY),VINCENT AVE.,528,W,N,B,-,Y,NA,NA,10,NA,NA,NA,NA,NA,W,N,4,0,1,2,A,-,03,22350,NA,N,C,C,A,A,H,-,A,D,0,NA,NA,NA,NA,Y,NA,A,01,0,0,1,0,0,0,0,0,0,-,-,34.07244110107422,-117.92758178710938,LOS ANGELES,WEST COVINA,-117.92758178710938,34.07242202758789
90931124,2019,2019-02-21,9540,2019-02-08,0556,021214,NA,5,3,9,1900,0,2,4,NA,2,010,THE OLD ROAD (23500 BLOCK),CALGROVE BLVD.,6864,S,N,A,-,N,NA,NA,NA,NA,NA,NA,NA,NA,NA,Y,2,0,1,1,A,-,08,22107,NA,N,E,I,A,C,H,-,A,D,0,NA,NA,NA,NA,Y,NA,D,22,1,0,0,0,0,0,0,0,0,-,-,34.348838806152344,-118.53549194335938,LOS ANGELES,UNINCORPORATED,-118.54188537597656,34.35023880004883
90931150,2019,2019-02-21,9565,2019-02-11,0550,021729,NA,1,3,5,1928,0,1,1,NA,2,012,I-105 W/B,PRAIRIE AVE,300,E,N,A,-,Y,NA,NA,105,NA,NA,NA,NA,NA,W,N,4,0,1,2,A,-,03,22350,NA,N,C,C,A,A,H,-,C,D,0,NA,NA,NA,NA,Y,NA,A,01,0,0,1,0,0,0,0,0,0,-,-,33.926979064941406,-118.33940887451172,LOS ANGELES,HAWTHORNE,-118.33938598632813,33.92700958251953
90931163,2019,2019-02-21,9535,2019-01-19,1845,022142,NA,6,2,9,1900,0,1,3,NA,2,620,STATE ROUTE 60 EASTBOUND,INTERSTATE HIGHWAY 605,815,W,N,A,-,Y,NA,NA,60,NA,NA,NA,NA,NA,E,N,4,0,2,3,A,-,03,22350,NA,N,C,C,A,A,H,-,D,D,0,NA,NA,NA,NA,Y,NA,D,22,0,0,2,0,0,0,0,0,0,-,-,34.035118103027344,-118.02971649169922,LOS ANGELES,UNINCORPORATED,-118.02974700927734,34.03505325317383
90931174,2019,2019-02-21,9575,2019-02-16,1800,021302,NA,6,2,7,1942,0,1,1,NA,2,053,I-5 N/B (GOLDEN STATE FREEWAY),SR-118 E/B (RONALD REAGAN FREEWAY),1056,S,N,A,-,Y,NA,NA,5,NA,NA,NA,NA,NA,N,Y,4,0,1,5,A,-,03,22350,NA,N,C,C,A,A,H,-,D,D,0,NA,NA,NA,NA,Y,NA,A,07,0,0,1,0,0,0,0,0,0,-,-,34.263671875,-118.4412078857422,LOS ANGELES,LOS ANGELES,-118.44126892089844,34.263633728027344
90931215,2019,2019-02-21,9575,2019-02-20,0855,017354,NA,3,1,7,1942,0,1,3,NA,2,041,SR-134 W/B (VENTURA FREEWAY),SR-2 (GLENDALE FREEWAY) U/C,1550,E,N,B,-,Y,NA,NA,134,NA,NA,NA,NA,NA,W,N,4,0,1,3,A,-,03,22350,NA,N,C,C,A,A,H,-,A,D,0,NA,NA,NA,NA,Y,NA,A,01,0,0,1,0,0,0,0,0,0,-,-,34.145530700683594,-118.22088623046876,LOS ANGELES,LOS ANGELES,-118.22089385986328,34.145511627197266
90931216,2019,2019-02-21,9535,2019-02-14,1255,019121,NA,4,1,5,1915,0,1,1,NA,2,075,I-710 SB FROM ALONDRA BOULEVARD,ALONDRA BOULEVARD,600,S,N,C,-,Y,NA,NA,710,NA,NA,NA,R,NA,S,Y,4,0,2,1,A,-,03,22350,NA,N,E,I,A,B,H,-,A,D,0,NA,NA,NA,NA,Y,NA,A,07,0,0,2,0,0,0,0,0,0,-,-,33.8873405456543,-118.18988800048828,LOS ANGELES,COMPTON,-118.18988800048828,33.8873405456543
90931221,2019,2019-02-21,9525,2019-02-21,0800,014971,NA,4,1,5,1906,0,1,1,NA,2,103,I-10 W/B (SAN BERNARDINO FWY),PUENTE AVE,528,W,N,A,-,Y,NA,NA,10,NA,NA,NA,NA,NA,W,Y,4,0,2,3,A,-,03,22350,NA,N,C,C,A,A,D,E,A,D,0,NA,NA,NA,NA,Y,NA,A,01,0,0,2,0,0,0,0,0,0,-,-,34.069908142089844,-117.96463012695313,LOS ANGELES,BALDWIN PARK,-117.9646224975586,34.06986618041992
90931237,2019,2019-02-21,9525,2019-02-14,1655,019491,NA,4,2,5,1926,0,1,1,NA,2,207,SR-210 W/B TO LONE HILL AVENUE,LONE HILL AVENUE,80,E,N,B,-,Y,NA,NA,210,NA,NA,NA,R,NA,W,Y,4,0,1,3,A,-,03,22350,NA,N,C,C,A,B,H,-,A,A,0,NA,NA,NA,NA,Y,NA,A,01,0,0,1,0,0,0,0,0,0,-,-,34.121341705322266,-117.8283462524414,LOS ANGELES,GLENDORA,-117.8283462524414,34.121341705322266
90931240,2019,2019-02-21,9525,2019-02-14,2040,019491,NA,4,2,4,1913,0,1,1,NA,2,209,SR-210 W/B (FOOTHILL FWY),BASELINE ROAD,500,W,N,B,-,Y,NA,NA,210,NA,NA,NA,NA,NA,W,N,4,0,1,2,A,-,07,21658,A,N,B,C,A,B,H,-,D,D,0,NA,NA,NA,NA,Y,NA,A,07,0,0,1,0,0,0,0,0,0,-,-,34.12009811401367,-117.70401763916016,LOS ANGELES,CLAREMONT,-117.70401763916016,34.12005615234375
90931252,2019,2019-02-21,9575,2019-02-20,0930,017354,NA,3,1,6,1912,0,1,3,NA,2,044,SR-134 W/B (VENTURA FREEWAY),FORMAN AVE. U/C,510,E,N,B,-,Y,NA,NA,134,NA,NA,NA,NA,NA,W,N,4,0,1,2,D,-,00,NA,NA,N,C,C,A,A,H,-,A,D,0,NA,NA,NA,NA,Y,NA,-,-,0,0,1,0,0,0,0,0,0,-,-,34.15364074707031,-118.34998321533205,LOS ANGELES,BURBANK,-118.34996795654295,34.153594970703125
9093128,2020,2020-07-23,1942,2020-04-01,1020,38982,1347,3,5,7,1942,0,0,0,M,0,13A27,E 24TH ST,S ALAMEDA ST,0,NA,Y,A,-,N,NA,NA,NA,NA,NA,NA,NA,NA,NA,N,4,0,2,2,A,-,12,21453,A,N,D,C,A,A,H,-,A,A,0,NA,NA,NA,NA,Y,NA,-,-,0,0,2,0,0,0,0,0,0,-,-,NA,NA,LOS ANGELES,LOS ANGELES,-118.23964691162108,34.014869689941406
90931307,2019,2019-02-21,9590,2019-02-14,1115,021040,NA,4,1,7,1942,0,1,1,NA,2,013,SR-110 S/B (ARROYO SECO PARKWAY),AVENUE 52,400,S,N,C,-,Y,NA,NA,110,NA,NA,NA,NA,NA,S,Y,4,0,1,1,A,-,08,22107,NA,N,E,I,A,B,H,-,A,D,0,NA,NA,NA,NA,Y,NA,A,01,0,0,1,0,0,0,0,0,0,-,-,34.102081298828125,-118.19931030273438,LOS ANGELES,LOS ANGELES,-118.1993408203125,34.102149963378906
90931325,2019,2019-02-21,9565,2019-02-11,0831,021648,NA,1,1,9,1900,0,3,5,NA,2,002,CRENSHAW BLVD,132ND ST,8,N,N,A,-,Y,NA,NA,NA,NA,NA,NA,NA,NA,NA,N,4,0,1,4,A,-,09,21802,A,N,D,C,A,A,H,-,A,D,0,NA,NA,NA,NA,Y,NA,A,01,0,0,1,0,0,0,0,0,0,-,-,33.912349700927734,-118.32659149169922,LOS ANGELES,UNINCORPORATED,-118.32659912109376,33.91236114501953
90931326,2019,2019-02-21,9530,2019-02-13,0605,020427,NA,3,1,5,1977,0,1,1,NA,2,410,I-405 N/B (SAN DIEGO FREEWAY),MAIN ST.,750,S,N,B,-,Y,NA,NA,405,NA,NA,NA,NA,NA,N,Y,4,0,6,6,A,-,03,22350,NA,N,C,C,A,A,H,-,D,D,0,NA,NA,NA,NA,Y,NA,A,01,0,0,6,0,0,0,0,0,0,-,-,33.85182189941406,-118.27835083007813,LOS ANGELES,CARSON,-118.27828216552734,33.85191345214844
90931364,2019,2019-02-21,9535,2019-02-20,1905,018687,NA,3,2,9,1900,0,1,1,NA,2,071,I-710 (LONG BEACH FREEWAY) S/B,3RD ST.,500,S,N,B,-,Y,NA,NA,710,NA,NA,NA,NA,NA,S,N,4,0,1,2,A,-,03,22350,NA,N,C,C,A,B,H,-,C,D,0,NA,NA,NA,NA,Y,NA,A,01,0,0,1,0,0,0,0,0,0,-,-,34.03152847290039,-118.17082214355467,LOS ANGELES,UNINCORPORATED,-118.1708984375,34.03156280517578
90931368,2019,2019-02-21,9575,2019-02-11,0810,017598,NA,1,1,7,1942,0,1,1,NA,2,053,I-5 (GOLDEN STATE FREEWAY) N/B,VAN NUYS BLVD,800,N,N,A,-,Y,NA,NA,5,NA,NA,NA,NA,NA,N,Y,3,0,1,3,A,-,03,22350,NA,N,C,C,A,A,H,-,A,D,0,NA,NA,NA,NA,Y,NA,A,01,0,1,0,0,0,0,0,0,0,-,-,34.257999420166016,-118.43612670898438,LOS ANGELES,LOS ANGELES,-118.43621826171876,34.257911682128906
9093140,2020,2020-08-18,1942,2020-04-04,2145,43271,1377,6,5,7,1942,0,0,0,M,0,13A75,VERNON,LONG BEACH AV,0,NA,Y,A,-,N,NA,NA,NA,NA,NA,NA,NA,NA,NA,Y,3,0,1,1,A,-,08,22107,NA,N,A,I,A,A,H,-,C,A,0,NA,NA,NA,NA,Y,Y,A,01,0,1,0,0,0,0,0,0,0,-,-,NA,NA,LOS ANGELES,LOS ANGELES,-118.24333953857422,34.003929138183594
90931401,2019,2019-02-21,9530,2019-02-13,1952,021380,NA,3,2,7,1942,0,1,1,NA,2,120,I-110 N/B (HARBOR FREEWAY),GAFFEY ST.,50,N,N,B,-,Y,NA,NA,110,NA,NA,NA,NA,NA,N,N,4,0,2,2,A,-,03,22350,NA,N,B,C,A,B,H,-,C,D,0,NA,NA,NA,NA,Y,NA,A,01,0,0,2,0,0,0,0,0,0,-,-,33.74668884277344,-118.29213714599608,LOS ANGELES,LOS ANGELES,-118.29209136962892,33.74676513671875
90931416,2019,2019-02-21,9530,2019-02-20,1518,017755,NA,3,2,5,1977,0,1,1,NA,2,410,I-405 S/B (SAN DIEGO FREEWAY),MAIN ST.,350,S,N,B,-,Y,NA,NA,405,NA,NA,NA,NA,NA,S,Y,4,0,3,2,A,-,03,22350,NA,N,C,C,A,A,H,-,A,D,0,NA,NA,NA,NA,Y,NA,A,01,0,0,3,0,0,0,0,0,0,-,-,33.82545852661133,-118.24211883544922,LOS ANGELES,CARSON,-118.24211883544922,33.82574462890625
90931449,2019,2019-02-21,9580,2019-02-11,0550,017228,NA,1,3,7,1942,0,1,3,NA,2,171,SR-170 S/B (HOLLYWOOD FWY.),SHELDON STREET,50,S,N,A,-,Y,NA,NA,170,NA,NA,NA,NA,NA,S,Y,4,0,1,4,A,-,03,22350,NA,N,C,C,A,A,H,-,A,D,0,NA,NA,NA,NA,Y,NA,A,01,0,0,1,0,0,0,0,0,0,-,-,34.22761154174805,-118.41085815429688,LOS ANGELES,LOS ANGELES,-118.41078186035156,34.22758483886719
90931451,2019,2019-02-21,9580,2019-02-11,0540,014902,NA,1,3,7,1942,0,1,3,NA,2,116,SR-118 E/B (RONALD REAGAN FWY.),WOODLEY AVE,1407,W,N,A,-,Y,NA,NA,118,NA,NA,NA,NA,NA,E,Y,2,0,4,3,A,-,07,21658,A,N,B,C,A,A,H,-,D,D,0,NA,NA,NA,Y,Y,NA,-,-,1,1,2,0,0,0,0,0,0,-,-,34.27037048339844,-118.48829650878906,LOS ANGELES,LOS ANGELES,-118.48824310302734,34.27043533325195
90931460,2019,2019-02-21,9565,2019-02-12,1130,015275,NA,2,1,7,1942,0,1,1,NA,2,062,I-405 NB (PHILIP DENNIS ORTIZ MRL HWY),NATIONAL BOULEVARD,1056,S,N,B,-,Y,NA,NA,405,NA,NA,NA,NA,NA,N,Y,4,0,1,3,A,-,03,22350,NA,N,C,C,A,A,H,-,A,D,0,NA,NA,NA,NA,Y,NA,A,08,0,0,1,0,0,0,0,0,0,-,-,34.02381896972656,-118.42738342285156,LOS ANGELES,LOS ANGELES,-118.4274673461914,34.02375411987305
90931475,2019,2019-02-21,9540,2019-02-03,2220,021447,NA,7,3,7,1942,0,1,1,NA,1,503,I-5 S/B (GOLDEN STATE FWY),ROXFORD ST,2500,N,N,B,C,Y,NA,NA,5,NA,NA,NA,NA,NA,S,Y,2,0,4,2,A,-,01,23152,A,N,D,C,A,B,H,-,C,D,0,NA,NA,NA,Y,Y,Y,A,01,4,0,0,0,0,0,0,0,0,-,-,34.308319091796875,-118.48448181152344,LOS ANGELES,LOS ANGELES,-118.48452758789064,34.30827713012695
90931479,2019,2019-02-21,9525,2019-02-15,0955,018729,NA,5,1,9,1900,0,2,4,NA,2,022,ARROW HWY,SUNFLOWER AVE.,0,NA,Y,B,-,N,NA,NA,NA,NA,NA,NA,NA,NA,NA,N,4,0,1,2,A,-,12,21457,A,N,D,C,A,A,H,-,A,B,0,NA,NA,NA,NA,Y,NA,D,22,0,0,1,0,0,0,0,0,0,-,-,34.1067008972168,-117.84633636474608,LOS ANGELES,UNINCORPORATED,-117.84638214111328,34.10673141479492
90931504,2019,2019-02-21,9535,2019-02-19,1925,020943,NA,2,2,6,1922,0,1,1,NA,2,400,I-10 (SAN BERNARDINO FREEWAY) E/B,SAN GABRIEL RIVER,300,E,N,B,-,Y,NA,NA,10,NA,NA,NA,NA,NA,E,Y,4,0,1,3,A,-,03,22350,NA,N,C,C,A,A,H,-,C,D,0,NA,NA,NA,NA,Y,NA,A,01,0,0,1,0,0,0,0,0,0,-,-,34.06467819213867,-118.00243377685548,LOS ANGELES,EL MONTE,-118.00243377685548,34.064697265625
90931505,2019,2019-02-21,9550,2019-02-20,1710,015045,NA,3,2,7,1941,0,1,1,NA,2,653,I-605 N/B (SAN GABRIEL RIVER FREEWAY),LA/ORG CO LINE,30,N,N,B,-,Y,NA,NA,605,NA,NA,NA,NA,NA,N,N,4,0,1,2,A,-,03,22350,NA,N,C,C,A,A,H,-,A,D,0,NA,NA,NA,NA,Y,NA,A,07,0,0,1,0,0,0,0,0,0,-,-,33.80747985839844,-118.08119964599608,LOS ANGELES,LONG BEACH,-118.0813217163086,33.80747985839844
90931507,2019,2019-02-21,9535,2019-02-19,1410,020943,NA,2,2,9,1900,0,1,1,NA,2,420,I-10 (SAN BERNARDINO FREEWAY) E/B,CAMPUS RD.,300,W,N,B,-,Y,NA,NA,10,NA,NA,NA,NA,NA,E,N,4,0,1,2,A,-,03,22350,NA,N,C,C,A,A,H,-,A,D,0,NA,NA,NA,NA,Y,NA,A,01,0,0,1,0,0,0,0,0,0,-,-,34.061161041259766,-118.17182159423828,LOS ANGELES,UNINCORPORATED,-118.17180633544922,34.06113052368164
90931515,2019,2019-02-21,9565,2019-02-04,1405,022206,NA,1,2,9,1900,0,2,4,NA,2,043,INGLEWOOD AVENUE,LENNOX BOULEVARD,498,S,N,B,-,N,NA,NA,NA,NA,NA,NA,NA,NA,NA,Y,3,0,2,3,A,-,08,22107,NA,F,B,C,A,B,H,-,A,D,0,NA,NA,NA,NA,Y,NA,A,01,0,1,1,0,0,0,0,0,0,-,-,33.93674850463867,-118.36136627197266,LOS ANGELES,UNINCORPORATED,-118.36133575439452,33.93679428100586
90931553,2019,2019-02-22,9525,2019-02-14,0043,021362,NA,4,3,6,1955,0,1,1,NA,2,108,I-10 E/B (SAN BERNARDINO FWY),KELLOGG DR.,200,W,N,B,C,Y,NA,NA,10,NA,NA,NA,NA,NA,E,Y,2,0,2,4,A,-,03,22350,NA,N,D,C,E,B,D,E,D,D,0,Y,NA,NA,NA,Y,NA,A,01,1,1,0,0,1,0,0,0,0,-,-,34.0635986328125,-117.81658935546876,LOS ANGELES,POMONA,-117.81658935546876,34.063629150390625
90931571,2019,2019-02-22,9535,2019-02-21,1630,017789,NA,4,2,3,1914,0,1,1,NA,2,501,I-5 (SANTA ANA FREEWAY) S/B,I-710,700,S,N,B,-,Y,NA,NA,5,NA,NA,NA,NA,NA,S,N,4,0,1,2,A,-,03,22350,NA,N,C,D,A,A,H,-,A,D,0,NA,NA,NA,NA,Y,NA,A,07,0,0,1,0,0,0,0,0,0,-,-,34.015010833740234,-118.1702117919922,LOS ANGELES,COMMERCE,-118.1702117919922,34.0150032043457
90931576,2019,2019-02-22,9565,2019-02-11,2307,022206,NA,1,3,6,1933,0,1,1,NA,2,060,I-405 S/B (SAN DIEGO FREEWAY),CENTURY BOULEVARD,250,N,N,B,-,Y,NA,NA,405,NA,NA,NA,NA,NA,S,Y,3,0,1,1,C,-,18,NA,NA,N,E,I,A,B,H,-,C,D,0,NA,NA,NA,NA,Y,NA,-,-,0,1,0,0,0,0,0,0,0,-,-,33.94620895385742,-118.36850738525392,LOS ANGELES,INGLEWOOD,-118.36849975585938,33.94620895385742
90931585,2019,2019-03-22,9575,2019-02-16,1615,020556,NA,6,2,7,1942,0,1,3,NA,2,044,SR-134 W/B (VENTURA FREEWAY),FORMAN LANE,1056,E,N,A,-,Y,NA,NA,134,NA,NA,NA,NA,NA,W,Y,4,0,1,3,A,-,03,22350,NA,N,C,C,A,A,H,-,B,D,0,NA,NA,NA,NA,Y,NA,A,08,0,0,1,0,0,0,0,0,0,-,-,34.15353012084961,-118.34953308105467,LOS ANGELES,LOS ANGELES,-118.34955596923828,34.15367126464844
90931602,2019,2019-02-22,9575,2019-02-16,1915,020918,NA,6,2,6,1925,0,1,3,NA,2,090,SR-2 S/B TO SR-134 W/B,HARVEY DR.,625,W,N,A,-,Y,NA,NA,NA,NA,NA,NA,NA,NA,NA,Y,4,0,2,2,A,-,03,22350,NA,N,C,C,A,A,H,-,C,D,0,NA,NA,NA,NA,Y,NA,A,01,0,0,2,0,0,0,0,0,0,-,-,34.148990631103516,-118.23040008544922,LOS ANGELES,GLENDALE,NA,NA
90931616,2019,2019-02-22,9540,2019-02-17,0405,021802,NA,7,3,9,1900,0,1,1,NA,1,502,I-5 N/B (GOLDEN STATE FREEWAY),WELDON CANYON RD,2112,S,N,A,-,Y,NA,NA,5,NA,NA,NA,NA,NA,N,Y,2,0,1,2,A,-,03,22350,NA,N,C,C,A,A,H,-,C,D,0,NA,NA,NA,NA,Y,NA,A,01,1,0,0,0,0,0,0,0,0,-,-,34.33866882324219,-118.51577758789064,LOS ANGELES,UNINCORPORATED,-118.51580810546876,34.33860778808594
90931627,2019,2019-02-22,9590,2019-02-13,1500,022088,NA,3,2,7,1942,0,1,1,NA,2,081,I-5 SOUTHBOUND (GOLDEN STATE FREEWAY),WHITTIER BLVD.,200,N,N,A,-,Y,NA,NA,5,NA,NA,NA,NA,NA,S,N,4,0,1,2,A,-,07,21658,A,N,B,C,A,A,H,-,A,D,0,NA,NA,NA,NA,Y,NA,A,01,0,0,1,0,0,0,0,0,0,-,-,34.03691864013672,-118.22045135498048,LOS ANGELES,LOS ANGELES,-118.22045135498048,34.03691864013672