CASE_ID,ACCIDENT_YEAR,PROC_DATE,JURIS,COLLISION_DATE,COLLISION_TIME,OFFICER_ID,REPORTING_DISTRICT,DAY_OF_WEEK,CHP_SHIFT,POPULATION,CNTY_CITY_LOC,SPECIAL_COND,BEAT_TYPE,CHP_BEAT_TYPE,CITY_DIVISION_LAPD,CHP_BEAT_CLASS,BEAT_NUMBER,PRIMARY_RD,SECONDARY_RD,DISTANCE,DIRECTION,INTERSECTION,WEATHER_1,WEATHER_2,STATE_HWY_IND,CALTRANS_COUNTY,CALTRANS_DISTRICT,STATE_ROUTE,ROUTE_SUFFIX,POSTMILE_PREFIX,POSTMILE,LOCATION_TYPE,RAMP_INTERSECTION,SIDE_OF_HWY,TOW_AWAY,COLLISION_SEVERITY,NUMBER_KILLED,NUMBER_INJURED,PARTY_COUNT,PRIMARY_COLL_FACTOR,PCF_CODE_OF_VIOL,PCF_VIOL_CATEGORY,PCF_VIOLATION,PCF_VIOL_SUBSECTION,HIT_AND_RUN,TYPE_OF_COLLISION,MVIW,PED_ACTION,ROAD_SURFACE,ROAD_COND_1,ROAD_COND_2,LIGHTING,CONTROL_DEVICE,CHP_ROAD_TYPE,PEDESTRIAN_ACCIDENT,BICYCLE_ACCIDENT,MOTORCYCLE_ACCIDENT,TRUCK_ACCIDENT,NOT_PRIVATE_PROPERTY,ALCOHOL_INVOLVED,STWD_VEHTYPE_AT_FAULT,CHP_VEHTYPE_AT_FAULT,COUNT_SEVERE_INJ,COUNT_VISIBLE_INJ,COUNT_COMPLAINT_PAIN,COUNT_PED_KILLED,COUNT_PED_INJURED,COUNT_BICYCLIST_KILLED,COUNT_BICYCLIST_INJURED,COUNT_MC_KILLED,COUNT_MC_INJURED,PRIMARY_RAMP,SECONDARY_RAMP,LATITUDE,LONGITUDE,COUNTY,CITY,POINT_X,POINT_Y
90938979,2019,2019-03-04,9590,2019-03-04,0925,013435,NA,1,1,7,1942,0,1,1,NA,2,050,I-110 N/B (HARBOR FREEWAY),GAGE AVENUE,700,N,N,B,-,Y,NA,NA,110,NA,NA,NA,NA,NA,N,N,4,0,1,2,A,-,03,22350,NA,N,C,C,A,A,H,-,A,D,0,NA,NA,NA,NA,Y,NA,A,07,0,0,1,0,0,0,0,0,0,-,-,33.984798431396484,-118.28032684326172,LOS ANGELES,LOS ANGELES,-118.28041076660156,33.984798431396484
9093898,2020,2020-07-16,1942,2020-04-12,0600,42904,2175,7,5,7,1942,0,0,0,NA,0,21A73,VENTURA BL,SAN FELICIANO DR,0,NA,Y,B,-,N,NA,NA,NA,NA,NA,NA,NA,NA,NA,N,4,0,1,2,A,-,10,21954,B,F,G,B,B,A,H,-,B,D,0,Y,NA,NA,NA,Y,NA,-,99,0,0,1,0,1,0,0,0,0,-,-,NA,NA,LOS ANGELES,LOS ANGELES,-118.61025238037108,34.16872024536133
9093899,2020,2020-07-16,1942,2020-04-04,1915,43982,10A47,6,5,7,1942,0,0,0,J,0,1017,LOUISE AV,VALERIO ST,100,N,N,B,-,N,NA,NA,NA,NA,NA,NA,NA,NA,NA,N,4,0,1,4,A,-,08,22107,NA,N,B,E,A,A,H,-,B,D,0,NA,NA,NA,NA,Y,NA,A,01,0,0,1,0,0,0,0,0,0,-,-,NA,NA,LOS ANGELES,LOS ANGELES,-118.50983428955078,34.20572280883789
9093900,2020,2020-07-23,1942,2020-04-20,1400,40141,1795,1,5,7,1942,0,0,0,Q,0,10A17,ROSCOE BL,JELLICO AV,0,NA,Y,A,-,N,NA,NA,NA,NA,NA,NA,NA,NA,NA,Y,2,0,1,2,A,-,03,22350,NA,N,D,C,A,A,H,-,A,D,0,NA,NA,Y,NA,Y,NA,C,02,1,0,0,0,0,0,0,0,1,-,-,NA,NA,LOS ANGELES,LOS ANGELES,-118.51748657226564,34.22101974487305
9093901,2020,2020-07-16,1942,2020-04-20,1100,42051,1012,1,5,7,1942,0,0,0,J,0,10A3,RHEA AV,VALERIO ST,0,NA,Y,A,-,N,NA,NA,NA,NA,NA,NA,NA,NA,NA,N,4,0,1,2,A,-,09,21802,A,N,D,C,A,A,H,-,A,A,0,NA,NA,NA,NA,Y,NA,A,07,0,0,1,0,0,0,0,0,0,-,-,NA,NA,LOS ANGELES,LOS ANGELES,-118.54164123535156,34.20473861694336
9093902,2020,2020-07-15,1942,2020-04-01,1930,42279,1035,3,5,7,1942,0,0,0,J,0,10X88W,VICTORY,LINDLEY,0,NA,Y,A,-,N,NA,NA,NA,NA,NA,NA,NA,NA,NA,N,4,0,3,3,D,-,00,NA,NA,N,A,C,A,A,H,-,A,A,0,NA,NA,NA,NA,Y,NA,-,-,0,0,3,0,0,0,0,0,0,-,-,NA,NA,LOS ANGELES,LOS ANGELES,-118.52728271484376,34.18661117553711
90939024,2019,2019-03-04,9565,2019-02-14,1410,021429,NA,4,2,9,1900,0,2,4,NA,2,022,S. NORMANDIE AVENUE,111TH STREET,6,E,N,A,-,N,NA,NA,NA,NA,NA,NA,NA,NA,NA,N,4,0,1,2,A,-,09,21802,A,N,D,C,A,A,H,-,A,A,0,NA,NA,NA,NA,Y,NA,A,07,0,0,1,0,0,0,0,0,0,-,-,33.933998107910156,-118.30039215087892,LOS ANGELES,UNINCORPORATED,-118.30032348632813,33.93402099609375
9093903,2020,2020-07-16,1942,2020-04-29,2030,41396,1049,3,5,7,1942,0,0,0,J,0,10A17,BALBOA BL,BURBANK BL,0,NA,Y,B,-,N,NA,NA,NA,NA,NA,NA,NA,NA,NA,Y,3,0,1,2,A,-,12,21453,A,N,D,C,A,A,H,-,C,A,0,NA,NA,NA,NA,Y,NA,A,01,0,1,0,0,0,0,0,0,0,-,-,NA,NA,LOS ANGELES,LOS ANGELES,-118.50119018554688,34.172218322753906
9093904,2020,2020-07-15,1942,2020-04-22,1720,32361,1549,3,5,7,1942,0,0,0,O,0,15A33,CAHUENGA BL,MAGNOLIA,65,N,N,A,-,N,NA,NA,NA,NA,NA,NA,NA,NA,NA,N,3,0,1,2,A,-,09,21804,A,N,D,C,A,A,H,-,A,D,0,NA,NA,Y,NA,Y,NA,A,08,0,1,0,0,0,0,0,0,1,-,-,NA,NA,LOS ANGELES,LOS ANGELES,-118.36154174804688,34.165077209472656
9093905,2020,2020-07-15,1942,2020-04-23,1740,39569,1549,4,5,7,1942,0,0,0,O,0,15A28,LANKERSHIM BL,CUMPSTON ST,0,N,N,A,-,N,NA,NA,NA,NA,NA,NA,NA,NA,NA,N,4,0,1,2,B,-,22,NA,NA,N,C,B,F,A,H,-,A,D,0,Y,NA,NA,NA,Y,NA,A,07,0,0,1,0,1,0,0,0,0,-,-,NA,NA,LOS ANGELES,LOS ANGELES,-118.37770080566406,34.16999053955078
90939052,2019,2019-03-04,9550,2019-03-02,2223,021862,NA,6,3,9,1900,0,2,4,NA,1,042,COLIMA ROAD,LARKVANE ROAD,650,W,N,A,-,N,NA,NA,NA,NA,NA,NA,NA,NA,NA,Y,3,0,6,2,A,-,01,23152,A,N,E,I,A,B,H,-,C,D,0,NA,NA,NA,NA,Y,Y,A,01,0,6,0,0,0,0,0,0,0,-,-,33.989341735839844,-117.91172027587892,LOS ANGELES,UNINCORPORATED,-117.91168975830078,33.98922348022461
9093906,2020,2020-07-15,1942,2020-04-26,1225,33947,1565,7,5,7,1942,0,0,0,O,0,15A85,TUJUNGA AV,LANDALE ST,0,NA,Y,A,-,N,NA,NA,NA,NA,NA,NA,NA,NA,NA,N,3,0,1,2,A,-,09,21801,A,N,H,C,A,A,H,-,A,D,0,NA,NA,Y,NA,Y,NA,A,01,0,1,0,0,0,0,0,0,1,-,-,NA,NA,LOS ANGELES,LOS ANGELES,-118.37899780273438,34.1522216796875
90939066,2019,2019-03-04,9525,2019-02-23,1511,021080,NA,6,2,4,1946,0,1,1,NA,2,201,I-210 W/B (FOOTHILL FWY),HUNTINGTON DR.,2640,E,N,A,-,Y,NA,NA,210,NA,NA,NA,NA,NA,W,N,4,0,1,2,A,-,03,22350,NA,N,C,C,A,A,H,-,A,D,0,NA,NA,NA,NA,Y,NA,B,07,0,0,1,0,0,0,0,0,0,-,-,34.13652038574219,-118.00972747802734,LOS ANGELES,MONROVIA,-118.0097427368164,34.136478424072266
9093907,2020,2020-07-23,1942,2020-04-25,1355,39746,1043,6,5,7,1942,0,0,0,J,0,10A83,RESEDA BL,HATTERAS ST,0,NA,Y,A,-,N,NA,NA,NA,NA,NA,NA,NA,NA,NA,N,4,0,2,2,A,-,12,21453,A,N,D,C,A,A,H,-,A,A,0,NA,NA,NA,NA,Y,NA,-,-,0,0,2,0,0,0,0,0,0,-,-,NA,NA,LOS ANGELES,LOS ANGELES,-118.53601837158205,34.17744827270508
9093908,2020,2020-07-16,1942,2020-04-25,0435,30452,1027,6,5,7,1942,0,0,0,J,0,10A17,SHERMAN WY,AMESTOY AV,0,NA,Y,A,-,N,NA,NA,NA,NA,NA,NA,NA,NA,NA,Y,2,0,2,1,A,-,08,22107,NA,N,E,I,A,A,H,-,C,A,0,NA,NA,NA,NA,Y,NA,A,07,2,0,0,0,0,0,0,0,0,-,-,NA,NA,LOS ANGELES,LOS ANGELES,-118.50550079345705,34.20122146606445
90939082,2019,2019-03-04,9525,2019-02-23,1445,021074,NA,6,2,4,1938,0,1,1,NA,2,207,SR-210 W/B (FOOTHILL FWY),FRUIT ST.,2000,W,N,A,-,Y,NA,NA,210,NA,NA,NA,NA,NA,W,N,4,0,2,2,A,-,03,22350,NA,N,C,C,A,A,H,-,A,D,0,NA,NA,NA,NA,Y,NA,A,01,0,0,2,0,0,0,0,0,0,-,-,34.119850158691406,-117.76840972900392,LOS ANGELES,LA VERNE,-117.76840972900392,34.11978530883789
9093913,2020,2020-07-15,1942,2020-04-24,1410,41514,1018,5,5,7,1942,0,0,0,J,0,10A39,WOODLEY AV,SHERMAN WY,0,NA,Y,A,-,N,NA,NA,NA,NA,NA,NA,NA,NA,NA,Y,4,0,2,2,A,-,09,21801,A,N,D,C,A,A,H,-,A,A,0,NA,NA,NA,NA,Y,Y,A,01,0,0,2,0,0,0,0,0,0,-,-,NA,NA,LOS ANGELES,LOS ANGELES,-118.48368072509766,34.201171875
9093914,2020,2020-07-15,1942,2020-04-17,2050,43603,1024,5,5,7,1942,0,0,0,J,0,10XL6,RESEDA BL,SHERMAN WAY,0,NA,Y,A,-,N,NA,NA,NA,NA,NA,NA,NA,NA,NA,Y,4,0,1,2,D,-,00,NA,NA,N,D,C,A,A,H,-,C,A,0,NA,NA,NA,NA,Y,NA,-,-,0,0,1,0,0,0,0,0,0,-,-,NA,NA,LOS ANGELES,LOS ANGELES,-118.53604125976564,34.20117950439453
90939144,2019,2019-03-04,9580,2019-02-25,2055,022019,NA,1,2,7,1942,0,1,3,NA,2,170,SR-170 N/B TO ROSCOE BLVD,ROSCOE BLVD,100,S,N,A,-,Y,NA,NA,170,NA,NA,NA,R,NA,N,Y,4,0,5,2,A,-,03,22350,NA,N,C,C,A,A,H,-,C,D,0,NA,NA,NA,NA,Y,NA,A,07,0,0,5,0,0,0,0,0,0,-,-,34.22129821777344,-118.40850067138672,LOS ANGELES,LOS ANGELES,-118.40850067138672,34.22129821777344
9093916,2020,2020-07-15,1942,2020-04-14,1745,43712,1033,2,5,7,1942,0,0,0,J,0,10X88,VICTORY BL,YOLANDA AV,0,NA,Y,A,-,N,NA,NA,NA,NA,NA,NA,NA,NA,NA,Y,4,0,1,2,A,-,12,21453,A,N,D,C,A,A,H,-,A,A,0,NA,NA,NA,Y,Y,NA,F,26,0,0,1,0,0,0,0,0,0,-,-,NA,NA,LOS ANGELES,LOS ANGELES,-118.54039764404295,34.186580657958984
9093917,2020,2020-07-22,1942,2020-04-21,1105,30452,1018,2,5,7,1942,0,0,0,J,0,10A39,WOODLEY AV,SATICOY ST,200,S,N,A,-,N,NA,NA,NA,NA,NA,NA,NA,NA,NA,N,4,0,3,2,A,-,09,21801,A,N,D,C,A,A,H,-,A,D,0,NA,NA,NA,NA,Y,NA,A,01,0,0,3,0,0,0,0,0,0,-,-,NA,NA,LOS ANGELES,LOS ANGELES,-118.48368072509766,34.20790100097656
90939171,2019,2019-03-04,9580,2019-02-23,1145,019511,NA,6,1,9,1900,0,3,5,NA,1,010,OLD TOPANGA CANYON RD,CALABASAS PEAK MTWY,1584,N,N,A,-,N,NA,NA,NA,NA,NA,NA,NA,NA,NA,Y,4,0,2,2,A,-,03,22350,NA,N,B,C,A,A,H,-,A,D,0,NA,NA,NA,NA,Y,NA,A,01,0,0,2,0,0,0,0,0,0,-,-,34.12471008300781,-118.63809967041016,LOS ANGELES,UNINCORPORATED,-118.63778686523438,34.12495422363281
9093918,2020,2020-07-30,1942,2020-04-27,1540,30702,1943,1,5,7,1942,0,0,0,NA,0,NA,CHATSWORTH DR,SHARP AV,0,NA,Y,A,-,N,NA,NA,NA,NA,NA,NA,NA,NA,NA,N,3,0,1,2,A,-,09,21801,A,N,D,B,A,A,H,-,A,D,0,NA,NA,NA,NA,Y,NA,-,NA,0,1,0,0,0,0,0,0,0,-,-,NA,NA,LOS ANGELES,LOS ANGELES,-118.45121002197266,34.27193832397461
90939186,2019,2019-08-02,9580,2019-02-23,1627,022008,NA,6,2,7,1942,0,1,3,NA,2,114,SR-118 E/B (RONALD REAGAN FWY.),ARLETA AVE,365,W,N,A,-,Y,NA,NA,118,NA,NA,NA,NA,NA,E,Y,4,0,4,6,A,-,03,22350,NA,N,C,C,A,A,H,-,A,D,0,NA,NA,NA,NA,Y,NA,A,08,0,0,4,0,0,0,0,0,0,-,-,34.265689849853516,-118.45126342773438,LOS ANGELES,LOS ANGELES,-118.45126342773438,34.265716552734375
90939187,2019,2019-03-04,9550,2019-02-28,0940,015329,NA,4,1,5,1919,0,1,3,NA,2,091,STATE ROUTE 91 E/B (ARTESIA FREEWAY),STUDEBAKER RD.,100,E,N,B,-,Y,NA,NA,91,NA,NA,NA,NA,NA,E,Y,4,0,1,4,A,-,03,22350,NA,N,C,C,A,A,H,-,A,D,0,NA,NA,NA,NA,Y,NA,A,01,0,0,1,0,0,0,0,0,0,-,-,33.8763313293457,-118.09906768798828,LOS ANGELES,CERRITOS,-118.09906768798828,33.87638854980469
9093919,2020,2020-07-23,1942,2020-04-14,1810,42776,1972,2,5,7,1942,0,0,0,NA,0,19X84,SUNBURST ST,NOBLE AV,250,E,N,A,-,N,NA,NA,NA,NA,NA,NA,NA,NA,NA,N,3,0,2,4,C,-,18,NA,NA,N,B,B,-,A,-,-,A,D,0,Y,NA,NA,NA,Y,NA,-,-,0,2,0,0,1,0,0,0,0,-,-,NA,NA,LOS ANGELES,LOS ANGELES,-118.46021270751952,34.2345085144043
90939197,2019,2019-03-04,9550,2019-02-28,0640,018854,NA,4,1,9,1900,0,1,1,NA,2,650,I-605 S/B,SLAUSON AVENUE,500,N,N,B,-,Y,NA,NA,605,NA,NA,NA,NA,NA,S,Y,4,0,2,3,A,-,03,22350,NA,F,C,C,A,A,H,-,A,D,0,NA,NA,NA,NA,Y,NA,A,07,0,0,2,0,0,0,0,0,0,-,-,33.96805953979492,-118.08323669433594,LOS ANGELES,UNINCORPORATED,-118.08308410644533,33.96797561645508
9093920,2020,2020-07-15,1942,2020-04-16,1250,43361,RD197,4,5,7,1942,0,0,0,NA,0,19X99,OSBORNE ST,OSBORNE ST 13560,0,NA,Y,A,-,N,NA,NA,NA,NA,NA,NA,NA,NA,NA,Y,3,0,2,2,D,-,00,NA,NA,N,B,E,A,A,H,-,A,D,0,NA,NA,NA,NA,Y,NA,-,-,0,1,1,0,0,0,0,0,0,-,-,NA,NA,LOS ANGELES,LOS ANGELES,NA,NA
90939202,2019,2019-03-04,9580,2019-02-26,0148,021963,NA,2,3,7,1942,0,1,1,NA,2,404,I-405 N/B (SAN DIEGO FWY),VICTORY BLVD,1056,S,N,A,-,Y,NA,NA,405,NA,NA,NA,NA,NA,N,Y,4,0,1,1,A,-,01,23152,F,N,E,I,A,A,H,-,C,D,0,NA,NA,NA,NA,Y,NA,A,01,0,0,1,0,0,0,0,0,0,-,-,34.1834602355957,-118.47267150878906,LOS ANGELES,LOS ANGELES,-118.47265625,34.1834716796875
90939206,2019,2019-03-04,9580,2019-02-21,1600,022064,NA,4,2,7,1942,0,1,3,NA,2,170,SR-170 N/B (HOLLYWOOD FWY.),OXNARD ST,100,N,N,A,G,Y,NA,NA,170,NA,NA,NA,NA,NA,N,N,4,0,2,2,A,-,08,22107,NA,N,B,C,A,A,H,-,A,D,0,NA,NA,NA,NA,Y,NA,A,07,0,0,2,0,0,0,0,0,0,-,-,34.17975997924805,-118.39527893066406,LOS ANGELES,LOS ANGELES,-118.3952407836914,34.17978286743164
90939210,2019,2019-03-04,9550,2019-02-28,1215,018854,NA,4,1,9,1900,0,1,1,NA,2,650,I-605 S/B,SLAUSON AVENUE,1000,S,N,B,-,Y,NA,NA,NA,NA,NA,NA,NA,NA,NA,N,4,0,1,3,A,-,03,22350,NA,N,C,C,A,A,H,-,A,D,0,NA,NA,NA,NA,Y,NA,D,22,0,0,1,0,0,0,0,0,0,-,-,33.962158203125,-118.08554840087892,LOS ANGELES,UNINCORPORATED,-118.08455657958984,33.96461868286133
90939216,2019,2021-05-19,9550,2019-03-01,1320,015045,NA,5,1,9,1900,0,1,3,NA,2,600,SR-60 E/B (POMONA FREEWAY),7TH AVENUE,50,E,N,B,-,Y,NA,NA,60,NA,NA,NA,NA,NA,E,Y,4,0,2,2,A,-,03,22350,NA,N,C,C,A,A,H,-,A,D,0,NA,NA,NA,NA,Y,NA,A,01,0,0,2,0,0,0,0,0,0,-,-,34.01686096191406,-117.98570251464844,LOS ANGELES,UNINCORPORATED,-117.98572540283205,34.0168342590332
90939222,2019,2019-03-04,9550,2019-03-01,2000,018408,NA,5,2,6,1949,0,1,1,NA,2,651,I-605 N/B,FIRESTONE BOULEVARD,100,N,N,A,-,Y,NA,NA,605,NA,NA,NA,NA,NA,N,N,3,0,1,2,A,-,03,22350,NA,N,C,C,A,A,H,-,C,D,0,NA,NA,NA,NA,Y,NA,A,01,0,1,0,0,0,0,0,0,0,-,-,33.926998138427734,-118.10310363769533,LOS ANGELES,NORWALK,-118.10332489013672,33.92707061767578
90939240,2019,2019-03-04,9550,2019-02-22,0815,022167,NA,5,1,5,1908,0,1,3,NA,2,090,SR-91 W/B,LAKEWOOD BOULEVARD,500,E,N,A,-,Y,NA,NA,91,NA,NA,NA,NA,NA,W,N,4,0,2,3,A,-,03,22350,NA,N,C,C,A,A,H,-,A,D,0,NA,NA,NA,NA,Y,NA,A,01,0,0,2,0,0,0,0,0,0,-,-,33.87726974487305,-118.140869140625,LOS ANGELES,BELLFLOWER,-118.140869140625,33.87726593017578
90939330,2019,2019-03-05,9550,2019-03-03,1715,020974,NA,7,2,9,1900,0,2,4,NA,1,022,TELEGRAPH ROAD,SPRINGVIEW DRIVE,0,NA,Y,B,-,N,NA,NA,NA,NA,NA,NA,NA,NA,NA,Y,3,0,3,2,A,-,01,23152,A,N,D,C,A,A,H,-,B,A,0,NA,NA,NA,NA,Y,Y,A,01,0,1,2,0,0,0,0,0,0,-,-,33.920509338378906,-118.01759338378906,LOS ANGELES,UNINCORPORATED,-118.01753997802734,33.92058181762695
90939331,2019,2019-03-05,9550,2019-03-03,0035,021532,NA,7,3,9,1900,0,3,5,NA,2,003,GALE AVENUE W/B,HACIENDA BOULEVARD,20,E,N,B,-,N,NA,NA,NA,NA,NA,NA,NA,NA,NA,Y,4,0,2,2,A,-,01,23152,A,N,C,C,A,B,H,-,C,A,0,NA,NA,NA,NA,Y,Y,A,01,0,0,2,0,0,0,0,0,0,-,-,34.01081085205078,-117.962646484375,LOS ANGELES,UNINCORPORATED,-117.96295928955078,34.01082229614258
90939341,2019,2019-03-05,9540,2019-02-20,1515,021820,NA,3,2,7,1942,0,1,1,NA,2,551,I-5 S/B (GOLDEN STATE FREEWAY),ROXFORD STREET,1584,N,N,A,-,Y,NA,NA,5,NA,NA,NA,NA,NA,S,Y,3,0,2,3,A,-,07,21658,A,N,B,C,A,A,H,-,A,D,0,NA,NA,NA,NA,Y,NA,A,07,0,1,1,0,0,0,0,0,0,-,-,34.30698013305664,-118.48323822021484,LOS ANGELES,LOS ANGELES,-118.4832763671875,34.30694580078125
90939357,2019,2019-03-05,9590,2019-03-04,0235,022006,NA,1,3,7,1942,0,1,1,NA,2,053,I-110 S/B (HARBOR FREEWAY),4TH ST.,100,S,N,A,-,Y,NA,NA,110,NA,NA,NA,NA,NA,S,Y,2,0,2,2,A,-,01,23152,A,N,C,C,A,A,H,-,C,D,0,NA,NA,NA,NA,Y,Y,A,01,1,0,1,0,0,0,0,0,0,-,-,34.05461883544922,-118.25749206542967,LOS ANGELES,LOS ANGELES,-118.25746917724608,34.05459976196289
90939360,2019,2019-03-05,9535,2019-02-21,0900,016276,NA,4,1,9,1900,0,3,5,NA,2,006,DEL MAR AVE. (2200 BLOCK),LA MERCED RD.,70,S,N,A,-,N,NA,NA,NA,NA,NA,NA,NA,NA,NA,N,3,0,1,2,A,-,05,21650,NA,N,H,B,F,A,H,-,A,D,0,Y,Y,NA,NA,Y,NA,L,04,0,1,0,0,1,0,0,0,0,-,-,34.054569244384766,-118.09957122802734,LOS ANGELES,UNINCORPORATED,-118.09967803955078,34.05469512939453
90939364,2019,2019-03-05,9525,2019-02-23,0555,018992,NA,6,3,6,1975,0,1,1,NA,2,106,I-10 E/B (SAN BERNARDINO FWY),AZUSA AVE,1800,W,N,A,-,Y,NA,NA,10,NA,NA,NA,NA,NA,E,Y,3,0,1,1,A,-,01,23152,A,N,E,I,A,A,D,E,B,D,0,NA,NA,NA,NA,Y,Y,A,01,0,1,0,0,0,0,0,0,0,-,-,34.072181701660156,-117.91407012939452,LOS ANGELES,WEST COVINA,-117.91407012939452,34.072120666503906
90939365,2019,2019-04-18,9535,2019-02-09,2240,022085,NA,6,3,9,1900,0,1,1,NA,2,501,I-5 (SANTA ANA FREEWAY) S/B,OLYMPIC BLVD.,15,N,N,B,C,Y,NA,NA,5,NA,NA,NA,NA,NA,S,Y,2,0,5,2,A,-,01,23152,A,N,E,I,A,B,H,-,C,D,0,NA,NA,NA,NA,Y,Y,A,07,1,1,3,0,0,0,0,0,0,-,-,34.01905059814453,-118.17913818359376,LOS ANGELES,UNINCORPORATED,-118.17908477783205,34.019168853759766
90939383,2019,2019-03-05,9580,2019-02-27,2240,021963,NA,3,3,7,1942,0,1,3,NA,2,116,SR-118 E/B TO I-405 N/B,I-405,100,E,N,C,-,Y,NA,NA,118,NA,NA,NA,R,NA,E,N,4,0,1,1,A,-,03,22350,NA,N,E,I,A,D,H,-,C,D,0,NA,NA,NA,NA,Y,NA,A,01,0,0,1,0,0,0,0,0,0,-,-,34.2653694152832,-118.47088623046876,LOS ANGELES,LOS ANGELES,-118.47088623046876,34.2653694152832
90939401,2019,2019-03-05,9530,2019-02-26,1823,020140,NA,2,2,6,1972,0,1,1,NA,2,400,I-405 S/B (SAN DIEGO FREEWAY),YUKON AVE,528,N,N,B,-,Y,NA,NA,405,NA,NA,NA,NA,NA,S,N,4,0,1,2,A,-,03,22350,NA,N,C,C,A,A,H,-,C,D,0,NA,NA,NA,NA,Y,NA,A,01,0,0,1,0,0,0,0,0,0,-,-,33.867530822753906,-118.33660888671876,LOS ANGELES,TORRANCE,-118.33660125732422,33.86754608154297
90939403,2019,2019-03-05,9535,2019-02-23,1355,021131,NA,6,1,5,1948,0,1,1,NA,2,070,I-710 (LONG BEACH FREEWAY) N/B,FLORAL DR.,1700,N,N,A,-,Y,NA,NA,710,NA,NA,NA,NA,NA,N,Y,3,0,3,3,A,-,08,22107,NA,N,B,C,A,A,H,-,A,D,0,NA,NA,NA,NA,Y,NA,A,01,0,3,0,0,0,0,0,0,0,-,-,34.04790115356445,-118.16766357421876,LOS ANGELES,MONTEREY PARK,-118.16755676269533,34.047813415527344
90939409,2019,2019-03-05,9535,2019-02-20,1905,022142,NA,3,2,9,1900,0,2,4,NA,2,025,ATLANTIC BLVD.,EAGLE ST.,0,NA,Y,B,-,N,NA,NA,NA,NA,NA,NA,NA,NA,NA,Y,2,0,1,2,A,-,09,21801,A,N,D,C,A,B,H,-,C,A,0,NA,NA,Y,NA,Y,NA,A,07,1,0,0,0,0,0,0,0,1,-,-,34.02714920043945,-118.15522003173828,LOS ANGELES,UNINCORPORATED,-118.15524291992188,34.02714920043945
90939415,2019,2019-03-05,9535,2019-02-25,1640,022172,NA,1,2,9,1900,0,1,3,NA,2,600,SR-60 (POMONA FREEWAY) E/B,MARIANNA AVE. POC,600,W,N,A,-,Y,NA,NA,60,NA,NA,NA,NA,NA,E,N,4,0,1,2,A,-,04,21703,NA,N,C,C,A,A,H,-,A,D,0,NA,NA,NA,NA,Y,NA,A,01,0,0,1,0,0,0,0,0,0,-,-,34.03432083129883,-118.1776885986328,LOS ANGELES,UNINCORPORATED,-118.17770385742188,34.034400939941406
90939425,2019,2019-03-05,9530,2019-02-22,1600,020567,NA,5,2,9,1900,0,3,5,NA,2,002,EL SEGUNDO BLVD.,JARVIS AVE.,0,NA,Y,A,-,N,NA,NA,NA,NA,NA,NA,NA,NA,NA,Y,3,0,6,2,A,-,09,21801,A,N,D,C,A,A,H,-,A,D,0,NA,NA,NA,NA,Y,NA,A,01,0,2,4,0,0,0,0,0,0,-,-,33.916419982910156,-118.27175903320313,LOS ANGELES,UNINCORPORATED,-118.27178955078124,33.91640853881836
90939426,2019,2019-03-05,9540,2019-03-02,0925,018208,NA,6,1,6,1985,0,1,3,NA,2,148,SR-14 N/B (ANTELOPE VALLEY FREEWAY),PLACERITA CANYON RD,880,N,N,B,C,Y,NA,NA,14,NA,NA,NA,NA,NA,N,Y,4,0,1,1,A,-,03,22350,NA,N,E,I,A,B,H,-,A,D,0,NA,NA,NA,NA,Y,NA,A,01,0,0,1,0,0,0,0,0,0,-,-,34.379539489746094,-118.49138641357422,LOS ANGELES,SANTA CLARITA,-118.49132537841795,34.37946701049805
90939437,2019,2019-03-05,9535,2019-02-22,1810,022142,NA,5,2,9,1900,0,2,4,NA,2,022,OLYMPIC BLVD. (6100 BLOCK),HENDRICKS AVE,290,E,N,A,-,N,NA,NA,NA,NA,NA,NA,NA,NA,NA,N,4,0,1,3,A,-,03,22350,NA,N,B,C,A,A,H,-,C,D,0,NA,NA,NA,NA,Y,NA,A,07,0,0,1,0,0,0,0,0,0,-,-,34.012779235839844,-118.14005279541016,LOS ANGELES,UNINCORPORATED,-118.14012145996094,34.012874603271484
90939489,2019,2019-03-05,9525,2019-02-23,0740,019495,NA,6,1,5,1906,0,1,1,NA,2,651,I-605 S/B TO RAMONA BLVD.,RAMONA BLVD,160,S,N,A,-,Y,NA,NA,605,NA,NA,NA,R,NA,S,Y,4,0,3,3,A,-,03,22350,NA,N,C,C,A,A,H,-,A,D,0,NA,NA,NA,NA,Y,NA,A,01,0,0,3,0,0,0,0,0,0,-,-,34.07830047607422,-117.99849700927734,LOS ANGELES,BALDWIN PARK,-117.99849700927734,34.07830047607422
90939507,2019,2019-03-05,9530,2019-02-26,1445,020523,NA,2,2,9,1900,0,3,5,NA,2,004,VICTORIA ST. (2800 BLOCK),SANTA FE AVE.,22,E,N,A,-,N,NA,NA,NA,NA,NA,NA,NA,NA,NA,N,4,0,1,2,A,-,11,21954,A,F,G,B,E,A,H,-,A,A,0,Y,NA,NA,NA,Y,NA,N,60,0,0,1,0,1,0,0,0,0,-,-,33.8650016784668,-118.2126007080078,LOS ANGELES,UNINCORPORATED,-118.21276092529295,33.864967346191406
90939539,2019,2019-03-05,9575,2019-02-22,1835,019976,NA,5,2,6,1925,0,1,3,NA,2,042,SR-134 W/B (VENTURA FREEWAY),PACIFIC AVE,2000,W,N,A,B,Y,NA,NA,134,NA,NA,NA,NA,NA,W,N,4,0,1,2,A,-,03,22350,NA,N,C,C,A,A,H,-,D,D,0,NA,NA,NA,NA,Y,NA,A,08,0,0,1,0,0,0,0,0,0,-,-,34.155399322509766,-118.26920318603516,LOS ANGELES,GLENDALE,-118.26919555664064,34.15536880493164