CASE_ID,ACCIDENT_YEAR,PROC_DATE,JURIS,COLLISION_DATE,COLLISION_TIME,OFFICER_ID,REPORTING_DISTRICT,DAY_OF_WEEK,CHP_SHIFT,POPULATION,CNTY_CITY_LOC,SPECIAL_COND,BEAT_TYPE,CHP_BEAT_TYPE,CITY_DIVISION_LAPD,CHP_BEAT_CLASS,BEAT_NUMBER,PRIMARY_RD,SECONDARY_RD,DISTANCE,DIRECTION,INTERSECTION,WEATHER_1,WEATHER_2,STATE_HWY_IND,CALTRANS_COUNTY,CALTRANS_DISTRICT,STATE_ROUTE,ROUTE_SUFFIX,POSTMILE_PREFIX,POSTMILE,LOCATION_TYPE,RAMP_INTERSECTION,SIDE_OF_HWY,TOW_AWAY,COLLISION_SEVERITY,NUMBER_KILLED,NUMBER_INJURED,PARTY_COUNT,PRIMARY_COLL_FACTOR,PCF_CODE_OF_VIOL,PCF_VIOL_CATEGORY,PCF_VIOLATION,PCF_VIOL_SUBSECTION,HIT_AND_RUN,TYPE_OF_COLLISION,MVIW,PED_ACTION,ROAD_SURFACE,ROAD_COND_1,ROAD_COND_2,LIGHTING,CONTROL_DEVICE,CHP_ROAD_TYPE,PEDESTRIAN_ACCIDENT,BICYCLE_ACCIDENT,MOTORCYCLE_ACCIDENT,TRUCK_ACCIDENT,NOT_PRIVATE_PROPERTY,ALCOHOL_INVOLVED,STWD_VEHTYPE_AT_FAULT,CHP_VEHTYPE_AT_FAULT,COUNT_SEVERE_INJ,COUNT_VISIBLE_INJ,COUNT_COMPLAINT_PAIN,COUNT_PED_KILLED,COUNT_PED_INJURED,COUNT_BICYCLIST_KILLED,COUNT_BICYCLIST_INJURED,COUNT_MC_KILLED,COUNT_MC_INJURED,PRIMARY_RAMP,SECONDARY_RAMP,LATITUDE,LONGITUDE,COUNTY,CITY,POINT_X,POINT_Y
90940420,2019,2019-03-06,9580,2019-02-25,1425,022008,NA,1,2,7,1942,0,1,1,NA,2,407,I-405 S/B (SAN DIEGO FWY),SATICOY ST,190,N,N,A,-,Y,NA,NA,405,NA,NA,NA,NA,NA,S,Y,4,0,3,4,A,-,03,22350,NA,N,C,C,A,A,H,-,A,D,0,NA,NA,NA,NA,Y,NA,A,07,0,0,3,0,0,0,0,0,0,-,-,34.20909118652344,-118.47344207763672,LOS ANGELES,LOS ANGELES,-118.47344207763672,34.20909118652344
90940432,2019,2019-03-06,9535,2019-02-23,1355,022195,NA,6,1,9,1900,0,2,4,NA,2,024,WHITTIER BLVD. (4000 BLOCK),EASTERN AVE,150,W,N,A,-,N,NA,NA,NA,NA,NA,NA,NA,NA,NA,N,4,0,1,2,A,-,03,22350,NA,M,C,C,A,A,H,-,A,D,0,NA,NA,NA,NA,Y,NA,A,08,0,0,1,0,0,0,0,0,0,-,-,34.023948669433594,-118.17437744140624,LOS ANGELES,UNINCORPORATED,-118.17445373535156,34.02396011352539
90940439,2019,2019-03-06,9545,2019-02-21,1445,019951,NA,4,2,9,1900,0,3,5,NA,1,005,AVENUE O,170TH STREET EAST,0,NA,Y,A,-,N,NA,NA,NA,NA,NA,NA,NA,NA,NA,Y,3,0,1,2,A,-,09,21801,A,N,D,C,A,B,H,-,A,A,0,NA,NA,NA,NA,Y,NA,A,07,0,1,0,0,0,0,0,0,0,-,-,34.616600036621094,-117.82697296142578,LOS ANGELES,UNINCORPORATED,-117.82689666748048,34.616539001464844
90940467,2019,2019-03-06,9535,2019-02-23,2338,017308,NA,6,3,5,1947,0,1,3,NA,2,621,SR-60 W/B FROM PARAMOUNT BLVD N/B,PARAMOUNT BLVD,143,W,N,B,-,Y,NA,NA,60,NA,NA,NA,R,NA,W,Y,4,0,1,3,A,-,03,22350,NA,N,E,I,A,A,H,-,C,D,0,NA,NA,NA,NA,Y,NA,D,22,0,0,1,0,0,0,0,0,0,-,-,34.036468505859375,-118.0927963256836,LOS ANGELES,MONTEBELLO,-118.0927963256836,34.036468505859375
90940523,2019,2019-03-06,9525,2019-02-25,1652,019291,NA,1,2,9,1900,0,2,4,NA,2,022,ARROW HWY E/B (BLOCK #20100),BANNA AVE,550,W,N,A,-,N,NA,NA,NA,NA,NA,NA,NA,NA,NA,Y,4,0,3,2,A,-,03,22350,NA,N,C,C,A,A,H,-,A,D,0,NA,NA,NA,NA,Y,NA,A,01,0,0,3,0,0,0,0,0,0,-,-,34.10660934448242,-117.86076354980467,LOS ANGELES,UNINCORPORATED,-117.86072540283205,34.10673904418945
90940528,2019,2019-03-06,9535,2019-02-26,0900,015506,NA,2,1,9,1900,0,1,1,NA,2,650,I-605 N/B (SAN GABRIEL RIVER FREEWAY),VALLEY BOULEVARD,720,S,N,A,-,Y,NA,NA,605,NA,NA,NA,NA,NA,N,N,3,0,1,2,A,-,03,22350,NA,N,C,C,A,A,H,-,A,D,0,NA,NA,NA,NA,Y,NA,E,22,0,1,0,0,0,0,0,0,0,-,-,34.05009841918945,-118.00649261474608,LOS ANGELES,UNINCORPORATED,-118.00648498535156,34.05009460449219
90940540,2019,2019-03-06,9530,2019-02-27,0127,021123,NA,3,3,5,1977,0,1,1,NA,2,410,I-405 S/B (SAN DIEGO FREEWAY),ALAMEDA ST.,730,S,N,A,-,Y,NA,NA,405,NA,NA,NA,NA,NA,S,Y,4,0,1,1,A,-,01,23152,A,N,F,I,A,A,H,-,C,D,0,NA,NA,NA,NA,Y,Y,A,01,0,0,1,0,0,0,0,0,0,-,-,33.82509994506836,-118.22577667236328,LOS ANGELES,CARSON,-118.22576904296876,33.825279235839844
90940547,2019,2019-03-06,9535,2019-02-25,2020,022142,NA,1,2,5,1915,0,1,1,NA,2,075,I-710 (LONG BEACH FREEWAY) S/B,ALONDRA BLVD,10,N,N,A,-,Y,NA,NA,710,NA,NA,NA,NA,NA,S,Y,4,0,1,1,A,-,08,22107,NA,N,E,I,A,A,H,-,C,D,0,NA,NA,NA,NA,Y,NA,A,01,0,0,1,0,0,0,0,0,0,-,-,33.888980865478516,-118.18900299072266,LOS ANGELES,COMPTON,-118.1890106201172,33.88898468017578
90940592,2019,2019-03-06,9530,2019-02-27,1210,020816,NA,3,1,9,1900,0,1,1,NA,2,200,I-105 E/B (GLENN ANDERSON FWY),WILMINTON AVE.,300,W,N,B,-,Y,NA,NA,105,NA,NA,NA,NA,NA,E,Y,4,0,1,3,A,-,03,22350,NA,N,C,C,A,A,H,-,A,D,0,NA,NA,NA,NA,Y,NA,A,01,0,0,1,0,0,0,0,0,0,-,-,33.92856979370117,-118.2463607788086,LOS ANGELES,UNINCORPORATED,-118.2463607788086,33.92859649658203
90940604,2019,2019-04-04,9530,2019-02-27,2119,020714,NA,3,2,5,1977,0,1,1,NA,2,410,I-405 N/B FROM AVALON BLVD.,AVALON BLVD.,50,W,N,B,-,Y,NA,NA,405,NA,NA,NA,R,NA,N,Y,4,0,3,2,A,-,07,21658,A,N,B,C,A,A,H,-,C,D,0,NA,NA,NA,NA,Y,NA,-,-,0,0,3,0,0,0,0,0,0,-,-,33.84019088745117,-118.26371002197266,LOS ANGELES,CARSON,-118.26371002197266,33.84019088745117
90940618,2019,2019-03-06,9565,2019-02-22,1035,022056,NA,5,1,6,1933,0,1,1,NA,2,060,I-405 N/B (SAN DIEGO FREEWAY),MANCHESTER BLVD,200,S,N,A,-,Y,NA,NA,405,NA,NA,NA,NA,NA,N,Y,3,0,1,3,A,-,03,22350,NA,N,C,C,A,A,H,-,A,D,0,NA,NA,Y,NA,Y,NA,C,02,0,1,0,0,0,0,0,0,1,-,-,33.96099090576172,-118.36930847167967,LOS ANGELES,INGLEWOOD,-118.36924743652344,33.96099090576172
90940623,2019,2019-03-06,9530,2019-02-28,1330,021380,NA,4,1,9,1900,0,3,5,NA,2,001,CROCKETT BLVD. (7700 BLOCK),78TH ST.,200,N,N,A,-,N,NA,NA,NA,NA,NA,NA,NA,NA,NA,N,3,0,1,2,A,-,09,21804,A,N,D,C,A,A,H,-,A,D,0,NA,NA,NA,NA,Y,NA,A,01,0,1,0,0,0,0,0,0,0,-,-,33.96923828125,-118.23690032958984,LOS ANGELES,UNINCORPORATED,-118.23696136474608,33.96917724609375
90940675,2019,2019-03-06,9550,2019-02-22,2010,020551,NA,5,2,3,1964,0,1,1,NA,2,650,I-605 SOUTHBOUND,TELEGRAPH RD.,300,S,N,A,-,Y,NA,NA,605,NA,NA,NA,NA,NA,S,N,4,0,1,2,A,-,03,22350,NA,N,C,C,A,A,H,-,A,D,0,NA,NA,NA,NA,Y,NA,A,01,0,0,1,0,0,0,0,0,0,-,-,33.94633865356445,-118.09397888183594,LOS ANGELES,SANTA FE SPRINGS,-118.09403228759766,33.94636917114258
90940688,2019,2019-03-06,9580,2019-02-26,1705,020728,NA,2,2,7,1942,0,1,2,NA,2,104,US-101 N/B (VENTURA FREEWAY),TAMPA AVE,700,S,N,A,-,Y,NA,NA,101,NA,NA,NA,NA,NA,N,Y,4,0,2,3,A,-,03,22350,NA,N,C,C,A,A,H,-,C,D,0,NA,NA,NA,NA,Y,NA,A,01,0,0,2,0,0,0,0,0,0,-,-,34.173709869384766,-118.54907989501952,LOS ANGELES,LOS ANGELES,-118.54907989501952,34.173583984375
90940691,2019,2019-03-06,9550,2019-02-24,1600,020974,NA,7,2,9,1900,0,2,4,NA,1,063,BREA CANYON CUT OFF ROAD N/B,PATHFINDER ROAD,50,S,N,A,-,N,NA,NA,NA,NA,NA,NA,NA,NA,NA,N,4,0,1,2,A,-,03,22350,NA,N,C,C,A,A,H,-,A,A,0,NA,NA,NA,NA,Y,NA,A,07,0,0,1,0,0,0,0,0,0,-,-,33.97523880004883,-117.85796356201172,LOS ANGELES,UNINCORPORATED,-117.85822296142578,33.975379943847656
90940698,2019,2019-03-06,9590,2019-03-05,0655,016230,NA,2,1,7,1942,0,1,1,NA,2,021,I-10 WB (SBF),EVERGREEN AVE,300,W,N,B,-,Y,NA,NA,10,NA,NA,NA,NA,NA,W,N,4,0,2,2,A,-,03,22350,NA,N,C,C,A,A,H,-,A,D,0,NA,NA,NA,NA,Y,NA,A,01,0,0,2,0,0,0,0,0,0,-,-,34.05585861206055,-118.19754791259766,LOS ANGELES,LOS ANGELES,-118.1975326538086,34.055633544921875
90940704,2019,2019-03-06,9580,2019-02-28,1850,020462,NA,4,2,7,1942,0,1,2,NA,2,103,US-101 S/B (VENTURA FREEWAY),I-405 (SAN DIEGO FWY),775,N,N,A,-,Y,NA,NA,101,NA,NA,NA,NA,NA,S,N,4,0,1,2,A,-,03,22350,NA,N,C,C,A,A,H,-,C,D,0,NA,NA,NA,NA,Y,NA,A,01,0,0,1,0,0,0,0,0,0,-,-,34.16270065307617,-118.47206878662108,LOS ANGELES,LOS ANGELES,-118.47197723388672,34.16276168823242
90940708,2019,2019-03-06,9550,2019-03-03,0935,019939,NA,7,1,7,1941,0,1,3,NA,2,090,SR-91 E/B TO CHERRY AVE,CHERRY AVENUE,800,W,N,C,-,Y,NA,NA,91,NA,NA,NA,R,NA,E,N,4,0,2,2,A,-,03,22350,NA,N,C,C,A,B,H,-,A,D,0,NA,NA,NA,NA,Y,NA,D,22,0,0,2,0,0,0,0,0,0,-,-,33.876338958740234,-118.17146301269533,LOS ANGELES,LONG BEACH,-118.17146301269533,33.876338958740234
90940744,2019,2019-03-06,9565,2019-02-22,0337,021819,NA,5,3,6,1933,0,1,1,NA,2,060,I-405 N/B TO MANCHESTER BLVD.,ARBOR VITAE ST.,400,S,N,A,-,Y,NA,NA,405,NA,NA,NA,R,NA,N,Y,3,0,1,1,A,-,08,22107,NA,N,E,I,A,A,H,-,C,D,0,NA,NA,NA,NA,Y,NA,A,01,0,1,0,0,0,0,0,0,0,-,-,33.951568603515625,-118.36840057373048,LOS ANGELES,INGLEWOOD,-118.36840057373048,33.951568603515625
90940752,2019,2019-03-06,9550,2019-03-03,1825,021742,NA,7,2,6,1949,0,1,1,NA,2,500,INTERSTATE 5 (SANTA ANA FREEWAY),THE PIONEER BLVD U/C,2640,N,N,A,-,Y,NA,NA,5,NA,NA,NA,NA,NA,NA,N,4,0,1,3,A,-,03,22350,NA,N,C,C,A,A,H,-,C,D,0,NA,NA,NA,NA,Y,NA,A,01,0,0,1,0,0,0,0,0,0,-,-,33.92620849609375,-118.08670043945313,LOS ANGELES,NORWALK,-118.08647918701172,33.92636489868164
90940780,2019,2019-03-06,9575,2019-02-22,1130,018440,NA,5,1,7,1942,0,1,1,NA,2,050,I-5 S/B (GOLDEN STATE FREEWAY),COLORADO STREET FWY EXT.,1584,N,N,A,-,Y,NA,NA,5,NA,NA,NA,NA,NA,S,N,4,0,1,2,A,-,03,22350,NA,M,C,C,A,A,H,-,A,D,0,NA,NA,NA,NA,Y,NA,A,07,0,0,1,0,0,0,0,0,0,-,-,34.14533996582031,-118.27873992919922,LOS ANGELES,LOS ANGELES,-118.27883911132813,34.14531326293945
90940782,2019,2019-03-06,9580,2019-02-28,1745,019715,NA,4,2,7,1942,0,1,2,NA,2,101,US-101 S/B (VENTURA FREEWAY),WHITSETT AVE,100,S,N,A,-,Y,NA,NA,101,NA,NA,NA,NA,NA,S,N,4,0,1,2,A,-,03,22350,NA,M,C,C,A,A,H,-,D,D,0,NA,NA,NA,NA,Y,NA,-,99,0,0,1,0,0,0,0,0,0,-,-,34.15660858154297,-118.40474700927734,LOS ANGELES,LOS ANGELES,-118.40474700927734,34.15659713745117
90940786,2019,2019-03-06,9550,2019-02-26,0750,020688,NA,2,1,6,1949,0,1,1,NA,2,150,INTERSTATE 105 (CENTURY FREEWAY),WOODRUFF AVENUE,270,W,N,B,-,Y,NA,NA,NA,NA,NA,NA,NA,NA,NA,Y,2,0,1,2,A,-,03,22350,NA,N,C,C,A,A,H,-,A,D,0,NA,NA,Y,NA,Y,NA,C,02,1,0,0,0,0,0,0,0,1,-,-,33.9139289855957,-118.11753082275392,LOS ANGELES,NORWALK,-118.11756134033205,33.91390609741211
90940818,2019,2019-03-06,9565,2019-02-23,1832,021905,NA,6,2,7,1942,0,1,1,NA,2,083,I-10 E/B,COVENTRY PL,50,E,N,A,-,Y,NA,NA,10,NA,NA,NA,NA,NA,E,Y,4,0,2,3,A,-,03,22350,NA,N,C,C,A,A,H,-,D,D,0,NA,NA,NA,NA,Y,NA,A,01,0,0,2,0,0,0,0,0,0,-,-,34.03163146972656,-118.42315673828124,LOS ANGELES,LOS ANGELES,-118.42315673828124,34.03166198730469
90940832,2019,2019-03-06,9535,2019-02-21,1830,22195,NA,4,2,5,1901,0,1,1,NA,2,420,I-710(LONG BEACH FREEWAY) S/B,NEW AVE,900,W,N,A,-,Y,NA,NA,NA,NA,NA,NA,NA,NA,NA,N,4,0,1,2,A,-,03,22350,NA,N,C,C,A,A,H,-,C,B,0,NA,NA,NA,NA,Y,NA,A,01,0,0,1,0,0,0,0,0,0,-,-,34.071678161621094,-118.11161041259766,LOS ANGELES,ALHAMBRA,NA,NA
90940839,2019,2019-03-06,9535,2019-02-26,2355,021599,NA,2,3,6,1922,0,1,1,NA,2,401,I-10 (SAN BERNARDINO FREEWAY) W/B,I-605,1530,W,N,A,-,Y,NA,NA,10,NA,NA,NA,NA,NA,W,Y,4,0,1,2,A,-,03,22350,NA,N,C,C,A,A,H,-,C,D,0,NA,NA,NA,NA,Y,NA,A,01,0,0,1,0,0,0,0,0,0,-,-,34.06452941894531,-118.00547790527344,LOS ANGELES,EL MONTE,-118.00547027587892,34.064456939697266
90940852,2019,2019-03-06,9550,2019-03-01,1948,020948,NA,5,2,9,1900,0,2,4,NA,1,015,PIONEER BOULEVARD,WADDELL STREET,0,NA,Y,A,-,N,NA,NA,NA,NA,NA,NA,NA,NA,NA,Y,4,0,4,2,A,-,09,21801,A,N,A,C,A,A,H,-,C,A,0,NA,NA,NA,NA,Y,NA,A,01,0,0,4,0,0,0,0,0,0,-,-,33.97031021118164,-118.08072662353516,LOS ANGELES,UNINCORPORATED,-118.08065032958984,33.97026824951172
90940866,2019,2019-03-06,9540,2019-02-24,1830,021820,NA,7,2,7,1942,0,1,1,NA,2,551,I-5 S/B (GOLDEN STATE FREEWAY),BALBOA BLVD,200,N,N,A,-,Y,NA,NA,5,NA,NA,NA,NA,NA,S,Y,4,0,3,2,A,-,03,22350,NA,N,E,I,A,A,H,-,D,D,0,NA,NA,NA,NA,Y,NA,A,07,0,0,3,0,0,0,0,0,0,-,-,34.32143020629883,-118.49698638916016,LOS ANGELES,LOS ANGELES,-118.49705505371094,34.32131576538086
90940883,2019,2019-03-06,9575,2019-02-24,2006,021006,NA,7,2,6,1925,0,1,3,NA,2,042,SR-134 W/B (VENTURA FREEWAY),GLENDALE AVE.,500,W,N,A,-,Y,NA,NA,134,NA,NA,NA,NA,NA,W,Y,4,0,1,2,A,-,03,22350,NA,N,C,C,A,A,H,-,C,D,0,NA,NA,NA,NA,Y,NA,A,01,0,0,1,0,0,0,0,0,0,-,-,34.15650939941406,-118.24640655517578,LOS ANGELES,GLENDALE,-118.24640655517578,34.15647888183594
90940893,2019,2019-03-06,9525,2019-02-27,1100,018729,NA,3,1,4,1905,0,1,1,NA,2,213,I-210 W/B (FOOTHILL FWY),CITRUS AVE.,1056,W,N,A,-,Y,NA,NA,210,NA,NA,NA,NA,NA,W,Y,3,0,1,2,A,-,03,22350,NA,N,C,C,A,A,H,-,A,D,0,NA,NA,Y,NA,Y,NA,C,02,0,1,0,0,0,0,0,0,1,-,-,34.12099075317383,-117.89417266845705,LOS ANGELES,AZUSA,-117.8941650390625,34.121036529541016
90940914,2019,2019-03-06,9575,2019-02-26,1635,020182,NA,2,2,7,1942,0,1,1,NA,2,052,I-5 N/B (GOLDEN STATE FREEWAY),VAN NUYS BLVD.,900,N,N,A,-,Y,NA,NA,5,NA,NA,NA,NA,NA,N,Y,4,0,1,2,A,-,03,22350,NA,N,C,C,A,A,H,-,A,D,0,NA,NA,NA,NA,Y,NA,A,01,0,0,1,0,0,0,0,0,0,-,-,34.259151458740234,-118.43737030029295,LOS ANGELES,LOS ANGELES,-118.43743896484376,34.259071350097656
90940930,2019,2019-03-06,9550,2019-02-28,1800,020245,NA,4,2,9,1900,0,2,4,NA,1,051,FULLERTON ROAD,CROSSHAVEN DRIVE,75,S,N,A,-,N,NA,NA,NA,NA,NA,NA,NA,NA,NA,Y,3,0,2,4,A,-,08,22107,NA,N,B,C,A,A,H,-,C,A,0,NA,NA,NA,NA,Y,NA,A,01,0,2,0,0,0,0,0,0,0,-,-,33.98358154296875,-117.9077606201172,LOS ANGELES,UNINCORPORATED,-117.90772247314452,33.98368453979492
90940935,2019,2019-03-06,9580,2019-03-02,1210,018322,NA,6,1,7,1942,0,1,2,NA,2,101,US-101 S/B (VENTURA FREEWAY),VINELAND AVE,45,N,N,B,C,Y,NA,NA,101,NA,NA,NA,NA,NA,S,Y,4,0,1,2,A,-,03,22350,NA,N,B,C,A,B,H,-,A,D,0,NA,NA,NA,NA,Y,NA,A,07,0,0,1,0,0,0,0,0,0,-,-,34.14699935913086,-118.37059783935548,LOS ANGELES,LOS ANGELES,-118.37060546875,34.146995544433594
90940940,2019,2019-03-06,9540,2019-02-23,1510,021820,NA,6,2,7,1942,0,1,1,NA,1,501,I-5 S/B (GOLDEN STATE FREEWAY),ROXFORD STREET,2112,S,N,A,-,Y,NA,NA,5,NA,NA,NA,NA,NA,S,Y,3,0,3,3,A,-,04,21703,NA,N,C,C,A,A,H,-,A,D,0,NA,NA,NA,NA,Y,NA,A,01,0,2,1,0,0,0,0,0,0,-,-,34.298011779785156,-118.47450256347656,LOS ANGELES,LOS ANGELES,-118.47454071044922,34.29796600341797
90940945,2019,2019-03-06,9575,2019-02-26,1430,022110,NA,2,2,6,1953,0,1,1,NA,2,063,I-210 E/B (FOOTHILL FREEWAY),ORANGE GROVE BLVD,1267,W,N,A,-,Y,NA,NA,210,NA,NA,NA,NA,NA,E,Y,4,0,3,3,A,-,03,22350,NA,N,C,C,A,A,D,-,A,D,0,NA,NA,NA,NA,Y,NA,A,01,0,0,3,0,0,0,0,0,0,-,-,34.157470703125,-118.15868377685548,LOS ANGELES,PASADENA,-118.15859222412108,34.157493591308594
90940958,2019,2019-03-06,9575,2019-02-25,1915,020030,NA,1,2,7,1942,0,1,1,NA,2,050,I-5 N/B (GOLDEN STATE FREEWAY),ZOO DR.,2115,S,N,A,-,Y,NA,NA,5,NA,NA,NA,NA,NA,N,Y,3,0,2,2,A,-,03,22350,NA,N,C,C,A,A,H,-,A,D,0,NA,NA,NA,NA,Y,NA,A,01,0,1,1,0,0,0,0,0,0,-,-,34.14543914794922,-118.27841949462892,LOS ANGELES,LOS ANGELES,-118.27859497070313,34.1453971862793
90941022,2019,2019-03-06,9550,2019-02-11,1125,019939,NA,1,1,6,1920,0,1,1,NA,2,150,I-105 EASTBOUND TO I-605 NORTHBOUND,SAN GABRIEL RIVER,60,E,N,A,-,Y,NA,NA,105,NA,NA,NA,R,NA,E,Y,4,0,1,3,A,-,03,22350,NA,N,C,C,A,A,H,-,A,D,0,NA,NA,NA,NA,Y,NA,A,01,0,0,1,0,0,0,0,0,0,-,-,33.91360092163086,-118.11048889160156,LOS ANGELES,DOWNEY,-118.11048889160156,33.91360092163086
90941023,2019,2019-03-06,9575,2019-02-27,0944,018762,NA,3,1,6,1912,0,1,1,NA,2,051,I-5 S/B FROM ALAMEDA AVENUE W/B,ALAMEDA AVENUE,290,N,N,B,-,Y,NA,NA,5,NA,NA,NA,R,NA,S,N,4,0,2,2,A,-,21,22106,NA,N,C,C,A,A,H,-,A,A,0,NA,NA,NA,NA,Y,NA,A,07,0,0,2,0,0,0,0,0,0,-,-,34.17070007324219,-118.30532073974608,LOS ANGELES,BURBANK,-118.30532073974608,34.17070007324219
9094103,2020,2020-11-06,1948,2020-03-12,1337,455,1948,4,5,5,1948,0,0,0,NA,0,002,EMERSON AV,MOORE AV,7,E,N,C,-,N,NA,NA,NA,NA,NA,NA,NA,NA,NA,Y,4,0,1,2,A,-,12,22450,A,N,D,C,A,B,H,-,A,A,0,NA,NA,NA,NA,Y,NA,A,07,0,0,1,0,0,0,0,0,0,-,-,NA,NA,LOS ANGELES,MONTEREY PARK,-118.13059997558594,34.06610870361328
90941035,2019,2019-03-06,9565,2019-02-22,1245,022117,NA,5,1,4,1918,0,1,1,NA,2,061,I-405 N/B (SAN DIEGO FREEWAY),CULVER BLVD.,130,N,N,A,-,Y,NA,NA,405,NA,NA,NA,NA,NA,N,Y,3,0,1,2,A,-,07,21658,A,N,F,A,A,A,H,-,A,D,0,NA,NA,Y,NA,Y,NA,A,01,0,1,0,0,0,0,0,0,1,-,-,34.003631591796875,-118.41161346435548,LOS ANGELES,CULVER CITY,-118.41156005859376,34.00366973876953
9094104,2020,2020-07-08,1948,2020-03-20,1617,455,1948,5,5,5,1948,0,0,0,NA,0,002,ALHAMBRA AV,GARVEY AV,110,N,N,A,-,N,NA,NA,NA,NA,NA,NA,NA,NA,NA,Y,3,0,1,2,A,-,09,21804,A,N,D,C,A,A,H,-,A,D,0,NA,NA,NA,NA,Y,NA,A,01,0,1,0,0,0,0,0,0,0,-,-,34.062538146972656,-118.11682891845705,LOS ANGELES,MONTEREY PARK,-118.11680603027344,34.06290054321289
9094105,2020,2020-07-08,1948,2020-03-26,1142,462,1948,4,5,5,1948,0,0,0,NA,0,001,AVENIDA CESAR CHAVEZ,COLLEGIAN AV,16,W,N,A,-,N,NA,NA,NA,NA,NA,NA,NA,NA,NA,Y,4,0,3,2,A,-,09,21801,A,N,D,C,A,A,H,-,A,A,0,NA,NA,NA,NA,Y,NA,A,07,0,0,3,0,0,0,0,0,0,-,-,34.03826904296875,-118.14720153808594,LOS ANGELES,MONTEREY PARK,-118.14738464355467,34.038204193115234
90941072,2019,2019-03-06,9590,2019-02-26,1614,021537,NA,2,2,7,1942,0,1,2,NA,2,070,US-101 N/B (HOF),SILVERLAKE BLVD,150,N,N,A,-,Y,NA,NA,101,NA,NA,NA,NA,NA,N,Y,2,0,1,4,A,-,03,22350,NA,N,C,C,A,A,H,-,A,D,0,NA,NA,NA,NA,Y,NA,A,01,1,0,0,0,0,0,0,0,0,-,-,34.07770919799805,-118.28350067138672,LOS ANGELES,LOS ANGELES,-118.28350067138672,34.077693939208984
90941169,2019,2019-03-06,9545,2019-02-23,1015,018097,NA,6,1,9,1900,0,3,5,NA,1,006,45TH ST WEST,AVENUE K-8,70,S,N,A,-,N,NA,NA,NA,NA,NA,NA,NA,NA,NA,Y,3,0,1,2,A,-,09,21801,A,N,D,C,A,A,H,-,A,D,0,NA,NA,NA,NA,Y,NA,A,07,0,1,0,0,0,0,0,0,0,-,-,34.667240142822266,-118.21018981933594,LOS ANGELES,UNINCORPORATED,-118.2101821899414,34.66731643676758
90941173,2019,2019-03-06,9545,2019-02-24,0520,018097,NA,7,3,6,1992,0,1,3,NA,2,011,SR-14 S/B (ANTELOPE VALLEY FREEWAY),LANCASTER BLVD,46,S,N,A,-,Y,NA,NA,14,NA,NA,NA,NA,NA,S,Y,3,0,2,1,A,-,08,22107,NA,N,E,I,A,A,H,-,D,D,0,NA,NA,NA,NA,Y,NA,A,08,0,1,1,0,0,0,0,0,0,-,-,34.696510314941406,-118.1701202392578,LOS ANGELES,LANCASTER,-118.17019653320313,34.696510314941406
90941199,2019,2019-03-06,9545,2019-02-24,1150,019951,NA,7,1,9,1900,0,3,5,NA,2,003,ANGELES FOREST HIGHWAY,MT. GLEASON ROAD,2112,S,N,A,-,N,NA,NA,NA,NA,NA,NA,NA,NA,NA,Y,2,0,1,1,A,-,08,22107,NA,N,E,I,A,A,H,-,A,D,0,NA,NA,NA,NA,Y,NA,A,01,1,0,0,0,0,0,0,0,0,-,-,34.38911056518555,-118.08473205566406,LOS ANGELES,UNINCORPORATED,-118.08467864990234,34.38908004760742
90941200,2019,2019-03-06,9550,2019-02-23,0725,022167,NA,6,1,6,1949,0,1,1,NA,2,651,I-605 S/B,ALONDRA BOULEVARD,1360,N,N,A,-,Y,NA,NA,605,NA,NA,NA,NA,NA,S,Y,4,0,1,1,A,-,03,22350,NA,N,E,I,A,A,H,-,A,D,0,NA,NA,NA,NA,Y,NA,A,01,0,0,1,0,0,0,0,0,0,-,-,33.8914794921875,-118.10466003417967,LOS ANGELES,NORWALK,-118.10480499267578,33.89147186279297
90941202,2019,2019-03-06,9535,2019-02-24,1925,022142,NA,7,2,9,1900,0,1,1,NA,2,500,I-5 (SANTA ANA FREEWAY) N/B,DOWNEY RD,30,N,N,A,-,Y,NA,NA,5,NA,NA,NA,NA,NA,N,N,4,0,1,2,A,-,07,21658,A,N,B,C,A,A,H,-,C,D,0,NA,NA,NA,NA,Y,NA,A,01,0,0,1,0,0,0,0,0,0,-,-,34.01976013183594,-118.18020629882813,LOS ANGELES,UNINCORPORATED,-118.18021392822266,34.019737243652344
90941203,2019,2019-03-06,9535,2019-02-22,1600,021353,NA,5,2,9,1900,0,1,1,NA,2,420,I-10 (SAN BERNARDINO FREEWAY) E/B,EASTERN AVE.,100,E,N,A,-,Y,NA,NA,10,NA,NA,NA,NA,NA,E,N,4,0,1,2,A,-,04,21703,NA,N,C,C,A,A,H,-,A,D,0,NA,NA,NA,NA,Y,NA,A,01,0,0,1,0,0,0,0,0,0,-,-,34.06092834472656,-118.17179107666016,LOS ANGELES,UNINCORPORATED,-118.17185974121094,34.06111526489258