CASE_ID,ACCIDENT_YEAR,PROC_DATE,JURIS,COLLISION_DATE,COLLISION_TIME,OFFICER_ID,REPORTING_DISTRICT,DAY_OF_WEEK,CHP_SHIFT,POPULATION,CNTY_CITY_LOC,SPECIAL_COND,BEAT_TYPE,CHP_BEAT_TYPE,CITY_DIVISION_LAPD,CHP_BEAT_CLASS,BEAT_NUMBER,PRIMARY_RD,SECONDARY_RD,DISTANCE,DIRECTION,INTERSECTION,WEATHER_1,WEATHER_2,STATE_HWY_IND,CALTRANS_COUNTY,CALTRANS_DISTRICT,STATE_ROUTE,ROUTE_SUFFIX,POSTMILE_PREFIX,POSTMILE,LOCATION_TYPE,RAMP_INTERSECTION,SIDE_OF_HWY,TOW_AWAY,COLLISION_SEVERITY,NUMBER_KILLED,NUMBER_INJURED,PARTY_COUNT,PRIMARY_COLL_FACTOR,PCF_CODE_OF_VIOL,PCF_VIOL_CATEGORY,PCF_VIOLATION,PCF_VIOL_SUBSECTION,HIT_AND_RUN,TYPE_OF_COLLISION,MVIW,PED_ACTION,ROAD_SURFACE,ROAD_COND_1,ROAD_COND_2,LIGHTING,CONTROL_DEVICE,CHP_ROAD_TYPE,PEDESTRIAN_ACCIDENT,BICYCLE_ACCIDENT,MOTORCYCLE_ACCIDENT,TRUCK_ACCIDENT,NOT_PRIVATE_PROPERTY,ALCOHOL_INVOLVED,STWD_VEHTYPE_AT_FAULT,CHP_VEHTYPE_AT_FAULT,COUNT_SEVERE_INJ,COUNT_VISIBLE_INJ,COUNT_COMPLAINT_PAIN,COUNT_PED_KILLED,COUNT_PED_INJURED,COUNT_BICYCLIST_KILLED,COUNT_BICYCLIST_INJURED,COUNT_MC_KILLED,COUNT_MC_INJURED,PRIMARY_RAMP,SECONDARY_RAMP,LATITUDE,LONGITUDE,COUNTY,CITY,POINT_X,POINT_Y
90949710,2019,2019-03-20,9550,2019-03-15,0600,022167,NA,5,1,6,1949,0,1,1,NA,2,651,I-605 S/B,ALONDRA BOULEVARD,1400,N,N,A,-,Y,NA,NA,605,NA,NA,NA,NA,NA,S,N,4,0,1,2,A,-,07,21658,A,N,B,C,A,A,H,-,A,D,0,NA,NA,NA,Y,Y,NA,F,26,0,0,1,0,0,0,0,0,0,-,-,33.891578674316406,-118.10465240478516,LOS ANGELES,NORWALK,-118.10481262207033,33.891571044921875
90949720,2019,2019-03-20,9580,2019-03-15,1150,017386,NA,5,1,9,1900,0,3,5,NA,1,030,LATIGO CANYON ROAD (2500 BLOCK),MCREYNOLDS RD,1584,S,N,A,-,N,NA,NA,NA,NA,NA,NA,NA,NA,NA,Y,3,0,1,1,A,-,08,22107,NA,N,F,I,A,A,D,G,A,A,0,NA,NA,Y,NA,Y,NA,C,02,0,1,0,0,0,0,0,0,1,-,-,34.068241119384766,-118.78067779541016,LOS ANGELES,UNINCORPORATED,-118.78075408935548,34.06830978393555
90949726,2019,2019-03-20,9530,2019-03-09,1950,021965,NA,6,2,7,1942,0,1,1,NA,2,110,I-110 S/B (HARBOR FREEWAY),135TH ST.,132,S,N,A,-,Y,NA,NA,110,NA,NA,NA,NA,NA,S,Y,4,0,2,1,A,-,08,22107,NA,N,E,I,A,A,H,-,C,D,0,NA,NA,NA,NA,Y,NA,A,01,0,0,2,0,0,0,0,0,0,-,-,33.908668518066406,-118.2869873046875,LOS ANGELES,LOS ANGELES,-118.28672027587892,33.908668518066406
90949740,2019,2019-03-20,9590,2019-03-13,2330,022189,NA,3,3,7,1942,0,1,2,NA,2,073,US-101 S/B (HOLLYWOOD FREEWAY),PILGRIMAGE BRIDGE,500,N,N,A,-,Y,NA,NA,101,NA,NA,NA,NA,NA,S,Y,4,0,1,1,A,-,08,22107,NA,N,E,I,A,A,H,-,C,D,0,NA,NA,NA,NA,Y,NA,A,01,0,0,1,0,0,0,0,0,0,-,-,34.11587905883789,-118.33689880371094,LOS ANGELES,LOS ANGELES,-118.3370361328125,34.115848541259766
90949756,2019,2019-03-20,9550,2019-03-15,1645,021742,NA,5,2,6,1949,0,1,1,NA,2,651,INTERSTATE 605 (SAN GABRIEL RIVER FREEW,THE EXCELSIOR DR. U/C,275,N,N,A,-,Y,NA,NA,605,NA,NA,NA,NA,NA,NA,Y,4,0,1,2,A,-,03,22350,NA,N,C,C,A,A,H,-,A,D,0,NA,NA,NA,NA,Y,NA,A,01,0,0,1,0,0,0,0,0,0,-,-,33.8968391418457,-118.10488128662108,LOS ANGELES,NORWALK,-118.10506439208984,33.89683151245117
90949775,2019,2019-03-22,9525,2019-03-14,1843,021156,NA,4,2,6,1975,0,1,1,NA,2,103,I-10 W/B (SAN BERNARDINO FWY),PACIFIC AVE,500,W,N,A,-,Y,NA,NA,10,NA,NA,NA,NA,NA,W,Y,4,0,2,3,A,-,03,22350,NA,N,C,C,A,A,D,E,A,D,0,NA,NA,NA,NA,Y,NA,A,08,0,0,2,0,0,0,0,0,0,-,-,34.07204055786133,-117.94515228271484,LOS ANGELES,WEST COVINA,-117.94514465332033,34.072017669677734
90949780,2019,2019-03-20,9525,2019-03-14,1823,020505,NA,4,2,5,1906,0,1,1,NA,2,103,I-10 W/B (SAN BERNARDINO FWY),FRANCISQUITO AVE,1056,E,N,A,-,Y,NA,NA,10,NA,NA,NA,NA,NA,W,Y,3,0,2,2,A,-,07,21658,A,N,C,C,A,A,H,-,A,D,0,NA,NA,NA,NA,Y,NA,A,07,0,2,0,0,0,0,0,0,0,-,-,34.06692886352539,-117.98741912841795,LOS ANGELES,BALDWIN PARK,-117.98741149902344,34.06686019897461
90949787,2019,2019-03-20,9565,2019-03-10,2025,020604,NA,7,2,9,1900,0,3,5,NA,2,004,111TH ST,BURIN AVE,75,W,N,B,-,N,NA,NA,NA,NA,NA,NA,NA,NA,NA,Y,3,0,1,2,A,-,01,23152,A,N,B,C,A,A,H,-,C,D,0,NA,NA,NA,NA,Y,Y,A,01,0,1,0,0,0,0,0,0,0,-,-,33.934539794921875,-118.35413360595705,LOS ANGELES,UNINCORPORATED,-118.3540496826172,33.93452072143555
90949800,2019,2019-04-22,9575,2019-03-04,0725,017148,NA,1,1,7,1942,1,4,S,NA,2,901,SUNLAND BLVD (10000 BLOCK),LA CANADA WAY,88,E,N,A,-,N,NA,NA,NA,NA,NA,NA,NA,NA,NA,N,4,0,1,2,A,-,03,22350,NA,N,E,I,A,A,H,-,A,D,0,NA,NA,NA,NA,Y,NA,H,64,0,0,1,0,0,0,0,0,0,-,-,34.260379791259766,-118.33908081054688,LOS ANGELES,LOS ANGELES,-118.3392333984375,34.260292053222656
90949806,2019,2019-03-20,9525,2019-03-14,2020,020907,NA,4,2,5,1906,0,1,1,NA,2,651,I-605 S/B (SAN GABRIEL RIVER FWY),RAMONA BLVD,1400,S,N,A,-,Y,NA,NA,605,NA,NA,NA,NA,NA,S,Y,4,0,1,2,A,-,07,21658,A,N,B,C,A,A,H,-,C,D,0,NA,NA,NA,NA,Y,NA,A,01,0,0,1,0,0,0,0,0,0,-,-,34.07413864135742,-117.99913024902344,LOS ANGELES,BALDWIN PARK,-117.99912261962892,34.07413864135742
90949813,2019,2019-03-20,9540,2019-03-08,0523,019254,NA,5,3,6,1985,0,1,1,NA,2,506,I-5 N/B (GOLDEN STATE FREEWAY),LYONS AVENUE,2112,N,N,A,-,Y,NA,NA,5,NA,NA,NA,NA,NA,N,Y,4,0,1,3,A,-,07,21658,A,F,B,C,A,A,D,E,D,D,0,NA,NA,NA,NA,Y,NA,-,99,0,0,1,0,0,0,0,0,0,-,-,34.38481903076172,-118.56826019287108,LOS ANGELES,SANTA CLARITA,-118.56822967529295,34.38483428955078
90949847,2019,2019-03-20,9575,2019-03-08,1925,020182,NA,5,2,7,1942,0,1,1,NA,2,052,I-5 N/B (GOLDEN STATE FREEWAY),PEORIA ST.,300,N,N,B,-,Y,NA,NA,5,NA,NA,NA,NA,NA,N,N,4,0,2,2,A,-,03,22350,NA,M,C,C,A,A,H,-,D,D,0,NA,NA,NA,NA,Y,NA,D,22,0,0,2,0,0,0,0,0,0,-,-,34.22983169555664,-118.39463043212892,LOS ANGELES,LOS ANGELES,-118.39466094970705,34.229766845703125
90949865,2019,2019-03-20,9550,2019-03-15,1930,021410,NA,5,2,5,1908,0,1,3,NA,2,090,SR-91 EB,BELLFLOWER BLVD.,500,E,N,A,-,Y,NA,NA,91,NA,NA,NA,NA,NA,E,Y,4,0,1,4,A,-,03,22350,NA,N,C,C,A,A,H,-,C,D,0,NA,NA,NA,NA,Y,NA,A,07,0,0,1,0,0,0,0,0,0,-,-,33.87699890136719,-118.13697052001952,LOS ANGELES,BELLFLOWER,-118.13697052001952,33.87709426879883
90949880,2019,2019-03-20,9550,2019-03-15,1945,021742,NA,5,2,6,1920,0,1,1,NA,2,651,INTERSTATE 605 (SAN GABRIEL RIVER FREEW,THE FLORENCE AVE. U/C,110,N,N,A,-,Y,NA,NA,605,NA,NA,NA,NA,NA,NA,Y,4,0,1,3,A,-,03,22350,NA,N,C,C,A,A,H,-,C,D,0,NA,NA,NA,NA,Y,NA,D,22,0,0,1,0,0,0,0,0,0,-,-,33.93827819824219,-118.09799957275392,LOS ANGELES,DOWNEY,-118.0980224609375,33.93829345703125
90949889,2019,2019-03-20,9550,2019-03-15,1440,021954,NA,5,2,9,1900,0,2,4,NA,1,022,TELEGRAPH ROAD,VICTORIA AVENUE,0,NA,Y,A,-,N,NA,NA,NA,NA,NA,NA,NA,NA,NA,Y,4,0,1,3,A,-,17,21451,A,N,D,C,A,A,H,-,A,A,0,NA,NA,NA,NA,Y,NA,D,22,0,0,1,0,0,0,0,0,0,-,-,33.933021545410156,-118.03592681884766,LOS ANGELES,UNINCORPORATED,-118.03604125976564,33.93294906616211
90949897,2019,2019-03-20,9590,2019-03-19,1010,013435,NA,2,1,7,1942,0,1,1,NA,2,052,I-110 N/B (HARBOR FREEWAY),JEFFERSON BOULEVARD,200,S,N,B,-,Y,NA,NA,NA,NA,NA,NA,NA,NA,NA,N,4,0,1,2,A,-,03,22350,NA,N,C,C,A,A,H,-,A,D,0,NA,NA,NA,NA,Y,NA,A,01,0,0,1,0,0,0,0,0,0,-,-,34.02669143676758,-118.27793121337892,LOS ANGELES,LOS ANGELES,-118.2783432006836,34.02059555053711
90949916,2019,2019-03-20,9590,2019-03-13,2341,021245,NA,3,3,7,1942,0,1,1,NA,2,020,I-10 E/B (SBF),EVERGREEN POC,600,E,N,A,-,Y,NA,NA,10,NA,NA,NA,NA,NA,E,Y,4,0,1,1,A,-,08,22107,NA,N,E,I,A,A,H,-,C,D,0,NA,NA,NA,NA,Y,NA,A,01,0,0,1,0,0,0,0,0,0,-,-,34.055198669433594,-118.19322967529295,LOS ANGELES,LOS ANGELES,-118.19322967529295,34.055320739746094
90949948,2019,2019-03-20,9580,2019-03-17,1150,016523,NA,7,1,7,1942,0,1,3,NA,2,116,SR-118 E/B TO WOODLEY AVE.,WOODLEY AVE,5,W,N,A,-,Y,NA,NA,118,NA,NA,NA,R,NA,E,N,4,0,1,2,A,-,03,22350,NA,N,C,C,A,A,H,-,A,D,0,NA,NA,NA,NA,Y,NA,A,07,0,0,1,0,0,0,0,0,0,-,-,34.267311096191406,-118.48487854003906,LOS ANGELES,LOS ANGELES,-118.48487854003906,34.267311096191406
90949968,2019,2019-03-20,9575,2019-03-08,1540,020438,NA,5,2,9,1900,0,3,5,NA,2,008,ROSEMEAD BOULEVARD (7200 BLOCK),HUNTINGTON DR,500,S,N,B,-,N,NA,NA,NA,NA,NA,NA,NA,NA,NA,N,4,0,1,2,D,-,00,NA,NA,N,D,G,A,A,H,-,A,D,0,NA,Y,NA,NA,Y,NA,-,-,0,0,1,0,0,0,1,0,0,-,-,34.12910079956055,-118.07321166992188,LOS ANGELES,UNINCORPORATED,-118.0732650756836,34.128910064697266
90949976,2019,2019-03-20,9575,2019-03-12,0800,018762,NA,2,1,6,1925,0,1,3,NA,2,042,SR-134 W/B (VENTURA FREEWAY),HARVEY DRIVE,1056,W,N,A,-,Y,NA,NA,134,NA,NA,NA,NA,NA,W,Y,4,0,2,2,A,-,03,22350,NA,N,C,C,A,A,H,-,A,D,0,NA,NA,NA,NA,Y,NA,A,01,0,0,2,0,0,0,0,0,0,-,-,34.14918899536133,-118.23159027099608,LOS ANGELES,GLENDALE,-118.23160552978516,34.149166107177734
90949981,2019,2019-03-20,9580,2019-03-19,1035,020400,NA,2,1,7,1942,0,1,2,NA,2,101,US-101 S/B FROM WOODMAN AVE,WOODMAN AVE,100,S,N,A,-,Y,NA,NA,101,NA,NA,NA,R,NA,S,Y,4,0,1,2,A,-,03,22350,NA,N,C,C,A,A,H,-,A,A,0,NA,NA,NA,NA,Y,NA,A,08,0,0,1,0,0,0,0,0,0,-,-,34.155311584472656,-118.42996978759766,LOS ANGELES,LOS ANGELES,-118.42996978759766,34.155311584472656
90949987,2019,2019-03-20,9525,2019-03-13,0535,018505,NA,3,3,5,1926,0,1,1,NA,2,217,I-210 W/B (FOOTHILL FWY),LONE HILL AVE,1700,E,N,A,-,Y,NA,NA,210,NA,NA,NA,NA,NA,W,Y,2,0,1,2,A,-,07,21658,A,F,B,C,A,A,H,-,D,D,0,NA,NA,Y,NA,Y,NA,A,01,1,0,0,0,0,0,0,0,1,-,-,34.120609283447266,-117.82379913330078,LOS ANGELES,GLENDORA,-117.82379913330078,34.12062072753906
90949990,2019,2019-03-20,9575,2019-03-13,0850,020887,NA,3,1,6,1925,0,1,1,NA,2,050,I-5 S/B (GOLDEN STATE FREEWAY),WESTERN AVE,1200,S,N,A,-,Y,NA,NA,5,NA,NA,NA,NA,NA,S,N,4,0,1,2,A,-,03,22350,NA,N,C,C,A,A,H,-,A,D,0,NA,NA,NA,NA,Y,NA,A,01,0,0,1,0,0,0,0,0,0,-,-,34.16175842285156,-118.2936782836914,LOS ANGELES,GLENDALE,-118.29369354248048,34.16175079345703
9095001,2020,2020-11-18,1942,2020-05-06,1300,40059,2016,3,5,7,1942,0,0,0,NA,0,20A13,W 2ND ST,S NORMANDIE AV,0,NA,Y,A,-,N,NA,NA,NA,NA,NA,NA,NA,NA,NA,N,4,0,1,2,A,-,12,21453,A,F,D,C,A,A,H,-,A,A,0,NA,NA,NA,NA,Y,NA,-,99,0,0,1,0,0,0,0,0,0,-,-,NA,NA,LOS ANGELES,LOS ANGELES,-118.30036926269533,34.0711784362793
90950010,2019,2019-03-20,9530,2019-03-09,1200,021076,NA,6,1,7,1942,0,1,1,NA,2,120,I-110 N/B TO HARRY BRIDGES BLVD,I-110 N/B (HARBOR FREEWAY),797,E,N,A,-,Y,NA,NA,NA,NA,NA,NA,NA,NA,NA,N,4,0,1,2,A,-,07,21658,A,N,C,G,A,A,H,-,A,D,0,NA,Y,NA,NA,Y,NA,L,04,0,0,1,0,0,0,1,0,0,-,-,33.7705192565918,-118.27729034423828,LOS ANGELES,LOS ANGELES,NA,NA
9095002,2020,2020-11-18,1942,2020-05-04,1745,42845,2042,1,5,7,1942,0,0,0,NA,0,20A1,SAN MARINO AV,MANHATTAN PL,20,E,N,A,-,N,NA,NA,NA,NA,NA,NA,NA,NA,NA,N,4,0,1,2,A,-,04,21703,NA,F,C,C,A,A,H,-,A,D,0,NA,NA,NA,NA,Y,NA,-,99,0,0,1,0,0,0,0,0,0,-,-,NA,NA,LOS ANGELES,LOS ANGELES,-118.3100814819336,34.05442810058594
9095003,2020,2020-11-18,1942,2020-05-06,0941,34251,2036,3,5,7,1942,0,0,0,NA,0,20A45,S NEW HAMPSHIRE AV,WILSHIRE BL,0,NA,Y,A,-,N,NA,NA,NA,NA,NA,NA,NA,NA,NA,Y,3,0,2,2,A,-,12,21453,A,N,D,C,A,A,H,-,A,A,0,NA,NA,NA,NA,Y,NA,A,01,0,1,1,0,0,0,0,0,0,-,-,NA,NA,LOS ANGELES,LOS ANGELES,-118.29290008544922,34.061790466308594
90950031,2019,2019-03-20,9580,2019-03-19,0505,021498,NA,2,3,7,1942,0,1,3,NA,2,171,SR-170 S/B (HOLLYWOOD FWY.),US-101 N/B (VENTURA FREEWAY),500,N,N,B,-,Y,NA,NA,170,NA,NA,NA,NA,NA,S,Y,3,0,1,1,C,-,18,NA,NA,N,E,J,A,A,H,-,D,D,0,NA,NA,NA,NA,Y,NA,-,-,0,1,0,0,0,0,0,0,0,-,-,34.155391693115234,-118.37838745117188,LOS ANGELES,LOS ANGELES,-118.37838745117188,34.155391693115234
90950035,2019,2019-03-20,9525,2019-03-12,1520,018402,NA,2,2,5,1990,0,1,3,NA,2,574,SR-57 N/B (ORANGE FWY),BREA CANYON RD.,528,N,N,A,-,Y,NA,NA,57,NA,NA,NA,NA,NA,N,N,4,0,1,2,A,-,03,22350,NA,N,C,C,A,A,H,-,A,D,0,NA,NA,NA,NA,Y,NA,A,01,0,0,1,0,0,0,0,0,0,-,-,33.959930419921875,-117.85617065429688,LOS ANGELES,DIAMOND BAR,-117.85618591308594,33.9599723815918
9095004,2020,2020-11-24,1942,2020-05-04,0915,34959,2017,1,5,7,1942,0,0,0,NA,0,20A25,BERENDO ST,3RD ST,0,NA,Y,A,-,N,NA,NA,NA,NA,NA,NA,NA,NA,NA,Y,4,0,1,3,A,-,09,21802,A,N,D,C,A,A,H,-,A,A,0,NA,NA,NA,NA,Y,NA,A,01,0,0,1,0,0,0,0,0,0,-,-,NA,NA,LOS ANGELES,LOS ANGELES,-118.29415130615234,34.06904983520508
90950041,2019,2019-03-20,9575,2019-03-13,1830,020556,NA,3,2,6,1912,0,1,3,NA,2,044,SR-134 W/B (VENTURA FREEWAY),RIVERSIDE DRIVE,500,W,N,A,-,Y,NA,NA,NA,NA,NA,NA,NA,NA,NA,Y,4,0,1,2,A,-,03,22350,NA,N,C,C,A,A,H,-,B,D,0,NA,NA,NA,NA,Y,NA,D,22,0,0,1,0,0,0,0,0,0,-,-,34.5346794128418,-118.32762145996094,LOS ANGELES,BURBANK,-118.32797241210938,34.15339660644531
9095005,2020,2020-11-24,1942,2020-05-02,0030,41957,2036,6,5,7,1942,0,0,0,NA,0,20A45,W 8TH ST,S NEW HAMPSHIRE AV,0,NA,Y,A,-,N,NA,NA,NA,NA,NA,NA,NA,NA,NA,Y,4,0,2,3,A,-,12,21453,A,N,D,C,A,A,H,-,C,A,0,NA,NA,NA,NA,Y,NA,A,01,0,0,2,0,0,0,0,0,0,-,-,NA,NA,LOS ANGELES,LOS ANGELES,-118.29290008544922,34.0577392578125
9095006,2020,2020-11-24,1942,2020-05-08,1455,44150,0615,5,5,7,1942,0,0,0,F,0,6A22,CAHUENGA BL EAST,BARHAM BL,0,NA,Y,A,-,N,NA,NA,NA,NA,NA,NA,NA,NA,NA,Y,2,0,1,2,A,-,12,21453,A,F,D,C,A,A,H,-,A,A,0,NA,NA,Y,NA,Y,NA,A,07,1,0,0,0,0,0,0,0,1,-,-,NA,NA,LOS ANGELES,LOS ANGELES,-118.34677124023438,34.1290397644043
90950066,2019,2019-03-20,9530,2019-03-08,0255,020983,NA,5,3,9,1900,0,3,5,NA,2,001,HOOPER AVENUE,NADEAU STREET,0,NA,Y,A,-,N,NA,NA,NA,NA,NA,NA,NA,NA,NA,N,4,0,1,2,A,-,12,21453,A,F,B,C,A,A,H,-,C,A,0,NA,NA,NA,NA,Y,NA,-,99,0,0,1,0,0,0,0,0,0,-,-,33.9674186706543,-118.25125885009766,LOS ANGELES,UNINCORPORATED,-118.25205993652344,33.96746063232422
90950069,2019,2019-03-20,9525,2019-03-15,2320,021545,NA,5,3,6,1975,0,1,1,NA,2,106,I-10 E/B (SAN BERNARDINO FWY),BARRANCA ST.,200,W,N,A,-,Y,NA,NA,10,NA,NA,NA,NA,NA,E,N,4,0,1,2,A,-,03,22350,NA,N,C,C,A,A,D,E,C,D,0,NA,NA,NA,NA,Y,NA,A,01,0,0,1,0,0,0,0,0,0,-,-,34.07183074951172,-117.88311767578124,LOS ANGELES,WEST COVINA,-117.88311767578124,34.07183837890625
9095007,2020,2020-11-24,1942,2020-05-05,2245,43328,0668,2,5,7,1942,0,0,0,F,0,NA,SANTA MONICA BL,WESTERN AV,0,NA,N,A,-,N,NA,NA,NA,NA,NA,NA,NA,NA,NA,N,4,0,1,2,A,-,08,22101,NA,N,D,C,A,A,H,-,C,D,0,NA,NA,NA,NA,Y,NA,A,07,0,0,1,0,0,0,0,0,0,-,-,NA,NA,LOS ANGELES,LOS ANGELES,-118.30917358398438,34.09077072143555
90950078,2019,2019-05-13,9575,2019-03-08,0835,017148,NA,5,1,6,1912,0,1,3,NA,2,044,SR-134 E/B (VENTURA FREEWAY),RIVERSIDE DR. (BUENA VISTA ST.),875,E,N,A,-,Y,NA,NA,134,NA,NA,NA,NA,NA,E,Y,4,0,1,4,A,-,03,22350,NA,N,C,C,A,A,H,-,A,D,0,NA,NA,NA,NA,Y,NA,A,01,0,0,1,0,0,0,0,0,0,-,-,34.15422821044922,-118.32306671142578,LOS ANGELES,BURBANK,-118.32306671142578,34.154205322265625
90950079,2019,2019-03-20,9525,2019-03-15,1320,021156,NA,5,1,6,1975,0,1,1,NA,2,104,I-10 E/B (SAN BERNARDINO FWY),VINCENT AVE,800,W,N,A,-,Y,NA,NA,10,NA,NA,NA,NA,NA,E,N,4,0,2,3,A,-,03,22350,NA,N,C,C,A,A,D,E,A,D,0,NA,NA,NA,NA,Y,NA,A,01,0,0,2,0,0,0,0,0,0,-,-,34.072120666503906,-117.93102264404295,LOS ANGELES,WEST COVINA,-117.93101501464844,34.072261810302734
9095008,2020,2020-11-18,1942,2020-05-04,1130,37966,0622,1,5,7,1942,0,0,0,F,0,6A45,FRANKLIN AV,OUTPOST DR,0,NA,Y,A,-,N,NA,NA,NA,NA,NA,NA,NA,NA,NA,Y,3,0,3,2,A,-,09,21801,A,N,D,C,A,A,H,-,A,A,0,NA,NA,NA,NA,Y,NA,A,01,0,3,0,0,0,0,0,0,0,-,-,NA,NA,LOS ANGELES,LOS ANGELES,-118.34388732910156,34.10414123535156
9095009,2020,2020-11-18,1942,2020-05-02,1200,38793,0628,6,5,7,1942,0,0,0,F,0,6A49,FRANKLIN AV,N BRONSON AV,0,NA,Y,A,-,N,NA,NA,NA,NA,NA,NA,NA,NA,NA,Y,3,0,1,2,A,-,04,21703,NA,N,C,C,A,A,H,-,A,D,0,NA,NA,NA,NA,Y,NA,A,01,0,1,0,0,0,0,0,0,0,-,-,NA,NA,LOS ANGELES,LOS ANGELES,-118.31797790527344,34.10525131225586
90950098,2019,2019-03-20,9590,2019-03-16,0545,013435,NA,6,3,7,1942,0,1,1,NA,2,051,I-110 S/B (HARBOR FREEWAY),CENTURY BOULEVARD,30,N,N,A,-,Y,NA,NA,110,NA,NA,NA,NA,NA,S,Y,4,0,2,2,A,-,01,23152,A,N,C,E,A,A,H,-,C,D,0,NA,NA,NA,NA,Y,Y,A,08,0,0,2,0,0,0,0,0,0,-,-,33.94567108154297,-118.27996063232422,LOS ANGELES,LOS ANGELES,-118.27988433837892,33.94565963745117
90950099,2019,2019-03-20,9550,2019-03-15,1755,021954,NA,5,2,9,1900,0,3,5,NA,2,002,LAMBERT ROAD,COLE ROAD,0,NA,Y,A,-,N,NA,NA,NA,NA,NA,NA,NA,NA,NA,Y,3,0,2,2,A,-,09,21801,A,N,D,C,A,A,H,-,A,D,0,NA,NA,NA,NA,Y,NA,A,01,0,1,1,0,0,0,0,0,0,-,-,33.93918991088867,-118.00547027587892,LOS ANGELES,UNINCORPORATED,-118.00547790527344,33.939151763916016
9095010,2020,2020-11-24,1942,2020-05-01,1615,37966,0632,5,5,7,1942,0,0,0,F,0,6A31,W SUNSET BL,N HAYWORTH AV,0,NA,Y,A,-,N,NA,NA,NA,NA,NA,NA,NA,NA,NA,N,3,0,1,2,A,-,09,21801,A,N,A,I,A,A,H,-,A,A,0,NA,NA,Y,NA,Y,NA,A,01,0,1,0,0,0,0,0,0,1,-,-,NA,NA,LOS ANGELES,LOS ANGELES,-118.36293029785156,34.09803009033203
9095011,2020,2020-11-24,1942,2020-05-07,1150,34882,0666,4,5,7,1942,0,0,0,F,0,6A67,SANTA MONICA BL,EL CENTRO AV,100,W,N,A,-,N,NA,NA,NA,NA,NA,NA,NA,NA,NA,N,3,0,1,2,A,-,04,21703,NA,N,C,C,A,A,H,-,A,D,0,NA,NA,NA,NA,Y,NA,A,01,0,1,0,0,0,0,0,0,0,-,-,NA,NA,LOS ANGELES,LOS ANGELES,-118.32478332519533,34.09074020385742
90950111,2019,2019-03-20,9550,2019-03-08,1610,017511,NA,5,2,9,1900,0,1,3,NA,2,602,SR-60 E/B (POMONA FREEWAY),NOGALSE ST OVERCROSSING,250,E,N,B,-,Y,NA,NA,60,NA,NA,NA,NA,NA,E,Y,4,0,1,2,A,-,03,22350,NA,N,C,C,A,A,H,-,A,D,0,NA,NA,NA,NA,Y,NA,E,22,0,0,1,0,0,0,0,0,0,-,-,33.99399185180664,-117.88770294189452,LOS ANGELES,UNINCORPORATED,-117.88770294189452,33.994049072265625
9095012,2020,2020-11-25,1942,2020-05-01,1700,38035,2073,5,5,7,1942,0,0,0,NA,0,20A71,VENICE BL,WESTMORELAND BL,0,NA,Y,A,-,N,NA,NA,NA,NA,NA,NA,NA,NA,NA,Y,3,0,3,5,A,-,01,23152,A,N,D,C,A,A,H,-,A,A,0,NA,Y,NA,NA,Y,Y,A,01,0,1,2,0,0,0,1,0,0,-,-,NA,NA,LOS ANGELES,LOS ANGELES,-118.30657196044922,34.0435905456543
90950124,2019,2019-03-20,9550,2019-03-13,0750,017637,NA,3,1,5,1908,0,1,3,NA,2,090,SR-91 W/B (ARTESIA FREEWAY),DOWNEY AVENUE,500,E,N,B,-,Y,NA,NA,NA,NA,NA,NA,NA,NA,NA,Y,2,0,1,2,A,-,08,22107,NA,N,B,C,A,A,H,-,A,D,0,NA,NA,Y,NA,Y,NA,A,01,1,0,0,0,0,0,0,0,1,-,-,33.808990478515625,-118.1868896484375,LOS ANGELES,BELLFLOWER,-118.14966583251952,33.877159118652344
90950127,2019,2019-03-20,9575,2019-03-09,1501,021302,NA,6,2,7,1942,0,1,1,NA,2,053,I-5 N/B (GOLDEN STATE FREEWAY),VAN NUYS BLVD,1056,N,N,A,-,Y,NA,NA,5,NA,NA,NA,NA,NA,N,Y,4,0,3,8,A,-,03,22350,NA,N,C,C,A,A,H,-,A,D,0,NA,NA,NA,Y,Y,NA,A,01,0,0,3,0,0,0,0,0,0,-,-,34.259010314941406,-118.43733978271484,LOS ANGELES,LOS ANGELES,-118.43735504150392,34.25899124145508
9095013,2020,2020-11-18,1942,2020-05-05,1800,41139,2058,2,5,7,1942,0,0,0,NA,0,20A69,SAN MARINO ST,S HOOVER ST,65,W,N,A,-,N,NA,NA,NA,NA,NA,NA,NA,NA,NA,Y,3,0,1,3,A,-,01,23152,NA,N,B,E,A,A,H,-,A,D,0,NA,NA,NA,NA,Y,Y,A,01,0,1,0,0,0,0,0,0,0,-,-,NA,NA,LOS ANGELES,LOS ANGELES,-118.28446197509766,34.055023193359375
90950131,2019,2019-03-20,9530,2019-02-23,1150,020816,NA,6,1,9,1900,0,3,5,NA,2,001,FLORENCE AVE. (1700 BLOCK),HOLMES AVE.,60,E,N,A,-,N,NA,NA,NA,NA,NA,NA,NA,NA,NA,N,4,0,1,2,A,-,03,22350,NA,F,C,C,A,A,H,-,A,A,0,NA,NA,NA,NA,Y,NA,D,22,0,0,1,0,0,0,0,0,0,-,-,33.97480010986328,-118.24089813232422,LOS ANGELES,UNINCORPORATED,-118.24106597900392,33.9747314453125