CASE_ID,ACCIDENT_YEAR,PROC_DATE,JURIS,COLLISION_DATE,COLLISION_TIME,OFFICER_ID,REPORTING_DISTRICT,DAY_OF_WEEK,CHP_SHIFT,POPULATION,CNTY_CITY_LOC,SPECIAL_COND,BEAT_TYPE,CHP_BEAT_TYPE,CITY_DIVISION_LAPD,CHP_BEAT_CLASS,BEAT_NUMBER,PRIMARY_RD,SECONDARY_RD,DISTANCE,DIRECTION,INTERSECTION,WEATHER_1,WEATHER_2,STATE_HWY_IND,CALTRANS_COUNTY,CALTRANS_DISTRICT,STATE_ROUTE,ROUTE_SUFFIX,POSTMILE_PREFIX,POSTMILE,LOCATION_TYPE,RAMP_INTERSECTION,SIDE_OF_HWY,TOW_AWAY,COLLISION_SEVERITY,NUMBER_KILLED,NUMBER_INJURED,PARTY_COUNT,PRIMARY_COLL_FACTOR,PCF_CODE_OF_VIOL,PCF_VIOL_CATEGORY,PCF_VIOLATION,PCF_VIOL_SUBSECTION,HIT_AND_RUN,TYPE_OF_COLLISION,MVIW,PED_ACTION,ROAD_SURFACE,ROAD_COND_1,ROAD_COND_2,LIGHTING,CONTROL_DEVICE,CHP_ROAD_TYPE,PEDESTRIAN_ACCIDENT,BICYCLE_ACCIDENT,MOTORCYCLE_ACCIDENT,TRUCK_ACCIDENT,NOT_PRIVATE_PROPERTY,ALCOHOL_INVOLVED,STWD_VEHTYPE_AT_FAULT,CHP_VEHTYPE_AT_FAULT,COUNT_SEVERE_INJ,COUNT_VISIBLE_INJ,COUNT_COMPLAINT_PAIN,COUNT_PED_KILLED,COUNT_PED_INJURED,COUNT_BICYCLIST_KILLED,COUNT_BICYCLIST_INJURED,COUNT_MC_KILLED,COUNT_MC_INJURED,PRIMARY_RAMP,SECONDARY_RAMP,LATITUDE,LONGITUDE,COUNTY,CITY,POINT_X,POINT_Y
90963508,2018,2019-04-08,9575,2018-06-11,2140,019538,NA,1,2,6,1912,0,1,1,NA,2,052,INTERSTATE 5 FREEWAY,HOLLYWOOD WAY,976,N,N,A,-,Y,NA,NA,NA,NA,NA,NA,NA,NA,NA,Y,4,0,2,2,A,-,08,22107,NA,F,B,C,A,A,H,-,C,D,0,NA,NA,NA,NA,Y,Y,A,01,0,0,2,0,0,0,0,0,0,-,-,34.21390914916992,-118.35086059570313,LOS ANGELES,BURBANK,-118.35077667236328,34.2142219543457
90963509,2019,2019-04-08,9550,2019-03-28,0735,022210,NA,4,1,5,1908,0,1,3,NA,2,091,STATE ROUTE 91 E/B,DOWNEY AVENUE,140,E,N,B,-,Y,NA,NA,91,NA,NA,NA,NA,NA,E,Y,3,0,2,2,A,-,03,22350,NA,N,C,C,A,A,H,-,A,D,0,NA,NA,NA,NA,Y,NA,A,01,0,1,1,0,0,0,0,0,0,-,-,33.876869201660156,-118.1508331298828,LOS ANGELES,BELLFLOWER,-118.1508331298828,33.876953125
90963525,2019,2019-04-08,9545,2019-03-30,1825,020749,NA,6,2,9,1900,0,3,5,NA,2,001,AVENUE K,90TH STREET WEST,0,NA,Y,A,-,N,NA,NA,NA,NA,NA,NA,NA,NA,NA,Y,4,0,2,3,A,-,09,21802,A,N,D,C,A,A,H,-,B,A,0,NA,NA,NA,NA,Y,NA,A,01,0,0,2,0,0,0,0,0,0,-,-,34.67475128173828,-118.2891082763672,LOS ANGELES,UNINCORPORATED,-118.28913116455078,34.67475128173828
90963531,2019,2019-04-08,9565,2019-03-23,1950,021905,NA,6,2,7,1942,0,1,1,NA,2,083,I-10 W/B TO ROBERTSON BLVD,ROBERTSON BLVD,30,S,N,A,-,Y,NA,NA,10,NA,NA,NA,R,NA,W,Y,4,0,1,2,C,-,18,NA,NA,N,C,C,A,A,H,-,C,D,0,NA,NA,NA,NA,Y,NA,-,-,0,0,1,0,0,0,0,0,0,-,-,34.0328483581543,-118.38973999023438,LOS ANGELES,LOS ANGELES,-118.38973999023438,34.0328483581543
90963553,2019,2019-04-08,9575,2019-04-02,1446,019629,NA,2,2,9,1900,0,3,5,NA,2,002,CALAVERAS ST (1000 BLOCK),MAIDEN LN (2200 BLOCK),12,W,N,A,-,N,NA,NA,NA,NA,NA,NA,NA,NA,NA,N,3,0,1,2,A,-,08,22107,NA,N,A,C,A,A,H,-,A,A,0,NA,NA,NA,NA,Y,NA,A,07,0,1,0,0,0,0,0,0,0,-,-,34.18387985229492,-118.1287078857422,LOS ANGELES,UNINCORPORATED,-118.1286392211914,34.18389892578125
90963574,2019,2019-04-08,9590,2019-04-05,0835,021040,NA,5,1,7,1942,0,1,1,NA,2,083,I-5 S/B (GOLDEN STATE FREEWAY),RIVERSIDE DRIVE,600,N,N,A,-,Y,NA,NA,5,NA,NA,NA,NA,NA,S,Y,4,0,1,3,A,-,03,22350,NA,N,C,C,A,A,H,-,A,D,0,NA,NA,NA,NA,Y,NA,A,07,0,0,1,0,0,0,0,0,0,-,-,34.100379943847656,-118.248291015625,LOS ANGELES,LOS ANGELES,-118.24829864501952,34.100372314453125
90963594,2019,2019-04-08,9590,2019-04-05,2000,021132,NA,5,2,7,1942,0,1,1,NA,2,065,I-10 W/B (SMF),SAN PEDRO ST.,1000,E,N,B,-,Y,NA,NA,10,NA,NA,NA,NA,NA,W,Y,4,0,1,3,A,-,03,22350,NA,N,C,C,A,A,H,-,C,D,0,NA,NA,NA,NA,Y,NA,A,01,0,0,1,0,0,0,0,0,0,-,-,34.02851867675781,-118.25363159179688,LOS ANGELES,LOS ANGELES,-118.25367736816406,34.0284309387207
90963625,2019,2019-04-08,9545,2019-03-30,1826,020849,NA,6,2,9,1900,0,1,3,NA,2,031,SR-14 S/B,MOUNTAIN SPRINGS RD,4224,S,N,A,-,Y,NA,NA,14,NA,NA,NA,NA,NA,S,Y,3,0,3,2,A,-,08,22107,NA,N,E,I,A,A,H,-,A,D,0,NA,NA,NA,NA,Y,NA,A,01,0,3,0,0,0,0,0,0,0,-,-,34.49195098876953,-118.12876129150392,LOS ANGELES,UNINCORPORATED,-118.12876892089844,34.491966247558594
90963637,2019,2019-04-08,9550,2019-02-23,1520,020709,NA,6,2,9,1900,0,1,3,NA,2,601,SR-60 E/B,HACIENDA BOULEVARD,400,E,N,A,-,Y,NA,NA,60,NA,NA,NA,NA,NA,E,N,4,0,1,4,A,-,03,22350,NA,F,C,C,A,A,H,-,A,D,0,NA,NA,NA,NA,Y,NA,A,01,0,0,1,0,0,0,0,0,0,-,-,34.00598907470703,-117.96159362792967,LOS ANGELES,UNINCORPORATED,-117.96160125732422,34.00594711303711
90963661,2019,2019-04-08,9525,2019-04-02,0935,014971,NA,2,1,5,1906,0,1,1,NA,2,651,I-605 S/B (SAN GABRIEL RIVER FWY),RAMONA BLVD,2112,S,N,A,-,Y,NA,NA,605,NA,NA,NA,NA,NA,S,N,4,0,1,3,A,-,03,22350,NA,N,C,C,A,A,H,-,A,D,0,NA,NA,NA,NA,Y,NA,A,01,0,0,1,0,0,0,0,0,0,-,-,34.072200775146484,-117.9998779296875,LOS ANGELES,BALDWIN PARK,-117.99982452392578,34.072181701660156
90963680,2019,2019-04-08,9590,2019-04-05,1435,021912,NA,5,2,7,1942,0,1,1,NA,2,062,I-10 E/B (SANTA MONICA FREEWAY),VERMONT AVE.,150,W,N,A,-,Y,NA,NA,10,NA,NA,NA,NA,NA,E,Y,4,0,1,2,A,-,03,22350,NA,N,C,C,A,A,H,-,A,D,0,NA,NA,NA,NA,Y,NA,A,08,0,0,1,0,0,0,0,0,0,-,-,34.03683090209961,-118.29215240478516,LOS ANGELES,LOS ANGELES,-118.29215240478516,34.03684616088867
90963690,2019,2019-04-08,9525,2019-04-02,1215,020847,NA,2,1,9,1900,0,1,3,NA,1,024,SR-39 (SAN GABRIEL CANYON RD.),COLDBROOK CAMPGROUND,1584,N,N,A,-,Y,NA,NA,39,NA,NA,NA,NA,NA,NA,Y,2,0,1,1,A,-,03,22350,NA,N,E,I,A,A,H,-,A,D,0,NA,NA,Y,NA,Y,NA,C,02,1,0,0,0,0,0,0,0,1,-,-,34.291099548339844,-117.8382568359375,LOS ANGELES,UNINCORPORATED,-117.83829498291016,34.29107666015625
90963695,2019,2019-04-08,9590,2019-04-05,1800,021912,NA,5,2,7,1942,0,1,1,NA,2,062,I-10 E/B (SANTA MONICA FREEWAY),HOOVER ST.,2000,E,N,A,-,Y,NA,NA,10,NA,NA,NA,NA,NA,E,N,4,0,1,2,A,-,03,22350,NA,N,C,C,A,A,H,-,A,D,0,NA,NA,NA,NA,Y,NA,A,01,0,0,1,0,0,0,0,0,0,-,-,34.03799819946289,-118.27748870849608,LOS ANGELES,LOS ANGELES,-118.27748870849608,34.037986755371094
90963704,2019,2019-04-08,9535,2019-03-22,0705,015506,NA,5,1,9,1900,0,2,4,NA,2,024,WHITTIER BLVD.,EASTMAN AVE.,0,NA,Y,A,-,N,NA,NA,NA,NA,NA,NA,NA,NA,NA,Y,4,0,1,2,A,-,12,21453,A,N,D,C,A,A,H,-,A,A,0,NA,NA,NA,NA,Y,NA,A,01,0,0,1,0,0,0,0,0,0,-,-,34.023990631103516,-118.18621063232422,LOS ANGELES,UNINCORPORATED,-118.18624114990234,34.023929595947266
90963710,2019,2019-04-08,9535,2019-03-15,0450,021976,NA,5,3,4,1907,0,1,1,NA,2,072,I-710 (LONG BEACH FREEWAY) N/B,ATLANTIC BLVD.,370,S,N,A,-,Y,NA,NA,710,NA,NA,NA,NA,NA,N,Y,4,0,1,1,A,-,03,22350,NA,N,E,I,A,A,H,-,C,D,0,NA,NA,NA,NA,Y,NA,A,01,0,0,1,0,0,0,0,0,0,-,-,33.996578216552734,-118.17693328857422,LOS ANGELES,BELL,-118.17687225341795,33.99657440185547
90963719,2019,2019-04-08,9535,2019-03-19,1730,017789,NA,2,2,9,1900,0,2,4,NA,2,024,WHITTIER BLVD.,EASTERN AVE,0,NA,Y,B,-,N,NA,NA,NA,NA,NA,NA,NA,NA,NA,Y,4,0,2,2,A,-,09,21801,A,N,D,C,A,A,H,-,A,A,0,NA,NA,NA,NA,Y,NA,A,08,0,0,2,0,0,0,0,0,0,-,-,34.023929595947266,-118.17394256591795,LOS ANGELES,UNINCORPORATED,-118.17395782470705,34.023921966552734
90963736,2019,2019-04-09,9550,2019-03-27,0505,021952,NA,3,3,6,1920,0,1,1,NA,2,150,INTERSTATE 105 W/B,WOODRUFF AVENUE,100,E,N,A,-,Y,NA,NA,105,NA,NA,NA,NA,NA,W,Y,4,0,1,2,A,-,03,22350,NA,N,C,C,A,A,H,-,C,D,0,NA,NA,Y,NA,Y,NA,C,02,0,0,1,0,0,0,0,0,1,-,-,33.91400146484375,-118.11630249023438,LOS ANGELES,DOWNEY,-118.11629486083984,33.9139518737793
90963738,2019,2019-04-09,9550,2019-03-31,1655,020709,NA,7,2,9,1900,0,1,1,NA,2,650,I-605 N/B,SLAUSON AVENUE,2000,S,N,A,-,Y,NA,NA,NA,NA,NA,NA,NA,NA,NA,Y,4,0,6,7,A,-,03,22350,NA,N,C,C,A,A,H,-,A,D,0,NA,NA,NA,NA,Y,NA,D,22,0,0,6,0,0,0,0,0,0,-,-,33.961669921875,-118.08554840087892,LOS ANGELES,UNINCORPORATED,-118.0854263305664,33.962005615234375
90963743,2019,2019-04-11,9565,2019-03-30,2303,021706,NA,6,3,7,1942,0,1,1,NA,2,082,I-10 W/B (SANTA MONICA FREEWAY),COVENTRY PL,300,E,N,A,-,Y,NA,NA,10,NA,NA,NA,NA,NA,W,N,4,0,1,2,A,-,03,22350,NA,N,C,C,A,A,H,-,C,D,0,NA,NA,NA,NA,Y,NA,A,01,0,0,1,0,0,0,0,0,0,-,-,34.03187942504883,-118.42272186279295,LOS ANGELES,LOS ANGELES,-118.42272186279295,34.03188705444336
90963744,2019,2019-04-09,9550,2019-04-07,0700,022237,NA,7,1,6,1949,0,1,1,NA,2,150,INTERSTATE 105 EASTBOUND,WOODRUFF AVENUE,1345,E,N,A,-,Y,NA,NA,105,NA,NA,NA,NA,NA,E,Y,3,0,5,5,A,-,01,23152,A,N,A,C,A,A,H,-,A,D,0,NA,NA,NA,NA,Y,Y,A,01,0,2,3,0,0,0,0,0,0,-,-,33.913639068603516,-118.11328125,LOS ANGELES,NORWALK,-118.11328125,33.913761138916016
90963772,2019,2019-04-09,9575,2019-03-28,1110,016603,NA,4,1,6,1953,0,1,1,NA,2,064,I-210 W/B (FOOTHILL FREEWAY),ALTADENA DRIVE,100,W,N,B,-,Y,NA,NA,210,NA,NA,NA,NA,NA,W,Y,4,0,1,2,A,-,03,22350,NA,N,C,C,A,A,H,-,A,D,0,NA,NA,NA,NA,Y,NA,A,01,0,0,1,0,0,0,0,0,0,-,-,34.1526985168457,-118.09900665283205,LOS ANGELES,PASADENA,-118.09900665283205,34.152732849121094
90963774,2019,2019-04-09,9575,2019-03-20,1815,017491,NA,3,2,7,1942,0,1,1,NA,2,050,I-5 N/B (GOLDEN STATE FREEWAY),COLORADO STREET,704,N,N,C,-,Y,NA,NA,5,NA,NA,NA,NA,NA,N,N,4,0,1,2,A,-,03,22350,NA,N,C,C,A,B,H,-,A,D,0,NA,NA,NA,NA,Y,NA,A,01,0,0,1,0,0,0,0,0,0,-,-,34.14284133911133,-118.27797698974608,LOS ANGELES,LOS ANGELES,-118.27801513671876,34.1428337097168
90963777,2019,2019-04-09,9575,2019-03-30,1440,021302,NA,6,2,6,1953,0,1,1,NA,2,064,I-210 E/B (FOOTHILL FREEWAY),LAKE AVE,1056,W,N,A,-,Y,NA,NA,210,NA,NA,NA,NA,NA,E,Y,4,0,1,3,A,-,07,21658,A,M,B,C,A,A,H,-,A,D,0,NA,NA,NA,NA,Y,NA,-,99,0,0,1,0,0,0,0,0,0,-,-,34.15167999267578,-118.13594818115234,LOS ANGELES,PASADENA,-118.13594818115234,34.15165710449219
90963778,2019,2019-04-09,9575,2019-03-21,1427,017491,NA,4,2,7,1942,0,1,1,NA,2,050,I-5 S/B (GOLDEN STATE FWY.) FROM ZOO DR,ZOO DRIVE,1189,S,N,A,-,Y,NA,NA,5,NA,NA,NA,R,NA,S,N,4,0,1,2,D,-,00,NA,NA,N,B,C,A,A,H,-,A,D,0,NA,NA,NA,NA,Y,NA,-,-,0,0,1,0,0,0,0,0,0,-,-,34.14725112915039,-118.27950286865234,LOS ANGELES,LOS ANGELES,-118.27950286865234,34.14725112915039
90963779,2019,2019-04-09,9565,2019-03-28,1925,021372,NA,4,2,7,1942,0,1,1,NA,2,064,I-405 NORTHBOUND (SAN DIEGO FWY),SUNSET BOULEVARD,600,N,N,A,-,Y,NA,NA,405,NA,NA,NA,NA,NA,N,N,3,0,1,2,A,-,08,22107,NA,F,B,C,A,A,H,-,C,D,0,NA,NA,Y,NA,Y,NA,-,99,0,1,0,0,0,0,0,0,1,-,-,34.074501037597656,-118.46781158447266,LOS ANGELES,LOS ANGELES,-118.4677963256836,34.07451248168945
90963781,2019,2019-04-09,9575,2019-04-02,1356,019629,NA,2,1,6,1953,0,1,1,NA,2,064,I-210 E/B (FOOTHILL FREEWAY),ALLEN AVE.,20,W,N,A,-,Y,NA,NA,210,NA,NA,NA,NA,NA,E,Y,3,0,1,3,A,-,03,22350,NA,N,C,C,A,A,H,-,A,D,0,NA,NA,NA,NA,Y,NA,D,22,0,1,0,0,0,0,0,0,0,-,-,34.15222930908203,-118.1136474609375,LOS ANGELES,PASADENA,-118.1136474609375,34.15226364135742
90963789,2019,2019-04-09,9590,2019-03-29,1847,021535,NA,5,2,7,1942,0,1,1,NA,2,013,SR-110 S/B (ARROYO SECO PARKWAY),MARMION WAY,100,S,N,A,-,Y,NA,NA,110,NA,NA,NA,NA,NA,S,Y,4,0,1,1,A,-,08,22107,NA,N,E,I,A,A,H,-,B,D,0,NA,NA,NA,NA,Y,NA,A,01,0,0,1,0,0,0,0,0,0,-,-,34.11122131347656,-118.180908203125,LOS ANGELES,LOS ANGELES,-118.180908203125,34.11121368408203
90963793,2019,2019-04-09,9535,2019-03-22,1750,013989,NA,5,2,5,1947,0,1,3,NA,2,620,SR-60 (POMONA FREEWAY) E/B,GREENWOOD AVE,600,E,N,A,-,Y,NA,NA,NA,NA,NA,NA,NA,NA,NA,Y,4,0,1,1,A,-,08,22107,NA,N,F,A,A,A,H,-,A,D,0,NA,NA,Y,NA,Y,NA,C,02,0,0,1,0,0,0,0,0,1,-,-,34.03446960449219,-118.10684204101564,LOS ANGELES,MONTEBELLO,-118.10665130615234,34.034446716308594
90963798,2019,2019-04-09,9535,2019-03-26,0815,019983,NA,2,1,9,1900,0,2,4,NA,2,024,WHITTIER BLVD,ROWAN AVE,0,NA,Y,A,-,N,NA,NA,NA,NA,NA,NA,NA,NA,NA,Y,4,0,2,3,A,-,09,21802,A,N,D,C,A,A,H,-,A,D,0,NA,NA,NA,NA,Y,NA,A,01,0,0,2,0,0,0,0,0,0,-,-,34.02391052246094,-118.18742370605467,LOS ANGELES,UNINCORPORATED,-118.18743896484376,34.02391815185547
90963811,2019,2019-04-09,9535,2019-03-28,1125,022234,NA,4,1,1,1973,0,1,1,NA,2,073,I-710 S/B TO ATLANTIC BLVD./BANDINI BL.,BANDINI BLVD,55,S,N,A,-,Y,NA,NA,710,NA,NA,NA,R,NA,S,Y,4,0,1,2,A,-,03,22350,NA,N,C,C,A,A,H,-,A,D,0,NA,NA,NA,Y,Y,NA,A,01,0,0,1,0,0,0,0,0,0,-,-,33.998741149902344,-118.17796325683594,LOS ANGELES,VERNON,-118.17796325683594,33.998741149902344
90963817,2019,2019-04-09,9535,2019-03-28,1358,022243,NA,4,1,5,1947,0,1,3,NA,2,620,SR-60 E/B (POMONA FWY),PARAMOUNT BLVD,170,W,N,A,-,Y,NA,NA,NA,NA,NA,NA,NA,NA,NA,Y,3,0,1,2,C,-,18,NA,NA,N,C,C,A,A,H,-,A,A,0,NA,NA,NA,Y,Y,NA,-,-,0,1,0,0,0,0,0,0,0,-,-,34.03487014770508,-118.0923309326172,LOS ANGELES,MONTEBELLO,-118.09347534179688,34.03579330444336
90963825,2019,2019-04-09,9575,2019-03-31,0220,021878,NA,7,3,6,1953,0,1,1,NA,2,064,I-210 E/B (FOOTHILL FREEWAY),EL MOLINO AVENUE O/C,30,W,N,A,-,Y,NA,NA,210,NA,NA,NA,NA,NA,E,Y,4,0,1,2,A,-,01,23152,A,N,C,C,A,A,H,-,C,D,0,NA,NA,NA,NA,Y,Y,A,01,0,0,1,0,0,0,0,0,0,-,-,34.15174865722656,-118.13719177246094,LOS ANGELES,PASADENA,-118.13719177246094,34.15165328979492
90963859,2019,2019-04-09,9575,2019-03-19,2103,021283,NA,2,2,7,1942,0,1,1,NA,2,053,I-5 S/B (GOLDEN STATE FREEWAY),TERRA BELLA ST.,130,S,N,A,-,Y,NA,NA,5,NA,NA,NA,NA,NA,S,Y,3,0,1,2,A,-,01,23152,A,N,B,C,A,A,H,-,D,D,0,NA,NA,NA,Y,Y,Y,D,22,0,1,0,0,0,0,0,0,0,-,-,34.250308990478516,-118.428466796875,LOS ANGELES,LOS ANGELES,-118.42847442626952,34.25030517578125
90963873,2019,2019-04-09,9550,2019-04-01,1420,022194,NA,1,2,9,1900,0,2,4,NA,1,021,CARMENITA RD.,SUNDANCE AVE.,15,N,N,A,-,N,NA,NA,NA,NA,NA,NA,NA,NA,NA,N,4,0,2,2,A,-,03,22350,NA,N,C,C,A,A,H,-,A,D,0,NA,NA,NA,NA,Y,NA,A,07,0,0,2,0,0,0,0,0,0,-,-,33.93492889404297,-118.04656982421876,LOS ANGELES,UNINCORPORATED,-118.04659271240234,33.934932708740234
90963894,2019,2019-04-09,9550,2019-04-02,0710,022260,NA,2,1,6,1949,0,1,1,NA,2,651,I-605 N/B (SAN GABRIEL RIVER FREEWAY),ALONDRA BLVD,100,N,N,A,-,Y,NA,NA,605,NA,NA,NA,NA,NA,N,N,4,0,1,2,A,-,03,22350,NA,F,C,C,A,A,H,-,A,D,0,NA,NA,NA,NA,Y,NA,-,99,0,0,1,0,0,0,0,0,0,-,-,33.890899658203125,-118.10440063476564,LOS ANGELES,NORWALK,-118.10445404052734,33.890899658203125
90963923,2019,2019-04-09,9530,2019-03-31,0013,021582,NA,7,3,5,1977,0,1,3,NA,2,310,SR-91 W/B (ARTESIA FREEWAY),MAIN ST.,1584,E,N,A,-,Y,NA,NA,91,NA,NA,NA,NA,NA,W,Y,3,0,3,2,A,-,01,23152,A,N,C,C,A,A,H,-,D,D,0,NA,NA,NA,NA,Y,Y,A,01,0,1,2,0,0,0,0,0,0,-,-,33.8726692199707,-118.2706298828125,LOS ANGELES,CARSON,-118.2706298828125,33.87271499633789
90963934,2019,2019-04-09,9545,2019-03-31,1420,018550,NA,7,2,9,1900,0,1,3,NA,2,021,SR-14 S/B,PALMDALE BLVD,1795,N,N,A,-,Y,NA,NA,NA,NA,NA,NA,NA,NA,NA,N,4,0,1,3,A,-,03,22350,NA,N,C,C,A,A,H,-,A,D,0,NA,NA,NA,NA,Y,NA,A,01,0,0,1,0,0,0,0,0,0,-,-,34.58649826049805,-118.1339111328125,LOS ANGELES,UNINCORPORATED,-118.13399505615234,34.586360931396484
90963949,2019,2019-04-09,9545,2019-03-31,2035,020655,NA,7,2,9,1900,0,1,3,NA,1,042,SR-138,121ST ST  E,0,NA,Y,A,-,Y,NA,NA,138,NA,NA,NA,NA,NA,NA,Y,4,0,1,2,A,-,08,22107,NA,N,B,C,A,A,D,H,D,A,0,NA,NA,NA,NA,Y,NA,A,07,0,0,1,0,0,0,0,0,0,-,-,34.5064582824707,-117.91404724121094,LOS ANGELES,UNINCORPORATED,-117.91404724121094,34.50646209716797
90963954,2019,2019-04-09,9535,2019-03-28,2115,022176,NA,4,2,9,1900,0,3,5,NA,2,001,FLORAL DRIVE,MARIANNA AVENUE,0,NA,Y,A,-,N,NA,NA,NA,NA,NA,NA,NA,NA,NA,Y,4,0,1,5,A,-,12,22450,A,N,D,C,A,A,H,-,C,A,0,NA,NA,NA,NA,Y,NA,A,01,0,0,1,0,0,0,0,0,0,-,-,34.04418182373047,-118.17578887939452,LOS ANGELES,UNINCORPORATED,-118.17578887939452,34.044158935546875
90963968,2019,2019-04-09,9545,2019-03-31,1520,020749,NA,7,2,9,1900,0,3,5,NA,2,004,AVENUE J,152ND STREET EAST,1500,E,N,A,-,N,NA,NA,NA,NA,NA,NA,NA,NA,NA,Y,4,0,1,1,A,-,03,22350,NA,N,F,A,A,A,H,-,A,D,0,NA,NA,NA,NA,Y,NA,E,22,0,0,1,0,0,0,0,0,0,-,-,34.68988037109375,-117.83930206298828,LOS ANGELES,UNINCORPORATED,NA,NA
90964002,2019,2019-04-09,9550,2019-04-02,1430,020861,NA,2,2,9,1900,0,3,5,NA,2,005,GALE AVENUE W/B,ACCESS ROAD,350,E,N,A,-,N,NA,NA,NA,NA,NA,NA,NA,NA,NA,Y,4,0,1,2,A,-,09,21804,A,N,D,C,A,A,H,-,A,D,0,NA,NA,NA,NA,Y,NA,A,07,0,0,1,0,0,0,0,0,0,-,-,33.996070861816406,-117.88996124267578,LOS ANGELES,UNINCORPORATED,NA,NA
90964009,2019,2019-04-09,9545,2019-03-31,1555,020749,NA,7,2,9,1900,0,3,5,NA,2,004,VALYERMO ROAD,PALLET CREEK ROAD,3168,E,N,A,-,N,NA,NA,NA,NA,NA,NA,NA,NA,NA,N,2,0,1,1,A,-,08,22107,NA,N,E,I,A,A,H,-,A,D,0,NA,NA,Y,NA,Y,NA,C,02,1,0,0,0,0,0,0,0,1,-,-,34.454219818115234,-117.86067962646484,LOS ANGELES,UNINCORPORATED,-117.86022186279295,34.45408248901367
90964014,2019,2019-04-09,9590,2019-04-07,0925,022087,NA,7,1,7,1942,0,1,2,NA,2,070,US-101 N/B (SANTA ANA FREEWAY),ALAMEDA ST.,950,S,N,A,-,Y,NA,NA,101,NA,NA,NA,NA,NA,N,N,4,0,2,2,A,-,03,22350,NA,N,C,C,A,A,H,-,A,D,0,NA,NA,NA,NA,Y,NA,A,01,0,0,2,0,0,0,0,0,0,-,-,34.05390167236328,-118.23451232910156,LOS ANGELES,LOS ANGELES,-118.23451232910156,34.05389404296875
90964015,2019,2019-04-09,9530,2019-03-28,1700,021310,NA,4,2,7,1942,0,1,1,NA,2,400,I-405 S/B (SAN DIEGO FREEWAY),NORMANDIE AVE.,965,S,N,A,-,Y,NA,NA,405,NA,NA,NA,NA,NA,S,Y,4,0,1,2,D,-,00,NA,NA,N,B,C,A,A,H,-,A,D,0,NA,NA,Y,NA,Y,NA,-,-,0,0,1,0,0,0,0,0,1,-,-,33.859718322753906,-118.29586029052734,LOS ANGELES,LOS ANGELES,-118.29586029052734,33.8597297668457
90964027,2019,2019-04-09,9590,2019-04-05,1850,021823,NA,5,2,7,1942,0,1,1,NA,2,062,I-10 E/B (SANTA MONICA FREEWAY),HOOVER ST,100,E,N,A,-,Y,NA,NA,10,NA,NA,NA,NA,NA,E,N,4,0,1,2,A,-,03,22350,NA,N,C,C,A,A,H,-,C,D,0,NA,NA,NA,NA,Y,NA,A,01,0,0,1,0,0,0,0,0,0,-,-,34.03710174560547,-118.28363800048828,LOS ANGELES,LOS ANGELES,-118.2836456298828,34.0371208190918
90964048,2019,2019-04-09,9565,2019-03-28,1030,020560,NA,4,1,9,1900,0,3,5,NA,2,003,OVERHILL DR,SPRINGDALE DR,200,N,N,A,-,Y,NA,NA,NA,NA,NA,NA,NA,NA,NA,Y,3,0,1,4,A,-,03,22350,NA,N,C,C,A,A,H,-,A,D,0,NA,NA,NA,NA,Y,NA,A,01,0,1,0,0,0,0,0,0,0,-,-,33.99100112915039,-118.35366821289064,LOS ANGELES,UNINCORPORATED,-118.35364532470705,33.99101257324219
90964055,2019,2019-04-09,9565,2019-03-23,1332,021905,NA,6,1,7,1942,0,1,1,NA,2,063,I-405 N/B,PICO BLVD,20,N,N,A,-,Y,NA,NA,405,NA,NA,NA,NA,NA,N,Y,4,0,1,2,A,-,08,22107,NA,N,C,C,A,A,H,-,A,D,0,NA,NA,NA,NA,Y,NA,A,01,0,0,1,0,0,0,0,0,0,-,-,34.03580093383789,-118.43785858154295,LOS ANGELES,LOS ANGELES,-118.43798065185548,34.035743713378906
90964124,2019,2019-04-09,9575,2019-04-06,2157,021254,NA,6,2,9,1900,0,2,4,NA,2,026,NEW YORK DRIVE (1300 E. BLOCK),HOLLISTON AVENUE,150,E,N,A,-,N,NA,NA,NA,NA,NA,NA,NA,NA,NA,Y,3,0,1,2,A,-,01,23152,A,N,C,E,A,A,H,-,C,D,0,NA,NA,NA,NA,Y,Y,A,01,0,1,0,0,0,0,0,0,0,-,-,34.17850112915039,-118.1225814819336,LOS ANGELES,UNINCORPORATED,-118.12267303466795,34.17845916748047
90964127,2019,2019-04-09,9535,2019-03-31,1335,020855,NA,7,1,5,1901,0,1,1,NA,2,420,I-10 (SAN BERNARDINO FREEWAY) E/B,FREMONT AVE,2500,W,N,A,-,Y,NA,NA,10,NA,NA,NA,NA,NA,E,Y,4,0,1,3,A,-,07,21658,A,M,B,C,A,A,H,-,A,D,0,NA,NA,NA,NA,Y,NA,A,01,0,0,1,0,0,0,0,0,0,-,-,34.06449890136719,-118.15830230712892,LOS ANGELES,ALHAMBRA,-118.15826416015624,34.06443786621094
90964133,2019,2019-04-09,9545,2019-03-31,2305,021814,NA,7,3,9,1900,0,3,5,NA,2,004,95TH STREET E,AVENUE Q-6,0,NA,Y,A,-,N,NA,NA,NA,NA,NA,NA,NA,NA,NA,Y,2,0,1,1,A,-,01,23152,A,N,E,I,A,A,H,-,C,A,0,NA,NA,Y,NA,Y,Y,C,02,1,0,0,0,0,0,0,0,1,-,-,34.58169174194336,-117.96070098876952,LOS ANGELES,UNINCORPORATED,-117.96056365966795,34.581661224365234