CASE_ID,ACCIDENT_YEAR,PROC_DATE,JURIS,COLLISION_DATE,COLLISION_TIME,OFFICER_ID,REPORTING_DISTRICT,DAY_OF_WEEK,CHP_SHIFT,POPULATION,CNTY_CITY_LOC,SPECIAL_COND,BEAT_TYPE,CHP_BEAT_TYPE,CITY_DIVISION_LAPD,CHP_BEAT_CLASS,BEAT_NUMBER,PRIMARY_RD,SECONDARY_RD,DISTANCE,DIRECTION,INTERSECTION,WEATHER_1,WEATHER_2,STATE_HWY_IND,CALTRANS_COUNTY,CALTRANS_DISTRICT,STATE_ROUTE,ROUTE_SUFFIX,POSTMILE_PREFIX,POSTMILE,LOCATION_TYPE,RAMP_INTERSECTION,SIDE_OF_HWY,TOW_AWAY,COLLISION_SEVERITY,NUMBER_KILLED,NUMBER_INJURED,PARTY_COUNT,PRIMARY_COLL_FACTOR,PCF_CODE_OF_VIOL,PCF_VIOL_CATEGORY,PCF_VIOLATION,PCF_VIOL_SUBSECTION,HIT_AND_RUN,TYPE_OF_COLLISION,MVIW,PED_ACTION,ROAD_SURFACE,ROAD_COND_1,ROAD_COND_2,LIGHTING,CONTROL_DEVICE,CHP_ROAD_TYPE,PEDESTRIAN_ACCIDENT,BICYCLE_ACCIDENT,MOTORCYCLE_ACCIDENT,TRUCK_ACCIDENT,NOT_PRIVATE_PROPERTY,ALCOHOL_INVOLVED,STWD_VEHTYPE_AT_FAULT,CHP_VEHTYPE_AT_FAULT,COUNT_SEVERE_INJ,COUNT_VISIBLE_INJ,COUNT_COMPLAINT_PAIN,COUNT_PED_KILLED,COUNT_PED_INJURED,COUNT_BICYCLIST_KILLED,COUNT_BICYCLIST_INJURED,COUNT_MC_KILLED,COUNT_MC_INJURED,PRIMARY_RAMP,SECONDARY_RAMP,LATITUDE,LONGITUDE,COUNTY,CITY,POINT_X,POINT_Y
90965692,2019,2019-04-11,9540,2019-04-03,0830,014339,NA,3,1,9,1900,0,2,4,NA,2,071,SLOAN CANYON RD. (27000 BLOCK),THE OLD RD.,355,W,N,A,-,N,NA,NA,NA,NA,NA,NA,NA,NA,NA,N,3,0,1,2,A,-,08,22107,NA,N,H,G,A,A,H,-,A,D,0,NA,Y,NA,NA,Y,NA,L,04,0,1,0,0,0,0,1,0,0,-,-,34.49496841430664,-118.6256866455078,LOS ANGELES,UNINCORPORATED,-118.62561798095705,34.4949836730957
90965696,2019,2019-04-11,9525,2019-04-04,1006,021980,NA,4,1,1,1934,0,1,1,NA,2,203,I-210 W/B (FOOTHILL FWY),IRWINDALE AVE,2112,E,N,A,-,Y,NA,NA,210,NA,NA,NA,NA,NA,W,Y,4,0,1,2,A,-,07,21658,A,N,B,C,A,A,H,-,A,D,0,NA,NA,NA,NA,Y,NA,M,59,0,0,1,0,0,0,0,0,0,-,-,34.1307487487793,-117.92691802978516,LOS ANGELES,IRWINDALE,-117.92692565917967,34.13071060180664
90965708,2019,2019-04-11,9565,2019-04-01,1515,016545,NA,1,2,4,1918,0,1,1,NA,2,061,I-405 S/B (SAN DIEGO FWY),MCDONALD ST,250,S,N,A,-,Y,NA,NA,405,NA,NA,NA,NA,NA,S,Y,4,0,1,2,A,-,08,22107,NA,N,B,C,A,A,H,-,A,D,0,NA,NA,Y,NA,Y,NA,D,22,0,0,1,0,0,0,0,0,1,-,-,33.993221282958984,-118.40354919433594,LOS ANGELES,CULVER CITY,-118.40355682373048,33.99321365356445
9096571,2019,2020-05-16,1910,2019-10-18,1043,04126,NA,5,5,4,1910,0,0,0,NA,0,005,WILSHIRE BL,NORTH SANTA MONICA BL,0,NA,Y,A,-,N,NA,NA,NA,NA,NA,NA,NA,NA,NA,N,3,0,1,1,C,-,18,NA,NA,N,H,J,A,A,A,-,A,D,0,NA,Y,NA,NA,Y,NA,-,-,0,1,0,0,0,0,1,0,0,-,-,NA,NA,LOS ANGELES,BEVERLY HILLS,-118.4104232788086,34.06707000732422
90965724,2019,2019-04-11,9530,2019-04-04,0930,020427,NA,4,1,6,1972,0,1,1,NA,2,400,I-405 S/B (SAN DIEGO FREEWAY),ARTESIA BLVD.,900,S,N,B,-,Y,NA,NA,405,NA,NA,NA,NA,NA,S,N,2,0,1,2,C,-,18,NA,NA,M,B,C,A,A,H,-,A,D,0,NA,NA,NA,Y,Y,NA,-,-,1,0,0,0,0,0,0,0,0,-,-,33.869808197021484,-118.34027099609376,LOS ANGELES,TORRANCE,-118.34017181396484,33.86991500854492
90965744,2019,2019-04-11,9535,2019-04-01,0959,022254,NA,1,1,5,1901,0,1,1,NA,2,421,I-10 (SAN BERNARDINO FREEWAY) W/B,ATLANTIC BLVD,800,W,N,A,-,Y,NA,NA,10,NA,NA,NA,NA,NA,W,Y,4,0,2,2,A,-,03,22350,NA,N,C,C,A,A,H,-,A,D,0,NA,NA,NA,NA,Y,NA,A,01,0,0,2,0,0,0,0,0,0,-,-,34.071929931640625,-118.13715362548828,LOS ANGELES,ALHAMBRA,-118.13714599609376,34.07163619995117
90965746,2019,2019-04-11,9530,2019-04-04,0545,015760,NA,4,3,9,1900,0,3,5,NA,2,002,ROSECRANS AVENUE,BROADWAY,0,NA,Y,A,-,N,NA,NA,NA,NA,NA,NA,NA,NA,NA,Y,3,0,1,2,A,-,09,21801,A,N,D,C,A,A,H,-,C,A,0,NA,NA,NA,NA,Y,NA,A,01,0,1,0,0,0,0,0,0,0,-,-,33.54072189331055,-118.16422271728516,LOS ANGELES,UNINCORPORATED,-118.27839660644533,33.901939392089844
90965749,2019,2019-04-11,9545,2019-04-05,1810,015589,NA,5,2,9,1900,0,3,5,NA,2,003,ANGELES FOREST HWY,JUNIPER RIDGE LN,1584,N,N,A,-,N,NA,NA,NA,NA,NA,NA,NA,NA,NA,Y,4,0,1,1,A,-,08,22107,NA,N,F,A,A,A,H,-,A,D,0,NA,NA,NA,NA,Y,NA,A,01,0,0,1,0,0,0,0,0,0,-,-,34.47705841064453,-118.11817169189452,LOS ANGELES,UNINCORPORATED,-118.11815643310548,34.47716522216797
90965761,2019,2019-04-11,9525,2019-04-05,1141,021980,NA,5,1,6,1955,0,1,3,NA,2,072,SR-71 N/B (CHINO VALLEY FWY),RIO RANCHO RD.,1056,S,N,A,-,Y,NA,NA,71,NA,NA,NA,NA,NA,N,Y,4,0,3,3,A,-,03,22350,NA,N,C,C,A,A,H,-,A,D,0,NA,NA,NA,NA,Y,NA,A,07,0,0,3,0,0,0,0,0,0,-,-,34.02901077270508,-117.75515747070313,LOS ANGELES,POMONA,-117.755126953125,34.02904510498047
90965771,2019,2019-04-11,9565,2019-04-01,1800,022153,NA,1,2,9,1900,0,3,5,NA,2,002,CENTURY BOULEVARD,BUDLONG AVENUE,50,W,N,A,-,N,NA,NA,NA,NA,NA,NA,NA,NA,NA,N,4,0,2,2,A,-,03,22350,NA,N,C,C,A,A,H,-,A,D,0,NA,NA,NA,NA,Y,NA,D,22,0,0,2,0,0,0,0,0,0,-,-,33.945430755615234,-118.29644012451172,LOS ANGELES,UNINCORPORATED,-118.29631805419922,33.945491790771484
90965776,2019,2019-04-11,9530,2019-04-03,2350,022051,NA,3,3,9,1900,0,3,5,NA,2,002,124TH STREET (E 1900 BLOCK),ANZAC AVENUE,50,W,N,A,-,N,NA,NA,NA,NA,NA,NA,NA,NA,NA,Y,3,0,1,2,A,-,01,23152,A,N,B,E,A,A,H,-,C,D,0,NA,NA,NA,NA,Y,Y,A,01,0,1,0,0,0,0,0,0,0,-,-,33.9197998046875,-118.23829650878906,LOS ANGELES,UNINCORPORATED,-118.23824310302734,33.919830322265625
90965805,2019,2019-04-11,9530,2019-04-04,1940,021493,NA,4,2,7,1942,0,1,1,NA,2,110,I-110 S/B (HARBOR FREEWAY),108TH ST.,300,S,N,B,-,Y,NA,NA,110,NA,NA,NA,NA,NA,S,Y,2,0,1,1,A,-,08,22107,NA,N,E,I,A,A,H,-,C,D,0,NA,NA,NA,NA,Y,NA,A,01,1,0,0,0,0,0,0,0,0,-,-,33.93640899658203,-118.28018951416016,LOS ANGELES,LOS ANGELES,-118.28022003173828,33.9364128112793
90965811,2019,2019-04-11,9545,2019-04-05,1425,020849,NA,5,2,9,1900,0,3,5,NA,2,004,AVENUE P,40TH ST  E,500,W,N,A,-,N,NA,NA,NA,NA,NA,NA,NA,NA,NA,Y,3,0,3,4,A,-,03,22350,NA,N,C,C,A,A,H,-,A,D,0,NA,NA,NA,NA,Y,NA,D,22,0,3,0,0,0,0,0,0,0,-,-,34.60205841064453,-118.06096649169922,LOS ANGELES,UNINCORPORATED,-118.06024169921876,34.60210418701172
90965812,2019,2019-04-11,9565,2019-04-01,0700,017060,NA,1,1,9,1900,0,1,1,NA,2,060,WESTERN AVE.,120TH ST.,0,NA,Y,A,-,N,NA,NA,NA,NA,NA,NA,NA,NA,NA,Y,3,0,1,2,D,-,00,NA,NA,N,D,C,A,A,H,-,A,A,0,NA,NA,NA,NA,Y,NA,-,-,0,1,0,0,0,0,0,0,0,-,-,33.92401123046875,-118.30909729003906,LOS ANGELES,UNINCORPORATED,-118.3090591430664,33.92403030395508
90965820,2019,2019-04-11,9565,2019-04-02,1600,021761,NA,2,2,5,1965,0,1,1,NA,2,081,I-10 W/B (SANTA MONICA FWY),LINCOLN BLVD,10,W,N,A,-,Y,NA,NA,10,NA,NA,NA,NA,NA,W,Y,4,0,3,2,A,-,03,22350,NA,N,C,C,A,A,H,-,A,D,0,NA,NA,NA,NA,Y,NA,A,01,0,0,3,0,0,0,0,0,0,-,-,34.01485824584961,-118.48596954345705,LOS ANGELES,SANTA MONICA,-118.4859619140625,34.014896392822266
90965834,2019,2019-04-11,9565,2019-04-02,1737,019540,NA,2,2,7,1942,0,1,1,NA,2,062,I-405 N/B (SAN DIEGO FREEWAY),NATIONAL BLVD,1000,S,N,A,-,Y,NA,NA,405,NA,NA,NA,NA,NA,N,Y,4,0,1,2,A,-,03,22350,NA,N,C,C,A,A,H,-,A,D,0,NA,NA,NA,NA,Y,NA,A,01,0,0,1,0,0,0,0,0,0,-,-,34.02434158325195,-118.42781829833984,LOS ANGELES,LOS ANGELES,-118.42788696289064,34.024288177490234
90965854,2019,2019-09-30,9545,2019-04-06,1115,019951,NA,6,1,9,1900,0,1,3,NA,1,042,SR-138,128TH STREET EAST,145,W,N,A,-,Y,NA,NA,138,NA,NA,NA,NA,NA,NA,Y,1,1,0,1,A,-,03,22350,NA,N,F,A,A,A,D,-,A,D,0,NA,NA,Y,NA,Y,NA,C,02,0,0,0,0,0,0,0,1,0,-,-,34.5064582824707,-117.90142822265624,LOS ANGELES,UNINCORPORATED,-117.90142822265624,34.506465911865234
90965856,2019,2019-04-11,9535,2019-03-31,0245,021538,NA,7,3,4,1907,0,1,1,NA,2,072,I-710 (LONG BEACH FREEWAY) N/B,FLORENCE AVE,350,S,N,A,-,Y,NA,NA,710,NA,NA,NA,NA,NA,N,N,4,0,2,2,A,-,08,22107,NA,N,C,C,A,A,C,-,C,D,0,NA,NA,NA,NA,Y,NA,A,01,0,0,2,0,0,0,0,0,0,-,-,33.96746063232422,-118.16780090332033,LOS ANGELES,BELL,-118.16781616210938,33.967464447021484
90965862,2019,2019-04-11,9565,2019-04-01,1505,021575,NA,1,2,7,1942,0,1,1,NA,2,062,I-405 NORTHBOUND (SAN DIEGO FREEWAY),PICO BOULEVARD,50,S,N,A,-,Y,NA,NA,405,NA,NA,NA,NA,NA,N,Y,3,0,1,2,A,-,08,22107,NA,N,B,C,A,A,H,-,A,D,0,NA,NA,NA,NA,Y,NA,A,07,0,1,0,0,0,0,0,0,0,-,-,34.03548812866211,-118.4377899169922,LOS ANGELES,LOS ANGELES,-118.43784332275392,34.035465240478516
90965872,2019,2019-04-11,9545,2019-04-06,1355,020849,NA,6,1,9,1900,0,3,5,NA,2,001,AVENUE G,90TH ST  W,0,NA,Y,A,-,N,NA,NA,NA,NA,NA,NA,NA,NA,NA,N,3,0,3,3,A,-,12,22450,A,N,D,C,A,A,H,-,A,D,0,NA,NA,NA,NA,Y,NA,A,01,0,3,0,0,0,0,0,0,0,-,-,34.7329216003418,-118.29029083251952,LOS ANGELES,UNINCORPORATED,-118.29013824462892,34.73286056518555
90965877,2019,2019-04-11,9580,2019-04-02,1040,020573,NA,2,1,7,1942,0,1,3,NA,2,171,SR-170 S/B (HOLLYWOOD FWY.),MAGNOLIA BLVD,100,N,N,A,-,Y,NA,NA,170,NA,NA,NA,NA,NA,S,Y,3,0,3,5,A,-,03,22350,NA,M,C,C,A,A,H,-,A,D,0,NA,NA,NA,NA,Y,NA,A,01,0,1,2,0,0,0,0,0,0,-,-,34.16518020629883,-118.38291168212892,LOS ANGELES,LOS ANGELES,-118.3829345703125,34.16516876220703
90965886,2019,2019-04-11,9565,2019-04-02,1935,022057,NA,2,2,4,1918,0,1,1,NA,2,061,I-405 NB (SANTA MONICA FREEWAY),WASHINGTON BLVD,200,N,N,A,-,Y,NA,NA,405,NA,NA,NA,NA,NA,N,N,4,0,1,3,A,-,03,22350,NA,N,C,C,A,A,H,-,B,D,0,NA,NA,NA,NA,Y,NA,A,07,0,0,1,0,0,0,0,0,0,-,-,34.007198333740234,-118.41409301757813,LOS ANGELES,CULVER CITY,-118.41425323486328,34.00707244873047
90965906,2019,2019-04-11,9545,2019-04-06,0155,021814,NA,6,3,9,1900,0,1,3,NA,2,031,SR-14 N/B,SANTIAGO ROAD,1056,N,N,A,-,Y,NA,NA,14,NA,NA,NA,NA,NA,N,Y,4,0,1,2,A,-,01,23152,A,N,C,C,A,A,H,-,C,A,0,NA,NA,NA,Y,Y,Y,A,01,0,0,1,0,0,0,0,0,0,-,-,34.48701858520508,-118.15997314453124,LOS ANGELES,UNINCORPORATED,-118.1599349975586,34.487083435058594
90965918,2019,2019-04-11,9535,2019-04-02,1830,019125,NA,2,2,5,1901,0,1,1,NA,2,420,I-10 (SAN BERNARDINO FREEWAY) E/B,FREMONT AVE,120,W,N,A,-,Y,NA,NA,10,NA,NA,NA,NA,NA,E,N,4,0,2,3,A,-,03,22350,NA,N,C,C,A,A,H,-,A,D,0,NA,NA,NA,NA,Y,NA,A,01,0,0,2,0,0,0,0,0,0,-,-,34.06806945800781,-118.15122985839844,LOS ANGELES,ALHAMBRA,-118.15126800537108,34.06814956665039
90965920,2019,2019-04-11,9535,2019-04-02,0545,022254,NA,2,3,9,1900,0,2,4,NA,2,022,OLYMPIC BLVD.,VANCOUVER AVE,0,NA,Y,A,-,N,NA,NA,NA,NA,NA,NA,NA,NA,NA,Y,4,0,1,2,A,-,12,21453,A,N,D,C,A,A,H,-,C,A,0,NA,NA,NA,NA,Y,NA,A,01,0,0,1,0,0,0,0,0,0,-,-,34.01679992675781,-118.16100311279295,LOS ANGELES,UNINCORPORATED,-118.1610107421875,34.01681900024414
90965930,2019,2019-04-11,9535,2019-04-02,1404,018138,NA,2,2,5,1901,0,1,1,NA,2,420,I-10 (SAN BERNARDINO FREEWAY) E/B,NEW AVE,2000,W,N,A,-,Y,NA,NA,10,NA,NA,NA,NA,NA,E,Y,3,0,2,2,A,-,03,22350,NA,N,E,I,A,A,H,-,A,D,0,NA,NA,NA,NA,Y,NA,A,01,0,1,1,0,0,0,0,0,0,-,-,34.07160949707031,-118.11337280273438,LOS ANGELES,ALHAMBRA,-118.11337280273438,34.07160949707031
90965959,2019,2019-04-11,9545,2019-04-07,1518,020849,NA,7,2,9,1900,0,3,5,NA,2,004,PALMDALE BLVD,130TH ST  E,300,E,N,A,-,N,NA,NA,NA,NA,NA,NA,NA,NA,NA,Y,3,0,2,2,A,-,08,22107,NA,N,D,C,A,A,H,-,A,D,0,NA,NA,NA,NA,Y,NA,A,01,0,2,0,0,0,0,0,0,0,-,-,34.579959869384766,-117.8974609375,LOS ANGELES,UNINCORPORATED,-117.89754486083984,34.58000183105469
90965967,2019,2019-04-11,9535,2019-04-02,0715,016175,NA,2,1,9,1900,0,2,4,NA,2,021,FORD BLVD,4TH ST,0,NA,Y,A,-,N,NA,NA,NA,NA,NA,NA,NA,NA,NA,Y,4,0,1,2,A,-,08,22103,NA,N,D,C,A,A,H,-,A,D,0,NA,NA,NA,NA,Y,NA,A,01,0,0,1,0,0,0,0,0,0,-,-,34.03144836425781,-118.16915893554688,LOS ANGELES,UNINCORPORATED,-118.16912841796876,34.03150177001953
90965982,2019,2019-04-11,9545,2019-04-09,1705,017495,NA,2,2,6,1950,0,1,3,NA,2,021,SR-14 S/B,AVENUE O,750,N,N,A,G,Y,NA,NA,NA,NA,NA,NA,NA,NA,NA,Y,4,0,1,3,A,-,03,22350,NA,N,C,C,A,A,H,-,A,D,0,NA,NA,NA,NA,Y,NA,I,12,0,0,1,0,0,0,0,0,0,-,-,34.61886978149414,-118.15335845947266,LOS ANGELES,PALMDALE,NA,NA
9096602,2020,2020-05-16,1942,2020-04-16,0700,27792,1613,4,5,7,1942,0,0,0,P,0,16A23,VAN NUYS BL,SPROULE AV,125,E,N,A,-,N,NA,NA,NA,NA,NA,NA,NA,NA,NA,Y,3,0,1,4,A,-,01,23152,A,N,A,E,A,A,H,-,A,A,0,NA,NA,NA,NA,Y,Y,A,01,0,1,0,0,0,0,0,0,0,-,-,NA,NA,LOS ANGELES,LOS ANGELES,-118.40570068359376,34.2780647277832
90966043,2019,2019-04-11,9535,2019-04-02,1730,019125,NA,2,2,4,1962,0,1,1,NA,2,400,I-10 (SAN BERNARDINO FREEWAY) E/B,JACKSON AVE PEDESTRIAN OVERCROSSING,250,E,N,A,-,Y,NA,NA,10,NA,NA,NA,NA,NA,E,N,4,0,2,4,A,-,04,21703,NA,N,C,C,A,A,H,-,A,D,0,NA,NA,NA,NA,Y,NA,A,01,0,0,2,0,0,0,0,0,0,-,-,34.07160186767578,-118.10285949707033,LOS ANGELES,SAN GABRIEL,-118.10285949707033,34.071685791015625
90966069,2019,2019-04-11,9565,2019-04-03,1435,020653,NA,3,2,9,1900,0,1,1,NA,2,063,I-405 S/B FROM WILSHIRE BLVD EB,WILSHIRE BLVD,100,S,N,A,-,Y,NA,NA,405,NA,NA,NA,R,NA,S,N,4,0,1,1,A,-,08,22107,NA,N,E,I,A,A,H,-,A,D,0,NA,NA,Y,NA,Y,NA,C,02,0,0,1,0,0,0,0,0,1,-,-,34.05398178100586,-118.4518814086914,LOS ANGELES,UNINCORPORATED,-118.4518814086914,34.05398178100586
90966074,2019,2019-04-11,9535,2019-04-02,1826,022261,NA,2,2,9,1900,0,1,3,NA,2,620,SR-60 E/B (POMONA FREEWAY),SANTA ANITA AVE,1056,W,N,A,-,Y,NA,NA,60,NA,NA,NA,NA,NA,E,N,4,0,2,2,A,-,03,22350,NA,N,C,C,A,A,H,-,A,D,0,NA,NA,NA,NA,Y,NA,A,01,0,0,2,0,0,0,0,0,0,-,-,34.04059982299805,-118.0569076538086,LOS ANGELES,UNINCORPORATED,-118.05692291259766,34.040523529052734
90966084,2019,2019-04-11,9530,2019-04-03,1620,021380,NA,3,2,9,1900,0,3,5,NA,2,003,ATLANTIC AVENUE (15200 BLOCK),ROSE ST.,160,N,N,A,-,N,NA,NA,NA,NA,NA,NA,NA,NA,NA,N,4,0,1,2,A,-,03,22350,NA,N,C,C,A,A,H,-,A,D,0,NA,NA,NA,NA,Y,NA,A,01,0,0,1,0,0,0,0,0,0,-,-,33.89474105834961,-118.19329833984376,LOS ANGELES,UNINCORPORATED,-118.19332885742188,33.894676208496094
90966114,2019,2019-04-11,9530,2019-04-04,1625,021642,NA,4,2,9,1900,0,1,3,NA,2,310,SR-91 E/B (ARTESIA FREEWAY),ALAMEDA ST.,420,W,N,B,-,Y,NA,NA,91,NA,NA,NA,NA,NA,E,N,4,0,1,2,A,-,03,22350,NA,N,C,C,A,A,H,-,A,D,0,NA,NA,NA,NA,Y,NA,A,01,0,0,1,0,0,0,0,0,0,-,-,33.87337875366211,-118.21827697753906,LOS ANGELES,UNINCORPORATED,-118.21827697753906,33.873435974121094
90966125,2019,2019-04-11,9525,2019-04-10,1045,021684,NA,3,1,9,1900,0,1,1,NA,2,105,I-10 W/B (SAN BERNARDINO FWY),VIA VERDE,300,W,N,A,-,Y,NA,NA,10,NA,NA,NA,NA,NA,W,Y,4,0,1,2,A,-,03,22350,NA,N,C,C,A,A,D,E,A,D,0,NA,NA,NA,NA,Y,NA,A,01,0,0,1,0,0,0,0,0,0,-,-,34.06892013549805,-117.8424835205078,LOS ANGELES,UNINCORPORATED,-117.8424835205078,34.06892395019531
90966134,2019,2019-04-11,9535,2019-04-04,1510,016423,NA,4,2,3,1914,0,1,1,NA,2,501,I-5 (SANTA ANA FREEWAY) S/B,ATLANTIC BLVD,200,N,N,A,-,Y,NA,NA,5,NA,NA,NA,NA,NA,S,N,4,0,1,2,A,-,04,21703,NA,N,C,C,A,A,H,-,A,D,0,NA,NA,NA,NA,Y,NA,A,07,0,0,1,0,0,0,0,0,0,-,-,34.00917053222656,-118.15926361083984,LOS ANGELES,COMMERCE,-118.1591796875,34.009246826171875
90966156,2019,2019-04-11,9530,2019-04-04,1450,021994,NA,4,2,9,1900,0,3,5,NA,2,002,CENTRAL AVENUE (BLOCK 12000),123RD STREET,125,N,N,A,-,N,NA,NA,NA,NA,NA,NA,NA,NA,NA,N,3,0,2,1,A,-,08,22107,NA,N,E,I,A,A,H,-,A,D,0,NA,NA,NA,NA,Y,NA,A,01,0,1,1,0,0,0,0,0,0,-,-,33.92076110839844,-118.25425720214844,LOS ANGELES,UNINCORPORATED,-118.2546157836914,33.92094421386719
90966179,2019,2019-04-11,9530,2019-04-05,2125,021871,NA,5,2,5,1977,0,1,1,NA,2,410,I-405 S/B (SAN DIEGO FREEWAY),ALAMEDA ST.,500,N,N,A,-,Y,NA,NA,405,NA,NA,NA,NA,NA,S,Y,4,0,4,2,A,-,03,22350,NA,N,C,C,A,A,H,-,D,D,0,NA,NA,NA,NA,Y,NA,A,07,0,0,4,0,0,0,0,0,0,-,-,33.82564926147461,-118.23341369628906,LOS ANGELES,CARSON,-118.23340606689452,33.82571792602539
90966203,2019,2019-04-11,9590,2019-04-01,1317,013435,NA,1,1,7,1942,0,1,1,NA,2,061,I-10 W/B (SANTA MONICA FREEWAY),FOURTH AVENUE,250,E,N,A,-,Y,NA,NA,NA,NA,NA,NA,NA,NA,NA,N,3,0,1,2,A,-,03,22350,NA,N,C,C,A,A,H,-,A,D,0,NA,NA,NA,NA,Y,NA,A,07,0,1,0,0,0,0,0,0,0,-,-,34.086299896240234,-118.32063293457033,LOS ANGELES,LOS ANGELES,-118.4128189086914,34.03137969970703
90966289,2019,2019-04-11,9590,2019-04-06,1525,021583,NA,6,2,7,1942,0,1,1,NA,2,060,I-10 E/B (SANTA MONICA FREEWAY),FAIRFAX AVENUE,100,W,N,A,-,Y,NA,NA,10,NA,NA,NA,NA,NA,E,N,4,0,1,2,A,-,03,22350,NA,N,C,C,A,A,H,-,A,D,0,NA,NA,NA,NA,Y,NA,A,01,0,0,1,0,0,0,0,0,0,-,-,34.035308837890625,-118.3701171875,LOS ANGELES,LOS ANGELES,-118.37012481689452,34.0352897644043
90966325,2019,2019-04-11,9590,2019-04-05,0510,016127,NA,5,3,7,1942,0,1,1,NA,2,061,I-10 W/B (SMF) WESTERN AVE COLLECTR RD,GRAMERCY PLACE,250,E,N,A,-,Y,NA,NA,10,NA,NA,NA,NA,NA,W,Y,4,0,1,2,A,-,07,21658,A,N,B,C,A,A,H,-,C,D,0,NA,NA,NA,NA,Y,NA,A,01,0,0,1,0,0,0,0,0,0,-,-,34.037071228027344,-118.31256866455078,LOS ANGELES,LOS ANGELES,-118.31257629394533,34.03723907470703
90966333,2019,2019-04-11,9535,2019-03-29,1647,022246,NA,5,2,6,1922,0,1,1,NA,2,401,I-10 (SAN BERNARDINO FREEWAY) W/B,SANTA ANITA AVE,1000,W,N,A,-,Y,NA,NA,10,NA,NA,NA,NA,NA,W,Y,3,0,2,4,A,-,03,22350,NA,N,C,C,A,A,H,-,A,D,0,NA,NA,NA,NA,Y,NA,A,01,0,1,1,0,0,0,0,0,0,-,-,34.06990051269531,-118.04640197753906,LOS ANGELES,EL MONTE,-118.04635620117188,34.06999588012695
90966335,2019,2019-04-11,9535,2019-03-30,1430,022142,NA,6,2,6,1922,0,1,1,NA,2,401,I-10 (SAN BERNARDINO FREEWAY) W/B,SANTA ANITA AVE.,1400,E,N,A,-,Y,NA,NA,10,NA,NA,NA,NA,NA,W,Y,4,0,3,5,A,-,03,22350,NA,N,C,C,A,A,H,-,A,D,0,NA,NA,NA,NA,Y,NA,A,08,0,0,3,0,0,0,0,0,0,-,-,34.068359375,-118.03730010986328,LOS ANGELES,EL MONTE,-118.0373077392578,34.068267822265625
90966354,2019,2019-04-12,9575,2019-03-22,1400,022110,NA,5,2,6,1953,0,1,1,NA,2,064,I-210 W/B (FOOTHILL FREEWAY),HILL AVENUE,400,W,N,A,-,Y,NA,NA,210,NA,NA,NA,NA,NA,W,N,3,0,2,3,A,-,03,22350,NA,F,C,C,A,A,H,-,A,D,0,NA,NA,NA,NA,Y,NA,-,99,0,1,1,0,0,0,0,0,0,-,-,34.15248107910156,-118.1227798461914,LOS ANGELES,PASADENA,-118.12277221679688,34.15241241455078
90966363,2019,2019-04-12,9590,2019-04-11,0830,021040,NA,4,1,7,1942,0,1,1,NA,2,010,I-5 N/B (GSF) FROM SR-110 N/B (ASP),RIVERSIDE DRIVE,700,S,N,A,-,Y,NA,NA,NA,NA,NA,NA,NA,NA,NA,N,4,0,3,3,A,-,03,22350,NA,N,C,C,A,A,H,-,A,D,0,NA,NA,NA,NA,Y,NA,D,22,0,0,3,0,0,0,0,0,0,-,-,34.07984924316406,-118.22721099853516,LOS ANGELES,LOS ANGELES,-118.24231719970705,34.09408950805664
90966373,2019,2019-04-12,9590,2019-04-08,0740,021771,NA,1,1,7,1942,0,1,2,NA,2,070,US-101 N/B (HOLLYWOOD FREEWAY),VERMONT AVENUE,400,S,N,A,-,Y,NA,NA,101,NA,NA,NA,NA,NA,N,Y,4,0,1,3,A,-,03,22350,NA,N,C,C,A,A,H,-,A,D,0,NA,NA,NA,NA,Y,NA,A,07,0,0,1,0,0,0,0,0,0,-,-,34.07820129394531,-118.28589630126952,LOS ANGELES,LOS ANGELES,-118.28589630126952,34.078208923339844
90966375,2019,2019-04-12,9575,2019-03-07,2005,019976,NA,4,2,6,1953,0,1,1,NA,2,065,I-210 E/B (FOOTHILL FREEWAY),MADRE ST.,2000,E,N,B,-,Y,NA,NA,210,NA,NA,NA,NA,NA,E,Y,3,0,1,4,A,-,03,22350,NA,F,C,C,A,A,H,-,D,D,0,NA,NA,NA,NA,Y,NA,-,99,0,1,0,0,0,0,0,0,0,-,-,34.147701263427734,-118.07720184326172,LOS ANGELES,PASADENA,-118.07720184326172,34.14768600463867
90966379,2019,2019-04-12,9575,2019-04-05,2350,021744,NA,5,3,6,1925,0,1,1,NA,2,050,COLORADO ST EXT. (W/B),SAN FERNANDO RD.,300,E,N,A,-,Y,NA,NA,NA,NA,NA,NA,NA,NA,NA,Y,3,0,3,1,A,-,08,22107,NA,N,E,I,A,A,H,-,C,D,0,NA,NA,NA,NA,Y,NA,A,01,0,3,0,0,0,0,0,0,0,-,-,34.141971588134766,-118.2681121826172,LOS ANGELES,GLENDALE,-118.26862335205078,34.14252853393555
90966392,2019,2019-04-12,9590,2019-04-11,0434,021245,NA,4,3,7,1942,0,1,1,NA,2,064,I-10 E/B (SMF),HOOPER AVE.,300,W,N,A,-,Y,NA,NA,10,NA,NA,NA,NA,NA,E,Y,2,0,1,1,A,-,08,22107,NA,N,E,I,A,A,H,-,C,D,0,NA,NA,NA,NA,Y,NA,A,01,1,0,0,0,0,0,0,0,0,-,-,34.024078369140625,-118.24575042724608,LOS ANGELES,LOS ANGELES,-118.24576568603516,34.02403259277344