CASE_ID,ACCIDENT_YEAR,PROC_DATE,JURIS,COLLISION_DATE,COLLISION_TIME,OFFICER_ID,REPORTING_DISTRICT,DAY_OF_WEEK,CHP_SHIFT,POPULATION,CNTY_CITY_LOC,SPECIAL_COND,BEAT_TYPE,CHP_BEAT_TYPE,CITY_DIVISION_LAPD,CHP_BEAT_CLASS,BEAT_NUMBER,PRIMARY_RD,SECONDARY_RD,DISTANCE,DIRECTION,INTERSECTION,WEATHER_1,WEATHER_2,STATE_HWY_IND,CALTRANS_COUNTY,CALTRANS_DISTRICT,STATE_ROUTE,ROUTE_SUFFIX,POSTMILE_PREFIX,POSTMILE,LOCATION_TYPE,RAMP_INTERSECTION,SIDE_OF_HWY,TOW_AWAY,COLLISION_SEVERITY,NUMBER_KILLED,NUMBER_INJURED,PARTY_COUNT,PRIMARY_COLL_FACTOR,PCF_CODE_OF_VIOL,PCF_VIOL_CATEGORY,PCF_VIOLATION,PCF_VIOL_SUBSECTION,HIT_AND_RUN,TYPE_OF_COLLISION,MVIW,PED_ACTION,ROAD_SURFACE,ROAD_COND_1,ROAD_COND_2,LIGHTING,CONTROL_DEVICE,CHP_ROAD_TYPE,PEDESTRIAN_ACCIDENT,BICYCLE_ACCIDENT,MOTORCYCLE_ACCIDENT,TRUCK_ACCIDENT,NOT_PRIVATE_PROPERTY,ALCOHOL_INVOLVED,STWD_VEHTYPE_AT_FAULT,CHP_VEHTYPE_AT_FAULT,COUNT_SEVERE_INJ,COUNT_VISIBLE_INJ,COUNT_COMPLAINT_PAIN,COUNT_PED_KILLED,COUNT_PED_INJURED,COUNT_BICYCLIST_KILLED,COUNT_BICYCLIST_INJURED,COUNT_MC_KILLED,COUNT_MC_INJURED,PRIMARY_RAMP,SECONDARY_RAMP,LATITUDE,LONGITUDE,COUNTY,CITY,POINT_X,POINT_Y
90968034,2019,2019-04-15,9580,2019-04-09,1600,021627,NA,2,2,7,1942,0,1,1,NA,2,404,I-405 N/B (SAN DIEGO FWY),MULHOLLAND DR,790,N,N,A,-,Y,NA,NA,405,NA,NA,NA,NA,NA,N,Y,2,0,1,2,A,-,07,21658,A,N,C,C,A,A,H,-,A,D,0,NA,NA,Y,NA,Y,NA,A,07,1,0,0,0,0,0,0,0,1,-,-,34.1285400390625,-118.47412109375,LOS ANGELES,LOS ANGELES,-118.47405242919922,34.12851333618164
90968035,2019,2019-04-15,9580,2019-04-04,0935,014675,NA,4,1,9,1900,0,3,5,NA,1,010,MUREAU ROAD,MOUNTAIN VIEW DRIVE,400,E,N,B,-,N,NA,NA,NA,NA,NA,NA,NA,NA,NA,Y,4,0,1,2,A,-,03,22350,NA,N,C,C,A,A,H,-,A,D,0,NA,NA,NA,Y,Y,NA,A,01,0,0,1,0,0,0,0,0,0,-,-,34.15161895751953,-118.67841339111328,LOS ANGELES,UNINCORPORATED,-118.67882537841795,34.15190505981445
90968040,2019,2019-04-15,9580,2019-04-09,1020,020400,NA,2,1,7,1942,0,1,1,NA,2,407,I-405 S/B (SAN DIEGO FWY),NORDHOFF ST,1500,N,N,A,-,Y,NA,NA,405,NA,NA,NA,NA,NA,S,Y,4,0,1,1,A,-,03,22350,NA,N,F,A,A,A,H,-,A,D,0,NA,NA,Y,NA,Y,NA,C,02,0,0,1,0,0,0,0,0,1,-,-,34.23910140991211,-118.47325134277344,LOS ANGELES,LOS ANGELES,-118.47314453125,34.239097595214844
9096805,2020,2020-07-30,1953,2020-02-26,0725,3301,1953,3,5,6,1953,0,0,0,NA,0,002,MOUNTAIN ST,HUDSON AV,0,NA,Y,A,-,N,NA,NA,NA,NA,NA,NA,NA,NA,NA,Y,4,0,1,2,A,-,08,22107,NA,N,B,E,A,A,H,-,A,D,0,NA,NA,NA,NA,Y,NA,A,01,0,0,1,0,0,0,0,0,0,-,-,NA,NA,LOS ANGELES,PASADENA,-118.1339874267578,34.16156005859375
90968061,2019,2019-04-15,9590,2019-04-01,0133,021998,NA,1,3,7,1942,0,1,1,NA,2,062,I-10 E/B (SANTA MONICA FREEWAY),HOOVER ST.,100,W,N,A,-,Y,NA,NA,10,NA,NA,NA,NA,NA,E,N,4,0,1,2,A,-,03,22350,NA,F,C,C,A,A,H,-,C,D,0,NA,NA,NA,NA,Y,NA,-,99,0,0,1,0,0,0,0,0,0,-,-,34.036529541015625,-118.28466796875,LOS ANGELES,LOS ANGELES,-118.28472900390624,34.03693389892578
90968072,2019,2019-04-15,9550,2019-04-03,1220,022260,NA,3,1,6,1949,0,1,1,NA,2,651,I-605 S/B,ROSECRANS AVE,200,S,N,A,-,Y,NA,NA,605,NA,NA,NA,NA,NA,S,Y,3,0,1,2,A,-,03,22350,NA,N,F,A,A,A,H,-,A,D,0,NA,NA,Y,NA,Y,NA,C,02,0,1,0,0,0,0,0,0,1,-,-,33.90129089355469,-118.10533905029295,LOS ANGELES,NORWALK,-118.10532379150392,33.90129089355469
90968091,2019,2019-04-15,9525,2019-04-05,1735,019491,NA,5,2,1,1934,0,1,1,NA,2,651,I-605 S/B (SAN GABRIEL RIVER FWY),LOWER AZUSA ROAD,1000,N,N,B,-,Y,NA,NA,605,NA,NA,NA,NA,NA,S,Y,3,0,1,2,A,-,03,22350,NA,N,C,C,A,A,H,-,A,D,0,NA,NA,Y,NA,Y,NA,C,02,0,1,0,0,0,0,0,0,1,-,-,34.09572982788086,-117.98696899414064,LOS ANGELES,IRWINDALE,-117.98698425292967,34.095741271972656
90968095,2019,2019-04-15,9550,2019-04-09,1850,020709,NA,2,2,7,1941,0,1,1,NA,2,653,I-605 S/B TO CARSON ST.,CARSON ST.,700,S,N,A,-,Y,NA,NA,605,NA,NA,NA,R,NA,S,Y,4,0,1,2,A,-,03,22350,NA,N,C,C,A,A,H,-,B,D,0,NA,NA,NA,NA,Y,NA,A,01,0,0,1,0,0,0,0,0,0,-,-,33.82931900024414,-118.08273315429688,LOS ANGELES,LONG BEACH,-118.08273315429688,33.82931900024414
90968096,2019,2019-05-20,9550,2019-04-08,1810,020948,NA,1,2,9,1900,0,2,4,NA,1,052,COLIMA ROAD,OTTERBEIN AVENUE,400,E,N,A,-,N,NA,NA,NA,NA,NA,NA,NA,NA,NA,N,4,0,1,2,A,-,09,21804,A,N,A,C,A,A,H,-,A,D,0,NA,NA,NA,NA,Y,NA,A,01,0,0,1,0,0,0,0,0,0,-,-,33.98722839355469,-117.88343811035156,LOS ANGELES,UNINCORPORATED,-117.8835678100586,33.98717498779297
90968120,2019,2019-04-15,9525,2019-04-06,0530,019291,NA,6,3,1,1934,0,1,1,NA,2,652,I-605 N/B (SAN GABRIEL RIVER FWY),I-210,2640,S,N,A,-,Y,NA,NA,605,NA,NA,NA,NA,NA,N,N,4,0,1,2,A,-,03,22350,NA,F,C,C,A,A,H,-,C,D,0,NA,NA,NA,NA,Y,NA,A,01,0,0,1,0,0,0,0,0,0,-,-,34.124908447265625,-117.96556854248048,LOS ANGELES,IRWINDALE,-117.96553802490234,34.1248779296875
90968121,2019,2019-04-15,9550,2019-04-09,1623,020948,NA,2,2,5,1919,0,1,1,NA,2,652,INTERSTATE 605 N/B,183RD STREET,100,N,N,A,-,Y,NA,NA,605,NA,NA,NA,NA,NA,N,Y,4,0,1,3,A,-,03,22350,NA,N,C,C,A,A,H,-,A,D,0,NA,NA,NA,NA,Y,NA,A,01,0,0,1,0,0,0,0,0,0,-,-,33.87329864501953,-118.10124206542967,LOS ANGELES,CERRITOS,-118.10123443603516,33.8733024597168
90968126,2019,2019-04-15,9550,2019-04-06,0400,022210,NA,6,3,9,1900,0,3,5,NA,2,001,TURNBULL CANYON ROAD W/B,ROSE HILLS FIRE RD. 2,1000,E,N,B,-,N,NA,NA,NA,NA,NA,NA,NA,NA,NA,Y,3,0,1,1,A,-,01,23152,A,N,E,I,A,A,H,-,B,D,0,NA,NA,NA,NA,Y,Y,A,01,0,1,0,0,0,0,0,0,0,-,-,33.994598388671875,-118.00946044921876,LOS ANGELES,UNINCORPORATED,NA,NA
90968128,2019,2019-04-15,9550,2019-04-04,1940,020551,NA,4,2,6,1949,0,1,1,NA,2,652,I-605 SOUTHBOUND,ALONDRA BLVD,100,N,N,A,-,Y,NA,NA,605,NA,NA,NA,NA,NA,S,Y,4,0,2,3,A,-,03,22350,NA,N,C,C,A,A,H,-,C,D,0,NA,NA,NA,NA,Y,NA,A,07,0,0,2,0,0,0,0,0,0,-,-,33.888240814208984,-118.10465240478516,LOS ANGELES,NORWALK,-118.10459136962892,33.88824462890625
90968158,2019,2019-04-15,9590,2019-04-07,0050,022160,NA,7,3,7,1942,0,1,1,NA,2,050,I-110 N/B (HAF),67TH ST.,240,S,N,A,-,Y,NA,NA,110,NA,NA,NA,NA,NA,N,N,4,0,1,2,A,-,07,21658,A,F,C,C,A,A,H,-,C,D,0,NA,NA,NA,NA,Y,NA,-,99,0,0,1,0,0,0,0,0,0,-,-,33.978248596191406,-118.28066253662108,LOS ANGELES,LOS ANGELES,-118.28072357177734,33.978248596191406
90968189,2019,2019-04-15,9550,2019-04-06,1055,022237,NA,6,1,9,1900,0,1,1,NA,2,650,INTERSTATE 605 S/B FROM WASHINGTON BLVD,SLAUSON AVENUE,1056,N,N,A,-,Y,NA,NA,605,NA,NA,NA,R,NA,S,N,3,0,1,2,A,-,03,22350,NA,N,C,C,A,A,H,-,A,D,0,NA,NA,NA,NA,Y,NA,A,01,0,1,0,0,0,0,0,0,0,-,-,33.97032165527344,-118.0820083618164,LOS ANGELES,UNINCORPORATED,-118.0820083618164,33.97032165527344
90968195,2019,2019-04-15,9535,2019-04-05,0800,022142,NA,5,1,9,1900,0,2,4,NA,2,014,CESAR E. CHAVEZ AVE.,DANGLER AVE.,0,NA,Y,A,-,N,NA,NA,NA,NA,NA,NA,NA,NA,NA,Y,4,0,1,2,A,-,17,21451,A,N,D,C,A,A,H,-,A,A,0,NA,NA,NA,NA,Y,NA,A,01,0,0,1,0,0,0,0,0,0,-,-,34.040618896484375,-118.1648178100586,LOS ANGELES,UNINCORPORATED,-118.16484832763672,34.04059982299805
90968199,2019,2019-04-15,9535,2019-04-03,1906,022243,NA,3,2,5,1947,0,1,3,NA,2,620,SR-60 E/B TO PARAMOUNT BLVD.,PARAMOUNT  BLVD,265,W,N,A,-,Y,NA,NA,60,NA,NA,NA,R,NA,E,Y,4,0,2,1,A,-,08,22107,NA,N,E,I,A,A,H,-,B,D,0,NA,NA,NA,NA,Y,NA,A,01,0,0,2,0,0,0,0,0,0,-,-,34.03633117675781,-118.09259796142578,LOS ANGELES,MONTEBELLO,-118.09259796142578,34.03633117675781
90968201,2019,2019-04-15,9525,2019-03-24,0745,021250,NA,7,1,9,1900,0,2,4,NA,2,045,VALLEY BLVD. (13000 BLOCK),TEMPLE AVE,75,E,N,A,-,N,NA,NA,NA,NA,NA,NA,NA,NA,NA,Y,4,0,1,2,A,-,09,21804,A,F,B,C,A,A,H,-,A,D,0,NA,NA,NA,NA,Y,NA,A,01,0,0,1,0,0,0,0,0,0,-,-,34.052879333496094,-118.00183868408205,LOS ANGELES,UNINCORPORATED,-117.81222534179688,34.0485954284668
90968212,2019,2019-04-17,9535,2019-04-03,0245,022253,NA,3,3,5,1952,0,1,1,NA,2,075,I-710 S/B TO I-105 E/B,GARFIELD AVE.,2212,W,N,A,-,Y,NA,NA,NA,NA,NA,NA,NA,NA,NA,Y,3,0,1,1,A,-,01,23152,A,N,E,I,A,A,H,-,D,D,0,NA,NA,NA,NA,Y,Y,A,07,0,1,0,0,0,0,0,0,0,-,-,33.91083908081055,-118.17587280273438,LOS ANGELES,PARAMOUNT,NA,NA
90968215,2019,2019-04-16,9550,2019-04-10,0545,019179,NA,3,3,6,1920,0,1,1,NA,2,500,INTERSTATE 5 SOUTHBOUND,INTERSTATE 605 (SAN GABRIEL RIVER FREEWA,2640,N,N,A,-,Y,NA,NA,5,NA,NA,NA,NA,NA,S,Y,3,0,1,2,A,-,07,21658,A,N,F,A,A,A,H,-,D,D,0,NA,NA,Y,NA,Y,NA,A,07,0,1,0,0,0,0,0,0,1,-,-,33.95170974731445,-118.10382080078124,LOS ANGELES,DOWNEY,-118.10384368896484,33.951690673828125
90968216,2019,2019-05-16,9550,2019-04-10,0435,019518,NA,3,3,9,1900,0,2,4,NA,1,051,NOGALES STREET,SR-60 W/B TO NOGALES ST.,0,NA,Y,A,-,N,NA,NA,NA,NA,NA,NA,NA,NA,NA,Y,4,0,1,2,A,-,12,21453,A,N,D,C,A,A,H,-,C,A,0,NA,NA,NA,NA,Y,NA,A,01,0,0,1,0,0,0,0,0,0,-,-,33.99528121948242,-117.88841247558594,LOS ANGELES,UNINCORPORATED,-117.888515,33.99535
90968219,2019,2019-04-16,9550,2019-04-07,1658,021274,NA,7,2,7,1941,0,1,1,NA,2,653,I-605 S/B TO WILLOW ST.,WILLOW STREET,1250,N,N,A,-,Y,NA,NA,605,NA,NA,NA,R,NA,S,Y,4,0,1,1,A,-,01,23152,A,N,E,I,A,A,H,-,A,D,0,NA,NA,NA,NA,Y,Y,A,01,0,0,1,0,0,0,0,0,0,-,-,33.806678771972656,-118.0820083618164,LOS ANGELES,LONG BEACH,-118.0820083618164,33.806678771972656
9096822,2020,2020-07-31,1942,2020-05-10,1055,40611,13A47,7,5,7,1942,0,0,0,M,0,13A27,VERNON AV,LIMA ST,90,W,N,A,-,N,NA,NA,NA,NA,NA,NA,NA,NA,NA,N,3,0,1,2,A,-,09,21804,A,F,B,B,E,A,H,-,A,D,0,Y,NA,NA,NA,Y,NA,A,01,0,1,0,0,1,0,0,0,0,-,-,NA,NA,LOS ANGELES,LOS ANGELES,-118.24688720703124,34.0039176940918
90968308,2019,2019-04-16,9535,2019-04-07,1905,022172,NA,7,2,9,1900,0,3,5,NA,2,001,BLANCHARD ST. (3700 BLOCK),GAGE AVE,100,E,N,A,-,N,NA,NA,NA,NA,NA,NA,NA,NA,NA,Y,3,0,1,2,A,-,21,22106,NA,N,H,C,A,A,H,-,C,D,0,NA,NA,NA,NA,Y,NA,A,08,0,1,0,0,0,0,0,0,0,-,-,34.046199798583984,-118.18460083007813,LOS ANGELES,UNINCORPORATED,-118.1843719482422,34.046138763427734
90968318,2019,2019-04-16,9530,2019-03-14,0855,021380,NA,4,1,9,1900,0,3,5,NA,2,001,MARY AVENUE (8600 BLOCK),FIRESTONE BLVD.,5,S,N,A,-,N,NA,NA,NA,NA,NA,NA,NA,NA,NA,N,4,0,1,2,A,-,10,21950,A,F,G,B,B,A,H,-,A,D,0,Y,NA,NA,NA,Y,NA,-,99,0,0,1,0,1,0,0,0,0,-,-,33.96004867553711,-118.24976348876952,LOS ANGELES,UNINCORPORATED,-118.24974822998048,33.960147857666016
90968361,2019,2019-04-16,9530,2019-04-06,1625,021689,NA,6,2,5,1943,0,1,1,NA,2,210,I-105 W/B (GLENN ANDERSON FWY),ALAMEDA ST.,450,E,N,A,-,Y,NA,NA,105,NA,NA,NA,NA,NA,W,Y,2,0,1,3,A,-,03,22350,NA,N,C,C,A,A,H,-,A,D,0,NA,NA,NA,NA,Y,NA,A,07,1,0,0,0,0,0,0,0,0,-,-,33.929508209228516,-118.22403717041016,LOS ANGELES,LYNWOOD,-118.22405242919922,33.92979431152344
9096838,2020,2020-08-05,1942,2020-06-08,2250,41396,0991,1,5,7,1942,0,0,0,I,0,9A89,VALLEY VISTA BL,VAN NUYS BL,375,W,N,A,-,N,NA,NA,NA,NA,NA,NA,NA,NA,NA,Y,3,0,2,3,A,-,01,23152,A,N,A,C,A,A,H,-,C,D,0,NA,NA,NA,NA,Y,Y,A,01,0,2,0,0,0,0,0,0,0,-,-,NA,NA,LOS ANGELES,LOS ANGELES,-118.45091247558594,34.147125244140625
90968383,2019,2019-04-16,9530,2019-03-19,0945,014654,NA,2,1,7,1941,0,1,1,NA,2,430,I-405 N/B (SAN DIEGO FREEWAY),WOODRUFF AVE.,450,S,N,B,-,Y,NA,NA,NA,NA,NA,NA,NA,NA,NA,N,4,0,1,3,A,-,03,22350,NA,N,C,C,A,A,H,-,A,D,0,NA,NA,NA,NA,Y,NA,A,07,0,0,1,0,0,0,0,0,0,-,-,33.48114013671875,-118.64507293701172,LOS ANGELES,LONG BEACH,-118.11351776123048,33.80121994018555
90968402,2019,2019-07-24,9590,2019-04-02,2240,022006,NA,2,3,7,1942,0,1,1,NA,2,084,I-5 N/B (GOLDEN STATE FREEWAY),COLORADO ST.,350,S,N,A,-,Y,NA,NA,5,NA,NA,NA,NA,NA,N,Y,4,0,3,3,A,-,03,22350,NA,N,C,C,A,A,H,-,C,D,0,NA,NA,NA,NA,Y,NA,A,01,0,0,3,0,0,0,0,0,0,-,-,34.139869689941406,-118.27722930908205,LOS ANGELES,LOS ANGELES,-118.27716064453124,34.139896392822266
90968408,2019,2019-04-16,9530,2019-03-20,1200,014654,NA,3,1,7,1941,0,1,1,NA,2,420,I-405 N/B (SAN DIEGO FREEWAY),ORANGE AVE.,100,N,N,B,-,Y,NA,NA,NA,NA,NA,NA,NA,NA,NA,Y,4,0,1,3,A,-,03,22350,NA,N,C,C,A,A,H,-,A,D,0,NA,NA,NA,NA,Y,NA,A,07,0,0,1,0,0,0,0,0,0,-,-,33.485191345214844,-118.10401153564452,LOS ANGELES,LONG BEACH,-118.17665863037108,33.81441879272461
90968411,2019,2019-04-16,9530,2019-04-07,1200,019338,NA,7,1,5,1943,0,1,1,NA,2,210,I-105 E/B (GLENN ANDERSON FWY),LONG BEACH BLVD.,2112,W,N,A,-,Y,NA,NA,105,NA,NA,NA,NA,NA,E,N,4,0,3,2,A,-,03,22350,NA,N,C,C,A,A,H,-,A,D,0,NA,NA,NA,NA,Y,NA,A,08,0,0,3,0,0,0,0,0,0,-,-,33.927940368652344,-118.21710205078124,LOS ANGELES,LYNWOOD,-118.21712493896484,33.92787551879883
90968445,2019,2019-04-16,9545,2019-04-08,2135,019414,NA,1,2,9,1900,0,3,5,NA,1,005,AVENUE O,165TH ST  E,60,W,N,A,-,N,NA,NA,NA,NA,NA,NA,NA,NA,NA,Y,4,0,2,3,A,-,03,22350,NA,N,C,C,A,A,H,-,C,D,0,NA,NA,NA,NA,Y,NA,A,07,0,0,2,0,0,0,0,0,0,-,-,34.616451263427734,-117.83583068847656,LOS ANGELES,UNINCORPORATED,-117.83596801757813,34.61648941040039
90968447,2019,2019-04-16,9530,2019-04-07,0615,019338,NA,7,1,9,1900,0,1,1,NA,2,120,I-110 S/B (HARBOR FREEWAY),SEPULVEDA BLVD.,40,S,N,A,-,Y,NA,NA,110,NA,NA,NA,NA,NA,S,Y,3,0,1,1,A,-,08,22107,NA,N,E,I,A,A,H,-,A,D,0,NA,NA,NA,NA,Y,NA,A,07,0,1,0,0,0,0,0,0,0,-,-,33.80902099609375,-118.28759765625,LOS ANGELES,UNINCORPORATED,-118.28771209716795,33.809043884277344
90968478,2019,2019-04-16,9535,2019-04-04,0015,022250,NA,4,3,5,1948,0,1,1,NA,2,074,I-710 N/B TO I-10 E/B,RAMONA BLVD,366,N,N,A,-,Y,NA,NA,710,NA,NA,NA,R,NA,N,Y,4,0,1,1,A,-,03,22350,NA,N,E,I,A,A,H,-,C,D,0,NA,NA,NA,NA,Y,NA,A,01,0,0,1,0,0,0,0,0,0,-,-,34.0609016418457,-118.16429901123048,LOS ANGELES,MONTEREY PARK,-118.16429901123048,34.0609016418457
90968489,2019,2019-04-16,9545,2019-04-09,1705,018550,NA,2,2,9,1900,0,1,3,NA,2,021,SR-14 S/B,10TH ST WEST,177,S,N,A,-,Y,NA,NA,NA,NA,NA,NA,NA,NA,NA,N,4,0,1,2,A,-,04,21703,NA,N,C,C,A,A,H,-,A,D,0,NA,NA,NA,NA,Y,NA,A,01,0,0,1,0,0,0,0,0,0,-,-,34.60478973388672,-118.1470184326172,LOS ANGELES,UNINCORPORATED,NA,NA
90968534,2019,2019-04-16,9535,2019-04-08,1210,022245,NA,1,1,3,1914,0,1,1,NA,2,072,I-710 (LONG BEACH FREEWAY) N/B,WASHINGTON BLVD,1056,N,N,A,-,Y,NA,NA,710,NA,NA,NA,NA,NA,N,N,4,0,2,2,A,-,03,22350,NA,N,C,C,A,A,H,-,A,D,0,NA,NA,NA,NA,Y,NA,D,22,0,0,2,0,0,0,0,0,0,-,-,34.01060104370117,-118.1720962524414,LOS ANGELES,COMMERCE,-118.17225646972656,34.010597229003906
90968546,2019,2019-04-16,9530,2019-03-27,0800,020816,NA,3,1,9,1900,0,3,5,NA,2,001,92ND ST (2200 BLOCK),KALMIA ST.,0,NA,N,A,-,N,NA,NA,NA,NA,NA,NA,NA,NA,NA,N,4,0,1,2,A,-,09,21804,A,N,D,G,A,A,H,-,A,D,0,NA,Y,NA,NA,Y,NA,D,22,0,0,1,0,0,0,1,0,0,-,-,33.95338821411133,-118.23120880126952,LOS ANGELES,UNINCORPORATED,-118.23175048828124,33.953269958496094
90968548,2019,2019-04-16,9550,2019-04-11,0845,022180,NA,4,1,3,1903,0,1,3,NA,2,092,SR-91 E/B (ARTESIA FWY),I-605,800,E,N,A,-,Y,NA,NA,91,NA,NA,NA,NA,NA,E,Y,3,0,1,2,A,-,03,22350,NA,N,C,C,A,A,H,-,A,D,0,NA,NA,NA,NA,Y,NA,A,01,0,1,0,0,0,0,0,0,0,-,-,33.876319885253906,-118.08896636962892,LOS ANGELES,ARTESIA,-118.08897399902344,33.87643051147461
90968551,2019,2019-04-16,9535,2019-04-08,0710,016915,NA,1,1,6,1922,0,1,1,NA,2,401,I-10 W/B (SAN BERNARDINO FREEWAY),I-605,35,W,N,A,-,Y,NA,NA,NA,NA,NA,NA,NA,NA,NA,Y,4,0,1,2,A,-,03,22350,NA,N,C,C,A,A,H,-,A,D,0,NA,NA,NA,Y,Y,NA,A,01,0,0,1,0,0,0,0,0,0,-,-,34.06520080566406,-118.00050354003906,LOS ANGELES,EL MONTE,NA,NA
90968561,2019,2019-04-16,9550,2019-04-05,0845,022268,NA,5,1,5,1919,0,1,1,NA,2,652,I-605 S/B,CARSON STREET,1500,N,N,A,-,Y,NA,NA,NA,NA,NA,NA,NA,NA,NA,Y,3,0,1,2,A,-,08,22107,NA,N,B,C,A,A,H,-,A,D,0,NA,NA,Y,NA,Y,NA,A,07,0,1,0,0,0,0,0,0,1,-,-,33.83705139160156,-118.08756256103516,LOS ANGELES,CERRITOS,-118.0863800048828,33.83522415161133
90968580,2019,2019-04-16,9550,2019-04-11,1610,016761,NA,4,2,9,1900,0,3,5,NA,2,005,WALNUT DRIVE SOUTH,FAIRWAY DRIVE,100,W,N,B,-,N,NA,NA,NA,NA,NA,NA,NA,NA,NA,Y,4,0,3,1,A,-,08,22107,NA,N,E,I,A,A,H,-,A,D,0,NA,NA,NA,NA,Y,NA,A,07,0,0,3,0,0,0,0,0,0,-,-,33.992828369140625,-117.87035369873048,LOS ANGELES,UNINCORPORATED,-117.8702392578125,33.99287033081055
90968595,2019,2019-09-11,9550,2019-04-11,1520,018271,NA,4,2,9,1900,0,1,1,NA,2,650,INTERSTATE 605 (SAN GABRIEL RIVER FREEW,PECK ROAD,500,S,N,A,-,Y,NA,NA,605,NA,NA,NA,NA,NA,NA,Y,4,0,3,2,A,-,07,21658,A,N,B,C,A,A,H,-,A,D,0,NA,NA,NA,NA,Y,NA,A,01,0,0,3,0,0,0,0,0,0,-,-,34.01504898071289,-118.05549621582033,LOS ANGELES,UNINCORPORATED,-118.05552673339844,34.01506423950195
90968600,2019,2019-04-16,9530,2019-04-07,1123,020080,NA,7,1,9,1900,0,3,5,NA,2,003,ROSECRANS AVE (4400 BLOCK),ATLANTIC AVE.,9,E,N,A,-,N,NA,NA,NA,NA,NA,NA,NA,NA,NA,Y,4,0,2,3,A,-,10,21950,A,N,G,B,B,A,H,-,A,A,0,Y,NA,NA,NA,Y,NA,A,07,0,0,2,0,2,0,0,0,0,-,-,33.90346908569336,-118.19412994384766,LOS ANGELES,UNINCORPORATED,-118.19390869140624,33.90357208251953
9096861,2020,2020-07-31,1906,2020-01-10,1910,4434,NA,5,5,5,1906,0,0,0,NA,0,002,OLIVE ST,LA RICA AV,63,E,N,A,-,N,NA,NA,NA,NA,NA,NA,NA,NA,NA,N,3,0,2,2,A,-,09,21802,A,N,D,C,A,A,H,-,C,A,0,NA,NA,NA,NA,Y,NA,A,01,0,2,0,0,0,0,0,0,0,-,-,NA,NA,LOS ANGELES,BALDWIN PARK,-117.9668426513672,34.099483489990234
90968614,2019,2019-04-16,9565,2019-04-04,1815,021892,NA,4,2,9,1900,0,3,5,NA,2,002,93RD ST,VERMONT AVE,100,W,N,B,-,N,NA,NA,NA,NA,NA,NA,NA,NA,NA,Y,4,0,1,2,A,-,09,21804,A,N,A,C,A,A,H,-,A,D,0,NA,NA,NA,NA,Y,NA,A,07,0,0,1,0,0,0,0,0,0,-,-,33.95220947265625,-118.2922134399414,LOS ANGELES,UNINCORPORATED,-118.29222106933594,33.9521598815918
90968628,2019,2019-04-16,9590,2019-04-09,1445,021912,NA,2,2,7,1942,0,1,1,NA,2,051,I-110 S/B (HAF) FROM 37TH ST.,37TH ST.,650,S,N,A,-,Y,NA,NA,110,NA,NA,NA,R,NA,S,Y,4,0,1,2,A,-,03,22350,NA,N,C,C,A,A,H,-,A,D,0,NA,NA,Y,NA,Y,NA,C,02,0,0,1,0,0,0,0,0,1,-,-,34.015869140625,-118.2812728881836,LOS ANGELES,LOS ANGELES,-118.2812728881836,34.015869140625
90968636,2019,2019-04-16,9550,2019-04-12,1230,015746,NA,5,1,9,1900,0,3,5,NA,2,004,PUNTA DEL ESTE DRIVE,GARONA DRIVE,0,NA,Y,A,-,N,NA,NA,NA,NA,NA,NA,NA,NA,NA,N,4,0,3,2,A,-,09,21801,A,N,D,C,A,A,H,-,A,D,0,NA,NA,NA,NA,Y,NA,A,07,0,0,3,0,0,0,0,0,0,-,-,33.984901428222656,-117.95379638671876,LOS ANGELES,UNINCORPORATED,-117.95379638671876,33.98487854003906
90968645,2019,2019-04-16,9530,2019-04-08,0345,022030,NA,1,3,7,1942,0,1,1,NA,2,110,NB I-110 TO ROSECRANS AVE,ROSECRANS AVE.,528,S,N,A,-,Y,NA,NA,110,NA,NA,NA,R,NA,NA,Y,4,0,1,1,A,-,01,23152,A,N,E,I,A,A,H,-,D,D,0,NA,NA,NA,NA,Y,Y,A,07,0,0,1,0,0,0,0,0,0,-,-,33.899959564208984,-118.28595733642578,LOS ANGELES,LOS ANGELES,-118.28595733642578,33.899959564208984
90968651,2019,2019-04-16,9550,2019-04-12,1105,022239,NA,5,1,5,1976,0,1,1,NA,2,650,S/B I-605 (SAN GABRIEL RIVER FREEWAY),OBREGON STREET,110,S,N,A,-,Y,NA,NA,605,NA,NA,NA,NA,NA,NA,N,4,0,1,2,A,-,03,22350,NA,N,C,C,A,A,H,-,A,D,0,NA,NA,NA,Y,Y,NA,G,25,0,0,1,0,0,0,0,0,0,-,-,33.999168395996094,-118.0679931640625,LOS ANGELES,WHITTIER,-118.06793975830078,33.9991569519043
90968675,2019,2019-04-17,9545,2019-04-09,0910,022265,NA,2,1,9,1900,0,1,3,NA,2,031,SR-14 S/B,CROWN VALLEY ROAD,590,S,N,A,-,Y,NA,NA,14,NA,NA,NA,NA,NA,S,Y,4,0,5,3,A,-,03,22350,NA,N,C,C,A,A,H,-,A,D,0,NA,NA,NA,Y,Y,NA,F,78,0,0,5,0,0,0,0,0,0,-,-,34.4915885925293,-118.20057678222656,LOS ANGELES,UNINCORPORATED,-118.20057678222656,34.4915771484375