CASE_ID,ACCIDENT_YEAR,PROC_DATE,JURIS,COLLISION_DATE,COLLISION_TIME,OFFICER_ID,REPORTING_DISTRICT,DAY_OF_WEEK,CHP_SHIFT,POPULATION,CNTY_CITY_LOC,SPECIAL_COND,BEAT_TYPE,CHP_BEAT_TYPE,CITY_DIVISION_LAPD,CHP_BEAT_CLASS,BEAT_NUMBER,PRIMARY_RD,SECONDARY_RD,DISTANCE,DIRECTION,INTERSECTION,WEATHER_1,WEATHER_2,STATE_HWY_IND,CALTRANS_COUNTY,CALTRANS_DISTRICT,STATE_ROUTE,ROUTE_SUFFIX,POSTMILE_PREFIX,POSTMILE,LOCATION_TYPE,RAMP_INTERSECTION,SIDE_OF_HWY,TOW_AWAY,COLLISION_SEVERITY,NUMBER_KILLED,NUMBER_INJURED,PARTY_COUNT,PRIMARY_COLL_FACTOR,PCF_CODE_OF_VIOL,PCF_VIOL_CATEGORY,PCF_VIOLATION,PCF_VIOL_SUBSECTION,HIT_AND_RUN,TYPE_OF_COLLISION,MVIW,PED_ACTION,ROAD_SURFACE,ROAD_COND_1,ROAD_COND_2,LIGHTING,CONTROL_DEVICE,CHP_ROAD_TYPE,PEDESTRIAN_ACCIDENT,BICYCLE_ACCIDENT,MOTORCYCLE_ACCIDENT,TRUCK_ACCIDENT,NOT_PRIVATE_PROPERTY,ALCOHOL_INVOLVED,STWD_VEHTYPE_AT_FAULT,CHP_VEHTYPE_AT_FAULT,COUNT_SEVERE_INJ,COUNT_VISIBLE_INJ,COUNT_COMPLAINT_PAIN,COUNT_PED_KILLED,COUNT_PED_INJURED,COUNT_BICYCLIST_KILLED,COUNT_BICYCLIST_INJURED,COUNT_MC_KILLED,COUNT_MC_INJURED,PRIMARY_RAMP,SECONDARY_RAMP,LATITUDE,LONGITUDE,COUNTY,CITY,POINT_X,POINT_Y
90968683,2019,2019-04-17,9535,2019-02-09,1720,022195,NA,6,2,3,1968,0,1,3,NA,2,621,SR-60 (POMONA FREEWAY) W/B,SANTA ANITA AVE. WEST EDGE,54,E,N,A,-,Y,NA,NA,60,NA,NA,NA,NA,NA,W,N,4,0,5,5,A,-,03,22350,NA,M,C,C,A,A,H,-,D,D,0,NA,NA,NA,NA,Y,NA,A,01,0,0,5,0,0,0,0,0,0,-,-,34.039798736572266,-118.05140686035156,LOS ANGELES,SOUTH EL MONTE,-118.05141448974608,34.039794921875
90968712,2019,2019-04-16,9565,2019-04-07,1620,022153,NA,7,2,9,1900,0,3,5,NA,2,002,112TH STREET,DENKER AVE,65,E,N,A,-,N,NA,NA,NA,NA,NA,NA,NA,NA,NA,Y,4,0,2,2,A,-,08,22107,NA,N,B,E,A,A,H,-,A,D,0,NA,NA,NA,NA,Y,NA,A,01,0,0,2,0,0,0,0,0,0,-,-,33.93257141113281,-118.30455017089844,LOS ANGELES,UNINCORPORATED,-118.30449676513672,33.93257141113281
90968724,2019,2019-04-16,9575,2019-04-12,1655,020291,NA,5,2,6,1925,0,1,3,NA,2,042,SR-134 W/B (VENTURA FREEWAY),CENTRAL AVE,200,W,N,A,-,Y,NA,NA,134,NA,NA,NA,NA,NA,W,Y,4,0,1,1,A,-,08,22107,NA,N,E,I,A,A,H,-,A,D,0,NA,NA,NA,NA,Y,NA,A,01,0,0,1,0,0,0,0,0,0,-,-,34.1563606262207,-118.25882720947266,LOS ANGELES,GLENDALE,-118.25882720947266,34.15644836425781
90968735,2019,2019-04-16,9550,2019-04-10,0905,022239,NA,3,1,7,1941,0,1,3,NA,2,090,SR-91 E/B,CHERRY AVENUE,1000,W,N,A,-,Y,NA,NA,91,NA,NA,NA,NA,NA,E,N,4,0,1,3,A,-,03,22350,NA,N,C,C,A,A,H,-,A,D,0,NA,NA,NA,NA,Y,NA,A,07,0,0,1,0,0,0,0,0,0,-,-,33.876651763916016,-118.17204284667967,LOS ANGELES,LONG BEACH,-118.17202758789064,33.876705169677734
90968736,2019,2019-04-16,9535,2019-04-09,1538,019125,NA,2,2,9,1900,0,1,1,NA,2,651,I-605 (SAN GABRIEL RIVER FREEWAY) S/B,VALLEY BLVD,1584,S,N,A,G,Y,NA,NA,605,NA,NA,NA,NA,NA,S,Y,4,0,2,3,A,-,03,22350,NA,N,C,C,A,A,H,-,A,D,0,NA,NA,NA,NA,Y,NA,D,22,0,0,2,0,0,0,0,0,0,-,-,34.04920959472656,-118.00739288330078,LOS ANGELES,UNINCORPORATED,-118.00730895996094,34.04916763305664
90968740,2019,2019-04-16,9535,2019-04-04,1455,020943,NA,4,2,5,1948,0,1,3,NA,2,620,SR-60 (POMONA FREEWAY) E/B,GREENWOOD AVE.,1000,E,N,B,-,Y,NA,NA,60,NA,NA,NA,NA,NA,E,Y,4,0,1,2,A,-,03,22350,NA,N,B,C,A,A,H,-,A,D,0,NA,NA,NA,NA,Y,NA,A,01,0,0,1,0,0,0,0,0,0,-,-,34.03485870361328,-118.10465240478516,LOS ANGELES,MONTEREY PARK,-118.10466003417967,34.034908294677734
90968755,2019,2019-04-16,9530,2019-04-04,1720,021792,NA,4,2,5,1943,0,1,1,NA,2,210,I-105 W/B (GLENN ANDERSON FWY),LONG BEACH BOULEVARD,2640,E,N,A,-,Y,NA,NA,105,NA,NA,NA,NA,NA,W,Y,3,0,1,2,D,-,00,NA,NA,N,F,A,A,A,H,-,A,D,0,NA,NA,Y,NA,Y,NA,-,-,0,1,0,0,0,0,0,0,1,-,-,33.92251968383789,-118.20420837402344,LOS ANGELES,LYNWOOD,-118.20419311523438,33.92256546020508
90968756,2019,2019-04-16,9545,2019-04-11,0851,019951,NA,4,1,9,1900,0,1,3,NA,2,031,SR-14 S/B,WARD ROAD,300,N,N,A,-,Y,NA,NA,14,NA,NA,NA,NA,NA,S,Y,4,0,3,3,A,-,03,22350,NA,N,C,C,A,A,H,-,A,D,0,NA,NA,NA,NA,Y,NA,A,01,0,0,3,0,0,0,0,0,0,-,-,34.500579833984375,-118.2272720336914,LOS ANGELES,UNINCORPORATED,-118.22726440429688,34.50059509277344
90968761,2019,2019-04-16,9530,2019-04-07,1200,021076,NA,7,1,7,1942,0,1,1,NA,2,200,I-105 W/B (GLENN ANDERSON FWY),I-110,100,W,N,A,-,Y,NA,NA,105,NA,NA,NA,NA,NA,W,Y,4,0,1,3,A,-,08,22107,NA,N,B,C,A,A,H,-,A,D,0,NA,NA,NA,NA,Y,NA,A,01,0,0,1,0,0,0,0,0,0,-,-,33.928951263427734,-118.28341674804688,LOS ANGELES,LOS ANGELES,-118.28341674804688,33.92888259887695
90968764,2019,2019-04-16,9565,2019-04-07,0525,022117,NA,7,3,7,1942,0,1,1,NA,2,061,I-405 S/B (SAN DIEGO FREEWAY),HOWARD HUGHES PARKWAY,335,N,N,A,-,Y,NA,NA,405,NA,NA,NA,NA,NA,S,Y,4,0,1,1,A,-,08,22107,NA,N,E,I,A,A,H,-,C,D,0,NA,NA,NA,NA,Y,NA,A,07,0,0,1,0,0,0,0,0,0,-,-,33.976051330566406,-118.38614654541016,LOS ANGELES,LOS ANGELES,-118.38617706298828,33.97599411010742
9096877,2020,2020-07-28,1928,2020-01-06,1431,50411,527,1,5,5,1928,0,0,0,NA,0,504,ROSECRANS AV,AVIATION BL,70,E,N,A,-,N,NA,NA,NA,NA,NA,NA,NA,NA,NA,Y,4,0,1,2,A,-,03,22350,NA,N,C,C,A,A,H,-,A,A,0,NA,NA,NA,NA,Y,NA,A,01,0,0,1,0,0,0,0,0,0,-,-,33.90187072753906,-118.37872314453124,LOS ANGELES,HAWTHORNE,-118.37850189208984,33.90190887451172
90968822,2019,2019-04-16,9590,2019-04-09,1950,021535,NA,2,2,7,1942,0,1,1,NA,2,082,I-5 N/B (GOLDEN STATE FREEWAY),MAIN STREET,700,S,N,A,G,Y,NA,NA,5,NA,NA,NA,NA,NA,N,N,4,0,1,2,A,-,01,23152,F,N,B,C,A,A,H,-,D,D,0,NA,NA,NA,NA,Y,NA,A,01,0,0,1,0,0,0,0,0,0,-,-,34.06401824951172,-118.21598815917967,LOS ANGELES,LOS ANGELES,-118.21600341796876,34.06401824951172
90968824,2019,2019-04-16,9575,2019-04-05,1305,020119,NA,5,1,6,1953,0,1,1,NA,2,065,I-210 E/B (FOOTHILL FREEWAY),MADRE ST.,1056,W,N,A,-,Y,NA,NA,210,NA,NA,NA,NA,NA,E,N,4,0,1,2,A,-,03,22350,NA,M,C,C,A,A,H,-,A,D,0,NA,NA,NA,NA,Y,NA,-,99,0,0,1,0,0,0,0,0,0,-,-,34.1522102355957,-118.09282684326172,LOS ANGELES,PASADENA,-118.09285736083984,34.15208435058594
90968871,2019,2019-04-16,9550,2019-04-10,1725,021100,NA,3,2,5,1935,0,1,3,NA,2,090,SR-91 E/B,DOWNEY AVENUE,900,W,N,A,-,Y,NA,NA,NA,NA,NA,NA,NA,NA,NA,Y,4,0,2,3,A,-,03,22350,NA,N,C,C,A,A,H,-,A,D,0,NA,NA,NA,NA,Y,NA,A,01,0,0,2,0,0,0,0,0,0,-,-,33.876930236816406,-118.15467834472656,LOS ANGELES,LAKEWOOD,-118.15426635742188,33.87691116333008
90968884,2019,2019-04-16,9535,2019-04-04,1205,022245,NA,4,1,5,1959,0,1,1,NA,2,401,I-10 (SAN BERNARDINO FREEWAY) W/B,SR-164 (ROSEMEAD BLVD),528,E,N,A,-,Y,NA,NA,NA,NA,NA,NA,NA,NA,NA,Y,3,0,1,2,A,-,00,22017,NA,N,C,C,A,A,H,-,A,D,0,NA,NA,NA,NA,Y,NA,A,01,0,1,0,0,0,0,0,0,0,-,-,34.0723991394043,-119.06929779052734,LOS ANGELES,ROSEMEAD,NA,NA
90968892,2019,2019-04-16,9535,2019-03-02,1215,020851,NA,6,1,9,1900,0,1,1,NA,2,651,I-605 (SAN GABRIEL RIVER FREEWAY) S/B,SR-60,3600,N,N,B,C,Y,NA,NA,605,NA,NA,NA,NA,NA,S,Y,4,0,1,5,A,-,03,22350,NA,N,C,C,A,B,H,-,A,D,0,NA,NA,NA,NA,Y,NA,D,22,0,0,1,0,0,0,0,0,0,-,-,34.03982925415039,-118.01817321777344,LOS ANGELES,UNINCORPORATED,-118.01816558837892,34.039817810058594
90968893,2019,2019-04-16,9535,2019-04-02,2110,022246,NA,2,2,9,1900,0,2,4,NA,2,014,CESAR E CHAVEZ AVE,MARIANNA AVE,0,NA,Y,A,-,N,NA,NA,NA,NA,NA,NA,NA,NA,NA,N,4,0,1,2,A,-,09,21801,A,N,A,C,A,A,H,-,C,A,0,NA,NA,NA,NA,Y,NA,A,07,0,0,1,0,0,0,0,0,0,-,-,34.04050064086914,-118.17569732666016,LOS ANGELES,UNINCORPORATED,-118.1757583618164,34.04056167602539
90968915,2019,2019-04-16,9535,2019-04-05,0740,022223,NA,5,1,5,1901,0,1,1,NA,2,071,I-710 S/B (LONG BEACH FREEWAY),VALLEY BLVD,157,S,N,A,-,Y,NA,NA,710,NA,NA,NA,NA,NA,S,Y,4,0,1,2,A,-,07,21658,A,N,B,C,A,A,H,-,A,D,0,NA,NA,Y,NA,Y,NA,A,08,0,0,1,0,0,0,0,0,1,-,-,34.07434844970703,-118.1614990234375,LOS ANGELES,ALHAMBRA,-118.16155242919922,34.0743408203125
90968919,2019,2019-04-16,9550,2019-04-12,1325,016109,NA,5,1,9,1900,0,2,4,NA,1,042,COLIMA ROAD,ALLENTON AVENUE,0,NA,Y,A,-,N,NA,NA,NA,NA,NA,NA,NA,NA,NA,Y,4,0,6,2,A,-,09,21801,A,N,A,C,A,A,H,-,A,A,0,NA,NA,NA,NA,Y,NA,A,01,0,0,6,0,0,0,0,0,0,-,-,33.981109619140625,-117.96591949462892,LOS ANGELES,UNINCORPORATED,-117.9663314819336,33.9810905456543
9096892,2020,2020-11-12,1976,2020-04-07,1050,525,NA,2,5,5,1976,0,0,0,NA,0,002,WHITTIER BL,SORENSEN AV,0,NA,Y,C,-,Y,LA,7,72,-,-,5.266,I,5,N,Y,3,0,3,3,A,-,09,21801,A,N,A,C,A,B,D,-,A,A,0,NA,NA,NA,NA,Y,NA,A,07,0,2,1,0,0,0,0,0,0,-,-,NA,NA,LOS ANGELES,WHITTIER,-118.05062103271484,33.98089599609375
90968946,2019,2019-04-16,9550,2019-04-08,1515,020551,NA,1,2,3,1964,0,1,1,NA,2,500,I-5 NORTHBOUND,FLORENCE AVE.,500,S,N,A,-,Y,NA,NA,5,NA,NA,NA,NA,NA,N,Y,4,0,1,3,A,-,08,22107,NA,N,C,C,A,A,H,-,A,D,0,NA,NA,NA,NA,Y,NA,A,01,0,0,1,0,0,0,0,0,0,-,-,33.93785858154297,-118.09423065185548,LOS ANGELES,SANTA FE SPRINGS,-118.09429931640624,33.93781661987305
90968971,2019,2019-04-17,9565,2019-04-04,1025,022145,NA,4,1,9,1900,0,3,5,NA,2,002,112TH ST,NORMANDIE AVE,192,E,N,B,-,N,NA,NA,NA,NA,NA,NA,NA,NA,NA,Y,3,0,4,2,A,-,09,21804,A,N,A,C,A,A,H,-,A,D,0,NA,NA,NA,NA,Y,NA,A,01,0,1,3,0,0,0,0,0,0,-,-,33.932830810546875,-118.2995834350586,LOS ANGELES,UNINCORPORATED,-118.29967498779295,33.932804107666016
90968976,2019,2019-04-17,9565,2019-04-05,1823,020209,NA,5,2,7,1942,0,1,1,NA,2,062,I-405 S/B (SAN DIEGO FREEWAY),NATIONAL BLVD,1000,N,N,A,-,Y,NA,NA,405,NA,NA,NA,NA,NA,S,Y,4,0,1,2,A,-,03,22350,NA,N,C,C,A,A,H,-,C,D,0,NA,NA,NA,NA,Y,NA,A,01,0,0,1,0,0,0,0,0,0,-,-,34.02762985229492,-118.43087005615234,LOS ANGELES,LOS ANGELES,-118.43083190917967,34.02766036987305
90969000,2019,2019-04-17,9565,2019-04-07,0840,021694,NA,7,1,7,1942,0,1,1,NA,2,064,I-405 N/B,SKIRBALL CENTER DR,1000,S,N,A,-,Y,NA,NA,405,NA,NA,NA,NA,NA,N,Y,4,0,1,2,A,-,08,22107,NA,N,B,C,A,A,H,-,A,D,0,NA,NA,NA,NA,Y,NA,A,01,0,0,1,0,0,0,0,0,0,-,-,34.120628356933594,-118.47994995117188,LOS ANGELES,LOS ANGELES,-118.4800033569336,34.120670318603516
90969001,2019,2019-04-17,9565,2019-04-06,1935,021775,NA,6,2,7,1942,0,1,1,NA,2,064,I-405 N/B (SAN DIEGO FREEWAY),BEL AIR CREST RD,1895,S,N,A,-,Y,NA,NA,405,NA,NA,NA,NA,NA,N,N,4,0,2,1,A,-,08,22107,NA,N,F,A,A,A,H,-,C,D,0,NA,NA,Y,NA,Y,NA,C,02,0,0,2,0,0,0,0,0,2,-,-,34.10602951049805,-118.47836303710938,LOS ANGELES,LOS ANGELES,-118.47833251953124,34.106048583984375
90969021,2019,2019-04-17,9565,2019-04-07,0830,022145,NA,7,1,5,1928,0,1,1,NA,2,060,I-405 NB (SAN DIEGO FREEWAY),ROSECRANS AVE,210,N,N,B,-,Y,NA,NA,405,NA,NA,NA,NA,NA,N,Y,3,0,5,3,A,-,03,22350,NA,N,C,C,A,A,H,-,A,D,0,NA,NA,NA,NA,Y,NA,A,01,0,3,2,0,0,0,0,0,0,-,-,33.9025993347168,-118.3703384399414,LOS ANGELES,HAWTHORNE,-118.37030029296876,33.9025993347168
90969051,2019,2019-04-17,9530,2019-04-06,1516,021642,NA,6,2,9,1900,0,1,1,NA,2,120,I-110 S/B (HARBOR FREEWAY),190TH ST.,560,S,N,A,-,Y,NA,NA,110,NA,NA,NA,NA,NA,S,Y,4,0,1,3,A,-,06,21755,NA,N,B,C,A,A,H,-,A,D,0,NA,NA,NA,NA,Y,NA,A,07,0,0,1,0,0,0,0,0,0,-,-,33.85953903198242,-118.28500366210938,LOS ANGELES,UNINCORPORATED,-118.28491973876952,33.859554290771484
90969061,2019,2019-04-17,9590,2019-04-12,0720,018997,NA,5,1,7,1942,0,1,1,NA,2,061,I-10 W/B (SANTA MONICA FREEWAY),GRAMMERCY PL.,175,W,N,A,-,Y,NA,NA,10,NA,NA,NA,NA,NA,W,Y,4,0,1,2,A,-,03,22350,NA,N,C,C,A,A,H,-,A,A,0,NA,NA,Y,NA,Y,NA,C,02,0,0,1,0,0,0,0,0,1,-,-,34.037139892578125,-118.313720703125,LOS ANGELES,LOS ANGELES,-118.313720703125,34.03718566894531
90969075,2019,2019-04-17,9565,2019-04-05,1223,015587,NA,5,1,7,1942,0,1,1,NA,2,083,I-10 W/B (SANTA MONICA FREEWAY),BAGLEY AVE,267,W,N,A,-,Y,NA,NA,10,NA,NA,NA,NA,NA,W,Y,3,0,1,3,A,-,03,22350,NA,N,C,C,A,A,H,-,A,D,0,NA,NA,NA,NA,Y,NA,A,01,0,1,0,0,0,0,0,0,0,-,-,34.02941131591797,-118.39798736572266,LOS ANGELES,LOS ANGELES,-118.39800262451172,34.029293060302734
90969104,2019,2019-04-17,9530,2019-04-08,0642,021016,NA,1,1,9,1900,0,1,1,NA,2,110,I-110 S/B (HARBOR FREEWAY),117TH ST.,100,N,N,A,-,Y,NA,NA,NA,NA,NA,NA,NA,NA,NA,Y,3,0,1,3,A,-,07,21658,A,F,B,C,A,A,H,-,A,D,0,NA,NA,NA,NA,Y,NA,-,99,0,1,0,0,0,0,0,0,0,-,-,33.92770004272461,-118.28140258789064,LOS ANGELES,UNINCORPORATED,NA,NA
90969106,2019,2019-04-17,9540,2019-04-09,2105,021802,NA,2,2,9,1900,0,1,1,NA,2,508,I-5 N/B (GOLDEN STATE FREEWAY),HASLEY CANYON RD,1584,N,N,A,G,Y,NA,NA,5,NA,NA,NA,NA,NA,N,Y,4,0,2,3,A,-,03,22350,NA,N,C,C,A,A,D,E,D,D,0,NA,NA,NA,NA,Y,NA,D,22,0,0,2,0,0,0,0,0,0,-,-,34.46015930175781,-118.61511993408205,LOS ANGELES,UNINCORPORATED,-118.61524200439452,34.460182189941406
90969108,2019,2019-04-17,9535,2019-04-10,0730,016175,NA,3,1,3,1914,0,1,1,NA,2,501,I-5 (SANTA ANA FREEWAY) S/B,WASHINGTON BLVD,3168,N,N,A,-,Y,NA,NA,5,NA,NA,NA,NA,NA,S,N,4,0,1,2,A,-,03,22350,NA,N,C,C,A,A,H,-,A,D,0,NA,NA,NA,NA,Y,NA,A,01,0,0,1,0,0,0,0,0,0,-,-,34.00215148925781,-118.1507568359375,LOS ANGELES,COMMERCE,-118.15080261230467,34.002105712890625
90969124,2019,2019-04-17,9540,2019-04-08,2050,021869,NA,1,2,9,1900,0,2,4,NA,2,010,THE OLD RD.,EDISON RD.,235,N,N,A,-,N,NA,NA,NA,NA,NA,NA,NA,NA,NA,Y,2,0,1,1,A,-,01,23152,A,N,E,I,A,A,H,-,D,D,0,NA,NA,NA,NA,Y,Y,A,01,1,0,0,0,0,0,0,0,0,-,-,34.33871078491211,-118.51477813720705,LOS ANGELES,UNINCORPORATED,-118.5315,34.347095
90969133,2019,2019-04-17,9550,2019-04-06,2130,022139,NA,6,2,6,1920,0,1,3,NA,2,092,SR-91 WESTBOUND,I-605,1900,E,N,A,-,Y,NA,NA,NA,NA,NA,NA,NA,NA,NA,Y,4,0,1,4,A,-,03,22350,NA,N,C,C,A,A,H,-,C,D,0,NA,NA,NA,NA,Y,NA,A,01,0,0,1,0,0,0,0,0,0,-,-,33.876678466796875,-118.1091537475586,LOS ANGELES,DOWNEY,NA,NA
90969143,2019,2019-04-17,9540,2019-04-08,2315,021370,NA,1,3,9,1900,0,1,1,NA,2,507,I-5 S/B (GOLDEN STATE FREEWAY),VALENCIA BLVD,528,S,N,B,-,Y,NA,NA,5,NA,NA,NA,NA,NA,S,Y,4,0,1,3,A,-,03,22350,NA,N,C,C,A,A,D,-,D,D,0,NA,NA,NA,Y,Y,NA,A,01,0,0,1,0,0,0,0,0,0,-,-,34.406768798828125,-118.57578277587892,LOS ANGELES,UNINCORPORATED,-118.57578277587892,34.406768798828125
90969144,2019,2019-04-17,9530,2019-04-08,1605,020935,NA,1,2,9,1900,0,3,5,NA,2,002,ALONDRA BLVD.,AVALON BLVD.,0,NA,Y,A,-,N,NA,NA,NA,NA,NA,NA,NA,NA,NA,Y,4,0,1,3,A,-,12,21453,A,N,D,C,A,A,H,-,A,A,0,NA,NA,NA,Y,Y,NA,A,01,0,0,1,0,0,0,0,0,0,-,-,33.8861083984375,-118.26534271240234,LOS ANGELES,UNINCORPORATED,-118.26544189453124,33.88610076904297
90969146,2019,2019-04-17,9530,2019-04-08,0102,021123,NA,1,3,9,1900,0,3,5,NA,2,001,SANTA FE AVE. (7600 BLOCK),FLOWER ST.,17,S,N,A,-,N,NA,NA,NA,NA,NA,NA,NA,NA,NA,Y,3,0,1,1,A,-,01,23152,A,N,E,I,A,A,H,-,C,D,0,NA,NA,NA,NA,Y,Y,A,01,0,1,0,0,0,0,0,0,0,-,-,33.971229553222656,-118.23017120361328,LOS ANGELES,UNINCORPORATED,-118.23026275634766,33.9713249206543
90969159,2019,2019-04-17,9550,2019-04-09,0645,013729,NA,2,1,9,1900,1,3,5,NA,2,005,NOGALES ST (N/B),SR-60,25,N,N,A,-,N,NA,NA,NA,NA,NA,NA,NA,NA,NA,Y,3,0,1,2,A,-,07,21658,A,N,B,A,A,A,H,-,A,D,0,NA,NA,NA,NA,Y,NA,A,01,0,1,0,0,0,0,0,0,0,-,-,33.99610137939453,-117.88813018798828,LOS ANGELES,UNINCORPORATED,-117.88863372802734,33.9941291809082
90969161,2019,2019-04-17,9545,2019-04-11,0418,020244,NA,4,3,6,1950,0,1,3,NA,2,021,SR 14 N/B,TECHNOLOGY DR,200,S,N,A,-,Y,NA,NA,14,NA,NA,NA,NA,NA,N,Y,4,0,1,1,A,-,08,22107,NA,N,E,J,A,A,H,-,D,D,0,NA,NA,NA,Y,Y,NA,F,26,0,0,1,0,0,0,0,0,0,-,-,34.59394073486328,-118.13424682617188,LOS ANGELES,PALMDALE,-118.13428497314452,34.593929290771484
90969211,2019,2019-04-17,9590,2019-04-14,1405,021757,NA,7,2,7,1942,0,1,1,NA,2,052,I-110 N/B (HARBOR FREEWAY),PICO BLVD,100,N,N,A,-,Y,NA,NA,110,NA,NA,NA,NA,NA,N,N,4,0,1,2,A,-,03,22350,NA,N,C,C,A,A,H,-,A,D,0,NA,NA,NA,NA,Y,NA,A,01,0,0,1,0,0,0,0,0,0,-,-,34.043209075927734,-118.27266693115234,LOS ANGELES,LOS ANGELES,-118.27255249023438,34.04313278198242
90969275,2019,2019-04-17,9550,2019-04-14,0835,022222,NA,7,1,5,1969,0,1,1,NA,2,151,I-105 EASTBOUND,PARAMOUNT BOULEVARD,980,W,N,B,-,Y,NA,NA,105,NA,NA,NA,NA,NA,E,N,4,0,2,2,A,-,08,22107,NA,N,C,C,A,A,H,-,A,D,0,NA,NA,NA,NA,Y,NA,A,07,0,0,2,0,0,0,0,0,0,-,-,33.91135025024414,-118.16320037841795,LOS ANGELES,SOUTH GATE,-118.16321563720705,33.91149139404297
9096928,2020,2020-11-12,1976,2020-04-20,1512,451,1976,1,5,5,1976,0,0,0,NA,0,002,WHITTIER BL,SORENSEN AV,0,NA,Y,A,-,Y,LA,7,72,-,-,5.266,I,5,N,N,4,0,1,2,A,-,12,21453,A,N,D,C,A,A,D,E,A,A,0,NA,NA,NA,NA,Y,NA,A,01,0,0,1,0,0,0,0,0,0,-,-,NA,NA,LOS ANGELES,WHITTIER,-118.05062103271484,33.98089599609375
90969288,2019,2019-04-17,9550,2019-04-16,1750,020974,NA,2,2,5,1976,0,1,1,NA,2,650,I-605 S/B,WHITTIER BOULEVARD,300,N,N,A,-,Y,NA,NA,605,NA,NA,NA,NA,NA,S,N,4,0,1,2,A,-,03,22350,NA,N,C,C,A,A,H,-,A,D,0,NA,NA,NA,NA,Y,NA,A,07,0,0,1,0,0,0,0,0,0,-,-,33.99428939819336,-118.0690689086914,LOS ANGELES,WHITTIER,-118.0691375732422,33.99430465698242
90969312,2019,2019-04-17,9540,2019-04-10,1720,021845,NA,3,2,7,1942,0,1,1,NA,1,502,I-5 N/B (GOLDEN STATE FREEWAY,ROXFORD ST,1584,N,N,A,-,Y,NA,NA,5,NA,NA,NA,NA,NA,N,Y,4,0,2,2,A,-,03,22350,NA,N,C,C,A,A,H,-,A,D,0,NA,NA,NA,NA,Y,NA,A,01,0,0,2,0,0,0,0,0,0,-,-,34.307071685791016,-118.48300933837892,LOS ANGELES,LOS ANGELES,-118.48304748535156,34.307029724121094
90969326,2019,2019-04-17,9535,2019-03-22,1650,020033,NA,5,2,9,1900,0,2,4,NA,2,014,CESAR E. CHAVEZ AVE. (3600 BLOCK),EASTMAN AVE,74,W,N,A,-,N,NA,NA,NA,NA,NA,NA,NA,NA,NA,N,4,0,1,2,A,-,08,22107,NA,N,B,C,A,A,H,-,A,D,0,NA,NA,Y,NA,Y,NA,C,02,0,0,1,0,0,0,0,0,1,-,-,34.04045104980469,-118.18618774414064,LOS ANGELES,UNINCORPORATED,-118.18611145019533,34.04051971435547
90969334,2019,2019-04-17,9535,2019-04-10,1057,017954,NA,3,1,5,1901,0,1,1,NA,2,421,I-10 W/B FROM ATLANTIC BLVD. S/B,ATLANTIC BLVD.,175,W,N,A,-,Y,NA,NA,10,NA,NA,NA,R,NA,W,N,4,0,1,2,A,-,03,22350,NA,N,C,C,A,A,H,-,A,A,0,NA,NA,NA,NA,Y,NA,D,22,0,0,1,0,0,0,0,0,0,-,-,34.07181167602539,-118.13516998291016,LOS ANGELES,ALHAMBRA,-118.13516998291016,34.07181167602539
90969358,2019,2019-04-17,9550,2019-04-16,0810,018531,NA,2,1,5,1908,0,1,3,NA,2,091,SR-91 EASTBOUND,BELLFLOWER BLVD.,1775,E,N,B,-,Y,NA,NA,91,NA,NA,NA,NA,NA,E,N,4,0,2,3,A,-,03,22350,NA,N,C,C,A,A,H,-,A,D,0,NA,NA,NA,NA,Y,NA,A,01,0,0,2,0,0,0,0,0,0,-,-,33.8761100769043,-118.11927032470705,LOS ANGELES,BELLFLOWER,-118.11927032470705,33.87615203857422
90969411,2019,2019-04-17,9550,2019-04-14,2330,021950,NA,7,3,9,1900,0,3,5,NA,2,001,TURNBULL CANYON ROAD W/B,SKYLINE DRIVE,3000,W,N,A,-,N,NA,NA,NA,NA,NA,NA,NA,NA,NA,Y,3,0,1,1,A,-,08,22107,NA,N,F,I,A,A,H,-,D,D,0,NA,NA,NA,NA,Y,NA,A,01,0,1,0,0,0,0,0,0,0,-,-,33.99488830566406,-118.01294708251952,LOS ANGELES,UNINCORPORATED,-118.00740814208984,33.99375915527344
90969424,2019,2019-04-17,9580,2019-04-10,1935,019715,NA,3,2,7,1942,0,1,2,NA,2,103,US-101 S/B (VENTURA FREEWAY),VAN NUYS BLVD,900,N,N,A,-,Y,NA,NA,101,NA,NA,NA,NA,NA,S,Y,4,0,2,3,A,-,03,22350,NA,N,C,C,A,A,H,-,D,D,0,NA,NA,NA,NA,Y,NA,A,07,0,0,2,0,0,0,0,0,0,-,-,34.15790939331055,-118.4557876586914,LOS ANGELES,LOS ANGELES,-118.4557876586914,34.15791702270508
90969474,2019,2019-04-17,9580,2019-04-09,1150,017386,NA,2,1,7,1942,0,1,2,NA,2,105,US-101 S/B OFF-RAMP TO RESEDA BLVD.,RESEDA BLVD,40,N,N,A,-,Y,NA,NA,101,NA,NA,NA,R,NA,S,Y,4,0,1,3,A,-,03,22350,NA,M,C,C,A,A,H,-,A,D,0,NA,NA,NA,NA,Y,NA,-,99,0,0,1,0,0,0,0,0,0,-,-,34.172908782958984,-118.53630065917967,LOS ANGELES,LOS ANGELES,-118.53630065917967,34.172908782958984