CASE_ID,ACCIDENT_YEAR,PROC_DATE,JURIS,COLLISION_DATE,COLLISION_TIME,OFFICER_ID,REPORTING_DISTRICT,DAY_OF_WEEK,CHP_SHIFT,POPULATION,CNTY_CITY_LOC,SPECIAL_COND,BEAT_TYPE,CHP_BEAT_TYPE,CITY_DIVISION_LAPD,CHP_BEAT_CLASS,BEAT_NUMBER,PRIMARY_RD,SECONDARY_RD,DISTANCE,DIRECTION,INTERSECTION,WEATHER_1,WEATHER_2,STATE_HWY_IND,CALTRANS_COUNTY,CALTRANS_DISTRICT,STATE_ROUTE,ROUTE_SUFFIX,POSTMILE_PREFIX,POSTMILE,LOCATION_TYPE,RAMP_INTERSECTION,SIDE_OF_HWY,TOW_AWAY,COLLISION_SEVERITY,NUMBER_KILLED,NUMBER_INJURED,PARTY_COUNT,PRIMARY_COLL_FACTOR,PCF_CODE_OF_VIOL,PCF_VIOL_CATEGORY,PCF_VIOLATION,PCF_VIOL_SUBSECTION,HIT_AND_RUN,TYPE_OF_COLLISION,MVIW,PED_ACTION,ROAD_SURFACE,ROAD_COND_1,ROAD_COND_2,LIGHTING,CONTROL_DEVICE,CHP_ROAD_TYPE,PEDESTRIAN_ACCIDENT,BICYCLE_ACCIDENT,MOTORCYCLE_ACCIDENT,TRUCK_ACCIDENT,NOT_PRIVATE_PROPERTY,ALCOHOL_INVOLVED,STWD_VEHTYPE_AT_FAULT,CHP_VEHTYPE_AT_FAULT,COUNT_SEVERE_INJ,COUNT_VISIBLE_INJ,COUNT_COMPLAINT_PAIN,COUNT_PED_KILLED,COUNT_PED_INJURED,COUNT_BICYCLIST_KILLED,COUNT_BICYCLIST_INJURED,COUNT_MC_KILLED,COUNT_MC_INJURED,PRIMARY_RAMP,SECONDARY_RAMP,LATITUDE,LONGITUDE,COUNTY,CITY,POINT_X,POINT_Y
90971631,2019,2019-04-22,9525,2019-04-16,0610,021713,NA,2,1,6,1955,0,1,3,NA,2,571,SR-57 S/B (ORANGE FWY),TEMPLE AVE,2640,S,N,A,-,Y,NA,NA,57,NA,NA,NA,NA,NA,S,Y,4,0,1,2,A,-,03,22350,NA,N,C,C,A,A,H,-,A,D,0,NA,NA,NA,NA,Y,NA,A,01,0,0,1,0,0,0,0,0,0,-,-,34.03691864013672,-117.80616760253906,LOS ANGELES,POMONA,-117.80619049072266,34.03694152832031
90971633,2019,2019-04-22,9525,2019-04-16,1430,021355,NA,2,2,1,1934,0,1,1,NA,2,652,I-605 N/B TO LOS ANGELES ST.,LOS ANGELES ST.,50,S,N,B,-,Y,NA,NA,605,NA,NA,NA,R,NA,N,Y,4,0,1,2,A,-,03,22350,NA,N,C,C,A,A,H,-,A,D,0,NA,NA,NA,Y,Y,NA,I,12,0,0,1,0,0,0,0,0,0,-,-,34.09157943725586,-117.99124908447266,LOS ANGELES,IRWINDALE,-117.99124908447266,34.09157943725586
90971636,2019,2019-04-22,9525,2019-04-16,0010,021545,NA,2,3,1,1934,0,1,1,NA,2,205,I-210 W/B (FOOTHILL FWY),IRWINDALE AVE,500,W,N,A,-,Y,NA,NA,210,NA,NA,NA,NA,NA,W,Y,4,0,1,1,A,-,08,22107,NA,N,E,I,A,A,H,-,C,D,0,NA,NA,NA,NA,Y,NA,A,07,0,0,1,0,0,0,0,0,0,-,-,34.12894821166992,-117.93887329101564,LOS ANGELES,IRWINDALE,-117.93886566162108,34.128910064697266
90971638,2019,2019-04-22,9525,2019-04-17,1520,019491,NA,3,2,6,1955,0,1,1,NA,2,108,I-10 E/B (SAN BERNARDINO FWY),SR71,300,W,N,A,-,Y,NA,NA,NA,NA,NA,NA,NA,NA,NA,Y,3,0,1,2,A,-,07,21658,A,F,F,A,A,A,H,-,A,D,0,NA,NA,Y,NA,Y,NA,A,01,0,1,0,0,0,0,0,0,1,-,-,34.06365966796875,-117.91551971435548,LOS ANGELES,POMONA,NA,NA
9097164,2020,2020-11-03,1942,2020-05-01,1240,37613,1919,5,5,7,1942,0,0,0,NA,0,16A11,FOOTHILL BL,ARROYO ST,0,NA,Y,A,-,N,NA,NA,NA,NA,NA,NA,NA,NA,NA,N,4,0,4,2,A,-,09,21801,A,N,D,C,A,A,H,-,A,A,0,NA,NA,NA,NA,Y,NA,A,07,0,0,4,0,0,0,0,0,0,-,-,NA,NA,LOS ANGELES,LOS ANGELES,-118.41442108154295,34.292781829833984
90971647,2019,2019-04-22,9525,2019-04-18,2022,019632,NA,4,2,4,1946,0,1,1,NA,2,212,I-210 E/B (FOOTHILL FWY),HUNTINGTON DR.,1584,W,N,A,-,Y,NA,NA,210,NA,NA,NA,NA,NA,E,N,3,0,3,2,A,-,03,22350,NA,N,C,C,A,A,H,-,A,D,0,NA,NA,NA,NA,Y,NA,A,07,0,1,2,0,0,0,0,0,0,-,-,34.14263153076172,-118.0204620361328,LOS ANGELES,MONROVIA,-118.02046966552734,34.142608642578125
90971648,2019,2019-04-22,9525,2019-04-19,1650,016342,NA,5,2,5,1990,0,1,3,NA,2,602,SR-60 E/B (POMONA FWY),FAIRWAY DR.,300,E,N,A,-,Y,NA,NA,60,NA,NA,NA,NA,NA,E,N,3,0,1,3,A,-,03,22350,NA,N,C,C,A,A,H,-,A,D,0,NA,NA,NA,NA,Y,NA,D,22,0,1,0,0,0,0,0,0,0,-,-,33.99713897705078,-117.8635025024414,LOS ANGELES,DIAMOND BAR,-117.863525390625,33.99728775024414
90971649,2019,2019-04-22,9525,2019-04-19,0735,018505,NA,5,1,6,1975,0,1,1,NA,2,104,I-10 E/B (SAN BERNARDINO FWY),WEST COVINA PARKWAY,1000,W,N,A,-,Y,NA,NA,10,NA,NA,NA,NA,NA,E,N,3,0,1,3,A,-,03,22350,NA,N,C,C,A,A,D,E,A,D,0,NA,NA,NA,NA,Y,NA,A,08,0,1,0,0,0,0,0,0,0,-,-,34.07194900512695,-117.94341278076172,LOS ANGELES,WEST COVINA,-117.94342041015624,34.072017669677734
9097165,2020,2020-11-03,1942,2020-05-01,1200,36599,2183,5,5,7,1942,0,0,0,NA,0,21A73,MULHOLLAND DR,CALABASAS RD,0,NA,Y,A,-,N,NA,NA,NA,NA,NA,NA,NA,NA,NA,N,4,0,1,2,A,-,09,21453,C,N,A,C,A,A,H,-,A,A,0,NA,NA,NA,NA,Y,NA,A,01,0,0,1,0,0,0,0,0,0,-,-,NA,NA,LOS ANGELES,LOS ANGELES,-118.6364288330078,34.15869903564453
90971650,2019,2019-04-22,9525,2019-04-19,2130,021545,NA,5,2,5,1906,0,1,1,NA,2,652,I-605 N/B (SAN GABRIEL RIVER FWY),I-10 W/B (SAN BERNARDINO FWY),50,N,N,A,-,Y,NA,NA,605,NA,NA,NA,NA,NA,N,Y,4,0,1,3,A,-,03,22350,NA,N,C,C,A,A,H,-,C,D,0,NA,NA,NA,NA,Y,NA,A,01,0,0,1,0,0,0,0,0,0,-,-,34.065311431884766,-118.00009155273438,LOS ANGELES,BALDWIN PARK,-118.00009155273438,34.0653076171875
90971653,2019,2019-04-22,9525,2019-04-11,1813,021224,NA,4,2,1,1934,0,1,1,NA,2,652,I-605 N/B (SAN GABRIEL RIVER FWY),LOWER AZUSA RD.,2640,S,N,A,-,Y,NA,NA,605,NA,NA,NA,NA,NA,N,Y,4,0,4,3,A,-,03,22350,NA,N,C,C,A,A,H,-,A,D,0,NA,NA,NA,NA,Y,NA,A,01,0,0,4,0,0,0,0,0,0,-,-,34.085479736328125,-117.99620056152344,LOS ANGELES,IRWINDALE,-117.99625396728516,34.08550262451172
90971654,2019,2019-04-22,9525,2019-04-12,1510,021224,NA,5,2,9,1900,0,3,5,NA,2,004,TEMPLE AVE,RUTHCREST AVE.,0,NA,Y,A,-,N,NA,NA,NA,NA,NA,NA,NA,NA,NA,N,3,0,1,2,A,-,05,21650,NA,N,D,G,A,A,H,-,A,D,0,NA,Y,NA,NA,Y,NA,L,04,0,1,0,0,0,0,1,0,0,-,-,34.02804183959961,-117.9331512451172,LOS ANGELES,UNINCORPORATED,-117.93302917480467,34.027931213378906
9097166,2020,2020-11-03,1942,2020-05-01,1450,39746,2146,5,5,7,1942,0,0,0,NA,0,21A57,OWENSMOUTH AV,SHERMAN WY,30,S,N,A,-,N,NA,NA,NA,NA,NA,NA,NA,NA,NA,N,4,0,1,2,A,-,05,21650,1,N,H,G,A,A,H,-,A,A,0,NA,Y,NA,NA,Y,NA,L,04,0,0,1,0,0,0,1,0,0,-,-,NA,NA,LOS ANGELES,LOS ANGELES,-118.6015625,34.20094680786133
90971668,2019,2019-04-22,9575,2019-04-14,1620,020711,NA,7,2,6,1912,0,1,1,NA,2,051,I-5 N/B (GOLDEN STATE FREEWAY),BUENA VISTA ST,3500,S,N,A,-,Y,NA,NA,5,NA,NA,NA,NA,NA,N,Y,4,0,2,3,A,-,07,21658,A,N,B,C,A,A,H,-,A,D,0,NA,NA,NA,Y,Y,NA,G,25,0,0,2,0,0,0,0,0,0,-,-,34.193599700927734,-118.32949066162108,LOS ANGELES,BURBANK,-118.32950592041016,34.19357681274414
9097167,2020,2020-11-03,1942,2020-05-06,0715,34420,1993,3,5,7,1942,0,0,0,NA,0,19A93,NOBLE AV,BURTON ST,60,N,N,A,-,N,NA,NA,NA,NA,NA,NA,NA,NA,NA,N,3,0,1,2,A,-,11,21954,A,N,G,B,D,A,H,-,A,A,0,Y,NA,NA,NA,Y,NA,N,60,0,1,0,0,1,0,0,0,0,-,-,NA,NA,LOS ANGELES,LOS ANGELES,-118.46185302734376,34.220664978027344
90971677,2019,2019-04-22,9575,2019-04-14,1425,021932,NA,7,2,7,1942,0,1,3,NA,2,090,I-5 S/B (GOLDEN STATE FREEWAY),HOLLYWOOD WAY,400,S,N,A,-,Y,NA,NA,5,NA,NA,NA,NA,NA,S,Y,3,0,2,3,A,-,03,22350,NA,N,C,C,A,A,H,-,A,D,0,NA,NA,NA,NA,Y,NA,A,01,0,2,0,0,0,0,0,0,0,-,-,34.21113967895508,-118.34747314453124,LOS ANGELES,LOS ANGELES,-118.34745025634766,34.211158752441406
9097168,2020,2020-11-03,1942,2020-05-04,1735,38326,1984,1,5,7,1942,0,0,0,NA,0,19A93,ROSCOE BL,BRIMFIELD AV,60,E,N,A,-,N,NA,NA,NA,NA,NA,NA,NA,NA,NA,N,4,0,2,2,A,-,04,21703,NA,N,C,C,A,A,H,-,A,D,0,NA,NA,NA,NA,Y,NA,A,01,0,0,2,0,0,0,0,0,0,-,-,NA,NA,LOS ANGELES,LOS ANGELES,-118.45864868164064,34.22146987915039
90971684,2019,2019-04-22,9575,2019-04-17,1005,018440,NA,3,1,6,1925,0,1,3,NA,2,042,SR-134 E/B (VENTURA FREEWAY),VERDUGO RD,150,W,N,A,-,Y,NA,NA,134,NA,NA,NA,NA,NA,E,Y,4,0,2,2,A,-,03,22350,NA,N,C,C,A,A,H,-,A,D,0,NA,NA,NA,NA,Y,NA,A,01,0,0,2,0,0,0,0,0,0,-,-,34.152809143066406,-118.23735809326172,LOS ANGELES,GLENDALE,-118.23735809326172,34.15281677246094
9097169,2020,2020-11-03,1942,2020-05-02,0710,27792,1981,6,5,7,1942,0,0,0,NA,0,19A61,SEPULVEDA BL,CHASE ST,0,NA,Y,A,-,N,NA,NA,NA,NA,NA,NA,NA,NA,NA,N,4,0,2,2,A,-,09,21801,A,N,D,C,A,A,H,-,A,A,0,NA,NA,NA,NA,Y,NA,A,01,0,0,2,0,0,0,0,0,0,-,-,NA,NA,LOS ANGELES,LOS ANGELES,-118.46771240234376,34.2246208190918
9097170,2020,2020-11-03,1942,2020-05-05,0910,40165,1766,2,5,7,1942,0,0,0,Q,0,17A67,PLUMMER ST,WILBUR AV,0,NA,Y,A,-,N,NA,NA,NA,NA,NA,NA,NA,NA,NA,Y,3,0,1,2,A,-,09,21801,A,N,D,C,A,A,H,-,A,A,0,NA,NA,NA,NA,Y,NA,A,01,0,1,0,0,0,0,0,0,0,-,-,NA,NA,LOS ANGELES,LOS ANGELES,-118.54483032226564,34.24272918701172
9097171,2020,2020-11-03,1942,2020-05-04,1740,26319,1781,1,5,7,1942,0,0,0,Q,0,26TL73,NORDHOFF ST,DESOTO AV,150,E,N,A,-,N,NA,NA,NA,NA,NA,NA,NA,NA,NA,N,4,0,1,2,A,-,09,21804,A,N,B,C,A,A,H,-,A,D,0,NA,NA,NA,NA,Y,NA,A,01,0,0,1,0,0,0,0,0,0,-,-,NA,NA,LOS ANGELES,LOS ANGELES,-118.58805847167967,34.235469818115234
90971710,2019,2019-04-22,9575,2019-04-18,1150,020846,NA,4,1,7,1942,0,1,1,NA,2,052,I-5 N/B (GOLDEN STATE FREEWAY),HOLLYWOOD WAY,400,N,N,A,-,Y,NA,NA,5,NA,NA,NA,NA,NA,N,N,4,0,1,2,A,-,03,22350,NA,N,C,C,A,A,H,-,A,D,0,NA,NA,NA,NA,Y,NA,A,01,0,0,1,0,0,0,0,0,0,-,-,34.215721130371094,-118.35252380371094,LOS ANGELES,LOS ANGELES,-118.35255432128906,34.21567916870117
90971715,2019,2019-04-22,9525,2019-04-08,0350,021443,NA,1,3,9,1900,0,3,5,NA,2,003,RORIMOR STREET (18600 BLOCK),COLSTON AVENUE,50,E,N,A,-,N,NA,NA,NA,NA,NA,NA,NA,NA,NA,Y,4,0,1,3,A,-,01,23152,F,N,B,E,A,A,H,-,C,D,0,NA,NA,NA,NA,Y,NA,A,01,0,0,1,0,0,0,0,0,0,-,-,34.00709915161133,-117.89691925048828,LOS ANGELES,UNINCORPORATED,-117.89704132080078,34.00706481933594
90971719,2019,2019-04-22,9525,2019-04-14,2000,021779,NA,7,2,5,1906,0,1,1,NA,2,103,I-10 W/B (SAN BERNARDINO FWY),BALDWIN PARK BLVD,1584,W,N,A,-,Y,NA,NA,10,NA,NA,NA,NA,NA,W,N,4,0,2,2,A,-,03,22350,NA,F,C,C,A,A,H,-,C,D,0,NA,NA,NA,NA,Y,NA,A,01,0,0,2,0,0,0,0,0,0,-,-,34.06698989868164,-117.98745727539064,LOS ANGELES,BALDWIN PARK,-117.98744201660156,34.066856384277344
9097172,2020,2020-11-03,1942,2020-05-04,0850,40165,1781,1,5,7,1942,0,0,0,Q,0,17A81,NORDHOFF ST,WINNETKA AV,50,W,N,A,-,N,NA,NA,NA,NA,NA,NA,NA,NA,NA,N,4,0,1,3,A,-,03,22350,NA,N,C,C,A,A,H,-,A,D,0,NA,NA,NA,NA,Y,NA,A,01,0,0,1,0,0,0,0,0,0,-,-,NA,NA,LOS ANGELES,LOS ANGELES,-118.57122802734376,34.2318000793457
90971721,2019,2019-04-29,9525,2019-04-11,2235,021505,NA,4,3,1,1934,0,1,1,NA,2,652,I-605 NB TO HUNTINGTON DR,HUNTINGTON DR.,100,S,N,A,-,Y,NA,NA,NA,NA,NA,NA,NA,NA,NA,Y,4,0,2,2,A,-,03,22350,NA,F,C,C,A,A,H,-,C,D,0,NA,NA,NA,NA,Y,NA,A,01,0,0,2,0,0,0,0,0,0,-,-,34.13901901245117,-117.95552825927734,LOS ANGELES,IRWINDALE,-117.95565032958984,34.13938522338867
90971722,2019,2019-04-22,9525,2019-04-11,1631,021980,NA,4,2,5,1990,0,1,3,NA,2,603,SR-60 W/B (POMONA FWY),DIAMOND BAR BLVD.,1056,W,N,A,-,Y,NA,NA,60,NA,NA,NA,NA,NA,W,Y,2,0,1,4,A,-,07,21658,A,N,B,C,A,A,H,-,A,D,0,NA,NA,Y,Y,Y,NA,G,25,1,0,0,0,0,0,0,0,1,-,-,34.020931243896484,-117.81439208984376,LOS ANGELES,DIAMOND BAR,-117.8144302368164,34.020965576171875
90971725,2019,2019-04-22,9525,2019-04-11,0655,019495,NA,4,1,5,1926,0,1,1,NA,2,206,I-210 E/B (FOOTHILL FWY),SUNFLOWER AVE,2640,E,N,A,-,Y,NA,NA,210,NA,NA,NA,NA,NA,E,Y,4,0,1,4,A,-,03,22350,NA,N,C,B,A,A,H,-,A,D,0,NA,NA,NA,NA,Y,NA,A,01,0,0,1,0,0,0,0,0,0,-,-,34.11970138549805,-117.83820343017578,LOS ANGELES,GLENDORA,-117.83823394775392,34.11977767944336
9097173,2020,2020-11-03,1942,2020-05-02,1620,34265,1757,6,5,7,1942,0,0,0,Q,0,17A49,LASSEN ST,BALBOA BL,40,E,N,A,-,N,NA,NA,NA,NA,NA,NA,NA,NA,NA,N,4,0,1,2,A,-,03,22350,NA,N,C,C,A,A,H,-,A,D,0,NA,NA,NA,NA,Y,NA,A,01,0,0,1,0,0,0,0,0,0,-,-,NA,NA,LOS ANGELES,LOS ANGELES,-118.50225830078124,34.250267028808594
90971730,2019,2019-04-22,9525,2019-04-14,1605,021080,NA,7,2,6,1955,0,1,1,NA,2,107,I-10 W/B (SAN BERNARDINO FWY),DUDLEY ST.,2640,E,N,B,-,Y,NA,NA,10,NA,NA,NA,NA,NA,W,N,4,0,1,1,C,-,18,NA,NA,N,E,J,A,A,H,-,A,D,0,NA,NA,NA,NA,Y,NA,-,-,0,0,1,0,0,0,0,0,0,-,-,34.07173156738281,-117.7680206298828,LOS ANGELES,POMONA,-117.76803588867188,34.0716438293457
90971733,2019,2019-04-22,9575,2019-04-14,2350,021669,NA,7,3,6,1925,0,1,3,NA,2,042,SR-134 E/B (VENTURA FREEWAY),PACIFIC AVENUE,600,E,N,A,-,Y,NA,NA,134,NA,NA,NA,NA,NA,E,Y,3,0,1,1,A,-,01,23152,A,N,E,I,A,A,H,-,C,D,0,NA,NA,NA,NA,Y,Y,A,01,0,1,0,0,0,0,0,0,0,-,-,34.156089782714844,-118.26210021972656,LOS ANGELES,GLENDALE,-118.26210021972656,34.156246185302734
9097174,2020,2020-11-03,1942,2020-05-07,1630,39048,1925,4,5,7,1942,0,0,0,NA,0,19A1,ASTORIA ST,RALSTON AV,80,E,N,A,-,N,NA,NA,NA,NA,NA,NA,NA,NA,NA,N,3,0,1,2,A,-,00,20015,A,F,H,G,A,A,H,-,A,D,0,NA,Y,NA,NA,Y,NA,-,-,0,1,0,0,0,0,1,0,0,-,-,NA,NA,LOS ANGELES,LOS ANGELES,-118.4535675048828,34.298301696777344
9097175,2020,2020-11-03,1942,2020-05-06,2310,32153,0182,3,5,7,1942,0,0,0,A,0,1X6,FLOWER ST,PICO BL,0,NA,Y,A,-,N,NA,NA,NA,NA,NA,NA,NA,NA,NA,Y,4,0,1,2,A,-,12,21453,A,F,D,C,A,A,H,-,C,A,0,NA,NA,NA,NA,Y,NA,-,99,0,0,1,0,0,0,0,0,0,-,-,NA,NA,LOS ANGELES,LOS ANGELES,-118.2668914794922,34.040061950683594
90971750,2019,2019-04-22,9525,2019-04-20,1417,021595,NA,6,2,9,1900,0,3,5,NA,2,004,TAMAR DR. (1400 BLOCK),BARRYDALE ST,450,N,N,B,-,N,NA,NA,NA,NA,NA,NA,NA,NA,NA,N,3,0,1,1,A,-,13,22515,A,N,G,B,A,A,H,-,A,D,0,NA,NA,NA,NA,Y,NA,A,01,0,1,0,0,0,0,0,0,0,-,-,34.058658599853516,-117.96460723876952,LOS ANGELES,UNINCORPORATED,-117.964599609375,34.058685302734375
90971755,2019,2019-04-22,9525,2019-04-13,0950,019495,NA,6,1,4,1946,0,1,1,NA,2,212,I-210 E/B (FOOTHILL FWY),HUNTINGTON DR.,200,E,N,A,-,Y,NA,NA,210,NA,NA,NA,NA,NA,E,Y,4,0,2,2,A,-,07,21658,A,N,B,C,A,A,H,-,A,D,0,NA,NA,NA,NA,Y,NA,A,01,0,0,2,0,0,0,0,0,0,-,-,34.14099884033203,-118.01730346679688,LOS ANGELES,MONROVIA,-118.01739501953124,34.14088821411133
90971759,2019,2019-04-22,9525,2019-04-14,1050,018364,NA,7,1,9,1900,0,3,5,NA,2,004,PUENTE AVENUE,CAGLIERO STREET,0,NA,Y,A,-,N,NA,NA,NA,NA,NA,NA,NA,NA,NA,Y,3,0,1,2,A,-,09,21801,A,N,D,C,A,A,H,-,A,A,0,NA,NA,NA,NA,Y,NA,A,01,0,1,0,0,0,0,0,0,0,-,-,34.05976104736328,-117.97295379638672,LOS ANGELES,UNINCORPORATED,-117.97299957275392,34.05979919433594
9097176,2020,2020-11-03,1942,2020-05-05,1030,42932,0246,2,5,7,1942,0,0,0,B,0,2A45,W 6TH ST,S ALVARADO ST,0,NA,Y,A,-,N,NA,NA,NA,NA,NA,NA,NA,NA,NA,Y,4,0,2,2,A,-,01,23152,A,N,B,C,A,A,H,-,A,D,0,NA,NA,NA,NA,Y,Y,A,01,0,0,2,0,0,0,0,0,0,-,-,NA,NA,LOS ANGELES,LOS ANGELES,-118.27487182617188,34.059539794921875
90971762,2018,2019-04-22,9525,2018-12-07,0139,021224,NA,5,3,9,1900,0,1,1,NA,2,105,I-10 W/B (SAN BERNARDINO FWY),HOLT AVE,2310,E,N,B,C,Y,NA,NA,10,NA,NA,NA,NA,NA,W,Y,3,0,1,1,A,-,03,22350,NA,N,E,I,A,B,D,E,D,D,0,NA,NA,NA,NA,Y,NA,A,07,0,1,0,0,0,0,0,0,0,-,-,34.06822967529297,-117.85608673095705,LOS ANGELES,UNINCORPORATED,-117.85608673095705,34.06822967529297
90971767,2018,2019-07-01,9525,2018-12-07,0150,021224,NA,5,3,9,1900,0,1,1,NA,2,105,INTERSTATE 10 WESTBOUND,HOLT AVENUE,2110,E,N,B,C,Y,NA,NA,10,NA,NA,NA,NA,NA,W,Y,1,1,1,4,A,-,03,22350,NA,F,C,C,E,B,D,E,D,D,0,Y,NA,NA,NA,Y,NA,-,99,0,1,0,1,0,0,0,0,0,-,-,34.068138122558594,-117.85678100585938,LOS ANGELES,UNINCORPORATED,-117.85678100585938,34.06816482543945
9097177,2020,2020-11-03,1942,2020-05-02,2015,42894,0256,6,5,7,1942,0,0,0,B,0,2E12,S BONNIE BRAE ST,6TH ST,215,S,N,A,-,N,NA,NA,NA,NA,NA,NA,NA,NA,NA,N,4,0,1,2,A,-,09,21804,A,F,B,G,A,A,H,-,C,D,0,NA,Y,NA,NA,Y,Y,-,-,0,0,1,0,0,0,1,0,0,-,-,NA,NA,LOS ANGELES,LOS ANGELES,-118.27289581298828,34.058013916015625
90971770,2019,2019-04-22,9525,2019-04-18,2035,020505,NA,4,2,5,1906,0,1,1,NA,2,104,I-10 E/B (SAN BERNARDINO FWY),BALDWIN PARK BLVD,1056,W,N,A,-,Y,NA,NA,10,NA,NA,NA,NA,NA,E,N,3,0,2,2,A,-,03,22350,NA,N,C,C,A,A,H,-,C,D,0,NA,NA,NA,NA,Y,NA,A,01,0,2,0,0,0,0,0,0,0,-,-,34.06684875488281,-117.9858169555664,LOS ANGELES,BALDWIN PARK,-117.98583221435548,34.066932678222656
90971786,2019,2019-04-22,9590,2019-04-15,1940,021535,NA,1,2,7,1942,0,1,1,NA,2,083,I-5 S/B (GSF) TO SR-110 S/B (ASP),SR-110,100,N,N,A,-,Y,NA,NA,5,NA,NA,NA,R,NA,S,N,4,0,1,1,A,-,08,22107,NA,N,F,A,A,A,H,-,C,D,0,NA,NA,Y,NA,Y,NA,C,02,0,0,1,0,0,0,0,0,1,-,-,34.080108642578125,-118.22740936279295,LOS ANGELES,LOS ANGELES,-118.22740936279295,34.080108642578125
90971794,2019,2020-06-01,9565,2019-04-05,1520,022153,NA,5,2,9,1900,0,3,5,NA,2,004,MANSEL AVENUE (10000 BLOCK),111TH STREET,680,N,N,A,-,Y,NA,NA,NA,NA,NA,NA,NA,NA,NA,N,4,0,2,3,A,-,21,22106,NA,N,G,B,F,A,H,-,A,D,0,Y,NA,NA,NA,Y,NA,D,22,0,0,2,0,2,0,0,0,0,-,-,33.936439514160156,-118.3560028076172,LOS ANGELES,UNINCORPORATED,-118.35592651367188,33.93639373779297
9097181,2020,2020-07-27,1924,2020-03-18,1829,80405,21,3,5,5,1924,0,0,0,NA,0,003,CRENSHAW BL,MARINE AV,501,N,N,A,-,N,NA,NA,NA,NA,NA,NA,NA,NA,NA,Y,4,0,1,2,A,-,08,22102,NA,N,D,C,A,A,H,-,A,D,0,NA,NA,Y,NA,Y,NA,A,01,0,0,1,0,0,0,0,0,1,-,-,33.894691467285156,-118.32650756835938,LOS ANGELES,GARDENA,-118.3265380859375,33.896034240722656
90971814,2019,2019-04-22,9565,2019-04-10,1140,021512,NA,3,1,7,1942,0,1,1,NA,2,062,I-405 S/B (SAN DIEGO FWY),NATIONAL BLVD,600,S,N,A,-,Y,NA,NA,405,NA,NA,NA,NA,NA,S,Y,2,0,1,3,A,-,08,22107,NA,N,B,C,A,A,H,-,A,D,0,NA,NA,Y,NA,Y,NA,A,01,1,0,0,0,0,0,0,0,1,-,-,34.02458953857422,-118.42835235595705,LOS ANGELES,LOS ANGELES,-118.42838287353516,34.02456283569336
90971819,2019,2019-04-22,9540,2019-04-14,0328,020527,NA,7,3,9,1900,0,1,3,NA,2,147,SR-14 S/B (ANTELOPE VALLEY FREEWAY),AGUA DULCE CYN RD,6300,S,N,A,-,Y,NA,NA,14,NA,NA,NA,NA,NA,S,Y,3,0,1,1,A,-,01,23152,A,N,E,I,A,A,H,-,D,D,0,NA,NA,NA,NA,Y,Y,D,22,0,1,0,0,0,0,0,0,0,-,-,34.45798110961914,-118.34786987304688,LOS ANGELES,UNINCORPORATED,-118.34782409667967,34.4578971862793
9097182,2020,2020-08-14,1924,2020-03-20,2149,80431,01,5,5,5,1924,0,0,0,NA,0,8T3,EL SEGUNDO BL,PURCHE AV,0,NA,Y,A,-,N,NA,NA,NA,NA,NA,NA,NA,NA,NA,Y,3,0,1,3,A,-,01,23152,A,N,A,C,A,A,H,-,C,D,0,NA,NA,NA,NA,Y,Y,A,01,0,1,0,0,0,0,0,0,0,-,-,33.91648864746094,-118.32041168212892,LOS ANGELES,GARDENA,-118.32044982910156,33.91645050048828
90971823,2019,2019-04-22,9575,2019-04-19,1510,021978,NA,5,2,9,1900,0,3,5,NA,2,008,SAN GABRIEL BOULEVARD (900 BLOCK),WALLINGFORD RD,0,NA,Y,A,-,N,NA,NA,NA,NA,NA,NA,NA,NA,NA,Y,4,0,1,2,A,-,21,22106,NA,N,D,C,A,A,H,-,A,D,0,NA,NA,NA,NA,Y,NA,A,01,0,0,1,0,0,0,0,0,0,-,-,34.13093948364258,-118.09291076660156,LOS ANGELES,UNINCORPORATED,-118.09300231933594,34.13108825683594
90971826,2019,2019-04-22,9575,2019-04-19,1400,021978,NA,5,2,6,1953,0,1,1,NA,2,064,I-210 W/B (FOOTHILL FREEWAY),ALTADENA DRIVE,100,E,N,A,-,Y,NA,NA,210,NA,NA,NA,NA,NA,W,N,4,0,1,2,A,-,03,22350,NA,N,C,C,A,A,H,-,A,D,0,NA,NA,NA,NA,Y,NA,A,01,0,0,1,0,0,0,0,0,0,-,-,34.152671813964844,-118.09809112548828,LOS ANGELES,PASADENA,-118.09809112548828,34.152732849121094
9097183,2020,2020-07-27,1924,2020-03-30,1209,80349,49,1,5,5,1924,0,0,0,NA,0,NA,VERMONT AV,169TH ST,110,N,N,A,-,N,NA,NA,NA,NA,NA,NA,NA,NA,NA,NA,3,0,3,3,A,-,03,22350,NA,N,C,C,A,A,H,-,A,D,0,NA,NA,NA,NA,Y,NA,A,07,0,1,2,0,0,0,0,0,0,-,-,33.8780403137207,-118.29112243652344,LOS ANGELES,GARDENA,-118.29116821289064,33.87831115722656
90971830,2019,2019-04-22,9565,2019-04-10,0830,021512,NA,3,1,7,1942,0,1,1,NA,2,062,I-405 S/B (SAN DIEGO FWY),I-10,100,S,N,A,-,Y,NA,NA,405,NA,NA,NA,NA,NA,S,Y,4,0,3,3,A,-,03,22350,NA,N,C,C,A,A,H,-,A,D,0,NA,NA,NA,NA,Y,NA,A,07,0,0,3,0,0,0,0,0,0,-,-,34.03089141845703,-118.43341827392578,LOS ANGELES,LOS ANGELES,-118.43341064453124,34.03089904785156