CASE_ID,ACCIDENT_YEAR,PROC_DATE,JURIS,COLLISION_DATE,COLLISION_TIME,OFFICER_ID,REPORTING_DISTRICT,DAY_OF_WEEK,CHP_SHIFT,POPULATION,CNTY_CITY_LOC,SPECIAL_COND,BEAT_TYPE,CHP_BEAT_TYPE,CITY_DIVISION_LAPD,CHP_BEAT_CLASS,BEAT_NUMBER,PRIMARY_RD,SECONDARY_RD,DISTANCE,DIRECTION,INTERSECTION,WEATHER_1,WEATHER_2,STATE_HWY_IND,CALTRANS_COUNTY,CALTRANS_DISTRICT,STATE_ROUTE,ROUTE_SUFFIX,POSTMILE_PREFIX,POSTMILE,LOCATION_TYPE,RAMP_INTERSECTION,SIDE_OF_HWY,TOW_AWAY,COLLISION_SEVERITY,NUMBER_KILLED,NUMBER_INJURED,PARTY_COUNT,PRIMARY_COLL_FACTOR,PCF_CODE_OF_VIOL,PCF_VIOL_CATEGORY,PCF_VIOLATION,PCF_VIOL_SUBSECTION,HIT_AND_RUN,TYPE_OF_COLLISION,MVIW,PED_ACTION,ROAD_SURFACE,ROAD_COND_1,ROAD_COND_2,LIGHTING,CONTROL_DEVICE,CHP_ROAD_TYPE,PEDESTRIAN_ACCIDENT,BICYCLE_ACCIDENT,MOTORCYCLE_ACCIDENT,TRUCK_ACCIDENT,NOT_PRIVATE_PROPERTY,ALCOHOL_INVOLVED,STWD_VEHTYPE_AT_FAULT,CHP_VEHTYPE_AT_FAULT,COUNT_SEVERE_INJ,COUNT_VISIBLE_INJ,COUNT_COMPLAINT_PAIN,COUNT_PED_KILLED,COUNT_PED_INJURED,COUNT_BICYCLIST_KILLED,COUNT_BICYCLIST_INJURED,COUNT_MC_KILLED,COUNT_MC_INJURED,PRIMARY_RAMP,SECONDARY_RAMP,LATITUDE,LONGITUDE,COUNTY,CITY,POINT_X,POINT_Y
90973378,2019,2019-04-23,9525,2019-04-15,1525,018402,NA,1,2,5,1990,0,1,3,NA,2,602,SR-60 E/B (POMONA FWY),GRAND AVE,528,W,N,A,-,Y,NA,NA,60,NA,NA,NA,NA,NA,E,Y,4,0,1,2,A,-,03,22350,NA,N,C,C,A,A,H,-,A,D,0,NA,NA,NA,NA,Y,NA,A,01,0,0,1,0,0,0,0,0,0,-,-,34.00297164916992,-117.83148956298828,LOS ANGELES,DIAMOND BAR,-117.83155059814452,34.00307083129883
90973382,2019,2019-07-17,9535,2019-04-01,1850,022256,NA,1,2,9,1900,0,2,4,NA,2,024,WHITTIER BLVD. (5600 BLOCK),SADLER AVE,50,E,N,A,-,N,NA,NA,NA,NA,NA,NA,NA,NA,NA,Y,3,0,1,3,A,-,08,22107,NA,F,B,E,E,A,H,-,A,D,0,Y,NA,NA,NA,Y,NA,A,01,0,1,0,0,1,0,0,0,0,-,-,34.018531799316406,-118.14881896972656,LOS ANGELES,UNINCORPORATED,-118.1491928100586,34.01869583129883
90973411,2019,2019-04-23,9550,2019-04-17,2050,022167,NA,3,2,6,1920,0,1,1,NA,2,500,I-5 S/B,PARAMOUNT BOULEVARD,1300,N,N,A,-,Y,NA,NA,5,NA,NA,NA,NA,NA,S,Y,4,0,2,4,A,-,03,22350,NA,N,C,C,A,A,H,-,D,D,0,NA,NA,NA,NA,Y,NA,A,01,0,0,2,0,0,0,0,0,0,-,-,33.967708587646484,-118.12117004394533,LOS ANGELES,DOWNEY,-118.12177276611328,33.967529296875
90973415,2019,2019-04-23,9545,2019-04-15,0930,018097,NA,1,1,9,1900,0,3,5,NA,2,003,SIERRA HIGHWAY,OLD SIERRA HWY,370,S,N,G,-,N,NA,NA,NA,NA,NA,NA,NA,NA,NA,N,4,0,2,2,A,-,09,21804,A,N,D,C,A,A,H,-,A,D,0,NA,NA,NA,NA,Y,NA,A,01,0,0,2,0,0,0,0,0,0,-,-,34.4874382019043,-118.14286041259766,LOS ANGELES,UNINCORPORATED,-118.14278411865234,34.48741912841797
90973417,2019,2019-04-23,9575,2019-04-11,1105,016603,NA,4,1,6,1953,0,1,1,NA,2,064,I-210 W/B (FOOTHILL FREEWAY),LAKE AVENUE,528,E,N,A,-,Y,NA,NA,210,NA,NA,NA,NA,NA,W,N,4,0,1,2,A,-,03,22350,NA,N,C,C,A,A,H,-,A,D,0,NA,NA,NA,NA,Y,NA,A,01,0,0,1,0,0,0,0,0,0,-,-,34.15193176269531,-118.13031768798828,LOS ANGELES,PASADENA,-118.13031768798828,34.151973724365234
9097342,2020,2020-10-28,1941,2020-05-13,1026,10574,NA,3,5,7,1941,0,0,0,NA,0,NA,MAGNOLIA AV,5TH ST,0,NA,Y,A,-,N,NA,NA,NA,NA,NA,NA,NA,NA,NA,N,4,0,1,2,A,-,09,21802,A,N,B,C,A,A,H,-,-,A,0,NA,NA,NA,NA,Y,NA,A,NA,0,0,1,0,0,0,0,0,0,-,-,NA,NA,LOS ANGELES,LONG BEACH,-118.19805145263672,33.77294921875
9097343,2020,2020-10-28,1941,2020-05-19,2012,6003,NA,2,5,7,1941,0,0,0,NA,0,NA,PICO AV,PIER E ST,225,N,N,A,-,N,NA,NA,NA,NA,NA,NA,NA,NA,NA,Y,3,0,2,2,A,-,08,22102,NA,N,D,C,A,A,H,-,C,D,0,NA,NA,Y,NA,Y,NA,A,NA,0,2,0,0,0,0,0,0,1,-,-,NA,NA,LOS ANGELES,LONG BEACH,-118.2093505859375,33.76579284667969
90973431,2019,2019-05-23,9580,2019-04-11,0830,022275,NA,4,1,7,1942,0,1,2,NA,2,103,US-101 S/B TO VAN NUYS BLVD,VAN NUYS BLVD,1320,W,N,A,-,Y,NA,NA,101,NA,NA,NA,R,NA,S,N,3,0,1,2,A,-,03,22350,NA,M,C,C,A,A,H,-,A,D,0,NA,NA,NA,NA,Y,NA,A,07,0,1,0,0,0,0,0,0,0,-,-,34.156700134277344,-118.4490966796875,LOS ANGELES,LOS ANGELES,-118.4490966796875,34.156700134277344
90973436,2019,2019-04-23,9580,2019-04-11,1617,022064,NA,4,2,7,1942,0,1,1,NA,2,407,I-405 S/B (SAN DIEGO FWY),NORDHOFF ST,2640,N,N,A,-,Y,NA,NA,405,NA,NA,NA,NA,NA,S,Y,4,0,1,2,A,-,03,22350,NA,N,C,C,A,A,H,-,A,D,0,NA,NA,NA,NA,Y,NA,A,01,0,0,1,0,0,0,0,0,0,-,-,34.240478515625,-118.47313690185548,LOS ANGELES,LOS ANGELES,-118.47312927246094,34.240478515625
90973451,2019,2019-04-23,9550,2019-04-17,2350,022167,NA,3,3,6,1949,0,1,1,NA,2,500,I-5 N/B,PIONEER BOULEVARD,740,N,N,A,-,Y,NA,NA,5,NA,NA,NA,NA,NA,N,Y,4,0,1,1,A,-,08,22107,NA,N,F,A,A,A,H,-,D,D,0,NA,NA,NA,NA,Y,NA,A,01,0,0,1,0,0,0,0,0,0,-,-,33.9222412109375,-118.08323669433594,LOS ANGELES,NORWALK,-118.08332824707033,33.922176361083984
90973455,2019,2019-04-23,9525,2019-04-18,1230,018367,NA,4,1,6,1975,0,1,1,NA,2,103,I-10 W/B (SAN BERNARDINO FWY),VINCENT AVE.,1000,W,N,A,-,Y,NA,NA,10,NA,NA,NA,NA,NA,W,N,3,0,2,4,A,-,03,22350,NA,N,C,C,A,A,H,-,A,D,0,NA,NA,NA,NA,Y,NA,A,01,0,1,1,0,0,0,0,0,0,-,-,34.072509765625,-117.93228912353516,LOS ANGELES,WEST COVINA,-117.93228912353516,34.07249069213867
90973456,2019,2019-04-23,9550,2019-04-18,1850,021196,NA,4,2,3,1903,0,1,3,NA,2,091,SR-91 E/B FROM STUDEBAKER RD,STUDEBAKER RD,650,E,N,A,-,Y,NA,NA,NA,NA,NA,NA,NA,NA,NA,N,4,0,1,2,A,-,03,22350,NA,N,C,C,A,A,H,-,A,A,0,NA,NA,NA,NA,Y,NA,D,22,0,0,1,0,0,0,0,0,0,-,-,33.876060485839844,-118.09731292724608,LOS ANGELES,ARTESIA,-118.09769439697266,33.87628173828125
90973467,2019,2019-04-23,9535,2019-03-14,1410,022161,NA,4,2,9,1900,0,3,5,NA,2,002,FORD BLVD. (300 BLOCK),4TH ST.,100,S,N,A,-,N,NA,NA,NA,NA,NA,NA,NA,NA,NA,N,3,0,1,2,A,-,09,21804,A,N,H,G,A,A,H,-,A,D,0,NA,Y,NA,NA,Y,NA,L,04,0,1,0,0,0,0,1,0,0,-,-,34.03213119506836,-118.16911315917967,LOS ANGELES,UNINCORPORATED,-118.16912841796876,34.031227111816406
90973475,2019,2019-04-23,9530,2019-04-12,0600,020938,NA,5,1,6,1972,0,1,1,NA,2,400,I-405 N/B (SAN DIEGO FREEWAY),YUKON AVE.,235,S,N,A,-,Y,NA,NA,405,NA,NA,NA,NA,NA,N,Y,2,0,1,2,A,-,07,21658,A,N,B,C,A,A,H,-,A,D,0,NA,NA,Y,NA,Y,NA,D,22,1,0,0,0,0,0,0,0,1,-,-,33.86698913574219,-118.33409118652344,LOS ANGELES,TORRANCE,-118.33409118652344,33.86699295043945
90973479,2019,2019-04-23,9525,2019-04-09,1649,018651,NA,2,2,9,1900,0,3,5,NA,2,003,AMAR RD. (16600 BLOCK),VANDERWELL AVE.,0,NA,Y,A,-,N,NA,NA,NA,NA,NA,NA,NA,NA,NA,Y,4,0,1,2,A,-,12,22450,A,F,D,C,A,A,H,-,A,D,0,NA,NA,NA,NA,Y,NA,A,01,0,0,1,0,0,0,0,0,0,-,-,34.035518646240234,-117.92445373535156,LOS ANGELES,UNINCORPORATED,-117.92445373535156,34.03559112548828
90973489,2019,2019-04-23,9590,2019-04-14,2140,022006,NA,7,2,7,1942,0,1,1,NA,2,082,I-5 N/B (GSF) TO SR-110 (ASP),HUMBOLDT ST.,100,S,N,A,-,Y,NA,NA,5,NA,NA,NA,R,NA,N,Y,4,0,1,1,A,-,08,22107,NA,N,E,I,A,A,H,-,C,D,0,NA,NA,NA,NA,Y,NA,A,01,0,0,1,0,0,0,0,0,0,-,-,34.07830810546875,-118.21939849853516,LOS ANGELES,LOS ANGELES,-118.21939849853516,34.07830810546875
90973494,2019,2019-04-23,9535,2019-03-14,1825,022142,NA,4,2,9,1900,0,2,4,NA,2,022,OLYMPIC BLVD.,WOODS AVE,0,NA,Y,A,-,N,NA,NA,NA,NA,NA,NA,NA,NA,NA,N,4,0,1,2,A,-,05,21650,NA,N,H,G,A,A,H,-,A,A,0,NA,Y,NA,NA,Y,NA,L,04,0,0,1,0,0,0,1,0,0,-,-,34.01646041870117,-118.15955352783205,LOS ANGELES,UNINCORPORATED,-118.15953063964844,34.016510009765625
90973495,2019,2019-04-23,9535,2019-03-14,1135,020825,NA,4,1,9,1900,0,2,4,NA,2,024,WHITTIER BOULEVARD (4400 BLOCK),EASTERN AVENUE,30,E,N,A,-,N,NA,NA,NA,NA,NA,NA,NA,NA,NA,Y,4,0,3,7,A,-,03,22350,NA,N,B,C,A,A,H,-,A,A,0,NA,NA,NA,NA,Y,NA,A,07,0,0,3,0,0,0,0,0,0,-,-,34.02381896972656,-118.17376708984376,LOS ANGELES,UNINCORPORATED,-118.17386627197266,34.023902893066406
90973516,2019,2019-04-23,9535,2019-03-15,2237,021795,NA,5,3,9,1900,0,2,4,NA,2,025,ATLANTIC BLVD. (400 S. BLOCK),4TH ST,70,S,N,A,-,N,NA,NA,NA,NA,NA,NA,NA,NA,NA,N,4,0,2,3,A,-,16,24002,A,N,B,E,A,A,H,-,C,D,0,NA,NA,NA,Y,Y,NA,G,25,0,0,2,0,0,0,0,0,0,-,-,34.02922058105469,-118.15473175048828,LOS ANGELES,UNINCORPORATED,-118.15462493896484,34.029205322265625
90973531,2019,2019-04-23,9590,2019-04-14,1400,021789,NA,7,2,7,1942,0,1,2,NA,2,070,US-101 N/B (HOLLYWOOD FREEWAY),EDGEWARE ROAD,600,N,N,A,-,Y,NA,NA,101,NA,NA,NA,NA,NA,N,Y,3,0,2,3,A,-,03,22350,NA,N,C,C,A,A,H,-,A,D,0,NA,NA,NA,NA,Y,NA,A,01,0,2,0,0,0,0,0,0,0,-,-,34.06800842285156,-118.25614166259766,LOS ANGELES,LOS ANGELES,-118.2561492919922,34.0679931640625
90973538,2019,2019-04-23,9535,2019-04-12,0705,013259,NA,5,1,5,1947,0,1,3,NA,2,600,SR-60 E/B (POMONA FREEWAY),GARFIELD AVENUE,98,E,N,A,-,Y,NA,NA,60,NA,NA,NA,NA,NA,E,Y,4,0,3,5,A,-,03,22350,NA,N,B,C,A,A,H,-,A,D,0,NA,NA,NA,Y,Y,NA,A,01,0,0,3,0,0,0,0,0,0,-,-,34.0330810546875,-118.12815856933594,LOS ANGELES,MONTEBELLO,-118.12815856933594,34.033050537109375
90973546,2019,2019-04-23,9535,2019-03-16,1520,022142,NA,6,2,9,1900,0,2,4,NA,2,024,WHITTIER BLVD.,FORD BLVD.,0,NA,Y,A,-,N,NA,NA,NA,NA,NA,NA,NA,NA,NA,N,3,0,1,2,A,-,10,21950,A,N,G,B,B,A,H,-,A,A,0,Y,NA,NA,NA,Y,NA,A,08,0,1,0,0,1,0,0,0,0,-,-,34.02326965332031,-118.17106628417967,LOS ANGELES,UNINCORPORATED,-118.17105102539064,34.023319244384766
90973554,2019,2019-04-23,9590,2019-04-16,1650,021537,NA,2,2,7,1942,0,1,2,NA,2,071,US-101 S/B (HOF),VERMONT AVE,5,S,N,B,-,Y,NA,NA,101,NA,NA,NA,NA,NA,S,N,4,0,1,3,A,-,03,22350,NA,N,C,C,A,A,H,-,A,D,0,NA,NA,NA,NA,Y,NA,A,01,0,0,1,0,0,0,0,0,0,-,-,34.07931137084961,-118.29160308837892,LOS ANGELES,LOS ANGELES,-118.29160308837892,34.07929992675781
9097356,2020,2020-10-28,1941,2020-05-24,1039,11349,NA,7,5,7,1941,0,0,0,NA,0,NA,ANAHEIM ST,RAYMOND AV,95,E,N,A,-,N,NA,NA,NA,NA,NA,NA,NA,NA,NA,Y,3,0,2,2,A,-,07,21658,A,N,D,E,A,A,H,-,A,D,0,NA,NA,NA,NA,Y,NA,A,NA,0,2,0,0,0,0,0,0,0,-,-,NA,NA,LOS ANGELES,LONG BEACH,-118.16413116455078,33.78260803222656
90973565,2019,2019-04-23,9530,2019-04-12,1125,018200,NA,5,1,7,1941,0,1,1,NA,2,420,I-405 N/B (SAN DIEGO FREEWAY),TEMPLE AVE.,500,S,N,A,-,Y,NA,NA,405,NA,NA,NA,NA,NA,N,Y,4,0,2,4,A,-,07,21658,A,N,B,C,A,A,H,-,A,D,0,NA,NA,NA,NA,Y,NA,D,22,0,0,2,0,0,0,0,0,0,-,-,33.809181213378906,-118.1581802368164,LOS ANGELES,LONG BEACH,-118.15790557861328,33.80965805053711
9097357,2020,2020-10-28,1941,2020-05-26,0025,5895,NA,2,5,7,1941,0,0,0,NA,0,NA,DEL AMO BL,LEMON AV,0,NA,Y,A,-,N,NA,NA,NA,NA,NA,NA,NA,NA,NA,Y,4,0,1,1,A,-,03,22350,NA,N,A,I,A,A,H,-,C,D,0,NA,NA,NA,NA,Y,NA,A,NA,0,0,1,0,0,0,0,0,0,-,-,NA,NA,LOS ANGELES,LONG BEACH,-118.17971801757813,33.84690856933594
90973571,2019,2019-04-23,9535,2019-03-15,1440,022161,NA,5,2,9,1900,0,2,4,NA,2,016,1ST ST. (3600 BLOCK),ROWAN AVE,150,W,N,A,-,N,NA,NA,NA,NA,NA,NA,NA,NA,NA,N,4,0,1,2,A,-,11,21954,A,N,G,B,E,A,H,-,A,D,0,Y,NA,NA,NA,Y,NA,N,60,0,0,1,0,1,0,0,0,0,-,-,34.03594970703125,-118.18756866455078,LOS ANGELES,UNINCORPORATED,-118.18750762939452,34.036014556884766
90973574,2019,2019-04-23,9525,2019-04-20,1100,019495,NA,6,1,9,1900,0,3,5,NA,2,002,ARROW HIGHWAY (800 BLOCK),LARK ELLEN AVE,40,W,N,B,-,N,NA,NA,NA,NA,NA,NA,NA,NA,NA,N,4,0,1,2,A,-,08,22107,NA,N,D,G,A,A,H,-,A,D,0,NA,Y,NA,NA,Y,NA,A,01,0,0,1,0,0,0,1,0,0,-,-,34.107200622558594,-117.91690063476564,LOS ANGELES,UNINCORPORATED,-117.91709899902344,34.10688400268555
90973588,2019,2019-04-23,9525,2019-04-11,1653,021224,NA,4,2,6,1975,0,1,1,NA,2,106,I-10 E/B (SAN BERNARDINO FWY),BARRANCA AVE,550,E,N,B,-,Y,NA,NA,10,NA,NA,NA,NA,NA,E,Y,3,0,1,1,A,-,08,22107,NA,N,F,A,A,A,D,E,A,D,0,NA,NA,Y,NA,Y,NA,C,02,0,1,0,0,0,0,0,0,1,-,-,34.07183837890625,-117.87921905517578,LOS ANGELES,WEST COVINA,-117.87921905517578,34.07178497314453
90973589,2019,2019-04-23,9535,2019-04-12,1340,021976,NA,5,1,9,1900,0,2,4,NA,2,024,WHITTIER BLVD (5600 BLOCK),WILLIAMSON AVE.,20,W,N,A,-,N,NA,NA,NA,NA,NA,NA,NA,NA,NA,N,4,0,1,2,A,-,03,22350,NA,M,C,C,A,A,H,-,A,D,0,NA,NA,NA,NA,Y,NA,D,22,0,0,1,0,0,0,0,0,0,-,-,34.01847839355469,-118.1484832763672,LOS ANGELES,UNINCORPORATED,-118.14836120605467,34.018524169921875
90973630,2019,2019-04-23,9545,2019-04-15,1550,016124,NA,1,2,9,1900,0,3,5,NA,2,004,PALMDALE BLVD,200TH STREET EAST,0,NA,Y,A,G,N,NA,NA,NA,NA,NA,NA,NA,NA,NA,Y,4,0,2,2,A,-,05,21752,D,N,C,C,A,A,H,-,A,D,0,NA,NA,NA,NA,Y,NA,A,07,0,0,2,0,0,0,0,0,0,-,-,34.57994079589844,-117.7734375,LOS ANGELES,UNINCORPORATED,-117.77356719970705,34.579978942871094
90973632,2019,2019-04-23,9565,2019-04-11,0915,021021,NA,4,1,9,1900,0,3,5,NA,2,003,FAIRFAX AVE,CONDON AVE,100,S,N,A,-,N,NA,NA,NA,NA,NA,NA,NA,NA,NA,N,4,0,1,2,A,-,03,22350,NA,N,C,C,A,A,H,-,A,D,0,NA,NA,NA,NA,Y,NA,A,01,0,0,1,0,0,0,0,0,0,-,-,33.98630142211914,-118.36209869384766,LOS ANGELES,UNINCORPORATED,-118.36215972900392,33.98640060424805
90973646,2019,2019-04-23,9550,2019-04-11,0700,022237,NA,4,1,3,1964,0,1,1,NA,2,650,INTERSTATE 605 S/B,INTERSTATE 5 (SANTA ANA FREEWAY),1500,N,N,A,-,Y,NA,NA,605,NA,NA,NA,NA,NA,S,N,3,0,2,3,A,-,08,22107,NA,N,C,C,A,A,H,-,A,D,0,NA,NA,Y,NA,Y,NA,A,01,0,1,1,0,0,0,0,0,1,-,-,33.9456787109375,-118.09439086914064,LOS ANGELES,SANTA FE SPRINGS,-118.09439849853516,33.945682525634766
90973648,2019,2019-04-23,9590,2019-04-15,0640,022088,NA,1,1,7,1942,0,1,2,NA,2,042,US-101 NORTHBOUND (SANTA ANA FREEWAY),1ST STREET,500,N,N,A,-,Y,NA,NA,101,NA,NA,NA,NA,NA,N,N,4,0,1,2,A,-,07,21658,A,N,B,C,A,A,H,-,A,D,0,NA,NA,NA,Y,Y,NA,A,01,0,0,1,0,0,0,0,0,0,-,-,34.049659729003906,-118.22234344482422,LOS ANGELES,LOS ANGELES,-118.22237396240234,34.049644470214844
90973670,2019,2019-04-23,9550,2019-04-19,1820,022203,NA,5,2,3,1903,0,1,3,NA,2,091,STATE ROUTE 91 E/B,PIONEER BOULEVARD,300,W,N,A,-,Y,NA,NA,91,NA,NA,NA,NA,NA,E,Y,4,0,1,2,A,-,03,22350,NA,N,C,C,A,A,H,-,A,D,0,NA,NA,NA,NA,Y,NA,A,01,0,0,1,0,0,0,0,0,0,-,-,33.876319885253906,-118.08341217041016,LOS ANGELES,ARTESIA,-118.08341217041016,33.8764533996582
90973683,2019,2019-04-23,9535,2019-03-17,0220,021538,NA,7,3,5,1943,0,1,1,NA,2,075,I-710 S/B TO I-105 W/B,I-105 (CENTURY FREEWAY) W/B,235,N,N,A,-,Y,NA,NA,NA,NA,NA,NA,NA,NA,NA,Y,3,0,1,1,A,-,01,23152,A,N,E,I,A,A,H,-,C,D,0,NA,NA,NA,NA,Y,Y,A,01,0,1,0,0,0,0,0,0,0,-,-,33.9144287109375,-118.18287658691406,LOS ANGELES,LYNWOOD,NA,NA
90973737,2019,2019-04-24,9590,2019-04-22,2020,021132,NA,1,2,7,1942,0,1,1,NA,2,052,I-110 N/B (HAF),3RD STREET,200,N,N,A,-,Y,NA,NA,110,NA,NA,NA,NA,NA,N,N,4,0,1,2,A,-,03,22350,NA,N,C,C,A,A,H,-,C,D,0,NA,NA,NA,NA,Y,NA,A,01,0,0,1,0,0,0,0,0,0,-,-,34.056861877441406,-118.25495910644533,LOS ANGELES,LOS ANGELES,-118.25506591796876,34.05697250366211
90973738,2019,2019-04-24,9575,2019-04-18,1820,015204,NA,4,2,6,1953,0,1,1,NA,2,064,I-210 W/B (FOOTHILL FREEWAY),LOS ROBLES AVE,425,W,N,A,-,Y,NA,NA,210,NA,NA,NA,NA,NA,W,Y,4,0,1,2,A,-,03,22350,NA,N,C,C,A,A,H,-,A,D,0,NA,NA,NA,NA,Y,NA,A,01,0,0,1,0,0,0,0,0,0,-,-,34.15205001831055,-118.14306640625,LOS ANGELES,PASADENA,-118.14306640625,34.15204620361328
90973744,2019,2019-04-24,9590,2019-04-19,2230,021673,NA,5,3,7,1942,0,1,3,NA,2,095,SR-2 W/B (GLF) FROM COLORADO BLVD.,COLORADO BLVD.,2100,W,N,A,-,Y,NA,NA,2,NA,NA,NA,R,NA,W,N,4,0,1,2,A,-,08,22107,NA,F,B,C,A,A,H,-,C,D,0,NA,NA,NA,NA,Y,NA,-,99,0,0,1,0,0,0,0,0,0,-,-,34.13726043701172,-118.22921752929688,LOS ANGELES,LOS ANGELES,-118.22921752929688,34.13726043701172
90973757,2019,2019-04-24,9575,2019-04-16,1710,021932,NA,2,2,9,1900,0,2,4,NA,2,024,WOODBURY ROAD,LINCOLN AVENUE,0,NA,Y,A,-,N,NA,NA,NA,NA,NA,NA,NA,NA,NA,Y,3,0,1,2,A,-,09,21801,A,N,A,C,A,A,H,-,A,A,0,NA,NA,NA,NA,Y,NA,A,01,0,1,0,0,0,0,0,0,0,-,-,34.182979583740234,-118.15965270996094,LOS ANGELES,UNINCORPORATED,-118.15969848632813,34.18299102783203
90973764,2019,2019-04-24,9565,2019-04-12,1141,017713,NA,5,1,7,1942,0,1,1,NA,2,062,I-405 N/B (SAN DIEGO FREEWAY),VENICE BLVD.,300,N,N,A,-,Y,NA,NA,405,NA,NA,NA,NA,NA,N,Y,3,0,1,3,A,-,03,22350,NA,N,C,C,A,A,H,-,A,D,0,NA,NA,NA,NA,Y,NA,A,01,0,1,0,0,0,0,0,0,0,-,-,34.013118743896484,-118.41898345947266,LOS ANGELES,LOS ANGELES,-118.41902160644533,34.013084411621094
9097377,2020,2020-11-04,1900,2020-05-11,0500,652535,2608,1,5,6,1950,0,0,0,NA,0,264T1,AVENUE S,25TH ST EAST,200,E,N,A,-,N,NA,NA,NA,NA,NA,NA,NA,NA,NA,Y,4,0,3,3,A,-,09,21804,A,N,D,C,A,A,H,-,C,A,0,NA,NA,NA,NA,Y,NA,A,01,0,0,3,0,0,0,0,0,0,-,-,34.558101654052734,-118.08409881591795,LOS ANGELES,PALMDALE,-118.084228515625,34.55809020996094
90973770,2019,2019-04-24,9575,2019-04-19,1421,019629,NA,5,2,6,1953,0,1,1,NA,2,064,I-210 W/B (FOOTHILL FREEWAY),HILL AVE,550,E,N,A,-,Y,NA,NA,210,NA,NA,NA,NA,NA,W,N,3,0,2,3,A,-,03,22350,NA,N,C,C,A,A,H,-,A,D,0,NA,NA,NA,NA,Y,NA,A,01,0,2,0,0,0,0,0,0,0,-,-,34.15264129638672,-118.11920166015624,LOS ANGELES,PASADENA,-118.11920166015624,34.15250778198242
90973776,2019,2019-04-24,9525,2019-04-22,1655,021542,NA,1,2,1,1934,0,1,1,NA,2,651,I-605 S/B (SAN GABRIEL RIVER FWY),ARROW HIGHWAY,100,S,N,A,B,Y,NA,NA,605,NA,NA,NA,NA,NA,S,Y,4,0,1,2,A,-,03,22350,NA,N,C,C,A,A,H,-,A,D,0,NA,NA,NA,Y,Y,NA,G,25,0,0,1,0,0,0,0,0,0,-,-,34.11090850830078,-117.98011016845705,LOS ANGELES,IRWINDALE,-117.98023986816406,34.1109733581543
9097378,2020,2020-11-04,1900,2020-05-10,1518,625597,2608,7,5,6,1950,0,0,0,NA,0,262T1,20TH ST EAST,AVENUE R 4,0,NA,Y,A,-,N,NA,NA,NA,NA,NA,NA,NA,NA,NA,Y,4,0,1,2,A,-,09,21801,A,N,D,C,A,A,H,-,A,D,0,NA,NA,NA,NA,Y,NA,A,01,0,0,1,0,0,0,0,0,0,-,-,34.569091796875,-118.0940170288086,LOS ANGELES,PALMDALE,-118.09394073486328,34.569358825683594
9097379,2020,2020-11-04,1900,2020-05-09,1157,609138,2608,6,5,6,1950,0,0,0,NA,0,263T1,AVENUE R,20TH ST EAST,0,NA,Y,A,-,N,NA,NA,NA,NA,NA,NA,NA,NA,NA,Y,3,0,1,1,A,-,03,22350,NA,N,E,I,A,A,H,-,A,A,0,NA,NA,NA,NA,Y,Y,A,01,0,1,0,0,0,0,0,0,0,-,-,34.57278823852539,-118.09333801269533,LOS ANGELES,PALMDALE,-118.09396362304688,34.57270050048828
90973797,2019,2019-04-24,9590,2019-04-23,0936,022189,NA,2,1,7,1942,0,1,1,NA,2,082,I-5 N/B (GSF),RIVERSIDE DR.,500,N,N,A,-,Y,NA,NA,NA,NA,NA,NA,NA,NA,NA,N,4,0,1,2,A,-,03,22350,NA,N,C,C,A,A,H,-,A,D,0,NA,NA,NA,NA,Y,NA,A,01,0,0,1,0,0,0,0,0,0,-,-,34.084259033203125,-118.33956146240234,LOS ANGELES,LOS ANGELES,-118.24479675292967,34.096649169921875
9097380,2020,2020-11-04,1900,2020-05-14,2150,652535,2607,4,5,6,1950,0,0,0,NA,0,264T1,4TH ST EAST,AVENUE S 8,108,S,N,A,-,N,NA,NA,NA,NA,NA,NA,NA,NA,NA,Y,4,0,1,2,A,-,03,22350,NA,N,C,C,A,A,H,-,C,A,0,NA,NA,NA,NA,Y,NA,A,01,0,0,1,0,0,0,0,0,0,-,-,34.549598693847656,-118.04534149169922,LOS ANGELES,PALMDALE,-118.05854034423828,34.54959487915039
90973804,2019,2019-04-24,9575,2019-04-18,1300,016741,NA,4,1,6,1953,0,1,1,NA,2,064,I-210 W/B (FOOTHILL FREEWAY),HILL AVE,200,W,N,A,-,Y,NA,NA,210,NA,NA,NA,NA,NA,W,Y,4,0,1,3,C,-,18,NA,NA,N,C,C,A,A,H,-,A,D,0,NA,NA,NA,Y,Y,NA,-,-,0,0,1,0,0,0,0,0,0,-,-,34.15248107910156,-118.12197113037108,LOS ANGELES,PASADENA,-118.12197113037108,34.15245056152344
90973812,2019,2019-04-24,9535,2019-04-14,0935,017954,NA,7,1,5,1901,0,1,1,NA,2,421,I-10 (SAN BERNARDINO FREEWAY) W/B,FREMONT AVE.,2000,E,N,A,-,Y,NA,NA,10,NA,NA,NA,NA,NA,W,Y,4,0,1,2,A,-,08,22107,NA,N,C,C,A,A,H,-,A,D,0,NA,NA,Y,NA,Y,NA,C,02,0,0,1,0,0,0,0,0,1,-,-,34.071388244628906,-118.14579010009766,LOS ANGELES,ALHAMBRA,-118.14581298828124,34.07143783569336