CASE_ID,ACCIDENT_YEAR,PROC_DATE,JURIS,COLLISION_DATE,COLLISION_TIME,OFFICER_ID,REPORTING_DISTRICT,DAY_OF_WEEK,CHP_SHIFT,POPULATION,CNTY_CITY_LOC,SPECIAL_COND,BEAT_TYPE,CHP_BEAT_TYPE,CITY_DIVISION_LAPD,CHP_BEAT_CLASS,BEAT_NUMBER,PRIMARY_RD,SECONDARY_RD,DISTANCE,DIRECTION,INTERSECTION,WEATHER_1,WEATHER_2,STATE_HWY_IND,CALTRANS_COUNTY,CALTRANS_DISTRICT,STATE_ROUTE,ROUTE_SUFFIX,POSTMILE_PREFIX,POSTMILE,LOCATION_TYPE,RAMP_INTERSECTION,SIDE_OF_HWY,TOW_AWAY,COLLISION_SEVERITY,NUMBER_KILLED,NUMBER_INJURED,PARTY_COUNT,PRIMARY_COLL_FACTOR,PCF_CODE_OF_VIOL,PCF_VIOL_CATEGORY,PCF_VIOLATION,PCF_VIOL_SUBSECTION,HIT_AND_RUN,TYPE_OF_COLLISION,MVIW,PED_ACTION,ROAD_SURFACE,ROAD_COND_1,ROAD_COND_2,LIGHTING,CONTROL_DEVICE,CHP_ROAD_TYPE,PEDESTRIAN_ACCIDENT,BICYCLE_ACCIDENT,MOTORCYCLE_ACCIDENT,TRUCK_ACCIDENT,NOT_PRIVATE_PROPERTY,ALCOHOL_INVOLVED,STWD_VEHTYPE_AT_FAULT,CHP_VEHTYPE_AT_FAULT,COUNT_SEVERE_INJ,COUNT_VISIBLE_INJ,COUNT_COMPLAINT_PAIN,COUNT_PED_KILLED,COUNT_PED_INJURED,COUNT_BICYCLIST_KILLED,COUNT_BICYCLIST_INJURED,COUNT_MC_KILLED,COUNT_MC_INJURED,PRIMARY_RAMP,SECONDARY_RAMP,LATITUDE,LONGITUDE,COUNTY,CITY,POINT_X,POINT_Y
9097575,2020,2020-11-09,1942,2020-05-06,1545,42718,1269,3,5,7,1942,0,0,0,L,0,3A99,MCKINLEY AV,81ST ST,0,NA,Y,A,-,N,NA,NA,NA,NA,NA,NA,NA,NA,NA,N,4,0,1,2,A,-,12,22450,A,M,D,C,A,A,H,-,A,D,0,NA,NA,NA,NA,Y,NA,-,99,0,0,1,0,0,0,0,0,0,-,-,NA,NA,LOS ANGELES,LOS ANGELES,-118.26080322265624,33.965579986572266
9097576,2020,2020-11-09,1942,2020-05-07,1415,39177,1293,4,5,7,1942,0,0,0,L,0,25TL58,CENTURY BL,MANHATTAN PL,0,NA,Y,A,-,N,NA,NA,NA,NA,NA,NA,NA,NA,NA,Y,4,0,1,2,A,-,09,21801,A,N,A,C,A,A,H,-,A,D,0,NA,NA,NA,NA,Y,NA,A,01,0,0,1,0,0,0,0,0,0,-,-,NA,NA,LOS ANGELES,LOS ANGELES,-118.31018829345705,33.94546127319336
9097577,2020,2020-11-09,1942,2020-05-06,2130,41488,1258,3,5,7,1942,0,0,0,L,0,NA,S MAIN ST,E 79TH ST,0,NA,Y,A,-,N,NA,NA,NA,NA,NA,NA,NA,NA,NA,Y,4,0,3,3,A,-,12,21453,A,F,D,C,A,A,H,-,C,A,0,NA,NA,NA,NA,Y,NA,A,01,0,0,3,0,0,0,0,0,0,-,-,NA,NA,LOS ANGELES,LOS ANGELES,-118.27391052246094,33.96786880493164
9097578,2020,2020-11-09,1942,2020-05-07,1600,41579,1213,4,5,7,1942,0,0,0,L,0,12A3,W 54TH ST,S WILTON PL,0,NA,Y,A,-,N,NA,NA,NA,NA,NA,NA,NA,NA,NA,Y,4,0,4,2,A,-,12,22450,A,N,D,C,A,A,H,-,A,A,0,NA,NA,NA,NA,Y,NA,A,07,0,0,4,0,0,0,0,0,0,-,-,NA,NA,LOS ANGELES,LOS ANGELES,-118.31497192382813,33.993221282958984
9097579,2020,2020-11-09,1942,2020-05-06,1315,41849,1215,3,5,7,1942,0,0,0,L,0,12A51W,SLAUSON AV,VERMONT AV,150,W,N,A,-,N,NA,NA,NA,NA,NA,NA,NA,NA,NA,N,3,0,1,2,A,-,03,22350,NA,N,C,J,A,A,H,-,A,D,0,NA,Y,NA,NA,Y,NA,A,01,0,1,0,0,0,0,0,0,0,-,-,NA,NA,LOS ANGELES,LOS ANGELES,-118.29196166992188,33.98912811279297
9097580,2020,2020-11-09,1942,2020-05-06,1245,42681,1213,3,5,7,1942,0,0,0,L,0,12X8,54TH ST,MANHATTAN PL,20,E,N,A,-,N,NA,NA,NA,NA,NA,NA,NA,NA,NA,N,4,0,1,1,A,-,03,22350,NA,N,H,A,A,A,H,-,A,A,0,NA,NA,Y,NA,Y,NA,C,02,0,0,1,0,0,0,0,0,1,-,-,NA,NA,LOS ANGELES,LOS ANGELES,-118.3100814819336,33.99324035644531
90976416,2019,2019-04-26,9550,2019-04-18,1540,022203,NA,4,2,9,1900,0,3,5,NA,2,002,LEFFINGWELL ROAD,VALLEY VIEW AVENUE,200,E,N,A,-,N,NA,NA,NA,NA,NA,NA,NA,NA,NA,N,4,0,1,2,A,-,03,22350,NA,N,C,C,A,A,H,-,A,A,0,NA,NA,NA,NA,Y,NA,A,01,0,0,1,0,0,0,0,0,0,-,-,33.923099517822266,-118.0283203125,LOS ANGELES,UNINCORPORATED,-118.0285873413086,33.92291259765625
90976433,2019,2019-04-26,9575,2019-04-20,1200,022110,NA,6,1,6,1953,0,1,1,NA,2,064,E/B I-210 TO E/B I-210,FAIR OAKS AVENUE,220,W,N,B,-,Y,NA,NA,210,NA,NA,NA,R,NA,NA,N,4,0,1,2,A,-,03,22350,NA,N,C,C,A,A,H,-,A,D,0,NA,NA,NA,NA,Y,NA,A,01,0,0,1,0,0,0,0,0,0,-,-,34.15108108520508,-118.1514129638672,LOS ANGELES,PASADENA,-118.1514129638672,34.15108108520508
90976434,2019,2019-04-26,9575,2019-04-20,1222,022110,NA,6,1,6,1953,0,1,1,NA,2,064,I-210 E/B (FOOTHILL FREEWAY),KINNEOLA AVENUE,400,W,N,B,-,Y,NA,NA,210,NA,NA,NA,NA,NA,E,N,4,0,2,3,A,-,03,22350,NA,N,C,C,A,A,H,-,A,D,0,NA,NA,NA,NA,Y,NA,A,01,0,0,2,0,0,0,0,0,0,-,-,34.14936828613281,-118.08783721923828,LOS ANGELES,PASADENA,-118.08788299560548,34.1493034362793
90976435,2019,2019-04-26,9575,2019-04-20,1120,022110,NA,6,1,6,1953,0,1,1,NA,2,080,SR-710 S/B (LONG BEACH FREEWAY),GREEN STREET,300,S,N,B,-,Y,NA,NA,710,NA,NA,NA,NA,NA,S,Y,4,0,2,2,A,-,07,21658,A,N,B,C,A,A,H,-,A,D,0,NA,NA,NA,NA,Y,NA,A,07,0,0,2,0,0,0,0,0,0,-,-,34.143699645996094,-118.15528869628906,LOS ANGELES,PASADENA,-118.1552505493164,34.143699645996094
9097647,2020,2020-06-11,1900,2020-02-24,1300,551026,13656,1,5,5,1952,0,0,0,NA,0,136B,ROSECRANS AV,ORIZABA AV,0,NA,Y,A,-,N,NA,NA,NA,NA,NA,NA,NA,NA,NA,Y,3,0,1,2,A,-,09,21802,A,N,D,C,A,A,H,-,A,D,0,NA,NA,NA,NA,Y,NA,A,01,0,1,0,0,0,0,0,0,0,-,-,NA,NA,LOS ANGELES,PARAMOUNT,-118.157958984375,33.903751373291016
90976475,2019,2019-04-26,9575,2019-04-22,1135,018329,NA,1,1,6,1925,0,1,3,NA,2,042,SR-134 E/B (VENTURA FREEWAY),JACKSON ST.,240,W,N,A,-,Y,NA,NA,134,NA,NA,NA,NA,NA,E,N,4,0,2,3,A,-,07,21658,A,M,B,C,A,A,H,-,A,D,0,NA,NA,NA,NA,Y,NA,D,22,0,0,2,0,0,0,0,0,0,-,-,34.156280517578125,-118.25173950195313,LOS ANGELES,GLENDALE,-118.25173950195313,34.15627670288086
90976489,2019,2019-04-26,9535,2019-04-12,1740,019125,NA,5,2,5,1901,0,1,1,NA,2,420,I-10 (SAN BERNARDINO FREEWAY) E/B,ALMANSOR ST OVERCROSSING,1056,E,N,A,-,Y,NA,NA,10,NA,NA,NA,NA,NA,E,Y,2,0,1,2,A,-,03,22350,NA,N,C,C,A,A,H,-,A,D,0,NA,NA,Y,NA,Y,NA,C,02,1,0,0,0,0,0,0,0,1,-,-,34.07164001464844,-118.11245727539064,LOS ANGELES,ALHAMBRA,-118.11245727539064,34.07162857055664
90976494,2019,2019-04-26,9590,2019-04-23,0425,021671,NA,2,3,7,1942,0,1,1,NA,2,053,I-110 S/B (HARBOR FREEWAY),WASHINGTON BOULEVARD,50,N,N,A,-,Y,NA,NA,110,NA,NA,NA,NA,NA,S,Y,3,0,1,1,A,-,08,22107,NA,N,E,I,A,A,H,-,C,D,0,NA,NA,Y,NA,Y,NA,C,02,0,1,0,0,0,0,0,0,1,-,-,34.03559875488281,-118.27458953857422,LOS ANGELES,LOS ANGELES,-118.27448272705078,34.03558349609375
90976499,2019,2019-04-26,9535,2019-04-25,1610,017789,NA,4,2,5,1901,0,1,1,NA,2,420,I-10 (SAN BERNARDINO FREEWAY) E/B,FREMONT AVE,2000,W,N,A,-,Y,NA,NA,10,NA,NA,NA,NA,NA,E,N,4,0,2,2,A,-,03,22350,NA,N,C,C,A,A,H,-,A,D,0,NA,NA,NA,NA,Y,NA,A,07,0,0,2,0,0,0,0,0,0,-,-,34.064579010009766,-118.15821075439452,LOS ANGELES,ALHAMBRA,-118.15816497802734,34.06449508666992
9097650,2020,2020-06-24,1942,2020-02-23,1825,42894,221,7,5,7,1942,0,0,0,NA,0,2E12,BEVERLY BL,NEW HAMPSHIRE,26,E,N,A,-,N,NA,NA,NA,NA,NA,NA,NA,NA,NA,N,4,0,1,2,B,-,22,NA,NA,F,E,I,F,A,H,-,C,D,0,Y,NA,NA,NA,Y,NA,-,-,0,0,1,0,1,0,0,0,0,-,-,NA,NA,LOS ANGELES,LOS ANGELES,-118.29312133789064,34.07632064819336
9097651,2020,2020-06-24,1942,2020-02-12,0740,39481,0291,3,5,7,1942,0,0,0,B,0,2A69,WASHINGTON BL,HOOVER ST,0,NA,Y,A,-,N,NA,NA,NA,NA,NA,NA,NA,NA,NA,N,4,0,1,2,D,-,00,NA,NA,F,A,C,A,A,H,-,A,A,0,NA,NA,NA,NA,Y,NA,-,-,0,0,1,0,0,0,0,0,0,-,-,NA,NA,LOS ANGELES,LOS ANGELES,-118.28411865234376,34.03984832763672
9097652,2020,2020-06-24,1942,2020-02-26,2130,44078,0253,3,5,7,1942,0,0,0,B,0,2A5,S WESTLAKE,WESTLAKE AV,120,W,N,-,-,N,NA,NA,NA,NA,NA,NA,NA,NA,NA,Y,2,0,1,2,A,-,09,21804,A,N,B,D,A,A,-,-,C,A,0,NA,NA,Y,NA,Y,NA,-,-,1,0,0,0,0,0,0,0,1,-,-,NA,NA,LOS ANGELES,LOS ANGELES,-118.2834701538086,34.046051025390625
9097654,2020,2020-08-03,1942,2020-02-07,1300,37473,0479,5,5,7,1942,0,0,0,D,0,4A97,INDIANA ST,WHITTIER BL,50,N,N,A,-,N,NA,NA,NA,NA,NA,NA,NA,NA,NA,N,4,0,2,2,A,-,03,22350,NA,N,C,E,A,A,H,-,A,A,0,NA,NA,NA,NA,Y,NA,A,01,0,0,2,0,0,0,0,0,0,-,-,NA,NA,LOS ANGELES,LOS ANGELES,-118.19252014160156,34.024200439453125
9097655,2020,2020-06-24,1942,2020-02-08,1930,39613,422,6,5,7,1942,0,0,0,NA,0,4A15,MAIN,DALY,0,NA,Y,A,-,N,NA,NA,NA,NA,NA,NA,NA,NA,NA,N,4,0,1,2,A,-,10,21950,A,N,G,B,B,A,H,-,C,A,0,Y,NA,NA,NA,Y,NA,A,01,0,0,1,0,1,0,0,0,0,-,-,NA,NA,LOS ANGELES,LOS ANGELES,-118.21546936035156,34.06597900390625
90976565,2019,2019-04-26,9565,2019-04-16,1940,021372,NA,2,2,9,1900,0,2,4,NA,2,023,WESTERN AVENUE,105TH STREET,37,N,N,A,-,N,NA,NA,NA,NA,NA,NA,NA,NA,NA,N,2,0,1,2,A,-,11,21954,A,N,G,B,D,A,H,-,C,D,0,Y,NA,NA,NA,Y,NA,N,60,1,0,0,0,1,0,0,0,0,-,-,33.9410514831543,-118.30898284912108,LOS ANGELES,UNINCORPORATED,-118.30902862548828,33.941001892089844
90976578,2019,2019-04-26,9575,2019-04-21,1713,021006,NA,7,2,9,1900,0,2,4,NA,2,020,ALTADENA DR. (400 BLOCK),SANTA ANITA AVE. (2700 BLOCK),0,NA,Y,A,-,N,NA,NA,NA,NA,NA,NA,NA,NA,NA,Y,3,0,5,2,A,-,09,21802,B,N,D,C,A,A,H,-,A,A,0,NA,NA,NA,NA,Y,NA,A,07,0,1,4,0,0,0,0,0,0,-,-,34.19171142578125,-118.13831329345705,LOS ANGELES,UNINCORPORATED,-118.13831329345705,34.1916618347168
90976581,2019,2019-04-26,9590,2019-04-13,0150,022160,NA,6,3,7,1942,0,1,1,NA,2,062,I-10 E/B (SMF),UNION AVE.,255,W,N,A,-,Y,NA,NA,10,NA,NA,NA,NA,NA,E,Y,4,0,1,2,A,-,07,21658,A,F,B,C,A,A,H,-,C,D,0,NA,NA,NA,NA,Y,NA,-,99,0,0,1,0,0,0,0,0,0,-,-,34.036949157714844,-118.28296661376952,LOS ANGELES,LOS ANGELES,-118.28302764892578,34.0372428894043
90976582,2019,2019-04-26,9565,2019-04-16,1900,020209,NA,2,2,7,1942,0,1,1,NA,2,063,I-405 N/B (SAN DIEGO FREEWAY),SANTA MONICA BLVD,50,S,N,A,-,Y,NA,NA,405,NA,NA,NA,NA,NA,N,Y,4,0,3,3,A,-,03,22350,NA,N,C,C,A,A,H,-,A,D,0,NA,NA,NA,NA,Y,NA,A,07,0,0,3,0,0,0,0,0,0,-,-,34.04676818847656,-118.44642639160156,LOS ANGELES,LOS ANGELES,-118.44638824462892,34.04680252075195
90976586,2019,2019-04-26,9535,2019-04-18,1530,017586,NA,4,2,9,1900,0,1,1,NA,2,500,I-5 N/B (SANTA ANA FREEWAY),DOWNEY ROAD,500,N,N,A,-,Y,NA,NA,5,NA,NA,NA,NA,NA,N,N,4,0,1,2,A,-,07,21658,A,M,B,C,A,A,H,-,A,D,0,NA,NA,NA,NA,Y,NA,A,01,0,0,1,0,0,0,0,0,0,-,-,34.020198822021484,-118.18810272216795,LOS ANGELES,UNINCORPORATED,-118.18810272216795,34.02023696899414
90976591,2019,2019-04-26,9545,2019-04-16,1540,018090,NA,2,2,9,1900,0,3,5,NA,2,001,AVENUE G,70TH ST  W,0,NA,Y,A,-,N,NA,NA,NA,NA,NA,NA,NA,NA,NA,Y,3,0,1,2,A,-,09,21802,A,N,D,C,A,A,H,-,A,D,0,NA,NA,NA,NA,Y,NA,D,22,0,1,0,0,0,0,0,0,0,-,-,34.733028411865234,-118.25489044189452,LOS ANGELES,UNINCORPORATED,-118.25489807128906,34.73299026489258
90976593,2019,2019-04-26,9525,2019-04-17,1110,015632,NA,3,1,9,1900,0,3,5,NA,2,005,MT BALDY RD.,SHINN RD.,2640,N,N,A,-,Y,NA,NA,NA,NA,NA,NA,NA,NA,NA,Y,2,0,1,1,A,-,03,22350,NA,N,E,I,A,A,H,-,A,D,0,NA,NA,NA,NA,Y,NA,A,01,1,0,0,0,0,0,0,0,0,-,-,34.182010650634766,-117.67790222167967,LOS ANGELES,UNINCORPORATED,-117.67787933349608,34.1821403503418
90976595,2019,2019-04-26,9525,2019-04-25,0550,016679,NA,4,3,5,1990,0,1,3,NA,2,601,SR-60 W/B (POMONA FWY),GRAND AVE,528,W,N,A,-,Y,NA,NA,60,NA,NA,NA,NA,NA,W,N,4,0,1,2,A,-,03,22350,NA,N,C,C,A,A,H,-,B,D,0,NA,NA,NA,NA,Y,NA,A,01,0,0,1,0,0,0,0,0,0,-,-,34.00880813598633,-117.82491302490234,LOS ANGELES,DIAMOND BAR,-117.8249053955078,34.00880432128906
90976601,2019,2019-04-26,9540,2019-04-15,1500,018024,NA,1,2,6,1985,0,1,3,NA,1,145,SR-14 S/B TO GOLDEN VALLEY ROAD,GOLDEN VALLEY ROAD,20,N,N,A,-,Y,NA,NA,14,NA,NA,NA,R,NA,S,N,4,0,1,2,A,-,03,22350,NA,N,C,C,A,A,H,-,A,A,0,NA,NA,NA,NA,Y,NA,A,07,0,0,1,0,0,0,0,0,0,-,-,34.39329147338867,-118.47354888916016,LOS ANGELES,SANTA CLARITA,-118.47354888916016,34.39329147338867
90976622,2019,2019-04-26,9540,2019-04-18,0015,021434,NA,4,3,6,1985,0,1,3,NA,1,144,SR-14 N/B (ANTELOPE VALLEY FREEWAY),CANYON PARK BL,265,S,N,A,-,Y,NA,NA,14,NA,NA,NA,NA,NA,N,Y,2,0,3,2,A,-,03,22350,NA,N,C,C,A,A,H,-,D,D,0,NA,NA,NA,NA,Y,NA,A,01,1,0,2,0,0,0,0,0,0,-,-,34.40666961669922,-118.4481201171875,LOS ANGELES,SANTA CLARITA,-118.44805145263672,34.406593322753906
90976636,2019,2019-04-26,9575,2019-04-21,0915,021685,NA,7,1,9,1900,0,2,4,NA,2,015,RAMSDELL AVENUE (4400 BLOCK),COMMUNITY AVENUE (3000 BLOCK),0,NA,Y,A,-,N,NA,NA,NA,NA,NA,NA,NA,NA,NA,Y,4,0,1,2,A,-,12,21453,A,N,D,C,A,A,H,-,A,A,0,NA,NA,NA,NA,Y,NA,-,-,0,0,1,0,0,0,0,0,0,-,-,34.22502899169922,-118.24430084228516,LOS ANGELES,UNINCORPORATED,-118.24433135986328,34.22505187988281
90976640,2019,2019-04-26,9540,2019-04-15,0425,021395,NA,1,3,6,1985,0,1,1,NA,2,506,I-5 N/B (GOLDEN STATE FREEWAY),SR-126,3696,S,N,A,-,Y,NA,NA,5,NA,NA,NA,NA,NA,N,Y,3,0,3,2,A,-,03,22350,NA,N,C,C,A,A,H,-,C,D,0,NA,NA,NA,NA,Y,NA,A,01,0,1,2,0,0,0,0,0,0,-,-,34.43690872192383,-118.59478759765624,LOS ANGELES,SANTA CLARITA,-118.59477996826172,34.436920166015625
90976649,2019,2019-04-26,9565,2019-04-16,1250,017713,NA,2,1,9,1900,0,1,1,NA,2,063,I-405 S/B TO WILSHIRE BLVD. W/B,WILSHIRE BLVD.,40,N,N,A,-,Y,NA,NA,405,NA,NA,NA,R,NA,S,N,3,0,1,2,A,-,03,22350,NA,N,C,C,A,A,H,-,A,D,0,NA,NA,NA,NA,Y,NA,A,07,0,1,0,0,0,0,0,0,0,-,-,34.05535125732422,-118.45340728759766,LOS ANGELES,UNINCORPORATED,-118.45340728759766,34.05535125732422
90976660,2019,2019-04-26,9530,2019-04-16,0100,021038,NA,2,3,9,1900,0,3,5,NA,2,004,DEL AMO BLVD. (2000 BLOCK),WILMINGTON AVE.,983,E,N,A,-,N,NA,NA,NA,NA,NA,NA,NA,NA,NA,Y,2,0,1,2,A,-,03,22350,NA,N,C,C,A,A,H,-,C,D,0,NA,NA,NA,Y,Y,NA,A,01,1,0,0,0,0,0,0,0,0,-,-,33.84674835205078,-118.23078918457033,LOS ANGELES,UNINCORPORATED,-118.2308349609375,33.84674072265625
90976674,2019,2019-04-26,9540,2019-04-18,0016,021434,NA,4,3,6,1985,0,1,3,NA,1,144,SR-14 N/B (ANTELOPE VALLEY FREEWAY),CANYON PARK BL,110,S,N,A,-,Y,NA,NA,14,NA,NA,NA,NA,NA,N,Y,2,0,1,2,C,-,18,NA,NA,N,B,C,A,A,H,-,D,D,0,NA,NA,NA,NA,Y,NA,-,-,1,0,0,0,0,0,0,0,0,-,-,34.40666961669922,-118.4481201171875,LOS ANGELES,SANTA CLARITA,-118.44805145263672,34.406593322753906
90976684,2019,2019-04-26,9575,2019-01-19,0255,021566,NA,6,3,7,1942,0,1,1,NA,2,052,I-5 N/B (GOLDEN STATE FREEWAY),HOLLYWOOD WAY,1053,N,N,A,-,Y,NA,NA,5,NA,NA,NA,NA,NA,N,Y,2,0,1,2,A,-,03,22350,NA,N,D,C,A,A,H,-,C,D,0,NA,NA,NA,NA,Y,NA,A,01,1,0,0,0,0,0,0,0,0,-,-,34.21622848510742,-118.3530731201172,LOS ANGELES,LOS ANGELES,-118.35312652587892,34.21615982055664
90976689,2019,2019-04-26,9540,2019-04-18,0017,021434,NA,4,3,6,1985,0,1,3,NA,1,144,SR-14 N/B (ANTELOPE VALLEY FREEWAY),CANYON PARK BLVD,172,S,N,A,-,Y,NA,NA,14,NA,NA,NA,NA,NA,N,Y,2,0,5,2,C,-,18,NA,NA,N,D,C,A,A,H,-,D,D,0,NA,NA,NA,NA,Y,NA,-,-,1,0,4,0,0,0,0,0,0,-,-,34.40666961669922,-118.4481201171875,LOS ANGELES,SANTA CLARITA,-118.44805145263672,34.406593322753906
90976693,2019,2019-04-26,9575,2019-01-19,0304,021925,NA,6,3,7,1942,0,1,1,NA,2,052,I-5 NORTHBOUND (GOLDEN STATE FREEWAY),HOLLYWOOD WAY,1078,N,N,A,-,Y,NA,NA,5,NA,NA,NA,NA,NA,N,Y,1,1,0,2,A,-,11,21954,A,N,G,B,E,A,H,-,C,D,0,Y,NA,NA,NA,Y,NA,N,60,0,0,0,1,0,0,0,0,0,-,-,34.21628189086914,-118.35312652587892,LOS ANGELES,LOS ANGELES,-118.35318756103516,34.216209411621094
90976695,2019,2019-04-26,9565,2019-04-16,0915,021632,NA,2,1,6,1933,0,1,1,NA,2,060,I-405 NORTHBOUND (SAN DIEGO FREEWAY),CENTURY BOULEV ARD,1200,N,N,B,-,Y,NA,NA,405,NA,NA,NA,NA,NA,N,Y,4,0,1,2,A,-,07,21658,A,N,B,C,A,A,H,-,A,D,0,NA,NA,NA,NA,Y,NA,A,01,0,0,1,0,0,0,0,0,0,-,-,33.94873046875,-118.36827087402344,LOS ANGELES,INGLEWOOD,-118.36837005615234,33.94871520996094
90976712,2019,2019-04-26,9565,2019-04-16,0449,022219,NA,2,3,7,1942,0,1,1,NA,2,062,I-405 N/B (PHIL ORTIZ MEMORIAL HIGHWAY),PALMS BLVD,200,S,N,B,-,Y,NA,NA,405,NA,NA,NA,NA,NA,N,Y,4,0,1,2,A,-,07,21658,A,N,B,C,A,A,H,-,D,D,0,NA,NA,NA,NA,Y,NA,A,01,0,0,1,0,0,0,0,0,0,-,-,34.018409729003906,-118.42343902587892,LOS ANGELES,LOS ANGELES,-118.4233169555664,34.01850891113281
90976717,2019,2019-04-26,9535,2019-04-18,1830,017586,NA,4,2,9,1900,0,1,1,NA,2,500,I-5 (SANTA ANA FREEWAY) N/B,I-710 (LBF),200,N,N,A,-,Y,NA,NA,5,NA,NA,NA,NA,NA,N,N,4,0,1,2,A,-,03,22350,NA,N,C,C,A,A,H,-,A,D,0,NA,NA,NA,NA,Y,NA,D,22,0,0,1,0,0,0,0,0,0,-,-,34.02056884765625,-118.18936920166016,LOS ANGELES,UNINCORPORATED,-118.18936920166016,34.02022933959961
90976738,2019,2019-04-26,9590,2019-04-23,1225,015575,NA,2,1,7,1942,0,1,2,NA,2,073,US-101 S/B (HOLLYWOOD FREEWAY),BARHAM BLVD,276,S,N,A,-,Y,NA,NA,101,NA,NA,NA,NA,NA,S,Y,4,0,1,4,A,-,03,22350,NA,N,C,C,A,A,H,-,A,D,0,NA,NA,NA,NA,Y,NA,A,01,0,0,1,0,0,0,0,0,0,-,-,34.128021240234375,-118.34632873535156,LOS ANGELES,LOS ANGELES,-118.34637451171876,34.12797927856445
9097677,2020,2020-08-03,1913,2020-02-13,2111,3906,04,4,5,4,1913,0,0,0,NA,0,NA,SAN JOSE AV,INDIAN HILL BL,0,NA,Y,A,-,N,NA,NA,NA,NA,NA,NA,NA,NA,NA,N,3,0,1,2,A,-,10,21950,A,N,G,B,B,A,H,-,C,A,0,Y,NA,NA,NA,Y,NA,A,01,0,1,0,0,1,0,0,0,0,-,-,NA,NA,LOS ANGELES,CLAREMONT,-117.7193603515625,34.08320999145508
90976775,2019,2019-04-26,9530,2019-04-16,2020,021994,NA,2,2,9,1900,0,3,5,NA,2,001,HOOPER AVENUE,89TH STREET,0,NA,Y,A,-,N,NA,NA,NA,NA,NA,NA,NA,NA,NA,N,3,0,1,2,A,-,10,21950,A,N,G,B,D,A,H,-,C,D,0,Y,NA,NA,NA,Y,NA,A,01,0,1,0,0,1,0,0,0,0,-,-,33.95555114746094,-118.25405883789064,LOS ANGELES,UNINCORPORATED,-118.25405883789064,33.955589294433594
9097678,2020,2020-08-03,1913,2020-02-05,1756,4082,73,3,5,4,1913,0,0,0,NA,0,NA,BASELINE RD,RT 210,395,W,N,A,-,N,NA,NA,NA,NA,NA,NA,NA,NA,NA,Y,4,0,2,2,A,-,05,21651,A,N,B,C,A,A,H,-,C,D,0,NA,NA,NA,NA,Y,NA,A,01,0,0,2,0,0,0,0,0,0,-,EF,NA,NA,LOS ANGELES,CLAREMONT,-117.69807434082033,34.12160110473633
90976803,2019,2019-04-26,9580,2019-04-12,1130,017228,NA,5,1,7,1942,0,1,3,NA,2,171,SR-170 S/B (HOLLYWOOD FWY.),RIVERSIDE DRIVE,800,N,N,A,-,Y,NA,NA,NA,NA,NA,NA,NA,NA,NA,Y,4,0,2,3,A,-,03,22350,NA,N,C,C,A,A,H,-,A,D,0,NA,NA,NA,NA,Y,NA,A,01,0,0,2,0,0,0,0,0,0,-,-,34.16136169433594,-118.37885284423828,LOS ANGELES,LOS ANGELES,-118.38053131103516,34.15970993041992
90976804,2019,2019-04-26,9535,2019-04-18,1250,017954,NA,4,1,5,1948,0,1,1,NA,2,421,I-10 (SAN BERNARDINO FREEWAY) W/B,I-710,450,W,N,A,-,Y,NA,NA,10,NA,NA,NA,NA,NA,W,Y,3,0,1,2,A,-,08,22107,NA,N,B,C,A,A,H,-,A,D,0,NA,NA,NA,Y,Y,NA,A,07,0,1,0,0,0,0,0,0,0,-,-,34.061439514160156,-118.16693878173828,LOS ANGELES,MONTEREY PARK,-118.1669464111328,34.061397552490234
90976819,2019,2019-04-26,9530,2019-04-17,2135,021871,NA,3,2,9,1900,0,3,5,NA,2,004,DEL AMO BLVD.,SUSANA RD.,0,NA,Y,A,-,N,NA,NA,NA,NA,NA,NA,NA,NA,NA,Y,2,0,2,2,A,-,12,21453,A,N,D,C,A,A,H,-,C,A,0,NA,NA,NA,NA,Y,NA,A,01,1,0,1,0,0,0,0,0,0,-,-,33.846710205078125,-118.2068099975586,LOS ANGELES,UNINCORPORATED,-118.20680236816406,33.8465690612793
90976820,2019,2019-04-26,9590,2019-04-21,0340,021291,NA,7,3,7,1942,0,1,2,NA,2,072,US-101 N/B (HOLLYWOOD FREEWAY),MULHOLLAND DR,1000,S,N,A,-,Y,NA,NA,101,NA,NA,NA,NA,NA,N,Y,3,0,1,2,A,-,01,23152,A,N,B,C,A,A,H,-,C,D,0,NA,NA,NA,NA,Y,Y,A,01,0,1,0,0,0,0,0,0,0,-,-,34.12125015258789,-118.33944702148438,LOS ANGELES,LOS ANGELES,-118.33942413330078,34.12126922607422
90976837,2019,2019-04-26,9590,2019-04-22,1145,015575,NA,1,1,6,1953,0,1,1,NA,2,014,SR-110 N/B (ARROYO SECO PARKWAY),GLENARM STREET,80,S,N,A,-,Y,NA,NA,110,NA,NA,NA,NA,NA,N,N,4,0,1,2,A,-,03,22350,NA,N,C,C,A,A,H,-,A,D,0,NA,NA,NA,NA,Y,NA,A,01,0,0,1,0,0,0,0,0,0,-,-,34.12744140625,-118.14720153808594,LOS ANGELES,PASADENA,-118.14727020263672,34.12744140625
90976850,2019,2019-04-26,9545,2019-04-17,1400,020849,NA,3,2,9,1900,0,1,3,NA,1,042,SR-138,116TH ST  E,0,NA,Y,A,-,Y,NA,NA,138,NA,NA,NA,NA,NA,NA,N,3,0,1,2,A,-,09,21802,A,N,D,C,A,A,D,H,A,D,0,NA,NA,NA,NA,Y,NA,A,07,0,1,0,0,0,0,0,0,0,-,-,34.50640106201172,-117.9228973388672,LOS ANGELES,UNINCORPORATED,-117.92290496826172,34.50638961791992