CASE_ID,ACCIDENT_YEAR,PROC_DATE,JURIS,COLLISION_DATE,COLLISION_TIME,OFFICER_ID,REPORTING_DISTRICT,DAY_OF_WEEK,CHP_SHIFT,POPULATION,CNTY_CITY_LOC,SPECIAL_COND,BEAT_TYPE,CHP_BEAT_TYPE,CITY_DIVISION_LAPD,CHP_BEAT_CLASS,BEAT_NUMBER,PRIMARY_RD,SECONDARY_RD,DISTANCE,DIRECTION,INTERSECTION,WEATHER_1,WEATHER_2,STATE_HWY_IND,CALTRANS_COUNTY,CALTRANS_DISTRICT,STATE_ROUTE,ROUTE_SUFFIX,POSTMILE_PREFIX,POSTMILE,LOCATION_TYPE,RAMP_INTERSECTION,SIDE_OF_HWY,TOW_AWAY,COLLISION_SEVERITY,NUMBER_KILLED,NUMBER_INJURED,PARTY_COUNT,PRIMARY_COLL_FACTOR,PCF_CODE_OF_VIOL,PCF_VIOL_CATEGORY,PCF_VIOLATION,PCF_VIOL_SUBSECTION,HIT_AND_RUN,TYPE_OF_COLLISION,MVIW,PED_ACTION,ROAD_SURFACE,ROAD_COND_1,ROAD_COND_2,LIGHTING,CONTROL_DEVICE,CHP_ROAD_TYPE,PEDESTRIAN_ACCIDENT,BICYCLE_ACCIDENT,MOTORCYCLE_ACCIDENT,TRUCK_ACCIDENT,NOT_PRIVATE_PROPERTY,ALCOHOL_INVOLVED,STWD_VEHTYPE_AT_FAULT,CHP_VEHTYPE_AT_FAULT,COUNT_SEVERE_INJ,COUNT_VISIBLE_INJ,COUNT_COMPLAINT_PAIN,COUNT_PED_KILLED,COUNT_PED_INJURED,COUNT_BICYCLIST_KILLED,COUNT_BICYCLIST_INJURED,COUNT_MC_KILLED,COUNT_MC_INJURED,PRIMARY_RAMP,SECONDARY_RAMP,LATITUDE,LONGITUDE,COUNTY,CITY,POINT_X,POINT_Y
90978895,2019,2019-04-30,9550,2019-04-22,1230,022268,NA,1,1,9,1900,0,1,3,NA,1,014,WHITTIER BOULEVARD,PALM AVENUE,165,E,N,A,-,N,NA,NA,NA,NA,NA,NA,NA,NA,NA,N,4,0,1,2,A,-,09,21804,A,N,D,C,A,A,H,-,A,D,0,NA,NA,NA,NA,Y,NA,A,01,0,0,1,0,0,0,0,0,0,-,-,33.98379898071289,-118.05410003662108,LOS ANGELES,UNINCORPORATED,-118.05425262451172,33.983299255371094
90978898,2019,2019-04-30,9565,2019-04-18,2313,022231,NA,4,3,9,1900,0,2,4,NA,1,032,SLAUSON AVE,SHENANDOAH AVE,294,W,N,A,-,N,NA,NA,NA,NA,NA,NA,NA,NA,NA,Y,3,0,1,1,A,-,01,23152,A,N,E,I,A,A,H,-,C,D,0,NA,NA,NA,NA,Y,Y,A,01,0,1,0,0,0,0,0,0,0,-,-,33.989078521728516,-118.37869262695313,LOS ANGELES,UNINCORPORATED,-118.3784637451172,33.98876953125
90978901,2019,2019-04-30,9545,2019-04-21,1630,021730,NA,7,2,9,1900,0,3,5,NA,2,004,AVENUE O,140TH E,1056,W,N,A,-,N,NA,NA,NA,NA,NA,NA,NA,NA,NA,Y,3,0,4,1,A,-,08,22107,NA,N,F,A,A,A,H,-,A,D,0,NA,NA,NA,NA,Y,NA,A,07,0,1,3,0,0,0,0,0,0,-,-,34.61698913574219,-117.88253021240234,LOS ANGELES,UNINCORPORATED,-117.884248,34.616676
90978925,2019,2019-04-30,9525,2019-04-22,1728,021156,NA,1,2,6,1975,0,1,1,NA,2,105,I-10 W/B (SAN BERNARDINO FWY),VIA VERDE AVE,1056,W,N,A,-,Y,NA,NA,NA,NA,NA,NA,NA,NA,NA,N,4,0,1,2,A,-,03,22350,NA,F,C,C,A,A,D,E,A,D,0,NA,NA,NA,NA,Y,NA,A,01,0,0,1,0,0,0,0,0,0,-,-,34.068321228027344,-117.84678649902344,LOS ANGELES,WEST COVINA,NA,NA
90978940,2019,2019-04-30,9545,2019-04-21,1455,018550,NA,7,2,9,1900,0,2,4,NA,1,024,ELIZABETH LAKE RD,BOUQUET CANYON RD,0,NA,Y,A,-,N,NA,NA,NA,NA,NA,NA,NA,NA,NA,Y,4,0,2,2,A,-,03,22350,NA,N,C,C,A,A,H,-,A,D,0,NA,NA,NA,NA,Y,NA,A,01,0,0,2,0,0,0,0,0,0,-,-,34.611698150634766,-118.27091979980467,LOS ANGELES,UNINCORPORATED,-118.27115631103516,34.611751556396484
90978949,2019,2019-04-30,9525,2019-04-23,0448,021443,NA,2,3,6,1955,0,1,1,NA,2,109,I-10 W/B (SAN BERNARDINO FWY),ORANGE GROVE AVE,500,E,N,A,-,Y,NA,NA,10,NA,NA,NA,NA,NA,W,Y,4,0,1,3,A,-,03,22350,NA,F,C,C,A,A,H,-,C,D,0,NA,NA,NA,NA,Y,NA,A,01,0,0,1,0,0,0,0,0,0,-,-,34.0766487121582,-117.74591827392578,LOS ANGELES,POMONA,-117.74588775634766,34.07657241821289
90978967,2019,2019-04-30,9550,2019-04-21,2110,021100,NA,7,2,3,1964,0,1,1,NA,2,650,I-605 S/B,TELEGRAPH ROAD,1000,N,N,A,-,Y,NA,NA,605,NA,NA,NA,NA,NA,S,Y,3,0,3,4,A,-,03,22350,NA,N,C,C,A,A,H,-,C,D,0,NA,NA,NA,NA,Y,NA,A,07,0,1,2,0,0,0,0,0,0,-,-,33.95351028442383,-118.08911895751952,LOS ANGELES,SANTA FE SPRINGS,-118.08966064453124,33.95384216308594
90978984,2019,2019-04-30,9550,2019-04-19,0837,022239,NA,5,1,3,1903,0,1,3,NA,2,091,SR-91 E/B (ARTESIA FREEWAY),GRIDLEY ROAD,180,E,N,A,-,Y,NA,NA,91,NA,NA,NA,NA,NA,E,Y,4,0,1,2,A,-,03,22350,NA,N,C,C,A,A,H,-,A,D,0,NA,NA,NA,NA,Y,NA,A,01,0,0,1,0,0,0,0,0,0,-,-,33.87636947631836,-118.09089660644533,LOS ANGELES,ARTESIA,-118.09089660644533,33.87642288208008
90978996,2019,2019-04-30,9590,2019-04-27,1744,022041,NA,6,2,7,1942,0,1,2,NA,2,073,US-101 S/B (HOLLYWOOD FREEWAY),BARHAM BLVD. O/C,200,S,N,A,-,Y,NA,NA,101,NA,NA,NA,NA,NA,S,N,4,0,1,2,A,-,03,22350,NA,N,C,C,A,A,H,-,A,D,0,NA,NA,NA,NA,Y,NA,A,01,0,0,1,0,0,0,0,0,0,-,-,34.12799835205078,-118.3464584350586,LOS ANGELES,LOS ANGELES,-118.34642791748048,34.12803268432617
90979002,2019,2019-04-30,9565,2019-04-18,1030,021004,NA,4,1,9,1900,0,1,1,NA,2,012,I-105 W/B (GLENN ANDERSON FWY),BUDLONG AVE.,214,W,N,A,-,Y,NA,NA,105,NA,NA,NA,NA,NA,W,Y,4,0,1,2,A,-,03,22350,NA,N,C,C,A,A,H,-,A,D,0,NA,NA,NA,NA,Y,NA,A,07,0,0,1,0,0,0,0,0,0,-,-,33.92831039428711,-118.29708099365234,LOS ANGELES,UNINCORPORATED,-118.29710388183594,33.928401947021484
90979073,2019,2019-05-06,9530,2019-04-19,1140,013990,NA,5,1,7,1941,0,1,1,NA,2,072,I-710 N/B (LONG BEACH FREEWAY),WARDLOW RD.,78,N,N,A,-,Y,NA,NA,710,NA,NA,NA,NA,NA,N,Y,3,0,1,3,A,-,03,22350,NA,N,C,C,A,A,H,-,A,D,0,NA,NA,NA,NA,Y,NA,A,07,0,1,0,0,0,0,0,0,0,-,-,33.82189178466797,-118.2067413330078,LOS ANGELES,LONG BEACH,-118.20686340332033,33.82189178466797
90979074,2019,2019-04-30,9530,2019-04-19,0810,020080,NA,5,1,9,1900,0,3,5,NA,2,002,120TH ST.,HEALTHY WAY,0,NA,Y,A,-,N,NA,NA,NA,NA,NA,NA,NA,NA,NA,Y,3,0,1,4,A,-,08,22107,NA,N,C,C,A,A,H,-,A,A,0,NA,NA,NA,NA,Y,NA,A,01,0,1,0,0,0,0,0,0,0,-,-,33.924591064453125,-118.2426528930664,LOS ANGELES,UNINCORPORATED,-118.243396,33.924567
90979101,2019,2019-04-30,9525,2019-04-17,1500,018402,NA,3,2,4,1938,0,1,1,NA,2,209,SR-210 W/B (FOOTHILL FWY),FOOTHILL BLVD,200,W,N,A,-,Y,NA,NA,210,NA,NA,NA,NA,NA,W,Y,3,0,1,1,A,-,08,22107,NA,N,E,I,A,A,H,-,A,D,0,NA,NA,NA,NA,Y,NA,A,07,0,1,0,0,0,0,0,0,0,-,-,34.12010955810547,-117.78810119628906,LOS ANGELES,LA VERNE,-117.78810119628906,34.12009811401367
90979116,2019,2019-04-30,9530,2019-04-19,0945,020427,NA,5,1,6,1972,0,1,1,NA,2,400,I-405 N/B (SAN DIEGO FREEWAY),ARTESIA BLVD.,18,N,N,B,-,Y,NA,NA,405,NA,NA,NA,NA,NA,N,Y,4,0,1,2,A,-,03,22350,NA,N,C,C,A,A,H,-,A,D,0,NA,NA,NA,NA,Y,NA,A,01,0,0,1,0,0,0,0,0,0,-,-,33.873111724853516,-118.34230041503906,LOS ANGELES,TORRANCE,-118.3422622680664,33.873138427734375
90979119,2019,2019-04-30,9550,2019-04-23,0850,013729,NA,2,1,3,1903,0,1,3,NA,2,092,SR-91 (W/B),NORWALK BLVD,350,W,N,A,-,Y,NA,NA,91,NA,NA,NA,NA,NA,NA,N,3,0,1,2,A,-,03,22350,NA,N,C,C,A,A,H,-,A,D,0,NA,NA,NA,NA,Y,NA,A,01,0,1,0,0,0,0,0,0,0,-,-,33.876739501953125,-118.07530212402344,LOS ANGELES,ARTESIA,-118.07530212402344,33.87648391723633
90979122,2019,2019-04-30,9525,2019-04-23,2054,021224,NA,2,2,6,1955,0,1,1,NA,2,108,I-10 E/B (SAN BERNARDINO FWY),KELLOGG DR.,2112,W,N,A,-,Y,NA,NA,10,NA,NA,NA,NA,NA,E,N,4,0,2,3,A,-,03,22350,NA,N,C,C,A,A,D,E,D,D,0,NA,NA,NA,NA,Y,NA,D,22,0,0,2,0,0,0,0,0,0,-,-,34.06349182128906,-117.818603515625,LOS ANGELES,POMONA,-117.818603515625,34.063568115234375
90979126,2019,2019-04-30,9550,2019-04-23,0840,013729,NA,2,1,5,1919,0,1,3,NA,2,091,SR-91 (W/B),I-605,720,W,N,A,-,Y,NA,NA,91,NA,NA,NA,NA,NA,NA,Y,3,0,2,2,A,-,07,21658,A,N,B,C,A,A,H,-,A,D,0,NA,NA,NA,NA,Y,NA,A,01,0,1,1,0,0,0,0,0,0,-,-,33.876258850097656,-118.10588836669922,LOS ANGELES,CERRITOS,-118.10587310791016,33.876434326171875
90979140,2019,2019-04-30,9590,2019-04-25,1910,021583,NA,4,2,7,1942,0,1,2,NA,2,072,US-101 N/B (HOLLYWOOD FREEWAY),UNIVERSAL STUDIOS BLVD,200,N,N,A,-,Y,NA,NA,101,NA,NA,NA,NA,NA,N,Y,4,0,2,3,A,-,03,22350,NA,N,C,C,A,A,H,-,A,D,0,NA,NA,NA,NA,Y,NA,A,07,0,0,2,0,0,0,0,0,0,-,-,34.13370895385742,-118.35391235351564,LOS ANGELES,LOS ANGELES,-118.35390472412108,34.133724212646484
90979149,2019,2019-04-30,9525,2019-04-24,0535,018505,NA,3,3,4,1905,0,1,1,NA,2,213,I-210 W/B (FOOTHILL FWY),CITRUS AVE,500,W,N,A,-,Y,NA,NA,210,NA,NA,NA,NA,NA,W,Y,3,0,1,2,A,-,03,22350,NA,N,C,C,A,A,H,-,D,D,0,NA,NA,Y,NA,Y,NA,C,02,0,1,0,0,0,0,0,0,1,-,-,34.12110137939453,-117.89289855957033,LOS ANGELES,AZUSA,-117.89290618896484,34.121002197265625
90979152,2019,2019-04-30,9535,2019-04-12,2230,022250,NA,5,3,3,1968,0,1,3,NA,2,620,SR-60 (POMONA FREEWAY) E/B,PECK RD,1200,W,N,A,-,Y,NA,NA,60,NA,NA,NA,NA,NA,E,Y,2,0,2,2,A,-,01,23152,A,N,C,E,A,A,H,-,C,D,0,NA,NA,NA,NA,Y,Y,A,01,2,0,0,0,0,0,0,0,0,-,-,34.03792953491211,-118.04258728027344,LOS ANGELES,SOUTH EL MONTE,-118.04257202148438,34.03802490234375
90979169,2019,2019-04-30,9530,2019-04-19,1445,021610,NA,5,2,4,1939,0,1,1,NA,2,400,I-405 S/B (SAN DIEGO FREEWAY),HAWTHORNE BLVD.,685,N,N,A,-,Y,NA,NA,NA,NA,NA,NA,NA,NA,NA,N,4,0,2,2,A,-,03,22350,NA,N,C,A,A,A,H,-,A,D,0,NA,NA,NA,NA,Y,NA,A,01,0,0,2,0,0,0,0,0,0,-,-,33.531681060791016,-118.21270751953124,LOS ANGELES,LAWNDALE,-118.35443878173828,33.885868072509766
9097918,2020,2020-10-13,1900,2020-02-15,1817,632900,1264,6,5,3,1991,0,0,0,NA,0,122A,FOOTHILL BL,CROWN AV,0,NA,Y,A,-,Y,LA,7,210,-,R,21.156,R,4,W,Y,4,0,5,2,A,-,12,21453,A,N,D,C,A,A,H,-,C,A,0,NA,NA,NA,NA,Y,NA,A,07,0,0,5,0,0,0,0,0,0,-,-,34.19709014892578,-118.18424987792967,LOS ANGELES,LA CANADA-FLINTRIDGE,-118.18321228027344,34.19526672363281
90979184,2019,2019-04-30,9530,2019-04-21,2210,021582,NA,7,3,9,1900,0,3,5,NA,2,003,ALONDRA BLVD. (3900 BLOCK),CARESS AVE.,100,W,N,A,-,N,NA,NA,NA,NA,NA,NA,NA,NA,NA,Y,4,0,1,2,A,-,03,22350,NA,N,D,C,A,A,H,-,D,D,0,NA,NA,NA,NA,Y,NA,A,01,0,0,1,0,0,0,0,0,0,-,-,33.88867950439453,-118.200439453125,LOS ANGELES,UNINCORPORATED,-118.20040893554688,33.88872528076172
9097919,2020,2020-06-19,1900,2020-02-25,1948,637309,0976,2,5,4,1979,0,0,0,NA,0,91A,SANTA MONICA BL,SWEETZER AV,65,E,N,A,-,N,NA,NA,NA,NA,NA,NA,NA,NA,NA,Y,4,0,1,3,A,-,08,22107,NA,N,B,E,A,A,H,-,C,D,0,NA,NA,NA,NA,Y,NA,A,01,0,0,1,0,0,0,0,0,0,-,-,34.09069061279297,-118.36962127685548,LOS ANGELES,WEST HOLLYWOOD,-118.37006378173828,34.0906982421875
90979195,2019,2019-04-30,9565,2019-04-16,1700,022226,NA,2,2,7,1942,0,1,3,NA,2,070,SR-90 E/B (MARINA FREEWAY),MESMER AVENUE,270,W,N,A,-,Y,NA,NA,90,NA,NA,NA,NA,NA,E,Y,3,0,1,5,A,-,07,21658,A,N,B,C,A,A,H,-,A,D,0,NA,NA,Y,NA,Y,NA,A,01,0,1,0,0,0,0,0,0,1,-,-,33.98820877075195,-118.4055404663086,LOS ANGELES,LOS ANGELES,-118.4055404663086,33.98822784423828
90979234,2019,2019-04-30,9590,2019-04-25,1740,021190,NA,4,2,7,1942,0,1,1,NA,2,010,SR-110 N/B (ASP),PARK ROW DRIVE,1200,N,N,A,-,Y,NA,NA,110,NA,NA,NA,NA,NA,N,N,4,0,2,4,A,-,03,22350,NA,N,C,C,A,A,H,-,A,D,0,NA,NA,NA,NA,Y,NA,A,01,0,0,2,0,0,0,0,0,0,-,-,34.07862091064453,-118.22779846191406,LOS ANGELES,LOS ANGELES,-118.22785186767578,34.07868194580078
90979237,2019,2019-04-30,9545,2019-04-24,1405,016124,NA,3,2,9,1900,0,3,5,NA,2,004,PEARBLOSSOM HIGHWAY,OLD NADEAU ROAD,35,E,N,A,-,N,NA,NA,NA,NA,NA,NA,NA,NA,NA,Y,4,0,3,3,A,-,03,22350,NA,N,C,C,A,A,H,-,A,D,0,NA,NA,NA,NA,Y,NA,A,07,0,0,3,0,0,0,0,0,0,-,-,34.53514862060547,-118.08548736572266,LOS ANGELES,UNINCORPORATED,-118.09590911865234,34.52379608154297
90979250,2019,2019-04-30,9545,2019-04-24,0510,022265,NA,3,3,9,1900,0,3,5,NA,2,003,CROWN VALLEY ROAD,COUNTRY WAY,1056,S,N,A,-,N,NA,NA,NA,NA,NA,NA,NA,NA,NA,Y,3,0,1,1,A,-,08,22107,NA,N,E,I,A,A,H,-,A,D,0,NA,NA,NA,NA,Y,NA,A,01,0,1,0,0,0,0,0,0,0,-,-,34.45661163330078,-118.19680786132813,LOS ANGELES,UNINCORPORATED,-118.19809722900392,34.4552116394043
90979251,2019,2019-04-30,9550,2019-04-19,1750,022194,NA,5,2,9,1900,0,3,5,NA,2,002,IMPERIAL HWY E/B,LEFFINGWELL RD.,5,E,N,A,-,N,NA,NA,NA,NA,NA,NA,NA,NA,NA,Y,4,0,1,2,A,-,09,21801,A,M,D,C,A,A,H,-,A,A,0,NA,NA,NA,NA,Y,NA,-,99,0,0,1,0,0,0,0,0,0,-,-,33.9168815612793,-118.04994201660156,LOS ANGELES,UNINCORPORATED,-118.05013275146484,33.91688919067383
90979252,2019,2019-04-30,9525,2019-04-26,1630,021224,NA,5,2,6,1975,0,1,1,NA,2,106,I-10 E/B (SAN BERNARDINO FWY),LARK ELLEN AVE,75,W,N,A,-,Y,NA,NA,10,NA,NA,NA,NA,NA,E,N,4,0,2,3,A,-,03,22350,NA,N,C,C,A,A,H,-,A,D,0,NA,NA,NA,NA,Y,NA,D,22,0,0,2,0,0,0,0,0,0,-,-,34.072139739990234,-117.9169464111328,LOS ANGELES,WEST COVINA,-117.9169464111328,34.0721321105957
90979262,2019,2019-04-30,9550,2019-04-21,1245,021742,NA,7,1,7,1941,0,1,3,NA,2,090,STATE ROUTE 91 (ARTESIA FREEWAY),THE CHERRY AVE. U/C,760,E,N,A,-,Y,NA,NA,91,NA,NA,NA,NA,NA,NA,Y,4,0,1,4,A,-,03,22350,NA,N,C,C,A,A,H,-,A,D,0,NA,NA,NA,NA,Y,NA,A,07,0,0,1,0,0,0,0,0,0,-,-,33.87599182128906,-118.16603088378906,LOS ANGELES,LONG BEACH,-118.16603088378906,33.87599563598633
90979264,2019,2019-04-30,9525,2019-04-26,1510,021224,NA,5,2,5,1906,0,1,1,NA,2,103,I-10 W/B (SAN BERNARDINO FWY),I-605 N/B (SAN GABRIEL RIVER FWY),1584,E,N,A,-,Y,NA,NA,10,NA,NA,NA,NA,NA,W,N,4,0,1,2,A,-,03,22350,NA,F,C,C,A,A,H,-,A,D,0,NA,NA,NA,NA,Y,NA,A,01,0,0,1,0,0,0,0,0,0,-,-,34.06591033935547,-117.9951400756836,LOS ANGELES,BALDWIN PARK,-117.99512481689452,34.0658073425293
90979265,2019,2019-04-30,9550,2019-04-25,0845,016109,NA,4,1,5,1954,0,1,1,NA,2,650,INTERSTATE 605 SOUTHBOUND,ROSE HILLS ROAD,500,N,N,A,-,Y,NA,NA,NA,NA,NA,NA,NA,NA,NA,Y,4,0,1,4,A,-,03,22350,NA,N,C,C,A,A,H,-,A,D,0,NA,NA,NA,NA,Y,NA,A,07,0,0,1,0,0,0,0,0,0,-,-,34.019500732421875,-118.08025360107422,LOS ANGELES,PICO RIVERA,-118.05159759521484,34.01882553100586
90979267,2019,2019-04-30,9565,2019-04-18,1410,022226,NA,4,2,5,1928,0,1,1,NA,2,010,I-105 EASTBOUND (CENTURY FREEWAY),PRAIRIE AVENUE,580,W,N,A,-,Y,NA,NA,105,NA,NA,NA,NA,NA,E,Y,4,0,1,3,A,-,07,21658,A,N,B,C,A,A,H,-,A,D,0,NA,NA,Y,NA,Y,NA,A,01,0,0,1,0,0,0,0,0,1,-,-,33.93291091918945,-118.34999084472656,LOS ANGELES,HAWTHORNE,-118.35000610351564,33.932857513427734
90979280,2019,2019-04-30,9525,2019-04-26,1818,021156,NA,5,2,4,1913,0,1,1,NA,2,209,SR-210 W/B (FOOTHILL FWY),BASELINE RD.,1056,W,N,A,-,Y,NA,NA,210,NA,NA,NA,NA,NA,W,Y,3,0,2,1,A,-,01,23152,A,N,E,I,A,A,H,-,A,D,0,NA,NA,NA,NA,Y,Y,A,07,0,2,0,0,0,0,0,0,0,-,-,34.12025833129883,-117.70147705078124,LOS ANGELES,CLAREMONT,-117.70147705078124,34.12022018432617
90979283,2019,2019-04-30,9525,2019-04-27,1453,021156,NA,6,2,3,1921,0,1,1,NA,2,202,I-210 E/B (FOOTHILL FWY),I-605,2640,W,N,A,-,Y,NA,NA,210,NA,NA,NA,NA,NA,E,Y,3,0,2,2,A,-,03,22350,NA,N,C,C,A,A,H,-,A,D,0,NA,NA,NA,NA,Y,NA,A,01,0,1,1,0,0,0,0,0,0,-,-,34.13544845581055,-117.96647644042967,LOS ANGELES,DUARTE,-117.96647644042967,34.135433197021484
90979299,2019,2019-04-30,9525,2019-04-28,1550,021156,NA,7,2,4,1946,0,1,1,NA,2,202,I-210 E/B (FOOTHILL FWY),MYRTLE AVE,2640,W,N,A,-,Y,NA,NA,210,NA,NA,NA,NA,NA,E,Y,4,0,1,2,A,-,03,22350,NA,N,C,C,A,A,H,-,A,D,0,NA,NA,NA,NA,Y,NA,A,01,0,0,1,0,0,0,0,0,0,-,-,34.136470794677734,-118.0102310180664,LOS ANGELES,MONROVIA,-118.0102310180664,34.13645553588867
90979306,2019,2019-04-30,9525,2019-04-26,2221,021967,NA,5,3,6,1955,0,1,1,NA,2,107,I-10 E/B (SAN BERNARDINO FWY),SR-57 S/B (ORANGE FWY),700,W,N,A,-,Y,NA,NA,10,NA,NA,NA,NA,NA,E,Y,4,0,1,2,A,-,07,21658,A,M,B,C,A,A,H,-,D,D,0,NA,NA,NA,NA,Y,NA,A,01,0,0,1,0,0,0,0,0,0,-,-,34.066349029541016,-117.80461883544922,LOS ANGELES,POMONA,-117.8044662475586,34.06603240966797
90979322,2019,2019-04-30,9535,2019-04-24,1725,018138,NA,3,2,6,1922,0,1,1,NA,2,400,I-10 (SAN BERNARDINO FREEWAY) E/B,BALDWIN AVE,800,W,N,A,-,Y,NA,NA,10,NA,NA,NA,NA,NA,E,N,4,0,1,2,A,-,03,22350,NA,N,C,C,A,A,H,-,A,D,0,NA,NA,NA,NA,Y,NA,A,01,0,0,1,0,0,0,0,0,0,-,-,34.07209014892578,-118.06127166748048,LOS ANGELES,EL MONTE,-118.06127166748048,34.072227478027344
90979329,2019,2019-04-30,9550,2019-04-26,1940,021274,NA,5,2,7,1941,0,1,3,NA,2,090,STATE ROUTE 91 E/B,OBISPO AVENUE,50,W,N,A,-,Y,NA,NA,91,NA,NA,NA,NA,NA,E,N,4,0,1,2,A,-,07,21658,A,N,C,C,A,A,H,-,C,D,0,NA,NA,NA,Y,Y,NA,A,01,0,0,1,0,0,0,0,0,0,-,-,33.876808166503906,-118.15570831298828,LOS ANGELES,LONG BEACH,-118.15572357177734,33.87693786621094
90979342,2019,2019-04-30,9550,2019-04-22,1445,022194,NA,1,2,9,1900,0,3,5,NA,2,004,PEPPER BROOK WAY,AZUSA AVE.,150,W,N,A,-,N,NA,NA,NA,NA,NA,NA,NA,NA,NA,N,4,0,1,2,A,-,09,21801,A,N,D,C,A,A,H,-,A,D,0,NA,NA,NA,NA,Y,NA,A,07,0,0,1,0,0,0,0,0,0,-,-,33.9935302734375,-117.93219757080078,LOS ANGELES,UNINCORPORATED,-117.93213653564452,33.9935188293457
90979343,2019,2019-04-30,9525,2019-04-23,1605,017789,NA,2,2,5,1906,0,1,1,NA,2,104,I-10 E/B (SAN BERNARDINO FWY),I-605,50,E,N,A,-,Y,NA,NA,10,NA,NA,NA,NA,NA,E,N,4,0,1,2,A,-,04,21703,NA,N,C,C,A,A,H,-,A,D,0,NA,NA,NA,NA,Y,NA,A,01,0,0,1,0,0,0,0,0,0,-,-,34.06502151489258,-117.99976348876952,LOS ANGELES,BALDWIN PARK,-117.99976348876952,34.06502151489258
90979358,2019,2019-05-01,9550,2019-04-28,1050,022144,NA,7,1,3,1964,0,1,1,NA,2,500,INTERSTATE 5 S/B,INTERSTATE 605,200,S,N,A,-,Y,NA,NA,5,NA,NA,NA,NA,NA,S,N,4,0,1,2,A,-,03,22350,NA,N,C,C,A,A,H,-,A,D,0,NA,NA,NA,NA,Y,NA,A,01,0,0,1,0,0,0,0,0,0,-,-,33.93901824951172,-118.09528350830078,LOS ANGELES,SANTA FE SPRINGS,-118.09528350830078,33.93901443481445
90979364,2019,2019-05-01,9550,2019-04-26,1030,018854,NA,5,1,9,1900,0,1,1,NA,2,650,I-605 N/B,TELEGRAPH ROAD,1000,N,N,A,-,Y,NA,NA,NA,NA,NA,NA,NA,NA,NA,Y,4,0,1,2,A,-,03,22350,NA,N,C,C,A,A,H,-,A,D,0,NA,NA,NA,NA,Y,NA,A,01,0,0,1,0,0,0,0,0,0,-,-,33.95288848876953,-118.09004974365234,LOS ANGELES,UNINCORPORATED,-118.09044647216795,33.952110290527344
90979402,2019,2019-05-01,9575,2019-04-25,0835,018329,NA,4,1,6,1925,0,1,3,NA,2,042,SR-134 W/B (VENTURA FREEWAY),BRAND BLVD,175,W,N,A,-,Y,NA,NA,134,NA,NA,NA,NA,NA,W,Y,4,0,1,4,A,-,03,22350,NA,N,C,C,A,A,H,-,A,D,0,NA,NA,NA,NA,Y,NA,A,01,0,0,1,0,0,0,0,0,0,-,-,34.156410217285156,-118.255859375,LOS ANGELES,GLENDALE,-118.255859375,34.15641784667969
90979425,2019,2019-05-01,9530,2019-04-27,0255,021902,NA,6,3,9,1900,0,1,1,NA,2,210,I-105 W/B (GLENN ANDERSON FWY),SUCCESS AVE.,386,E,N,A,-,Y,NA,NA,105,NA,NA,NA,NA,NA,W,Y,2,0,2,2,A,-,01,23152,A,N,A,C,A,A,H,-,C,D,0,NA,NA,NA,NA,Y,Y,A,01,2,0,0,0,0,0,0,0,0,-,-,33.92893981933594,-118.24793243408205,LOS ANGELES,UNINCORPORATED,-118.24793243408205,33.92893600463867
90979434,2019,2019-05-01,9530,2019-04-18,1745,021792,NA,4,2,9,1900,0,3,5,NA,2,001,NADEAU ST.,MAIE AVE.,0,NA,Y,A,-,N,NA,NA,NA,NA,NA,NA,NA,NA,NA,Y,4,0,1,2,A,-,12,21453,A,N,D,C,A,A,H,-,A,A,0,NA,NA,NA,NA,Y,NA,A,01,0,0,1,0,0,0,0,0,0,-,-,33.96440887451172,-118.24443817138672,LOS ANGELES,UNINCORPORATED,-118.24446105957033,33.9674186706543
90979444,2019,2019-05-01,9540,2019-04-19,1015,021447,NA,5,1,7,1942,0,1,1,NA,2,550,I-5 N/B (GOLDEN STATE FWY),BALBOA BLVD,1230,N,N,A,-,Y,NA,NA,5,NA,NA,NA,NA,NA,N,Y,2,0,3,3,A,-,07,21658,A,N,B,C,A,A,H,-,A,D,0,NA,NA,NA,NA,Y,NA,D,22,1,0,2,0,0,0,0,0,0,-,-,34.323638916015625,-118.5009994506836,LOS ANGELES,LOS ANGELES,-118.5009307861328,34.32376480102539
90979460,2019,2019-05-01,9530,2019-04-19,1410,021642,NA,5,2,9,1900,0,3,5,NA,2,001,92ND ST.,KALMIA ST.,0,NA,Y,A,-,N,NA,NA,NA,NA,NA,NA,NA,NA,NA,N,2,0,1,2,A,-,10,21950,A,N,G,B,D,A,H,-,A,D,0,Y,NA,NA,NA,Y,NA,A,07,1,0,0,0,1,0,0,0,0,-,-,33.95315170288086,-118.23178100585938,LOS ANGELES,UNINCORPORATED,-118.23175048828124,33.953269958496094