CASE_ID,ACCIDENT_YEAR,PROC_DATE,JURIS,COLLISION_DATE,COLLISION_TIME,OFFICER_ID,REPORTING_DISTRICT,DAY_OF_WEEK,CHP_SHIFT,POPULATION,CNTY_CITY_LOC,SPECIAL_COND,BEAT_TYPE,CHP_BEAT_TYPE,CITY_DIVISION_LAPD,CHP_BEAT_CLASS,BEAT_NUMBER,PRIMARY_RD,SECONDARY_RD,DISTANCE,DIRECTION,INTERSECTION,WEATHER_1,WEATHER_2,STATE_HWY_IND,CALTRANS_COUNTY,CALTRANS_DISTRICT,STATE_ROUTE,ROUTE_SUFFIX,POSTMILE_PREFIX,POSTMILE,LOCATION_TYPE,RAMP_INTERSECTION,SIDE_OF_HWY,TOW_AWAY,COLLISION_SEVERITY,NUMBER_KILLED,NUMBER_INJURED,PARTY_COUNT,PRIMARY_COLL_FACTOR,PCF_CODE_OF_VIOL,PCF_VIOL_CATEGORY,PCF_VIOLATION,PCF_VIOL_SUBSECTION,HIT_AND_RUN,TYPE_OF_COLLISION,MVIW,PED_ACTION,ROAD_SURFACE,ROAD_COND_1,ROAD_COND_2,LIGHTING,CONTROL_DEVICE,CHP_ROAD_TYPE,PEDESTRIAN_ACCIDENT,BICYCLE_ACCIDENT,MOTORCYCLE_ACCIDENT,TRUCK_ACCIDENT,NOT_PRIVATE_PROPERTY,ALCOHOL_INVOLVED,STWD_VEHTYPE_AT_FAULT,CHP_VEHTYPE_AT_FAULT,COUNT_SEVERE_INJ,COUNT_VISIBLE_INJ,COUNT_COMPLAINT_PAIN,COUNT_PED_KILLED,COUNT_PED_INJURED,COUNT_BICYCLIST_KILLED,COUNT_BICYCLIST_INJURED,COUNT_MC_KILLED,COUNT_MC_INJURED,PRIMARY_RAMP,SECONDARY_RAMP,LATITUDE,LONGITUDE,COUNTY,CITY,POINT_X,POINT_Y
90979482,2019,2019-05-01,9550,2019-04-24,0830,018854,NA,3,1,9,1900,0,1,1,NA,2,650,I-605 N/B,SLAUSON AVENUE,550,N,N,A,-,Y,NA,NA,605,NA,NA,NA,NA,NA,N,Y,4,0,1,4,A,-,03,22350,NA,N,C,C,A,A,H,-,A,D,0,NA,NA,NA,NA,Y,NA,A,01,0,0,1,0,0,0,0,0,0,-,-,33.96881103515625,-118.08248901367188,LOS ANGELES,UNINCORPORATED,-118.08241271972656,33.96876907348633
90979484,2019,2019-05-01,9565,2019-04-23,0043,021453,NA,2,3,7,1942,0,1,1,NA,2,082,I-10 E/B (SANTA MONICA FWY.),GATEWAY BLVD.,150,W,N,A,-,Y,NA,NA,10,NA,NA,NA,NA,NA,E,Y,2,0,2,3,A,-,01,23152,A,N,C,C,A,A,H,-,C,D,0,NA,NA,NA,NA,Y,Y,A,01,1,0,1,0,0,0,0,0,0,-,-,34.02954864501953,-118.44373321533205,LOS ANGELES,LOS ANGELES,-118.44373321533205,34.029571533203125
90979489,2019,2019-05-01,9590,2019-04-27,1910,021757,NA,6,2,7,1942,0,1,2,NA,2,071,US-101 S/B (HOLLYWOOD FREEWAY),BONNIE BRAE ST,100,N,N,A,-,Y,NA,NA,101,NA,NA,NA,NA,NA,S,N,4,0,1,2,A,-,03,22350,NA,N,C,C,A,A,H,-,C,D,0,NA,NA,NA,NA,Y,NA,D,22,0,0,1,0,0,0,0,0,0,-,-,34.07080841064453,-118.26437377929688,LOS ANGELES,LOS ANGELES,-118.26436614990234,34.0708122253418
90979490,2019,2019-05-01,9525,2019-04-30,1325,020989,NA,2,1,4,1913,0,1,1,NA,2,209,SR-210 W/B (FOOTHILL FWY),TOWNE AVE,528,E,N,B,-,Y,NA,NA,210,NA,NA,NA,NA,NA,W,N,3,0,1,2,A,-,03,22350,NA,N,C,C,A,A,H,-,A,D,0,NA,NA,NA,NA,Y,NA,A,01,0,1,0,0,0,0,0,0,0,-,-,34.12051010131836,-117.73441314697266,LOS ANGELES,CLAREMONT,-117.73441314697266,34.120521545410156
90979491,2018,2019-05-01,9545,2018-12-12,0105,015589,NA,3,3,9,1900,0,3,5,NA,1,006,50TH STREET WEST,AVENUE M-4,478,S,N,A,-,N,NA,NA,NA,NA,NA,NA,NA,NA,NA,Y,1,1,0,2,A,-,11,21954,A,N,G,B,E,A,H,-,C,D,0,Y,NA,NA,NA,Y,Y,N,60,0,0,0,1,0,0,0,0,0,-,-,34.64059066772461,-118.21859741210938,LOS ANGELES,UNINCORPORATED,-118.21853637695313,34.640480041503906
90979502,2019,2019-05-01,9530,2019-04-19,0740,020923,NA,5,1,9,1900,0,3,5,NA,2,001,ROSEBERRY AVE. (7200 BLOCK),FLORENCE AVE.,7,S,N,B,-,N,NA,NA,NA,NA,NA,NA,NA,NA,NA,N,3,0,1,2,A,-,09,21804,A,N,D,G,A,A,H,-,A,A,0,NA,Y,NA,NA,Y,NA,L,04,0,1,0,0,0,0,1,0,0,-,-,33.97455978393555,-118.23251342773438,LOS ANGELES,UNINCORPORATED,-118.23255157470705,33.97471237182617
90979507,2019,2019-05-01,9545,2019-04-01,0245,020524,NA,1,3,6,1950,0,1,3,NA,2,021,SR-14 N/B (ANTELOPE VALLEY FREEWAY),AVENUE O-8 UNDERCROSSING,120,N,N,A,-,Y,NA,NA,NA,NA,NA,NA,NA,NA,NA,Y,1,1,0,1,A,-,01,23152,A,N,E,I,A,A,H,-,D,D,0,NA,NA,NA,NA,Y,Y,D,22,0,0,0,0,0,0,0,0,0,-,-,34.61363983154297,-118.1530990600586,LOS ANGELES,PALMDALE,NA,NA
90979520,2019,2019-05-01,9550,2019-04-24,0630,016228,NA,3,1,5,1919,0,1,1,NA,2,652,I-605 S/B,SR-91,1500,N,N,A,-,Y,NA,NA,605,NA,NA,NA,NA,NA,S,Y,3,0,1,1,A,-,08,22107,NA,N,F,I,A,A,H,-,A,D,0,NA,NA,NA,NA,Y,NA,A,01,0,1,0,0,0,0,0,0,0,-,-,33.87810134887695,-118.10320281982422,LOS ANGELES,CERRITOS,-118.10324096679688,33.87808609008789
90979524,2019,2019-05-01,9565,2019-04-19,2125,021951,NA,5,2,9,1900,0,3,5,NA,2,004,LA CIENEGA BLVD,IMPERIAL HIGHWAY,10,N,N,A,-,N,NA,NA,NA,NA,NA,NA,NA,NA,NA,N,4,0,1,2,A,-,03,22350,NA,N,C,C,A,A,H,-,C,D,0,NA,NA,NA,NA,Y,NA,A,07,0,0,1,0,0,0,0,0,0,-,-,33.93122863769531,-118.37006378173828,LOS ANGELES,UNINCORPORATED,-118.3701171875,33.931007385253906
90979526,2019,2019-05-01,9590,2019-04-23,1345,022041,NA,2,1,7,1942,0,1,2,NA,2,072,US-101 N/B (HOLLYWOOD FREEWAY),VERMONT AVE O/C.,100,N,N,A,-,Y,NA,NA,101,NA,NA,NA,NA,NA,N,Y,4,0,1,2,A,-,03,22350,NA,F,C,C,A,A,H,-,A,D,0,NA,NA,NA,NA,Y,NA,A,01,0,0,1,0,0,0,0,0,0,-,-,34.08108901977539,-118.29254913330078,LOS ANGELES,LOS ANGELES,-118.292724609375,34.08074951171875
90979527,2019,2019-05-01,9545,2019-02-26,1725,018090,NA,2,2,9,1900,0,3,5,NA,2,001,AVENUE A,110TH STREET WEST,5280,W,N,B,-,N,NA,NA,NA,NA,NA,NA,NA,NA,NA,Y,1,1,0,1,A,-,08,22107,NA,N,E,I,A,A,H,-,A,D,0,NA,NA,NA,NA,Y,NA,A,01,0,0,0,0,0,0,0,0,0,-,-,34.81932830810547,-118.34552764892578,LOS ANGELES,UNINCORPORATED,-118.34384155273438,34.819419860839844
90979528,2019,2019-05-01,9530,2019-04-19,1948,021610,NA,5,2,9,1900,0,3,5,NA,2,005,MANHATTAN BEACH BLVD.,CERISE AVE.,263,W,N,A,-,N,NA,NA,NA,NA,NA,NA,NA,NA,NA,Y,4,0,1,2,A,-,07,21658,A,N,B,C,A,A,H,-,C,D,0,NA,NA,NA,NA,Y,NA,A,01,0,0,1,0,0,0,0,0,0,-,-,33.531429290771484,-118.20362854003906,LOS ANGELES,UNINCORPORATED,-118.33433532714844,33.88737869262695
90979530,2019,2019-05-01,9550,2019-04-24,1700,018271,NA,3,2,9,1900,0,1,1,NA,2,650,I-605 S/B,WHITTIER BOULEVARD,700,N,N,A,-,Y,NA,NA,605,NA,NA,NA,NA,NA,S,N,4,0,1,2,A,-,08,22107,NA,N,F,A,A,A,H,-,A,D,0,NA,NA,Y,NA,Y,NA,C,02,0,0,1,0,0,0,0,0,1,-,-,34.00027084350586,-118.0677490234375,LOS ANGELES,UNINCORPORATED,-118.06761169433594,34.00020217895508
90979533,2019,2019-05-01,9545,2019-01-27,1844,020849,NA,7,2,9,1900,0,1,3,NA,1,042,SR-138,SR-18,1164,E,N,A,-,Y,NA,NA,138,NA,NA,NA,NA,NA,NA,Y,1,1,2,2,A,-,08,22107,NA,N,D,C,A,A,H,-,D,D,0,NA,NA,NA,NA,Y,NA,B,01,0,2,0,0,0,0,0,0,0,-,-,34.496429443359375,-117.73532104492188,LOS ANGELES,UNINCORPORATED,-117.73532104492188,34.49642562866211
90979545,2019,2019-05-01,9565,2019-04-28,0201,022231,NA,7,3,4,1918,0,1,1,NA,2,061,I-405 S/B (SAN DIEGO FREEWAY),CENTINELA AVE,100,S,N,A,-,Y,NA,NA,405,NA,NA,NA,NA,NA,S,Y,3,0,1,2,A,-,03,22350,NA,N,C,C,A,A,H,-,C,D,0,NA,NA,NA,NA,Y,Y,A,01,0,1,0,0,0,0,0,0,0,-,-,33.97684097290039,-118.38809204101564,LOS ANGELES,CULVER CITY,-118.38807678222656,33.97686767578125
90979570,2019,2019-05-01,9540,2019-04-23,1835,021214,NA,2,2,9,1900,0,1,1,NA,1,503,I-5 S/B (GSF),SIERRA HIGHWAY,528,N,N,A,-,Y,NA,NA,NA,NA,NA,NA,NA,NA,NA,Y,3,0,1,1,A,-,01,23152,A,N,E,I,A,A,H,-,A,D,0,NA,NA,NA,NA,Y,Y,D,22,0,1,0,0,0,0,0,0,0,-,-,34.33536148071289,-118.50792694091795,LOS ANGELES,UNINCORPORATED,NA,NA
90979578,2019,2019-05-01,9525,2019-04-29,1720,020989,NA,1,2,9,1900,0,3,5,NA,2,004,DON JULIAN RD (13600 BLOCK),PAMELA KAY LN,10,W,N,B,-,N,NA,NA,NA,NA,NA,NA,NA,NA,NA,N,4,0,1,2,A,-,09,21801,A,N,D,C,A,A,H,-,A,D,0,NA,NA,NA,NA,Y,NA,A,01,0,0,1,0,0,0,0,0,0,-,-,34.04022979736328,-117.9968490600586,LOS ANGELES,UNINCORPORATED,-117.99676513671876,34.040199279785156
90979584,2019,2019-05-01,9545,2019-04-25,1850,015589,NA,4,2,9,1900,0,1,3,NA,2,031,SR-14 N/B,RED ROVER MINE RD,400,N,N,A,-,Y,NA,NA,14,NA,NA,NA,NA,NA,N,Y,4,0,1,2,A,-,04,21703,NA,N,C,C,A,A,H,-,A,D,0,NA,NA,NA,NA,Y,NA,A,01,0,0,1,0,0,0,0,0,0,-,-,34.495948791503906,-118.21765899658205,LOS ANGELES,UNINCORPORATED,-118.21762847900392,34.496009826660156
90979604,2019,2019-05-01,9530,2019-04-21,1830,021994,NA,7,2,9,1900,0,3,5,NA,2,006,SEPULVEDA BOULEVARD (BLOCK 800),I-110 S/B (HARBOR FREEWAY),310,W,N,A,-,N,NA,NA,NA,NA,NA,NA,NA,NA,NA,N,3,0,2,2,A,-,08,22107,NA,N,D,C,A,A,H,-,A,D,0,NA,NA,NA,NA,Y,NA,A,01,0,1,1,0,0,0,0,0,0,-,-,33.80949020385742,-118.28872680664064,LOS ANGELES,UNINCORPORATED,NA,NA
90979614,2019,2019-05-01,9525,2019-04-24,1950,020505,NA,3,2,1,1934,0,1,1,NA,2,204,I-210 E/B (FOOTHILL FWY),IRWINDALE AVE,528,E,N,A,-,Y,NA,NA,210,NA,NA,NA,NA,NA,E,Y,3,0,1,2,A,-,03,22350,NA,N,C,C,A,A,H,-,C,D,0,NA,NA,NA,NA,Y,NA,A,07,0,1,0,0,0,0,0,0,0,-,-,34.13069152832031,-117.9281997680664,LOS ANGELES,IRWINDALE,-117.9281997680664,34.13065719604492
90979618,2019,2019-05-01,9525,2019-04-27,2120,021362,NA,6,2,5,1990,0,1,3,NA,2,604,SR-60 E/B (POMONA FWY),GRAND AVE,400,E,N,A,-,Y,NA,NA,60,NA,NA,NA,NA,NA,E,Y,3,0,1,2,A,-,03,22350,NA,N,C,C,A,A,H,-,C,D,0,NA,NA,NA,NA,Y,NA,A,07,0,1,0,0,0,0,0,0,0,-,-,34.01137161254883,-117.82160186767578,LOS ANGELES,DIAMOND BAR,-117.8217544555664,34.011531829833984
9097962,2020,2020-08-03,1942,2020-03-03,2210,38726,1835,2,5,7,1942,0,0,0,R,0,18X75,CENTRAL AV,IMPERIAL HWY,0,NA,Y,A,-,N,NA,NA,NA,NA,NA,NA,NA,NA,NA,N,4,0,1,2,A,-,12,21453,A,F,D,C,A,A,H,-,C,A,0,NA,NA,NA,NA,Y,NA,-,99,0,0,1,0,0,0,0,0,0,-,-,NA,NA,LOS ANGELES,LOS ANGELES,-118.25422668457033,33.92947006225586
90979624,2019,2019-05-01,9525,2019-04-25,2240,019970,NA,4,3,5,1990,0,1,3,NA,2,604,SR-60 E/B (POMONA FWY),GRAND AVE,100,E,N,B,-,Y,NA,NA,NA,NA,NA,NA,NA,NA,NA,N,4,0,5,2,A,-,03,22350,NA,N,C,C,A,A,H,-,C,D,0,NA,NA,NA,NA,Y,NA,D,22,0,0,5,0,0,0,0,0,0,-,-,34.03712844848633,-117.49227142333984,LOS ANGELES,DIAMOND BAR,-118.27969360351564,33.98508834838867
90979626,2019,2019-05-01,9525,2019-04-25,2220,021713,NA,4,3,6,1975,0,1,1,NA,2,104,I-10 E/B (SAN BERNARDINO FWY),VINCENT AVE,2640,W,N,A,-,Y,NA,NA,10,NA,NA,NA,NA,NA,E,Y,4,0,2,3,A,-,03,22350,NA,N,C,C,A,A,D,E,C,D,0,NA,NA,NA,NA,Y,NA,A,01,0,0,2,0,0,0,0,0,0,-,-,34.07210159301758,-117.93692779541016,LOS ANGELES,WEST COVINA,-117.93692779541016,34.072330474853516
90979632,2019,2019-05-01,9525,2019-04-29,0600,019495,NA,1,1,1,1934,0,1,1,NA,2,652,I-605 N/B (SAN GABRIEL RIVER FWY),ARROW HIGHWAY,1584,S,N,B,-,Y,NA,NA,605,NA,NA,NA,NA,NA,N,Y,3,0,1,1,A,-,08,22107,NA,N,E,I,A,B,H,-,B,D,0,NA,NA,NA,NA,Y,NA,A,07,0,1,0,0,0,0,0,0,0,-,-,34.11349868774414,-117.97850036621094,LOS ANGELES,IRWINDALE,-117.97859954833984,34.113555908203125
90979633,2018,2019-05-01,9535,2018-11-09,0610,016915,NA,5,1,9,1900,0,1,3,NA,2,620,SR-60 E/B (POMONA FREEWAY),RIO HONDO RIVER,40,W,N,A,-,Y,NA,NA,60,NA,NA,NA,NA,NA,E,Y,2,0,1,2,A,-,07,21658,A,F,C,C,A,A,H,-,A,D,0,NA,NA,NA,NA,Y,NA,A,01,1,0,0,0,0,0,0,0,0,-,-,34.0407600402832,-118.07501220703124,LOS ANGELES,UNINCORPORATED,-118.07500457763672,34.04072189331055
90979643,2019,2019-05-01,9525,2019-04-29,0345,021443,NA,1,3,6,1955,0,1,1,NA,2,110,I-10 E/B (SAN BERNARDINO FWY),GAREY AVENUE,1000,W,N,C,-,Y,NA,NA,10,NA,NA,NA,NA,NA,E,Y,4,0,1,1,A,-,03,22350,NA,N,E,I,A,B,H,-,C,D,0,NA,NA,NA,Y,Y,NA,G,25,0,0,1,0,0,0,0,0,0,-,-,34.07255935668945,-117.7550811767578,LOS ANGELES,POMONA,-117.7551040649414,34.0726203918457
9097965,2020,2020-08-03,1931,2020-03-14,1330,5603,1931,6,5,5,1931,0,0,0,NA,0,004,SANTA ANA,SAN JUAN AV,0,NA,Y,C,-,N,NA,NA,NA,NA,NA,NA,NA,NA,NA,Y,4,0,1,2,A,-,03,22350,NA,N,C,C,A,B,H,-,A,D,0,NA,NA,NA,NA,Y,Y,A,01,0,0,1,0,0,0,0,0,0,-,-,NA,NA,LOS ANGELES,HUNTINGTON PARK,-118.2001495361328,33.96234130859375
90979651,2019,2019-05-01,9565,2019-04-19,0630,019320,NA,5,1,7,1942,0,1,1,NA,2,062,I-405 N/B,NATIONAL BLVD.,300,S,N,A,-,Y,NA,NA,405,NA,NA,NA,NA,NA,N,N,4,0,3,2,A,-,08,22107,NA,N,B,C,A,A,H,-,A,D,0,NA,NA,NA,NA,Y,NA,A,07,0,0,3,0,0,0,0,0,0,-,-,34.02362060546875,-118.42733764648438,LOS ANGELES,LOS ANGELES,-118.42735290527344,34.02361297607422
90979659,2019,2019-05-01,9525,2019-04-29,0735,021931,NA,1,1,5,1926,0,1,1,NA,2,205,I-210 W/B (FOOTHILL FWY),SUNFLOWER AVE,1000,E,N,B,-,Y,NA,NA,210,NA,NA,NA,NA,NA,W,Y,4,0,2,3,A,-,03,22350,NA,N,C,C,A,B,H,-,A,D,0,NA,NA,NA,Y,Y,NA,F,26,0,0,2,0,0,0,0,0,0,-,-,34.118709564208984,-117.8411102294922,LOS ANGELES,GLENDORA,-117.84112548828124,34.11874771118164
90979662,2019,2019-05-01,9525,2019-04-28,0545,021931,NA,7,3,4,1913,0,1,1,NA,2,110,I-10 E/B (SAN BERNARDINO FWY),TOWNE AVE,2640,E,N,B,-,Y,NA,NA,NA,NA,NA,NA,NA,NA,NA,Y,4,0,1,2,A,-,03,22350,NA,N,C,C,A,A,H,-,B,D,0,NA,NA,NA,NA,Y,NA,A,01,0,0,1,0,0,0,0,0,0,-,-,34.449668884277344,-117.4481201171875,LOS ANGELES,CLAREMONT,-117.74150848388672,34.07815170288086
90979669,2019,2019-05-01,9590,2019-04-24,1250,021771,NA,3,1,7,1942,0,1,2,NA,2,072,US-101 S/B (HOLLYWOOD FREEWAY,MELROSE AVENUE,2112,N,N,A,-,Y,NA,NA,101,NA,NA,NA,NA,NA,S,N,4,0,1,2,A,-,03,22350,NA,N,C,C,A,A,H,-,A,D,0,NA,NA,NA,NA,Y,NA,A,07,0,0,1,0,0,0,0,0,0,-,-,34.0880012512207,-118.30470275878906,LOS ANGELES,LOS ANGELES,-118.3047332763672,34.08796691894531
90979705,2019,2019-05-01,9530,2019-04-20,1350,021994,NA,6,1,9,1900,0,1,1,NA,2,120,I-110 N/B (HARBOR FREEWAY),I-405 N/B (SAN DIEGO FREEWAY),230,N,N,A,-,Y,NA,NA,110,NA,NA,NA,NA,NA,N,N,4,0,1,3,A,-,03,22350,NA,N,C,C,A,A,H,-,A,D,0,NA,NA,NA,NA,Y,NA,A,01,0,0,1,0,0,0,0,0,0,-,-,33.85797119140625,-118.28452301025392,LOS ANGELES,UNINCORPORATED,-118.28452301025392,33.85797119140625
90979722,2019,2019-05-01,9565,2019-04-19,0925,019031,NA,5,1,9,1900,0,3,5,NA,2,003,ANGELES VISTA BLVD,ESCALON AVE.,0,NA,Y,B,-,N,NA,NA,NA,NA,NA,NA,NA,NA,NA,N,4,0,1,2,A,-,09,21801,A,N,D,C,A,A,H,-,A,D,0,NA,NA,NA,NA,Y,NA,D,22,0,0,1,0,0,0,0,0,0,-,-,33.994781494140625,-118.34343719482422,LOS ANGELES,UNINCORPORATED,-118.3436279296875,33.9947395324707
90979751,2019,2019-05-01,9590,2019-04-30,2150,016611,NA,2,2,7,1942,0,1,1,NA,2,060,I-10 E/B (SANTA MONICA FREEWAY),6TH AVENUE,100,W,N,A,-,Y,NA,NA,10,NA,NA,NA,NA,NA,E,N,4,0,1,2,A,-,07,21658,A,N,B,C,A,A,H,-,C,D,0,NA,NA,NA,NA,Y,NA,A,07,0,0,1,0,0,0,0,0,0,-,-,34.03567886352539,-118.32408142089844,LOS ANGELES,LOS ANGELES,-118.32408142089844,34.03571319580078
90979766,2019,2019-05-01,9545,2019-04-27,1615,021497,NA,6,2,9,1900,0,3,5,NA,1,006,45TH ST  W,QUARTZ HILL ROAD,0,NA,Y,A,-,N,NA,NA,NA,NA,NA,NA,NA,NA,NA,Y,4,0,1,2,A,-,09,21802,A,N,D,C,A,A,H,-,A,A,0,NA,NA,NA,NA,Y,NA,A,01,0,0,1,0,0,0,0,0,0,-,-,34.64424133300781,-118.21002960205078,LOS ANGELES,UNINCORPORATED,-118.20999908447266,34.6442985534668
90979771,2019,2019-05-01,9565,2019-04-21,1600,022057,NA,7,2,7,1942,0,1,1,NA,2,060,I-405 NB (SAN DIEGO FREEWAY),LA TIJERA BLVD,1000,S,N,A,-,Y,NA,NA,405,NA,NA,NA,NA,NA,N,Y,4,0,3,3,A,-,03,22350,NA,N,C,C,A,A,H,-,A,D,0,NA,NA,NA,NA,Y,NA,A,01,0,0,3,0,0,0,0,0,0,-,-,33.9675407409668,-118.3712921142578,LOS ANGELES,LOS ANGELES,-118.37122344970705,33.96758270263672
9097979,2020,2020-10-13,1941,2020-03-12,1316,5761,NA,4,5,7,1941,0,0,0,NA,0,NA,PCH,W SANTA FE AVE,80,W,N,B,C,Y,LA,7,1,-,-,7.79,H,-,S,Y,3,0,2,4,A,-,08,22107,NA,F,C,C,A,B,H,-,A,A,0,NA,NA,NA,NA,Y,Y,A,NA,0,1,1,0,0,0,0,0,0,-,-,NA,NA,LOS ANGELES,LONG BEACH,-118.21578979492188,33.789817810058594
90979806,2019,2019-05-01,9565,2019-04-21,1210,021729,NA,7,1,7,1942,0,1,1,NA,2,082,I-10 E/B TO I-405 N/B,EXPOSITION BLVD,100,S,N,A,-,Y,NA,NA,NA,NA,NA,NA,NA,NA,NA,Y,4,0,1,2,A,-,03,22350,NA,N,C,C,A,A,H,-,A,D,0,NA,NA,NA,NA,Y,NA,A,07,0,0,1,0,0,0,0,0,0,-,-,34.03422927856445,-118.43650817871094,LOS ANGELES,LOS ANGELES,-118.32836151123048,34.02130126953125
90979839,2019,2019-05-01,9530,2019-04-21,1925,022079,NA,7,2,9,1900,0,3,5,NA,2,001,NADEAU ST.,HOLMES AVE.,68,W,N,A,-,N,NA,NA,NA,NA,NA,NA,NA,NA,NA,N,3,0,1,2,A,-,07,21658,A,F,B,G,A,A,H,-,C,D,0,NA,Y,NA,NA,Y,NA,-,99,0,1,0,0,0,0,1,0,0,-,-,33.967369079589844,-118.24134063720705,LOS ANGELES,UNINCORPORATED,-118.24129486083984,33.967411041259766
90979844,2019,2019-05-01,9550,2019-04-30,0510,020928,NA,2,3,9,1900,0,1,1,NA,2,650,I-605 SOUTHBOUND,RIVERA ROAD,900,S,N,A,B,Y,NA,NA,NA,NA,NA,NA,NA,NA,NA,N,4,0,1,2,A,-,03,22350,NA,N,C,C,A,A,H,-,C,D,0,NA,NA,NA,NA,Y,NA,E,22,0,0,1,0,0,0,0,0,0,-,-,33.959129333496094,-118.08683776855467,LOS ANGELES,UNINCORPORATED,-118.08516693115234,33.96316909790039
90979873,2019,2019-05-01,9525,2019-04-26,1615,021156,NA,5,2,4,1960,0,1,1,NA,2,218,SR-210 E/B (FOOTHILL FWY),SAN DIMAS AVE,1000,W,N,A,-,Y,NA,NA,210,NA,NA,NA,NA,NA,E,Y,2,0,1,2,A,-,03,22350,NA,N,B,C,A,A,H,-,A,D,0,NA,NA,Y,NA,Y,NA,A,01,1,0,0,0,0,0,0,0,1,-,-,34.11970138549805,-117.81430816650392,LOS ANGELES,SAN DIMAS,-117.81430816650392,34.11969757080078
90979889,2019,2019-05-01,9535,2019-01-01,0245,021795,NA,2,3,9,1900,0,3,5,NA,2,001,E. 4TH ST,LA VERNE AVE,0,NA,Y,A,-,N,NA,NA,NA,NA,NA,NA,NA,NA,NA,Y,4,0,1,3,A,-,09,21802,A,M,D,C,A,A,H,-,C,A,0,NA,NA,NA,NA,Y,NA,A,01,0,0,1,0,0,0,0,0,0,-,-,34.03042984008789,-118.15946197509766,LOS ANGELES,UNINCORPORATED,-118.1594696044922,34.03044128417969
90979895,2019,2019-05-01,9525,2019-05-01,0955,018505,NA,3,1,4,1905,0,1,1,NA,2,203,I-210 W/B (FOOTHILL FWY),CITRUS AVE,500,W,N,A,-,Y,NA,NA,210,NA,NA,NA,NA,NA,W,N,3,0,1,3,A,-,03,22350,NA,N,C,C,A,A,H,-,A,D,0,NA,NA,NA,NA,Y,NA,A,07,0,1,0,0,0,0,0,0,0,-,-,34.12102127075195,-117.89254760742188,LOS ANGELES,AZUSA,-117.89254760742188,34.12099075317383
90979907,2019,2019-05-01,9525,2019-04-11,0550,021684,NA,4,3,5,1990,0,1,3,NA,2,603,SR-60 W/B (POMONA FWY),PHILLIPS RANCH RD,2640,W,N,A,-,Y,NA,NA,60,NA,NA,NA,NA,NA,W,Y,4,0,1,3,A,-,03,22350,NA,F,C,C,A,A,H,-,B,D,0,NA,NA,NA,NA,Y,NA,D,22,0,0,1,0,0,0,0,0,0,-,-,34.02608871459961,-117.7805404663086,LOS ANGELES,DIAMOND BAR,-117.7805404663086,34.02610397338867
90979909,2019,2019-05-01,9535,2019-04-19,1118,022234,NA,5,1,5,1906,0,1,1,NA,2,650,I-605 N/B (SAN GABRIEL FWY),VALLEY BLVD.,50,S,N,A,-,Y,NA,NA,605,NA,NA,NA,NA,NA,N,Y,3,0,2,3,A,-,03,22350,NA,N,C,C,A,A,H,-,A,D,0,NA,NA,NA,NA,Y,NA,A,01,0,2,0,0,0,0,0,0,0,-,-,34.05459976196289,-118.00389862060548,LOS ANGELES,BALDWIN PARK,-118.00394439697266,34.05462646484375
90979913,2019,2019-05-01,9535,2019-04-17,0845,022234,NA,3,1,5,1901,0,1,1,NA,2,111,I-10 W/B (SAN BERNARDINO FWY) HOT,GARFIELD AVE,1320,E,N,A,-,Y,NA,NA,10,NA,NA,NA,NA,NA,W,N,4,0,1,2,A,-,03,22350,NA,N,C,C,A,A,H,-,A,D,0,NA,NA,NA,NA,Y,NA,A,01,0,0,1,0,0,0,0,0,0,-,-,34.071800231933594,-118.11489868164064,LOS ANGELES,ALHAMBRA,-118.11489868164064,34.071903228759766
90979925,2019,2019-05-01,9535,2019-04-20,1815,022223,NA,6,2,9,1900,0,3,5,NA,2,002,6TH ST (4500 BLOCK),MCBRIDE AVE,22,W,N,B,-,N,NA,NA,NA,NA,NA,NA,NA,NA,NA,Y,3,0,2,2,A,-,08,22107,NA,N,D,C,A,A,H,-,A,D,0,NA,NA,NA,NA,Y,NA,A,01,0,1,1,0,0,0,0,0,0,-,-,34.027408599853516,-118.16780090332033,LOS ANGELES,UNINCORPORATED,-118.16771697998048,34.027374267578125
90979939,2019,2019-05-01,9545,2019-04-20,2212,021340,NA,6,3,9,1900,0,3,5,NA,2,004,PALMDALE BOULEVARD,110TH STREET EAST,1584,E,N,A,-,N,NA,NA,NA,NA,NA,NA,NA,NA,NA,Y,2,0,5,2,A,-,08,22107,NA,N,A,C,A,A,H,-,C,D,0,NA,NA,NA,NA,Y,NA,A,01,1,0,4,0,0,0,0,0,0,-,-,34.579959869384766,-117.92852020263672,LOS ANGELES,UNINCORPORATED,-117.92877960205078,34.5799446105957
90979952,2019,2019-05-01,9535,2019-04-21,1028,016915,NA,7,1,9,1900,0,3,5,NA,2,006,POTRERO GRANDE DR (2000 BLOCK),SAN GABRIEL BLVD,30,W,N,A,-,N,NA,NA,NA,NA,NA,NA,NA,NA,NA,N,4,0,1,2,A,-,03,22350,NA,N,C,C,A,A,H,-,A,A,0,NA,NA,NA,NA,Y,NA,A,01,0,0,1,0,0,0,0,0,0,-,-,34.051761627197266,-118.09076690673828,LOS ANGELES,UNINCORPORATED,-118.09061431884766,34.05188751220703