CASE_ID,ACCIDENT_YEAR,PROC_DATE,JURIS,COLLISION_DATE,COLLISION_TIME,OFFICER_ID,REPORTING_DISTRICT,DAY_OF_WEEK,CHP_SHIFT,POPULATION,CNTY_CITY_LOC,SPECIAL_COND,BEAT_TYPE,CHP_BEAT_TYPE,CITY_DIVISION_LAPD,CHP_BEAT_CLASS,BEAT_NUMBER,PRIMARY_RD,SECONDARY_RD,DISTANCE,DIRECTION,INTERSECTION,WEATHER_1,WEATHER_2,STATE_HWY_IND,CALTRANS_COUNTY,CALTRANS_DISTRICT,STATE_ROUTE,ROUTE_SUFFIX,POSTMILE_PREFIX,POSTMILE,LOCATION_TYPE,RAMP_INTERSECTION,SIDE_OF_HWY,TOW_AWAY,COLLISION_SEVERITY,NUMBER_KILLED,NUMBER_INJURED,PARTY_COUNT,PRIMARY_COLL_FACTOR,PCF_CODE_OF_VIOL,PCF_VIOL_CATEGORY,PCF_VIOLATION,PCF_VIOL_SUBSECTION,HIT_AND_RUN,TYPE_OF_COLLISION,MVIW,PED_ACTION,ROAD_SURFACE,ROAD_COND_1,ROAD_COND_2,LIGHTING,CONTROL_DEVICE,CHP_ROAD_TYPE,PEDESTRIAN_ACCIDENT,BICYCLE_ACCIDENT,MOTORCYCLE_ACCIDENT,TRUCK_ACCIDENT,NOT_PRIVATE_PROPERTY,ALCOHOL_INVOLVED,STWD_VEHTYPE_AT_FAULT,CHP_VEHTYPE_AT_FAULT,COUNT_SEVERE_INJ,COUNT_VISIBLE_INJ,COUNT_COMPLAINT_PAIN,COUNT_PED_KILLED,COUNT_PED_INJURED,COUNT_BICYCLIST_KILLED,COUNT_BICYCLIST_INJURED,COUNT_MC_KILLED,COUNT_MC_INJURED,PRIMARY_RAMP,SECONDARY_RAMP,LATITUDE,LONGITUDE,COUNTY,CITY,POINT_X,POINT_Y
90979958,2019,2019-05-01,9535,2019-04-21,1448,021976,NA,7,2,9,1900,0,3,5,NA,2,001,ALLEY W/OF VAN PELT AVE. N/OF WOOLWINE,WOOLWINE DR,60,N,N,A,-,N,NA,NA,NA,NA,NA,NA,NA,NA,NA,N,2,0,1,2,A,-,08,22107,NA,N,A,E,A,A,H,-,A,D,0,NA,Y,NA,NA,Y,NA,L,04,1,0,0,0,0,0,1,0,0,-,-,35.05516052246094,-118.1768798828125,LOS ANGELES,UNINCORPORATED,-118.176231,34.055437
90979990,2019,2019-05-01,9535,2019-04-22,1410,022172,NA,1,2,1,1973,0,1,1,NA,2,072,I-710 (LONG BEACH FREEWAY) N/B,ATLANTIC BLVD,200,S,N,A,-,Y,NA,NA,710,NA,NA,NA,NA,NA,N,Y,4,0,2,2,A,-,03,22350,NA,N,C,C,A,A,H,-,A,D,0,NA,NA,NA,Y,Y,NA,G,26,0,0,2,0,0,0,0,0,0,-,-,33.992698669433594,-118.17520141601564,LOS ANGELES,VERNON,-118.17530822753906,33.99258041381836
9098001,2020,2020-11-05,1900,2020-05-14,1645,618405,2115,4,5,5,1943,0,0,0,NA,0,212T3,ATLANTIC AV,IMPERIAL HWY,275,N,N,A,-,N,NA,NA,NA,NA,NA,NA,NA,NA,NA,N,3,0,1,2,A,-,05,21650,1,N,D,G,A,A,H,-,A,A,0,NA,Y,NA,NA,Y,NA,-,NA,0,1,0,0,0,0,1,0,0,-,-,33.931400299072266,-118.18309783935548,LOS ANGELES,LYNWOOD,-118.18331909179688,33.93144607543945
9098002,2020,2020-11-05,1900,2020-05-09,0924,538695,2112,6,5,5,1943,0,0,0,NA,0,212T4,LONG BEACH BL,MARTIN LUTHER KING JR BL,0,NA,Y,A,-,N,NA,NA,NA,NA,NA,NA,NA,NA,NA,Y,4,0,1,2,A,-,09,21800,A,N,D,C,A,A,H,-,A,B,0,NA,NA,NA,NA,Y,NA,A,01,0,0,1,0,0,0,0,0,0,-,-,33.936771392822266,-118.21340942382813,LOS ANGELES,LYNWOOD,-118.21353149414064,33.93682098388672
90980037,2019,2019-05-01,9525,2019-04-18,0735,018992,NA,4,1,3,1921,0,1,1,NA,2,202,I-210 E/B (FOOTHILL FWY),MOUNTAIN AVE,2500,E,N,A,-,Y,NA,NA,210,NA,NA,NA,NA,NA,E,N,4,0,2,3,A,-,08,22107,NA,N,B,E,F,A,H,-,A,D,0,Y,NA,NA,NA,Y,NA,E,22,0,0,2,0,1,0,0,0,0,-,-,34.13515090942383,-117.97840118408205,LOS ANGELES,DUARTE,-117.97840118408205,34.1352424621582
90980044,2019,2019-05-01,9525,2019-04-23,1220,021931,NA,2,1,9,1900,0,3,5,NA,2,003,TEMPLE AVENUE (17000 BLOCK),AZUSA AVE,50,E,N,A,-,N,NA,NA,NA,NA,NA,NA,NA,NA,NA,Y,4,0,1,2,A,-,09,21801,A,N,A,C,A,A,H,-,A,A,0,NA,NA,NA,NA,Y,NA,A,01,0,0,1,0,0,0,0,0,0,-,-,34.02460861206055,-117.81720733642578,LOS ANGELES,UNINCORPORATED,-117.91753387451172,34.024662017822266
90980052,2019,2019-05-01,9530,2019-04-21,1630,021642,NA,7,2,9,1900,0,3,5,NA,2,002,WILLOWBROOK AVE.,BLISS ST.,0,NA,Y,A,-,N,NA,NA,NA,NA,NA,NA,NA,NA,NA,Y,4,0,1,2,A,-,09,21802,A,N,D,C,A,A,H,-,A,D,0,NA,NA,NA,NA,Y,NA,A,01,0,0,1,0,0,0,0,0,0,-,-,33.90909957885742,-118.22744750976564,LOS ANGELES,UNINCORPORATED,-118.22791290283205,33.90903854370117
90980082,2019,2019-05-01,9550,2019-04-19,1746,016761,NA,5,2,9,1900,0,1,3,NA,2,602,STATE ROUTE 60 E/B (POMONA FREEWAY),NOGALES STREET,1050,E,N,A,-,Y,NA,NA,60,NA,NA,NA,NA,NA,E,N,3,0,1,2,A,-,07,21658,A,N,B,C,A,A,H,-,A,D,0,NA,NA,Y,NA,Y,NA,A,01,0,1,0,0,0,0,0,0,1,-,-,33.994041442871094,-117.88491058349608,LOS ANGELES,UNINCORPORATED,-117.88491058349608,33.99406051635742
90980096,2019,2019-05-01,9545,2019-04-27,1330,021730,NA,6,1,9,1900,0,3,5,NA,2,004,150TH ST  E,AVENUE M,300,N,N,A,-,N,NA,NA,NA,NA,NA,NA,NA,NA,NA,Y,4,0,1,1,A,-,08,22107,NA,N,F,A,A,A,H,-,A,D,0,NA,NA,NA,NA,Y,NA,A,01,0,0,1,0,0,0,0,0,0,-,-,34.6484489440918,-117.86289215087892,LOS ANGELES,UNINCORPORATED,-117.86295318603516,34.64671325683594
9098014,2020,2020-11-05,1902,2020-05-15,1222,787,14,5,5,5,1902,0,0,0,NA,0,002,S SANTA ANITA AV,GENDA ST,0,NA,Y,A,-,N,NA,NA,NA,NA,NA,NA,NA,NA,NA,Y,3,0,1,2,A,-,09,21801,A,N,D,C,A,A,H,-,A,A,0,NA,NA,NA,NA,Y,NA,A,01,0,1,0,0,0,0,0,0,0,-,-,NA,NA,LOS ANGELES,ARCADIA,-118.031353,34.13231
9098015,2020,2020-11-05,1902,2020-05-14,1557,785,29,4,5,5,1902,0,0,0,NA,0,005,SANTA ANITA AV,NORMAN AV,2,S,N,A,-,N,NA,NA,NA,NA,NA,NA,NA,NA,NA,Y,4,0,1,2,A,-,09,21801,A,N,D,C,A,A,H,-,A,A,0,NA,NA,NA,NA,Y,NA,A,08,0,0,1,0,0,0,0,0,0,-,-,NA,NA,LOS ANGELES,ARCADIA,-118.03112030029295,34.1198844909668
90980165,2019,2019-05-01,9525,2019-04-30,1120,021931,NA,2,1,6,1955,0,1,3,NA,2,072,SR-71 N/B (CHINO VALLEY FWY),SR-60 W/B (POMONA FWY),1056,N,N,B,-,Y,NA,NA,71,NA,NA,NA,NA,NA,N,Y,4,0,2,2,A,-,08,22107,NA,N,E,I,A,A,H,-,A,D,0,NA,NA,NA,NA,Y,NA,A,01,0,0,2,0,0,0,0,0,0,-,-,34.02737045288086,-117.75315856933594,LOS ANGELES,POMONA,-117.75326538085938,34.027259826660156
9098017,2020,2020-11-05,1925,2020-05-15,1313,21057,159,5,5,6,1925,0,0,0,NA,0,004,GLENDALE AV,GLENDALE BL,195,N,N,A,-,N,NA,NA,NA,NA,NA,NA,NA,NA,NA,N,3,0,1,2,A,-,07,21658,A,N,B,G,A,A,H,-,A,A,0,NA,Y,NA,NA,Y,NA,L,04,0,1,0,0,0,0,1,0,0,-,-,NA,NA,LOS ANGELES,GLENDALE,-118.25373840332033,34.123294830322266
9098018,2020,2020-11-05,1969,2020-05-04,1450,10156,TRAFF,1,5,5,1969,0,0,0,NA,0,NA,TWEEDY BL,CALIFORNIA AV,10,W,N,A,-,N,NA,NA,NA,NA,NA,NA,NA,NA,NA,N,4,0,1,2,A,-,03,22350,NA,N,C,C,A,A,H,-,A,A,0,NA,NA,NA,NA,Y,NA,A,01,0,0,1,0,0,0,0,0,0,-,-,NA,NA,LOS ANGELES,SOUTH GATE,-118.20757293701172,33.94440460205078
90980186,2019,2019-05-01,9580,2019-04-20,1912,021999,NA,6,2,7,1942,0,1,3,NA,2,171,SR-170S/B(HOLLYWOOD FWY)TO RIVERSIDE DR,RIVERSIDE DR,49,N,N,A,-,Y,NA,NA,170,NA,NA,NA,R,NA,NA,Y,3,0,2,4,A,-,03,22350,NA,N,C,C,A,A,H,-,B,A,0,NA,NA,NA,NA,Y,NA,A,01,0,1,1,0,0,0,0,0,0,-,-,34.15793991088867,-118.38011932373048,LOS ANGELES,LOS ANGELES,-118.38011932373048,34.15793991088867
9098019,2020,2020-11-05,1969,2020-05-16,1228,10145,PATRO,6,5,5,1969,0,0,0,NA,0,003,FIRESTONE BL,SAN GABRIEL AV,0,NA,Y,A,-,N,NA,NA,NA,NA,NA,NA,NA,NA,NA,N,3,0,3,4,A,-,09,21802,A,N,B,C,A,A,H,-,A,A,0,NA,NA,NA,NA,Y,NA,A,07,0,2,1,0,0,0,0,0,0,-,SO,NA,NA,LOS ANGELES,SOUTH GATE,-118.2025909423828,33.953861236572266
9098020,2020,2020-11-05,1969,2020-05-03,1905,10231,PATRO,7,5,5,1969,0,0,0,NA,0,0A4,ANNETTA AV,TWEEDY BL,115,S,N,A,-,N,NA,NA,NA,NA,NA,NA,NA,NA,NA,N,3,0,1,2,A,-,09,21804,A,M,D,G,A,A,H,-,A,D,0,NA,Y,NA,NA,Y,Y,L,04,0,1,0,0,0,0,1,0,0,-,-,NA,NA,LOS ANGELES,SOUTH GATE,-118.18982696533205,33.94214630126953
90980207,2019,2019-05-01,9580,2019-04-20,0830,022275,NA,6,1,9,1900,0,3,5,NA,1,010,COLD CANYON RD,MULHOLLAND HWY,1584,S,N,A,-,N,NA,NA,NA,NA,NA,NA,NA,NA,NA,N,2,0,1,2,A,-,05,21650,NA,N,A,G,A,A,H,-,A,D,0,NA,Y,NA,NA,Y,NA,L,04,1,0,0,0,0,0,1,0,0,-,-,34.096099853515625,-118.67769622802734,LOS ANGELES,UNINCORPORATED,-118.67736053466795,34.09600067138672
90980209,2019,2019-05-01,9580,2019-04-20,0935,022275,NA,6,1,9,1900,0,1,3,NA,1,271,SR-27 S/B (TOPANGA CYN. BLVD.),LOOKOUT TRL,2640,S,N,A,-,Y,NA,NA,27,NA,NA,NA,NA,NA,S,N,2,0,1,1,A,-,03,22350,NA,N,H,G,A,A,H,-,A,D,0,NA,Y,NA,NA,Y,NA,L,04,1,0,0,0,0,0,1,0,0,-,-,34.072898864746094,-118.58809661865234,LOS ANGELES,UNINCORPORATED,-118.58834075927734,34.07276153564453
90980254,2019,2019-05-02,9565,2019-04-20,1817,022038,NA,6,2,9,1900,0,3,5,NA,2,002,87TH ST.,BUDLONG AVE,415,W,N,A,-,N,NA,NA,NA,NA,NA,NA,NA,NA,NA,N,3,0,1,4,A,-,08,22103,NA,F,H,G,A,A,H,-,A,D,0,NA,Y,NA,NA,Y,NA,L,04,0,1,0,0,0,0,1,0,0,-,-,33.95893096923828,-118.2973175048828,LOS ANGELES,UNINCORPORATED,-118.29728698730467,33.95896530151367
90980257,2019,2019-05-02,9550,2019-04-21,1450,021410,NA,7,2,5,1908,0,1,3,NA,2,090,SR-91 EB,CLARK AVE.,1000,E,N,A,-,Y,NA,NA,91,NA,NA,NA,NA,NA,E,Y,4,0,3,3,A,-,03,22350,NA,N,C,C,A,A,H,-,A,D,0,NA,NA,NA,NA,Y,NA,A,01,0,0,3,0,0,0,0,0,0,-,-,33.8765983581543,-118.13159942626952,LOS ANGELES,BELLFLOWER,-118.13165283203124,33.87641143798828
90980261,2019,2019-05-02,9550,2019-04-21,0250,021952,NA,7,3,7,1941,0,1,3,NA,2,090,SR-91 WB,ORANGE AVENUE,500,E,N,A,-,Y,NA,NA,91,NA,NA,NA,NA,NA,W,Y,4,0,2,2,A,-,03,22350,NA,N,C,C,A,A,H,-,C,D,0,NA,NA,NA,NA,Y,NA,A,01,0,0,2,0,0,0,0,0,0,-,-,33.87691879272461,-118.17450714111328,LOS ANGELES,LONG BEACH,-118.17450714111328,33.87689971923828
90980271,2019,2019-05-02,9575,2019-04-22,1915,021932,NA,1,2,5,1902,0,1,1,NA,2,065,I-210 E/B (FOOTHILL FREEWAY),BALDWIN AVE,2650,E,N,A,-,Y,NA,NA,210,NA,NA,NA,NA,NA,E,Y,2,0,1,2,A,-,07,21658,A,N,C,C,A,A,H,-,C,D,0,NA,NA,NA,Y,Y,NA,A,08,1,0,0,0,0,0,0,0,0,-,-,34.1485710144043,-118.04129791259766,LOS ANGELES,ARCADIA,-118.04129791259766,34.14868927001953
90980273,2019,2019-05-02,9575,2019-04-26,1845,020030,NA,5,2,6,1925,0,1,1,NA,2,050,I-5 N/B (GOLDEN STATE FREEWAY),WESTERN AVE,100,S,N,A,-,Y,NA,NA,5,NA,NA,NA,NA,NA,N,Y,4,0,2,3,A,-,03,22350,NA,N,C,C,A,A,H,-,A,D,0,NA,NA,NA,NA,Y,NA,A,07,0,0,2,0,0,0,0,0,0,-,-,34.164249420166016,-118.29589080810548,LOS ANGELES,GLENDALE,-118.29588317871094,34.16425323486328
90980275,2019,2019-05-02,9575,2019-04-27,2320,021566,NA,6,3,7,1942,0,1,1,NA,2,053,I-5 N/B (GOLDEN STATE FREEWAY),TERRA BELLA ST. U/C,575,N,N,A,-,Y,NA,NA,5,NA,NA,NA,NA,NA,N,Y,4,0,1,2,A,-,07,21658,A,N,B,C,A,A,H,-,C,D,0,NA,NA,NA,NA,Y,Y,-,-,0,0,1,0,0,0,0,0,0,-,-,34.25209045410156,-118.42977905273438,LOS ANGELES,LOS ANGELES,-118.42992401123048,34.2519416809082
90980294,2019,2019-05-31,9530,2019-04-17,1555,022122,NA,3,2,9,1900,0,3,5,NA,2,001,FLORENCE AVE (1500 BLOCK),MAKEE AVE.,0,NA,Y,A,-,N,NA,NA,NA,NA,NA,NA,NA,NA,NA,N,4,0,1,2,A,-,09,21804,A,N,D,G,A,A,H,-,A,D,0,NA,Y,NA,NA,Y,NA,A,08,0,0,1,0,0,0,1,0,0,-,-,33.9747314453125,-118.24649047851564,LOS ANGELES,UNINCORPORATED,-118.24652099609376,33.97475051879883
90980296,2019,2019-05-02,9540,2019-04-25,1720,019232,NA,4,2,9,1900,0,3,5,NA,2,200,VASQUEZ CYN RD,LOST CREEK RD,6336,E,N,A,-,N,NA,NA,NA,NA,NA,NA,NA,NA,NA,Y,2,0,6,3,A,-,08,22107,NA,N,A,C,A,A,H,-,A,D,0,NA,NA,NA,NA,Y,NA,A,07,2,3,1,0,0,0,0,0,0,-,-,34.472999572753906,-118.43678283691406,LOS ANGELES,UNINCORPORATED,-118.4360580444336,34.47227096557617
90980302,2019,2019-05-02,9575,2019-04-22,1005,016603,NA,1,1,7,1942,0,1,3,NA,2,041,SR-134 W/B (VENTURA FREEWAY),FIGUEROA STREET,528,W,N,B,-,Y,NA,NA,134,NA,NA,NA,NA,NA,W,Y,4,0,1,2,A,-,04,21703,NA,N,C,A,A,A,H,-,A,D,0,NA,NA,NA,NA,Y,NA,A,07,0,0,1,0,0,0,0,0,0,-,-,34.143741607666016,-118.18702697753906,LOS ANGELES,LOS ANGELES,-118.18706512451172,34.14366149902344
90980347,2019,2019-05-02,9525,2019-04-19,1655,021156,NA,5,2,6,1955,0,1,1,NA,2,108,I-10 E/B (SAN BERNARDINO FWY),FAIRPLEX DR.,1000,W,N,A,-,Y,NA,NA,10,NA,NA,NA,NA,NA,E,N,4,0,1,3,A,-,08,22107,NA,N,B,C,A,A,H,-,A,D,0,NA,NA,Y,NA,Y,NA,C,02,0,0,1,0,0,0,0,0,1,-,-,34.07146072387695,-117.79242706298828,LOS ANGELES,POMONA,-117.79244232177734,34.07149124145508
90980356,2019,2019-05-02,9590,2019-04-30,0915,013179,NA,2,1,7,1942,0,1,1,NA,2,060,I-10 E/B (SANTA MONICA FREEWAY),LA BREA AVENUE,300,E,N,B,-,Y,NA,NA,10,NA,NA,NA,NA,NA,E,Y,4,0,1,2,A,-,03,22350,NA,N,C,C,A,A,H,-,A,D,0,NA,NA,NA,NA,Y,NA,A,01,0,0,1,0,0,0,0,0,0,-,-,34.034210205078125,-118.3498077392578,LOS ANGELES,LOS ANGELES,-118.3498077392578,34.03422546386719
9098036,2020,2020-11-12,1900,2020-05-07,1645,618405,2111,4,5,5,1943,0,0,0,NA,0,212T3,BULLIS RD,IMPERIAL HWY,2,S,N,A,-,N,NA,NA,NA,NA,NA,NA,NA,NA,NA,N,3,0,1,2,A,-,09,21804,A,N,D,G,A,A,H,-,A,A,0,NA,Y,NA,NA,Y,NA,L,04,0,1,0,0,0,0,1,0,0,-,-,33.93190002441406,-118.19750213623048,LOS ANGELES,LYNWOOD,-118.1975555419922,33.9318962097168
90980376,2019,2019-05-02,9590,2019-04-27,2315,021245,NA,6,3,7,1942,0,1,1,NA,2,082,I-5 N/B (GSF) TO SR-110 N/B (ASP),I-5 N/B (GSF) FROM PASADENA AVE.,225,S,N,A,-,Y,NA,NA,5,NA,NA,NA,R,NA,N,Y,3,0,3,2,A,-,06,21755,NA,F,B,C,A,A,H,-,C,D,0,NA,NA,NA,NA,Y,NA,A,01,0,3,0,0,0,0,0,0,0,-,-,34.079959869384766,-118.22068786621094,LOS ANGELES,LOS ANGELES,-118.22068786621094,34.079959869384766
90980387,2019,2019-05-02,9580,2019-04-24,1050,017386,NA,3,1,9,1900,0,1,3,NA,1,270,SR-27 N/B (TOPANGA CYN. BLVD.),CHENEY DR,450,S,N,A,-,Y,NA,NA,27,NA,NA,NA,NA,NA,N,N,4,0,1,2,A,-,08,22107,NA,N,B,G,A,A,H,-,A,A,0,NA,Y,NA,NA,Y,NA,D,22,0,0,1,0,0,0,1,0,0,-,-,34.11199951171875,-118.59140014648438,LOS ANGELES,UNINCORPORATED,-118.59141540527344,34.11201477050781
90980399,2019,2019-05-02,9550,2019-04-24,1800,021742,NA,3,2,9,1900,0,2,4,NA,1,031,HACIENDA BOULEVARD,THREE PALMS STREET,0,NA,Y,A,-,Y,NA,NA,NA,NA,NA,NA,NA,NA,NA,Y,4,0,1,2,A,-,12,21453,A,N,D,C,A,A,H,-,A,A,0,NA,NA,NA,NA,Y,NA,D,22,0,0,1,0,0,0,0,0,0,-,-,34.00531005859375,-117.96495819091795,LOS ANGELES,UNINCORPORATED,-117.96498107910156,34.00529098510742
9098040,2020,2020-11-05,1900,2020-05-21,2212,600544,2117,4,5,5,1943,0,0,0,NA,0,212TH,LONG BEACH BL,JOSEPHINE ST,55,S,N,A,-,N,NA,NA,NA,NA,NA,NA,NA,NA,NA,Y,2,0,1,1,A,-,03,22350,NA,N,E,I,A,A,H,-,C,A,0,NA,NA,NA,NA,Y,NA,A,01,1,0,0,0,0,0,0,0,0,-,-,NA,NA,LOS ANGELES,LYNWOOD,-118.20970153808594,33.92108917236328
9098041,2020,2020-11-04,1931,2020-05-18,1522,5309,1931,1,5,5,1931,0,0,0,NA,0,001,SLAUSON AV,WILMINGTON AV,42,E,N,A,-,N,NA,NA,NA,NA,NA,NA,NA,NA,NA,Y,3,0,2,3,-,-,-,NA,NA,N,C,C,A,A,H,-,A,A,0,NA,NA,NA,NA,Y,NA,A,01,0,1,1,0,0,0,0,0,0,-,-,NA,NA,LOS ANGELES,HUNTINGTON PARK,-118.2388916015625,33.98918914794922
90980418,2019,2019-05-02,9545,2019-04-25,1520,016124,NA,4,2,9,1900,0,3,5,NA,2,004,AVENUE J,140TH ST EAST,0,NA,Y,A,-,N,NA,NA,NA,NA,NA,NA,NA,NA,NA,Y,3,0,3,2,A,-,01,23152,A,N,D,C,A,A,H,-,A,A,0,NA,NA,NA,NA,Y,Y,A,01,0,2,1,0,0,0,0,0,0,-,-,34.690101623535156,-117.88067626953124,LOS ANGELES,UNINCORPORATED,-117.88070678710938,34.69013977050781
9098042,2020,2020-11-04,1909,2020-05-11,2030,596,1906,1,5,4,1909,0,0,0,NA,0,NORTH,FLORENCE AV,AJAX AV,0,NA,Y,A,-,N,NA,NA,NA,NA,NA,NA,NA,NA,NA,N,4,0,1,2,-,-,-,NA,NA,F,B,D,A,A,H,-,C,A,0,NA,NA,Y,NA,Y,NA,-,NA,0,0,1,0,0,0,0,0,0,-,-,NA,NA,LOS ANGELES,BELL GARDENS,-118.16329193115234,33.9676399230957
9098043,2020,2020-11-04,1909,2020-05-13,1145,577,1909,3,5,4,1909,0,0,0,NA,0,NORTH,GARFIELD AV,FLORENCE PL,15,N,N,A,-,N,NA,NA,NA,NA,NA,NA,NA,NA,NA,N,4,0,1,2,A,-,08,22107,NA,N,D,C,A,A,H,-,A,A,0,NA,NA,Y,NA,Y,NA,C,02,0,0,1,0,0,0,0,0,1,-,-,NA,NA,LOS ANGELES,BELL GARDENS,-118.15109252929688,33.96644592285156
90980434,2019,2019-05-02,9565,2019-04-22,0815,017713,NA,1,1,6,1933,0,1,1,NA,2,060,I-405 N/B (SAN DIEGO FREEWAY),MANCHESTER BLVD.,300,S,N,A,-,Y,NA,NA,405,NA,NA,NA,NA,NA,N,N,4,0,1,3,A,-,03,22350,NA,N,C,C,A,A,H,-,A,D,0,NA,NA,NA,NA,Y,NA,D,22,0,0,1,0,0,0,0,0,0,-,-,33.96097183227539,-118.36927032470705,LOS ANGELES,INGLEWOOD,-118.36924743652344,33.96097183227539
9098044,2020,2020-11-04,1955,2020-05-06,2134,41883,0094,3,5,6,1955,0,0,0,NA,0,004,TOWNE AV,9TH ST,0,NA,Y,A,-,N,NA,NA,NA,NA,NA,NA,NA,NA,NA,N,3,0,1,2,A,-,09,21801,A,N,D,G,A,A,H,-,C,A,0,NA,Y,NA,NA,Y,NA,A,01,0,1,0,0,0,0,1,0,0,-,-,NA,NA,LOS ANGELES,POMONA,-117.7411880493164,34.05167007446289
90980472,2019,2019-05-02,9565,2019-04-22,0845,014952,NA,1,1,9,1900,0,1,1,NA,2,012,I-105 W/B (CENTURY FWY),WILTON PL.,165,W,N,A,-,Y,NA,NA,105,NA,NA,NA,NA,NA,W,Y,4,0,1,2,A,-,03,22350,NA,N,C,C,A,A,H,-,A,D,0,NA,NA,NA,NA,Y,NA,A,01,0,0,1,0,0,0,0,0,0,-,-,33.9256706237793,-118.31564331054688,LOS ANGELES,UNINCORPORATED,-118.31564331054688,33.92561721801758
90980479,2019,2019-05-10,9545,2019-04-28,1501,020849,NA,7,2,9,1900,0,3,5,NA,2,003,ANGELES FOREST HWY,UPPER BIG TUJUNGA CANYON RD,3696,N,N,A,-,N,NA,NA,NA,NA,NA,NA,NA,NA,NA,Y,3,0,1,1,A,-,08,22107,NA,N,E,I,A,A,H,-,A,D,0,NA,NA,Y,NA,Y,NA,C,02,0,1,0,0,0,0,0,0,1,-,-,34.3372802734375,-118.10906219482422,LOS ANGELES,UNINCORPORATED,NA,NA
90980489,2019,2019-05-02,9565,2019-04-29,1453,022219,NA,1,2,5,1965,0,1,1,NA,2,081,SR-1 NORTHBOUND TO 5TH STREET,5TH ST.,800,E,N,A,-,Y,NA,NA,1,NA,NA,NA,R,NA,N,N,3,0,1,3,A,-,03,22350,NA,F,C,C,A,A,H,-,A,D,0,NA,NA,NA,NA,Y,NA,A,01,0,1,0,0,0,0,0,0,0,-,-,34.01422882080078,-118.48712921142578,LOS ANGELES,SANTA MONICA,-118.48712921142578,34.01422882080078
90980491,2019,2019-05-02,9565,2019-04-30,1755,022226,NA,2,2,6,1933,0,1,1,NA,2,060,I-405 NORTHBOUND (SAN DIEGO FREEWAY),MANCHESTER BOULEVARD,100,S,N,A,-,Y,NA,NA,405,NA,NA,NA,NA,NA,N,Y,4,0,1,3,A,-,03,22350,NA,N,C,C,A,A,H,-,A,D,0,NA,NA,NA,NA,Y,NA,A,01,0,0,1,0,0,0,0,0,0,-,-,33.960418701171875,-118.36910247802734,LOS ANGELES,INGLEWOOD,-118.36923217773438,33.96041488647461
90980501,2019,2019-05-02,9545,2019-04-28,0850,020749,NA,7,1,9,1900,0,3,5,NA,2,004,AVENUE O,230TH STREET EAST,45,W,N,A,-,N,NA,NA,NA,NA,NA,NA,NA,NA,NA,Y,3,0,1,1,A,-,08,22107,NA,N,F,A,A,A,H,-,A,D,0,NA,NA,NA,NA,Y,NA,A,07,0,1,0,0,0,0,0,0,0,-,-,34.61656188964844,-117.72074127197266,LOS ANGELES,UNINCORPORATED,-117.7205810546875,34.61653137207031
90980511,2019,2019-05-02,9530,2019-04-22,2300,021191,NA,1,3,7,1941,0,1,1,NA,2,071,I-710 N/B (LONG BEACH FREEWAY),ATLANTIC AVE.,100,S,N,A,-,Y,NA,NA,NA,NA,NA,NA,NA,NA,NA,Y,3,0,1,3,A,-,03,22350,NA,N,C,C,A,A,H,-,D,D,0,NA,NA,NA,NA,Y,NA,A,01,0,1,0,0,0,0,0,0,0,-,-,33.88457107543945,-118.19064331054688,LOS ANGELES,LONG BEACH,-118.1906967163086,33.884429931640625
90980560,2019,2019-05-02,9580,2019-04-26,2150,022080,NA,5,2,7,1942,0,1,1,NA,2,404,I-405 N/B (SAN DIEGO FWY),BURBANK BLVD,800,S,N,A,-,Y,NA,NA,405,NA,NA,NA,NA,NA,N,Y,4,0,2,2,A,-,07,21658,A,N,B,C,A,A,H,-,D,D,0,NA,NA,NA,NA,Y,NA,-,-,0,0,2,0,0,0,0,0,0,-,-,34.16960144042969,-118.46769714355467,LOS ANGELES,LOS ANGELES,-118.46778106689452,34.16962814331055
90980573,2019,2019-05-02,9550,2019-05-02,0700,020025,NA,4,1,6,1949,0,1,1,NA,2,651,I-605 NB,ROSECRANS AVE,2500,N,N,A,-,Y,NA,NA,605,NA,NA,NA,NA,NA,N,N,4,0,1,2,A,-,03,22350,NA,N,C,C,A,A,H,-,A,D,0,NA,NA,NA,NA,Y,NA,A,01,0,0,1,0,0,0,0,0,0,-,-,33.909358978271484,-118.10492706298828,LOS ANGELES,NORWALK,-118.10487365722656,33.909358978271484
90980577,2019,2019-05-02,9575,2019-04-21,1840,020711,NA,7,2,6,1912,0,1,1,NA,2,051,I-5 N/B (GOLDEN STATE FREEWAY),BUENA VISTA ST,500,S,N,A,-,Y,NA,NA,5,NA,NA,NA,NA,NA,N,N,4,0,1,2,A,-,07,21658,A,N,B,C,A,A,H,-,A,D,0,NA,NA,NA,NA,Y,NA,-,-,0,0,1,0,0,0,0,0,0,-,-,34.19770812988281,-118.33657836914064,LOS ANGELES,BURBANK,-118.33648681640624,34.19783401489258
90980595,2019,2019-05-02,9575,2019-04-29,0730,020846,NA,1,1,9,1900,0,3,5,NA,2,003,BIG TUJUNGA CANYON ROAD,DOSKE ROAD,4,E,N,B,-,N,NA,NA,NA,NA,NA,NA,NA,NA,NA,Y,4,0,3,2,A,-,03,22350,NA,N,C,C,A,A,H,-,A,D,0,NA,NA,NA,NA,Y,NA,A,01,0,0,3,0,0,0,0,0,0,-,-,34.29753875732422,-118.24326324462892,LOS ANGELES,UNINCORPORATED,-118.24326324462892,34.2974967956543