CASE_ID,ACCIDENT_YEAR,PROC_DATE,JURIS,COLLISION_DATE,COLLISION_TIME,OFFICER_ID,REPORTING_DISTRICT,DAY_OF_WEEK,CHP_SHIFT,POPULATION,CNTY_CITY_LOC,SPECIAL_COND,BEAT_TYPE,CHP_BEAT_TYPE,CITY_DIVISION_LAPD,CHP_BEAT_CLASS,BEAT_NUMBER,PRIMARY_RD,SECONDARY_RD,DISTANCE,DIRECTION,INTERSECTION,WEATHER_1,WEATHER_2,STATE_HWY_IND,CALTRANS_COUNTY,CALTRANS_DISTRICT,STATE_ROUTE,ROUTE_SUFFIX,POSTMILE_PREFIX,POSTMILE,LOCATION_TYPE,RAMP_INTERSECTION,SIDE_OF_HWY,TOW_AWAY,COLLISION_SEVERITY,NUMBER_KILLED,NUMBER_INJURED,PARTY_COUNT,PRIMARY_COLL_FACTOR,PCF_CODE_OF_VIOL,PCF_VIOL_CATEGORY,PCF_VIOLATION,PCF_VIOL_SUBSECTION,HIT_AND_RUN,TYPE_OF_COLLISION,MVIW,PED_ACTION,ROAD_SURFACE,ROAD_COND_1,ROAD_COND_2,LIGHTING,CONTROL_DEVICE,CHP_ROAD_TYPE,PEDESTRIAN_ACCIDENT,BICYCLE_ACCIDENT,MOTORCYCLE_ACCIDENT,TRUCK_ACCIDENT,NOT_PRIVATE_PROPERTY,ALCOHOL_INVOLVED,STWD_VEHTYPE_AT_FAULT,CHP_VEHTYPE_AT_FAULT,COUNT_SEVERE_INJ,COUNT_VISIBLE_INJ,COUNT_COMPLAINT_PAIN,COUNT_PED_KILLED,COUNT_PED_INJURED,COUNT_BICYCLIST_KILLED,COUNT_BICYCLIST_INJURED,COUNT_MC_KILLED,COUNT_MC_INJURED,PRIMARY_RAMP,SECONDARY_RAMP,LATITUDE,LONGITUDE,COUNTY,CITY,POINT_X,POINT_Y
90980598,2019,2019-05-02,9535,2019-04-22,1252,022214,NA,1,1,4,1907,0,1,1,NA,2,072,I-710 (LONG BEACH FREEWAY) N/B,ATLANTIC BLVD,1000,S,N,A,-,Y,NA,NA,710,NA,NA,NA,NA,NA,N,Y,3,0,1,3,A,-,03,22350,NA,M,C,C,A,A,H,-,A,D,0,NA,NA,NA,NA,Y,NA,A,01,0,1,0,0,0,0,0,0,0,-,-,33.99436950683594,-118.17642974853516,LOS ANGELES,BELL,-118.176513671875,33.99433898925781
90980621,2019,2019-05-02,9535,2019-04-23,0727,022223,NA,2,1,9,1900,0,3,5,NA,2,004,BROADWAY,MUSCATEL AVE,0,NA,Y,A,-,N,NA,NA,NA,NA,NA,NA,NA,NA,NA,N,4,0,1,2,A,-,03,22350,NA,N,C,C,A,A,H,-,A,A,0,NA,NA,NA,NA,Y,NA,A,01,0,0,1,0,0,0,0,0,0,-,-,34.09906005859375,-118.07762908935548,LOS ANGELES,UNINCORPORATED,-118.07762908935548,34.09904861450195
90980624,2019,2019-05-02,9565,2019-04-22,1035,016413,NA,1,1,7,1942,0,1,1,NA,2,064,I-405 S/B (SAN DIEGO FWY),SKIRBALL CENTER DR,350,S,N,A,-,Y,NA,NA,405,NA,NA,NA,NA,NA,S,Y,4,0,1,2,A,-,03,22350,NA,N,C,C,A,A,H,-,A,D,0,NA,NA,NA,NA,Y,NA,A,07,0,0,1,0,0,0,0,0,0,-,-,34.12221145629883,-118.47933197021484,LOS ANGELES,LOS ANGELES,-118.47914886474608,34.122066497802734
9098063,2020,2020-07-10,1942,2020-01-23,2035,31713,1321,4,5,7,1942,0,0,0,M,0,13A41,W ADAMS BL,S HOPE ST,18,W,N,A,-,N,NA,NA,NA,NA,NA,NA,NA,NA,NA,N,2,0,1,2,A,-,09,21801,A,N,D,J,A,A,H,-,C,D,0,NA,NA,NA,NA,Y,NA,M,94,1,0,0,0,0,0,0,0,0,-,-,NA,NA,LOS ANGELES,LOS ANGELES,-118.27367401123048,34.02708435058594
9098064,2020,2020-07-10,1942,2020-01-10,1356,42607,1145,5,5,7,1942,0,0,0,K,0,11EL1,RIVERSIDE BL,FLETCHER,0,NA,-,A,-,N,NA,NA,NA,NA,NA,NA,NA,NA,NA,NA,4,0,1,2,A,-,03,22350,NA,F,H,A,A,A,A,-,A,D,0,NA,NA,NA,NA,Y,NA,-,99,0,0,1,0,0,0,0,0,0,-,-,NA,NA,LOS ANGELES,LOS ANGELES,-118.25655364990234,34.10599136352539
90980661,2019,2019-05-02,9535,2019-04-23,1445,018138,NA,2,2,6,1922,0,1,1,NA,2,400,I-10 (SAN BERNARDINO FREEWAY) E/B,DURFEE AVE,600,E,N,A,-,Y,NA,NA,10,NA,NA,NA,NA,NA,E,N,4,0,2,2,A,-,03,22350,NA,N,C,C,A,A,H,-,A,D,0,NA,NA,NA,NA,Y,NA,A,01,0,0,2,0,0,0,0,0,0,-,-,34.063961029052734,-118.00666046142578,LOS ANGELES,EL MONTE,-118.00667572021484,34.06410217285156
90980694,2019,2019-05-02,9550,2019-04-24,1645,021742,NA,3,2,9,1900,0,2,4,NA,1,031,HACIENDA BOULEVARD,THE LA MONDE ST. PROLONGATION,65,S,N,A,-,Y,NA,NA,NA,NA,NA,NA,NA,NA,NA,N,4,0,1,3,A,-,03,22350,NA,M,C,C,A,A,H,-,A,D,0,NA,NA,NA,NA,Y,NA,D,22,0,0,1,0,0,0,0,0,0,-,-,33.9945182800293,-117.96852111816406,LOS ANGELES,UNINCORPORATED,NA,NA
90980711,2019,2019-05-02,9590,2019-04-29,2325,021654,NA,1,3,7,1942,0,1,1,NA,2,010,SR-110 N/B (ARROYO SECO PARKWAY),STADIUM WAY,200,S,N,A,-,Y,NA,NA,110,NA,NA,NA,NA,NA,N,Y,3,0,2,2,A,-,07,21658,A,N,B,C,A,A,H,-,C,D,0,NA,NA,NA,NA,Y,NA,A,01,0,1,1,0,0,0,0,0,0,-,-,34.071998596191406,-118.23480987548828,LOS ANGELES,LOS ANGELES,-118.23478698730467,34.07198715209961
90980731,2019,2019-05-02,9535,2019-04-23,0905,022235,NA,2,1,9,1900,0,2,4,NA,2,024,ROWAN AVE (600 BLOCK),HUBBARD ST,175,N,N,A,-,N,NA,NA,NA,NA,NA,NA,NA,NA,NA,N,4,0,1,2,A,-,21,22106,NA,N,G,B,E,A,H,-,A,D,0,Y,NA,NA,NA,Y,NA,A,07,0,0,1,0,1,0,0,0,0,-,-,34.026878356933594,-118.18715667724608,LOS ANGELES,UNINCORPORATED,-118.18744659423828,34.02677917480469
90980789,2019,2019-05-02,9530,2019-04-22,1900,021252,NA,1,2,7,1941,0,1,3,NA,1,470,SR-103 S/B,SR-47 S/B (VINCENT THOMAS BRIDGE),2640,N,N,A,-,Y,NA,NA,NA,NA,NA,NA,NA,NA,NA,Y,3,0,1,3,A,-,03,22350,NA,F,C,C,A,A,H,-,B,D,0,NA,NA,NA,Y,Y,NA,-,-,0,1,0,0,0,0,0,0,0,-,-,33.766151428222656,-118.23941802978516,LOS ANGELES,LONG BEACH,NA,NA
90980792,2019,2019-05-02,9565,2019-04-30,1640,022226,NA,2,2,9,1900,0,1,1,NA,2,060,I-405 SOUTHBOUND TO I-105 EASTBOUND,LENNOX BOULEVARD,250,S,N,A,-,Y,NA,NA,405,NA,NA,NA,R,NA,S,Y,4,0,1,2,A,-,07,21658,A,F,F,A,A,A,H,-,A,D,0,NA,NA,Y,NA,Y,NA,A,07,0,0,1,0,0,0,0,0,1,-,-,33.93560028076172,-118.36881256103516,LOS ANGELES,UNINCORPORATED,-118.36881256103516,33.93560028076172
90980834,2019,2019-05-02,9530,2019-04-22,0640,014654,NA,1,1,7,1941,0,1,1,NA,2,430,I-405 N/B (SAN DIEGO FREEWAY),PALO VERDE AVE.,75,S,N,A,-,Y,NA,NA,NA,NA,NA,NA,NA,NA,NA,N,4,0,2,4,A,-,03,22350,NA,N,C,C,A,A,H,-,A,D,0,NA,NA,NA,NA,Y,NA,D,22,0,0,2,0,0,0,0,0,0,-,-,33.4747314453125,-118.62616729736328,LOS ANGELES,LONG BEACH,-118.10773468017578,33.79689407348633
90980854,2019,2019-05-02,9530,2019-04-22,0910,021004,NA,1,1,5,1956,0,1,1,NA,2,400,I-405 N/B (SAN DIEGO FREEWAY),MARINE AVE.,541,S,N,A,-,Y,NA,NA,405,NA,NA,NA,NA,NA,N,Y,4,0,1,3,A,-,03,22350,NA,N,C,C,A,A,H,-,A,D,0,NA,NA,NA,NA,Y,NA,A,01,0,0,1,0,0,0,0,0,0,-,-,33.89365005493164,-118.36470794677734,LOS ANGELES,REDONDO BEACH,-118.3647918701172,33.89352798461914
90980893,2019,2019-05-02,9525,2019-04-25,1419,019632,NA,4,2,1,1934,0,1,1,NA,2,204,I-210 E/B (FOOTHILL FWY),IRWINDALE AVE,300,E,N,A,-,Y,NA,NA,210,NA,NA,NA,NA,NA,E,Y,4,0,1,2,A,-,03,22350,NA,N,C,C,A,A,H,-,A,D,0,NA,NA,NA,NA,Y,NA,A,01,0,0,1,0,0,0,0,0,0,-,-,34.12997055053711,-117.93257904052734,LOS ANGELES,IRWINDALE,-117.93257904052734,34.12997817993164
90980901,2019,2019-05-02,9580,2019-04-22,2230,022103,NA,1,3,7,1942,0,1,2,NA,2,105,US-101 S/B (VENTURA FREEWAY),SR-27 (TOPANGA CYN BLVD.),0,NA,Y,A,-,Y,NA,NA,101,NA,NA,NA,NA,NA,S,N,4,0,1,1,A,-,08,22107,NA,N,E,I,A,A,H,-,D,D,0,NA,NA,NA,NA,Y,NA,A,01,0,0,1,0,0,0,0,0,0,-,-,34.17058181762695,-118.60595703125,LOS ANGELES,LOS ANGELES,-118.60594940185548,34.17066955566406
90980964,2019,2019-07-30,9550,2019-04-24,0825,020014,NA,3,1,9,1900,0,1,3,NA,1,014,NORWALK BOULEVARD,WALNUT STREET,0,NA,Y,A,-,N,NA,NA,NA,NA,NA,NA,NA,NA,NA,N,4,0,1,2,A,-,12,21453,A,N,B,C,A,A,H,-,A,A,0,NA,NA,NA,NA,Y,NA,-,-,0,0,1,0,0,0,0,0,0,-,-,33.96226119995117,-118.07058715820313,LOS ANGELES,UNINCORPORATED,-118.07064819335938,33.96207046508789
90980995,2019,2019-05-02,9535,2019-04-24,1230,022223,NA,3,1,5,1948,0,1,3,NA,2,621,SR-60 (POMONA FREEWAY) W/B,MARKLAND DR,1684,E,N,A,-,Y,NA,NA,60,NA,NA,NA,NA,NA,W,N,4,0,2,2,A,-,03,22350,NA,N,C,C,A,A,H,-,A,D,0,NA,NA,NA,Y,Y,NA,G,25,0,0,2,0,0,0,0,0,0,-,-,34.0335693359375,-118.11231994628906,LOS ANGELES,MONTEREY PARK,-118.11231231689452,34.03350830078125
90981002,2019,2019-05-02,9550,2019-04-17,1500,022203,NA,3,2,9,1900,1,3,5,NA,2,002,CALOBAR AVE.,BLANDING ST.,0,NA,Y,A,-,N,NA,NA,NA,NA,NA,NA,NA,NA,NA,N,4,0,1,1,A,-,03,22350,NA,N,H,A,A,A,H,-,A,A,0,NA,NA,NA,NA,Y,NA,H,13,0,0,1,0,0,0,0,0,0,-,-,33.97077941894531,-118.0544891357422,LOS ANGELES,UNINCORPORATED,-118.05448150634766,33.97074890136719
90981004,2019,2019-05-02,9535,2019-04-22,1225,022263,NA,1,1,6,1922,0,1,1,NA,2,401,I-10 (SAN BERNARDINO FREEWAY) W/B,SANTA ANITA AVE,2640,W,N,A,-,Y,NA,NA,10,NA,NA,NA,NA,NA,W,Y,2,0,3,4,A,-,03,22350,NA,N,B,C,A,A,H,-,A,D,0,NA,NA,NA,NA,Y,NA,A,01,1,2,0,0,0,0,0,0,0,-,-,34.07128143310547,-118.04947662353516,LOS ANGELES,EL MONTE,-118.04945373535156,34.07133483886719
90981017,2019,2019-05-02,9550,2019-04-25,1501,020245,NA,4,2,9,1900,0,2,4,NA,1,022,LEFFINGWELL ROAD,LA MIRADA BOULEVARD,25,E,N,A,-,N,NA,NA,NA,NA,NA,NA,NA,NA,NA,N,4,0,1,3,A,-,08,22107,NA,N,B,B,E,A,H,-,A,D,0,Y,NA,NA,NA,Y,NA,A,07,0,0,1,0,1,0,0,0,0,-,-,33.9268684387207,-118.01162719726564,LOS ANGELES,UNINCORPORATED,-118.01190185546876,33.9267578125
90981027,2019,2019-06-19,9535,2019-04-19,0320,022100,NA,5,3,3,1968,0,1,3,NA,2,621,SR-60 (POMONA FREEWAY) W/B,SANTA ANITA AVE,1010,E,N,B,-,Y,NA,NA,60,NA,NA,NA,NA,NA,W,Y,2,0,1,6,A,-,01,23152,A,N,C,C,A,A,H,-,C,D,0,NA,NA,NA,Y,Y,Y,A,01,1,0,0,0,0,0,0,0,0,-,-,34.039310455322266,-118.04824066162108,LOS ANGELES,SOUTH EL MONTE,-118.04825592041016,34.03923797607422
90981039,2019,2019-05-02,9550,2019-04-24,1800,020245,NA,3,2,9,1900,0,3,5,NA,2,001,LOCKHEED AVENUE,DORLAND DRIVE,0,NA,Y,A,-,N,NA,NA,NA,NA,NA,NA,NA,NA,NA,N,4,0,1,2,A,-,10,21950,A,N,G,B,D,A,H,-,A,D,0,Y,NA,NA,NA,Y,NA,A,01,0,0,1,0,1,0,0,0,0,-,-,33.99258041381836,-118.06745910644533,LOS ANGELES,UNINCORPORATED,-118.06729888916016,33.99272918701172
90981040,2019,2019-05-03,9550,2019-04-20,0715,022210,NA,6,1,9,1900,0,2,4,NA,1,021,TELEGRAPH ROAD,COLIMA ROAD,0,NA,Y,B,-,N,NA,NA,NA,NA,NA,NA,NA,NA,NA,Y,4,0,1,2,D,-,00,NA,NA,N,D,C,A,A,H,-,A,A,0,NA,NA,NA,NA,Y,NA,-,-,0,0,1,0,0,0,0,0,0,-,-,33.925071716308594,-118.02452850341795,LOS ANGELES,UNINCORPORATED,-118.02449798583984,33.925018310546875
90981048,2019,2019-05-03,9575,2019-04-22,1448,020711,NA,1,2,7,1942,0,1,1,NA,2,052,I-5 S/B (GOLDEN STATE FREEWAY),PENROSE STREET,90,N,N,A,-,Y,NA,NA,5,NA,NA,NA,NA,NA,S,Y,3,0,1,1,A,-,01,23152,A,N,E,I,A,A,H,-,A,D,0,NA,NA,NA,NA,Y,Y,A,01,0,1,0,0,0,0,0,0,0,-,-,34.22616958618164,-118.37622833251952,LOS ANGELES,LOS ANGELES,-118.3761978149414,34.22626495361328
90981064,2019,2019-05-03,9590,2019-05-01,0800,016230,NA,3,1,7,1942,0,1,3,NA,2,031,I-10 WB SBF TO I-5 NB GSF,I-10 SBF (SOTO COLLECTOR),220,W,N,B,-,Y,NA,NA,NA,NA,NA,NA,NA,NA,NA,Y,4,0,1,3,A,-,08,22107,NA,F,B,C,A,A,H,-,A,D,0,NA,NA,Y,Y,Y,NA,-,99,0,0,1,0,0,0,0,0,1,-,-,34.056880950927734,-118.21388244628906,LOS ANGELES,LOS ANGELES,NA,NA
90981070,2019,2019-05-03,9590,2019-04-29,0625,016127,NA,1,1,7,1942,0,1,1,NA,2,060,I-10 E/B (SANTA MONICA FREEWAY),NORMANDIE AVENUE,100,W,N,A,-,Y,NA,NA,10,NA,NA,NA,NA,NA,E,Y,4,0,1,3,A,-,03,22350,NA,F,C,C,A,A,H,-,A,D,0,NA,NA,NA,NA,Y,NA,A,01,0,0,1,0,0,0,0,0,0,-,-,34.03709030151367,-118.30010223388672,LOS ANGELES,LOS ANGELES,-118.30010223388672,34.0369758605957
90981073,2019,2019-05-03,9565,2019-04-22,0500,019320,NA,1,3,4,1918,0,1,1,NA,2,061,I-405 N/B TO VENICE BLVD.,VENICE BLVD.,1000,S,N,A,-,Y,NA,NA,405,NA,NA,NA,R,NA,N,Y,4,0,1,1,A,-,08,22107,NA,N,E,I,A,A,H,-,C,D,0,NA,NA,NA,NA,Y,NA,A,07,0,0,1,0,0,0,0,0,0,-,-,34.01079177856445,-118.41641998291016,LOS ANGELES,CULVER CITY,-118.41641998291016,34.01079177856445
90981077,2019,2019-05-03,9580,2019-04-23,0900,016413,NA,2,1,7,1942,0,1,2,NA,2,102,US-101 N/B (VENTURA FREEWAY),BALBOA BLVD,1056,N,N,A,-,Y,NA,NA,101,NA,NA,NA,NA,NA,N,Y,4,0,2,2,A,-,03,22350,NA,N,C,C,A,A,H,-,A,D,0,NA,NA,NA,NA,Y,NA,D,22,0,0,2,0,0,0,0,0,0,-,-,34.17134094238281,-118.50894165039064,LOS ANGELES,LOS ANGELES,-118.50894165039064,34.17127990722656
90981079,2019,2019-05-03,9580,2019-04-23,0910,018322,NA,2,1,7,1942,0,1,3,NA,2,171,SR-170 S/B (HOLLYWOOD FWY.),SHELDON ST,1584,N,N,A,-,Y,NA,NA,170,NA,NA,NA,NA,NA,S,N,4,0,1,3,A,-,07,21658,A,N,B,C,A,A,H,-,A,D,0,NA,NA,NA,NA,Y,NA,A,01,0,0,1,0,0,0,0,0,0,-,-,34.231300354003906,-118.41010284423828,LOS ANGELES,LOS ANGELES,-118.41010284423828,34.231300354003906
90981080,2019,2019-05-03,9550,2019-04-24,1635,020861,NA,3,2,6,1949,0,1,1,NA,2,651,I-605 N/B,IMPERIAL HIGHWAY,400,S,N,A,-,Y,NA,NA,605,NA,NA,NA,NA,NA,N,N,4,0,1,2,A,-,21,22106,NA,N,C,C,A,A,H,-,A,D,0,NA,NA,NA,Y,Y,NA,G,26,0,0,1,0,0,0,0,0,0,-,-,33.91585922241211,-118.10460662841795,LOS ANGELES,NORWALK,-118.1046142578125,33.91585922241211
90981083,2019,2019-05-03,9590,2019-04-29,0510,021762,NA,1,3,7,1942,0,1,1,NA,2,021,I-10 W/B (SBF) TO I-5 S/B (GSF),STATE STREET,150,E,N,B,-,Y,NA,NA,NA,NA,NA,NA,NA,NA,NA,N,4,0,1,2,A,-,03,22350,NA,N,C,C,A,B,H,-,B,D,0,NA,NA,NA,NA,Y,NA,D,22,0,0,1,0,0,0,0,0,0,-,-,34.05244064331055,-118.21427917480467,LOS ANGELES,LOS ANGELES,-118.21416473388672,34.051822662353516
90981096,2019,2019-05-03,9590,2019-05-02,1943,021535,NA,4,2,7,1942,0,1,1,NA,2,084,I-5 NB (GOLDEN STATE FREEWAY),GLENDALE BOULEBARD,50,N,N,A,-,Y,NA,NA,5,NA,NA,NA,NA,NA,N,Y,4,0,3,2,A,-,03,22350,NA,N,C,C,A,A,H,-,C,D,0,NA,NA,NA,NA,Y,NA,A,07,0,0,3,0,0,0,0,0,0,-,-,34.112701416015625,-118.26611328125,LOS ANGELES,LOS ANGELES,-118.26615142822266,34.11264419555664
90981115,2019,2019-05-03,9565,2019-04-23,2005,021473,NA,2,2,7,1942,0,1,1,NA,2,083,I-10 E/B (SANTA MONICA FWY),NATIONAL BLVD,600,E,N,B,-,Y,NA,NA,10,NA,NA,NA,NA,NA,E,N,4,0,1,2,A,-,03,22350,NA,N,C,C,A,A,H,-,C,D,0,NA,NA,NA,NA,Y,NA,A,01,0,0,1,0,0,0,0,0,0,-,-,34.03205871582031,-118.38871002197266,LOS ANGELES,LOS ANGELES,-118.38871002197266,34.03206253051758
90981120,2019,2019-05-03,9530,2019-04-23,2130,022084,NA,2,2,5,1977,0,1,1,NA,2,210,I-105 W/B (GLENN ANDERSON FWY),ALAMEDA ST.,750,W,N,A,-,Y,NA,NA,NA,NA,NA,NA,NA,NA,NA,Y,4,0,1,1,A,-,03,22350,NA,N,E,J,A,A,H,-,C,D,0,NA,NA,Y,NA,Y,NA,C,02,0,0,1,0,0,0,0,0,1,-,-,33.929100036621094,-118.22799682617188,LOS ANGELES,CARSON,-118.22808074951172,33.92911911010742
90981129,2019,2019-05-03,9525,2019-04-28,1305,019291,NA,7,1,4,1960,0,1,1,NA,2,207,I-210 W/B (FOOTHILL FWY),SAN DIMAS AVE,1584,E,N,A,-,Y,NA,NA,210,NA,NA,NA,NA,NA,W,Y,4,0,1,3,C,-,18,NA,NA,N,H,C,A,A,H,-,A,D,0,NA,NA,NA,Y,Y,NA,-,-,0,0,1,0,0,0,0,0,0,-,-,34.11989974975586,-117.80033111572266,LOS ANGELES,SAN DIMAS,-117.80033111572266,34.119869232177734
90981131,2019,2019-05-03,9565,2019-04-23,0813,013744,NA,2,1,7,1942,0,1,1,NA,2,083,I-10 E/B,NATIONAL BLVD,528,E,N,A,-,Y,NA,NA,10,NA,NA,NA,NA,NA,E,N,4,0,1,2,A,-,03,22350,NA,N,C,C,A,A,H,-,A,D,0,NA,NA,NA,NA,Y,NA,A,01,0,0,1,0,0,0,0,0,0,-,-,34.029388427734375,-118.40202331542967,LOS ANGELES,LOS ANGELES,-118.40201568603516,34.029449462890625
90981132,2019,2019-05-03,9525,2019-04-22,1650,018402,NA,1,2,5,1990,0,1,3,NA,2,574,SR-57 N/B (ORANGE FWY),BREA CANYON RD.,100,N,N,A,-,Y,NA,NA,57,NA,NA,NA,NA,NA,N,Y,3,0,1,2,A,-,03,22350,NA,F,B,C,A,A,H,-,A,D,0,NA,NA,Y,NA,Y,NA,C,02,0,1,0,0,0,0,0,0,1,-,-,33.961021423339844,-117.85417175292967,LOS ANGELES,DIAMOND BAR,-117.854248046875,33.961124420166016
90981133,2019,2019-05-03,9525,2019-05-02,1535,016342,NA,4,2,9,1900,0,1,3,NA,2,574,SR-57 N/B (ORANGE FWY),BREA CANYON RD.,1584,S,N,A,-,Y,NA,NA,57,NA,NA,NA,NA,NA,N,Y,3,0,1,2,A,-,03,22350,NA,N,C,C,A,A,H,-,A,D,0,NA,NA,NA,NA,Y,NA,A,01,0,1,0,0,0,0,0,0,0,-,-,33.951419830322266,-117.86409759521484,LOS ANGELES,UNINCORPORATED,-117.86414337158205,33.951446533203125
90981136,2019,2019-05-03,9530,2019-04-23,2105,021582,NA,2,2,7,1942,0,1,1,NA,2,110,I-110 S/B TO I-105 E/B FASTRAK,IMPERIAL HWY.,1056,S,N,A,-,Y,NA,NA,NA,NA,NA,NA,NA,NA,NA,Y,4,0,1,2,A,-,03,22350,NA,N,C,C,A,A,H,-,D,D,0,NA,NA,NA,NA,Y,NA,D,22,0,0,1,0,0,0,0,0,0,-,-,33.928321838378906,-118.27574920654295,LOS ANGELES,LOS ANGELES,-118.28141021728516,33.92892837524414
90981153,2019,2019-05-03,9590,2019-04-28,0135,021291,NA,7,3,7,1942,0,1,2,NA,2,070,US-101 N/B (HOF) TO I-110 S/B (HAF),TEMPLE ST,450,N,N,A,-,Y,NA,NA,101,NA,NA,NA,R,NA,N,N,2,0,1,2,A,-,08,22107,NA,N,E,I,A,A,H,-,C,D,0,NA,NA,Y,NA,Y,NA,C,02,1,0,0,0,0,0,0,0,1,-,-,34.062618255615234,-118.24894714355467,LOS ANGELES,LOS ANGELES,-118.24894714355467,34.062618255615234
90981157,2019,2019-05-03,9565,2019-04-23,1605,021303,NA,2,2,9,1900,0,1,1,NA,2,012,I-105 E/B ( CENTURY FWY),WESTERN AVE,500,E,N,A,-,Y,NA,NA,105,NA,NA,NA,NA,NA,E,Y,4,0,1,3,A,-,03,22350,NA,N,C,C,A,A,H,-,A,D,0,NA,NA,NA,NA,Y,NA,A,01,0,0,1,0,0,0,0,0,0,-,-,33.92591094970703,-118.30702209472656,LOS ANGELES,UNINCORPORATED,-118.30699157714844,33.9257926940918
90981162,2019,2019-05-03,9530,2019-04-23,2120,022084,NA,2,2,9,1900,0,3,5,NA,2,001,FLORENCE AVE. (1300 BLOCK),HOOPER AVE.,100,E,N,A,-,N,NA,NA,NA,NA,NA,NA,NA,NA,NA,Y,4,0,1,2,A,-,08,22107,NA,F,A,C,A,A,H,-,C,D,0,NA,NA,NA,NA,Y,NA,-,99,0,0,1,0,0,0,0,0,0,-,-,33.97489929199219,-118.25170135498048,LOS ANGELES,UNINCORPORATED,-118.16232299804688,33.91350173950195
90981167,2019,2019-05-03,9530,2019-04-23,0750,018278,NA,2,1,9,1900,0,3,5,NA,2,002,SAN PEDRO ST. (13300 BLOCK),135TH ST.,492,N,N,A,-,N,NA,NA,NA,NA,NA,NA,NA,NA,NA,Y,4,0,1,2,A,-,09,21804,A,N,D,C,A,A,H,-,A,D,0,NA,NA,NA,NA,Y,NA,A,01,0,0,1,0,0,0,0,0,0,-,-,33.54378890991211,-118.16107177734376,LOS ANGELES,UNINCORPORATED,-118.26966094970705,33.9105110168457
90981194,2019,2019-05-03,9580,2019-04-28,1330,021554,NA,7,1,3,1994,0,1,2,NA,2,107,US-101 S/B (VENTURA FREEWAY),LIBERTY CANYON RD,60,S,N,A,-,Y,NA,NA,101,NA,NA,NA,NA,NA,S,Y,3,0,3,1,A,-,01,23152,A,N,E,I,A,A,H,-,A,D,0,NA,NA,NA,NA,Y,Y,A,01,0,1,2,0,0,0,0,0,0,-,-,34.13808822631836,-118.72428894042967,LOS ANGELES,AGOURA HILLS,-118.72428894042967,34.138092041015625
90981200,2019,2019-05-03,9535,2019-04-19,1945,022246,NA,5,2,9,1900,0,1,3,NA,2,066,ROSEMEAD BLVD. (SR-164),SAN GABRIEL BLVD,400,N,N,A,-,Y,NA,NA,164,NA,NA,NA,NA,NA,NA,N,4,0,2,2,A,-,03,22350,NA,N,C,C,A,A,H,-,B,A,0,NA,NA,NA,NA,Y,NA,A,01,0,0,2,0,0,0,0,0,0,-,-,34.03129959106445,-118.06649780273438,LOS ANGELES,UNINCORPORATED,-118.06643676757813,34.0312614440918
90981201,2019,2019-05-03,9535,2019-04-23,1416,022256,NA,2,2,9,1900,0,3,5,NA,2,002,FERRIS AVE. (600 BLOCK),HUBBARD ST,120,N,N,A,-,N,NA,NA,NA,NA,NA,NA,NA,NA,NA,N,4,0,1,2,A,-,09,21804,A,N,D,C,A,A,H,-,A,D,0,NA,NA,NA,NA,Y,NA,A,01,0,0,1,0,0,0,0,0,0,-,-,34.024288177490234,-118.1626205444336,LOS ANGELES,UNINCORPORATED,-118.1626205444336,34.024227142333984
90981212,2019,2019-05-03,9530,2019-04-23,0730,018745,NA,2,1,4,1939,0,1,1,NA,2,400,I-405 N/B (SAN DIEGO FREEWAY),MANHATTAN BEACH BLVD.,320,N,N,A,-,Y,NA,NA,405,NA,NA,NA,NA,NA,N,Y,4,0,1,3,A,-,07,21658,A,N,B,C,A,A,H,-,A,D,0,NA,NA,Y,NA,Y,NA,A,01,0,0,1,0,0,0,0,0,1,-,-,33.877811431884766,-118.34567260742188,LOS ANGELES,LAWNDALE,-118.34561920166016,33.877845764160156
90981215,2019,2019-05-03,9565,2019-04-23,1825,021303,NA,2,2,9,1900,0,1,1,NA,2,012,I-105 E/B (CENTURY FWY),WESTERN AVE,200,W,N,A,-,Y,NA,NA,105,NA,NA,NA,NA,NA,E,Y,3,0,1,2,A,-,03,22350,NA,N,C,C,A,A,H,-,A,D,0,NA,NA,NA,NA,Y,NA,A,07,0,1,0,0,0,0,0,0,0,-,-,33.92525863647461,-118.3112564086914,LOS ANGELES,UNINCORPORATED,-118.31126403808594,33.92528533935547
9098123,2020,2020-07-20,1975,2020-03-18,1331,314,NA,3,5,6,1975,0,0,0,NA,0,004,GLENDORA AV,CAMERON AV,85,N,N,B,-,N,NA,NA,NA,NA,NA,NA,NA,NA,NA,NA,4,0,1,2,A,-,03,22350,NA,N,C,C,A,A,H,-,A,A,0,NA,NA,NA,NA,Y,NA,A,01,0,0,1,0,0,0,0,0,0,-,-,34.06163024902344,-117.93179321289064,LOS ANGELES,WEST COVINA,-117.93163299560548,34.06179428100586