CASE_ID,ACCIDENT_YEAR,PROC_DATE,JURIS,COLLISION_DATE,COLLISION_TIME,OFFICER_ID,REPORTING_DISTRICT,DAY_OF_WEEK,CHP_SHIFT,POPULATION,CNTY_CITY_LOC,SPECIAL_COND,BEAT_TYPE,CHP_BEAT_TYPE,CITY_DIVISION_LAPD,CHP_BEAT_CLASS,BEAT_NUMBER,PRIMARY_RD,SECONDARY_RD,DISTANCE,DIRECTION,INTERSECTION,WEATHER_1,WEATHER_2,STATE_HWY_IND,CALTRANS_COUNTY,CALTRANS_DISTRICT,STATE_ROUTE,ROUTE_SUFFIX,POSTMILE_PREFIX,POSTMILE,LOCATION_TYPE,RAMP_INTERSECTION,SIDE_OF_HWY,TOW_AWAY,COLLISION_SEVERITY,NUMBER_KILLED,NUMBER_INJURED,PARTY_COUNT,PRIMARY_COLL_FACTOR,PCF_CODE_OF_VIOL,PCF_VIOL_CATEGORY,PCF_VIOLATION,PCF_VIOL_SUBSECTION,HIT_AND_RUN,TYPE_OF_COLLISION,MVIW,PED_ACTION,ROAD_SURFACE,ROAD_COND_1,ROAD_COND_2,LIGHTING,CONTROL_DEVICE,CHP_ROAD_TYPE,PEDESTRIAN_ACCIDENT,BICYCLE_ACCIDENT,MOTORCYCLE_ACCIDENT,TRUCK_ACCIDENT,NOT_PRIVATE_PROPERTY,ALCOHOL_INVOLVED,STWD_VEHTYPE_AT_FAULT,CHP_VEHTYPE_AT_FAULT,COUNT_SEVERE_INJ,COUNT_VISIBLE_INJ,COUNT_COMPLAINT_PAIN,COUNT_PED_KILLED,COUNT_PED_INJURED,COUNT_BICYCLIST_KILLED,COUNT_BICYCLIST_INJURED,COUNT_MC_KILLED,COUNT_MC_INJURED,PRIMARY_RAMP,SECONDARY_RAMP,LATITUDE,LONGITUDE,COUNTY,CITY,POINT_X,POINT_Y
90984190,2019,2019-05-08,9565,2019-05-01,2025,022226,NA,3,2,7,1942,0,1,1,NA,2,062,I-405 SOUTHBOUND (SAN DIEGO FREEWAY),PALMS BOULEVARD,1500,N,N,A,-,Y,NA,NA,405,NA,NA,NA,NA,NA,S,N,4,0,1,2,A,-,03,22350,NA,N,C,C,A,A,H,-,C,D,0,NA,NA,NA,NA,Y,NA,D,22,0,0,1,0,0,0,0,0,0,-,-,34.02252960205078,-118.42693328857422,LOS ANGELES,LOS ANGELES,-118.42683410644533,34.022605895996094
90984222,2019,2019-05-08,9565,2019-04-28,1332,021892,NA,7,1,7,1942,0,1,1,NA,2,060,I-405 N/B,LA TIJERA BLVD,500,S,N,A,-,Y,NA,NA,405,NA,NA,NA,NA,NA,N,Y,4,0,2,4,A,-,03,22350,NA,N,C,C,A,A,H,-,A,D,0,NA,NA,NA,NA,Y,NA,A,07,0,0,2,0,0,0,0,0,0,-,-,33.97050857543945,-118.3751220703125,LOS ANGELES,LOS ANGELES,-118.3751220703125,33.97050094604492
90984244,2019,2019-05-08,9565,2019-05-04,1320,021473,NA,6,1,7,1942,0,1,1,NA,2,062,I-405 S/B (SAN DIEGO FWY),EXPOSITION BLVD,150,S,N,A,-,Y,NA,NA,405,NA,NA,NA,NA,NA,S,Y,4,0,2,2,A,-,03,22350,NA,N,C,C,A,A,H,-,A,D,0,NA,NA,NA,NA,Y,NA,A,07,0,0,2,0,0,0,0,0,0,-,-,34.03458023071289,-118.43717193603516,LOS ANGELES,LOS ANGELES,-118.43738555908205,34.03440856933594
90984294,2019,2019-05-08,9580,2019-04-26,1130,019544,NA,5,1,7,1942,0,1,2,NA,2,103,US-101 S/B (VENTURA FREEWAY),WOODMAN AVE,2640,N,N,A,-,Y,NA,NA,101,NA,NA,NA,NA,NA,S,N,4,0,1,3,A,-,03,22350,NA,N,C,C,A,A,H,-,A,D,0,NA,NA,Y,NA,Y,NA,C,02,0,0,1,0,0,0,0,0,1,-,-,34.15565872192383,-118.43691253662108,LOS ANGELES,LOS ANGELES,-118.43691253662108,34.15555191040039
90984301,2019,2019-05-08,9580,2019-04-29,1240,017386,NA,1,1,9,1900,0,1,2,NA,2,108,US-101 N/B (VENTURA FREEWAY),PALO COMADO CANYON RD,528,N,N,A,-,Y,NA,NA,101,NA,NA,NA,NA,NA,N,N,4,0,1,2,A,-,03,22350,NA,N,C,C,A,A,H,-,A,D,0,NA,NA,NA,NA,Y,NA,A,01,0,0,1,0,0,0,0,0,0,-,-,34.14326095581055,-118.7381591796875,LOS ANGELES,UNINCORPORATED,-118.7381591796875,34.14327621459961
90984364,2019,2019-05-08,9580,2019-05-02,1045,020573,NA,4,1,7,1942,0,1,3,NA,2,114,SR-118 E/B (RONALD REAGAN FWY.),I-5 S/B,1500,W,N,A,-,Y,NA,NA,118,NA,NA,NA,NA,NA,E,Y,4,0,1,2,A,-,03,22350,NA,N,C,C,A,A,H,-,A,D,0,NA,NA,NA,NA,Y,NA,A,01,0,0,1,0,0,0,0,0,0,-,-,34.26578140258789,-118.44850158691406,LOS ANGELES,LOS ANGELES,-118.44850158691406,34.265846252441406
90984382,2019,2019-05-08,9580,2019-04-27,0425,019876,NA,6,3,7,1942,0,1,2,NA,2,103,US-101 SB (VENTURA FWY) TO HASKELL AVE,HASKELL AVE,220,S,N,B,-,Y,NA,NA,101,NA,NA,NA,R,NA,S,Y,3,0,1,1,A,-,01,23152,A,M,E,J,A,A,H,-,C,D,0,NA,NA,NA,NA,Y,Y,A,01,0,1,0,0,0,0,0,0,0,-,-,34.16450119018555,-118.47413635253906,LOS ANGELES,LOS ANGELES,-118.47413635253906,34.16450119018555
90984409,2019,2019-05-08,9525,2019-05-04,1620,020989,NA,6,2,5,1926,0,1,1,NA,2,205,I-210 W/B (FOOTHILL FWY),BONNIE COVE AVE,230,W,N,A,-,Y,NA,NA,210,NA,NA,NA,NA,NA,W,N,3,0,1,1,A,-,01,23152,A,N,H,A,A,A,H,-,A,D,0,NA,NA,NA,NA,Y,Y,A,01,0,1,0,0,0,0,0,0,0,-,-,34.117618560791016,-117.85590362548828,LOS ANGELES,GLENDORA,-117.85590362548828,34.11763000488281
90984416,2019,2019-05-08,9590,2019-04-29,1025,021771,NA,1,1,7,1942,0,1,2,NA,2,072,US-101 N/B (HOLLYWOOD FREEWAY),HOLLYWOOD BOULEVARD,1320,S,N,B,-,Y,NA,NA,101,NA,NA,NA,NA,NA,N,N,4,0,1,2,A,-,07,21658,A,N,B,C,A,A,H,-,A,D,0,NA,NA,NA,NA,Y,NA,-,31,0,0,1,0,0,0,0,0,0,-,-,34.098201751708984,-118.31439971923828,LOS ANGELES,LOS ANGELES,-118.31444549560548,34.09817123413086
90984423,2019,2019-05-08,9525,2019-04-27,0855,021684,NA,6,1,9,1900,0,3,5,NA,2,002,BADILLO ST.,SUNFLOWER AVE,0,NA,Y,B,-,N,NA,NA,NA,NA,NA,NA,NA,NA,NA,Y,3,0,2,2,A,-,12,21453,A,N,D,C,A,A,H,-,A,A,0,NA,NA,NA,NA,Y,NA,-,-,0,2,0,0,0,0,0,0,0,-,-,34.092918395996094,-117.84636688232422,LOS ANGELES,UNINCORPORATED,-117.8464126586914,34.09297180175781
9098444,2020,2020-10-29,1942,2020-05-08,1345,41788,1502,5,5,7,1942,0,0,0,O,0,15X7,COLDWATER CYN,SATICOY ST,630,NA,N,A,-,N,NA,NA,NA,NA,NA,NA,NA,NA,NA,Y,3,0,1,2,A,-,03,22350,NA,N,C,E,A,A,H,-,A,D,0,NA,NA,NA,NA,Y,NA,A,01,0,1,0,0,0,0,0,0,0,-,-,NA,NA,LOS ANGELES,LOS ANGELES,-118.41439056396484,34.20661163330078
90984441,2019,2019-05-08,9565,2019-04-27,1718,022153,NA,6,2,9,1900,0,2,4,NA,2,022,NORMANDIE AVENUE N/B,94TH STREET,0,NA,Y,A,-,N,NA,NA,NA,NA,NA,NA,NA,NA,NA,N,4,0,1,2,A,-,09,21801,A,F,D,C,A,A,H,-,A,A,0,NA,NA,NA,NA,Y,NA,A,01,0,0,1,0,0,0,0,0,0,-,-,33.9509391784668,-118.30027770996094,LOS ANGELES,UNINCORPORATED,-118.30027770996094,33.950950622558594
90984460,2019,2019-05-08,9565,2019-04-28,1610,022057,NA,7,2,4,1918,0,1,1,NA,2,061,I-405 SB (SAN DIEGO FREEWWAY),CULVER BLVD,100,S,N,A,-,Y,NA,NA,405,NA,NA,NA,NA,NA,S,N,4,0,1,2,A,-,03,22350,NA,N,C,C,A,A,H,-,A,D,0,NA,NA,NA,NA,Y,NA,A,01,0,0,1,0,0,0,0,0,0,-,-,33.99256134033203,-118.40325164794922,LOS ANGELES,CULVER CITY,-118.4031219482422,33.9926643371582
90984466,2019,2019-05-08,9535,2019-04-28,1839,022234,NA,7,2,9,1900,0,3,5,NA,2,001,HUBBARD ST.,DOWNEY ROAD,0,NA,Y,A,-,N,NA,NA,NA,NA,NA,NA,NA,NA,NA,N,3,0,1,2,A,-,09,21801,A,N,D,C,A,A,H,-,A,A,0,NA,NA,NA,NA,Y,NA,A,07,0,1,0,0,0,0,0,0,0,-,-,34.02629852294922,-118.1803970336914,LOS ANGELES,UNINCORPORATED,-118.18009185791016,34.02632141113281
90984468,2019,2019-05-08,9565,2019-04-28,1655,022057,NA,7,2,4,1918,0,1,1,NA,2,061,I-405 NB (SAN DIEGO FREEWAY),JEFFERSON BLVD,100,S,N,A,-,Y,NA,NA,NA,NA,NA,NA,NA,NA,NA,N,4,0,1,2,A,-,03,22350,NA,M,C,C,A,A,H,-,A,D,0,NA,NA,NA,NA,Y,NA,A,01,0,0,1,0,0,0,0,0,0,-,-,33.92472839355469,-118.40277099609376,LOS ANGELES,CULVER CITY,-118.39887237548828,33.98762893676758
9098447,2020,2020-10-30,1942,2020-05-09,2040,43814,1502,6,5,7,1942,0,0,0,O,0,0LA,COLDWATER CANYON AV,SATICOY ST,0,NA,Y,A,-,N,NA,NA,NA,NA,NA,NA,NA,NA,NA,Y,4,0,4,2,A,-,04,21703,NA,N,C,C,A,A,H,-,C,A,0,NA,NA,NA,NA,Y,NA,A,07,0,0,4,0,0,0,0,0,0,-,-,NA,NA,LOS ANGELES,LOS ANGELES,-118.41439056396484,34.20661163330078
9098448,2020,2020-10-30,1942,2020-05-08,1830,33947,1984,5,5,7,1942,0,0,0,NA,0,19A93,ROSCOE BL,WILLIS AV,150,W,N,A,-,N,NA,NA,NA,NA,NA,NA,NA,NA,NA,N,4,0,1,2,A,-,09,21804,NA,N,D,G,A,A,H,-,A,D,0,NA,Y,NA,NA,Y,NA,A,07,0,0,1,0,0,0,1,0,0,-,-,NA,NA,LOS ANGELES,LOS ANGELES,-118.45582580566406,34.22148895263672
90984484,2019,2019-05-08,9565,2019-04-23,1603,022251,NA,2,2,4,1918,0,1,1,NA,2,061,I-405 S/B (SAN DIEGO FREEWAY),VENICE BLVD.,1000,S,N,A,-,Y,NA,NA,405,NA,NA,NA,NA,NA,S,N,4,0,1,2,A,-,03,22350,NA,N,F,A,A,A,H,-,A,D,0,NA,NA,Y,NA,Y,NA,C,02,0,0,1,0,0,0,0,0,1,-,-,34.00865936279297,-118.41571807861328,LOS ANGELES,CULVER CITY,-118.41575622558594,34.00863265991211
90984501,2019,2019-05-08,9535,2019-04-28,0053,022100,NA,7,3,6,1922,0,1,1,NA,2,400,I-10 (SAN BERNARDINO FREEWAY) E/B,SR-164 (ROSEMEAD BLVD.),80,E,N,B,-,Y,NA,NA,10,NA,NA,NA,NA,NA,E,Y,3,0,4,2,A,-,07,21658,A,M,C,C,A,A,H,-,C,D,0,NA,NA,NA,NA,Y,NA,A,01,0,1,3,0,0,0,0,0,0,-,-,34.07207107543945,-118.07261657714844,LOS ANGELES,EL MONTE,-118.07261657714844,34.07207489013672
9098451,2020,2020-10-30,1942,2020-05-11,1520,41514,1936,1,5,7,1942,0,0,0,NA,0,19A43,LAUREL CYN BL,RINALDI ST,200,S,N,A,-,N,NA,NA,NA,NA,NA,NA,NA,NA,NA,Y,4,0,2,2,A,-,09,21801,A,N,D,C,A,A,H,-,A,D,0,NA,NA,NA,NA,Y,NA,A,01,0,0,2,0,0,0,0,0,0,-,-,NA,NA,LOS ANGELES,LOS ANGELES,-118.4541015625,34.27943420410156
90984515,2019,2019-05-08,9590,2019-05-06,0748,015985,NA,1,1,7,1942,0,1,1,NA,2,061,I-10 W/B (SANTA MONICA FWY),GRAMERCY PLACE,350,E,N,A,-,Y,NA,NA,10,NA,NA,NA,NA,NA,W,Y,4,0,1,2,A,-,07,21658,A,N,C,C,A,A,H,-,A,D,0,NA,NA,Y,NA,Y,NA,A,01,0,0,1,0,0,0,0,0,1,-,-,34.037200927734375,-118.31240081787108,LOS ANGELES,LOS ANGELES,-118.31240081787108,34.03724670410156
9098452,2020,2020-10-30,1942,2020-05-07,0745,30452,1985,4,5,7,1942,0,0,0,NA,0,19485,VAN NUYS BL,RAYEN ST,0,NA,Y,A,-,N,NA,NA,NA,NA,NA,NA,NA,NA,NA,Y,4,0,2,2,A,-,09,21801,A,N,D,C,A,A,H,-,A,A,0,NA,NA,NA,NA,Y,NA,A,01,0,0,2,0,0,0,0,0,0,-,-,NA,NA,LOS ANGELES,LOS ANGELES,-118.45024871826172,34.23173904418945
90984536,2019,2019-05-08,9535,2019-04-28,2045,021131,NA,7,2,9,1900,0,2,4,NA,2,015,FORD BLVD. (100 BLOCK),SR-60,50,N,N,A,-,N,NA,NA,NA,NA,NA,NA,NA,NA,NA,N,2,0,1,2,A,-,11,21954,A,N,G,B,D,A,H,-,C,D,0,Y,NA,NA,NA,Y,NA,N,60,1,0,0,0,1,0,0,0,0,-,-,34.036399841308594,-118.16928863525392,LOS ANGELES,UNINCORPORATED,-118.16925048828124,34.036006927490234
90984543,2019,2019-05-08,9590,2019-05-03,1140,022102,NA,5,1,7,1942,0,1,1,NA,2,052,I-110 N/B (HARBOR FREEWAY),WASHINGTON BLVD.,825,S,N,A,-,Y,NA,NA,110,NA,NA,NA,NA,NA,N,N,4,0,1,2,A,-,07,21658,A,N,B,C,A,A,H,-,A,D,0,NA,NA,NA,NA,Y,NA,A,01,0,0,1,0,0,0,0,0,0,-,-,34.03295135498047,-118.27455139160156,LOS ANGELES,LOS ANGELES,-118.27451324462892,34.03295135498047
9098455,2020,2020-11-05,1942,2020-05-07,2145,44249,2138,4,5,7,1942,0,0,0,NA,0,21A29,SHERMAN WY,OSO AV,0,NA,Y,A,-,N,NA,NA,NA,NA,NA,NA,NA,NA,NA,N,3,0,1,2,A,-,-,NA,NA,N,G,G,A,A,H,-,C,A,0,NA,Y,NA,NA,Y,NA,A,01,0,1,0,0,0,0,1,0,0,-,-,NA,NA,LOS ANGELES,LOS ANGELES,-118.57534790039064,34.201019287109375
9098456,2020,2020-10-29,1942,2020-05-06,1440,383326,2185,3,5,7,1942,0,0,0,NA,0,21A73,TOPANGA CYN,SAN MIGUEL ST,30,S,N,A,-,N,NA,NA,NA,NA,NA,NA,NA,NA,NA,N,3,0,2,2,A,-,08,22107,NA,N,B,E,A,A,H,-,A,B,0,NA,NA,NA,NA,Y,NA,A,01,0,2,0,0,0,0,0,0,0,-,-,NA,NA,LOS ANGELES,LOS ANGELES,-118.60581207275392,34.158477783203125
90984560,2019,2019-05-08,9590,2019-05-05,1037,022088,NA,7,1,7,1942,0,1,1,NA,2,081,I-5 SOUTHBOUND (GOLDEN STATE FREEWAY),WHITTIER BLVD.,100,N,N,A,-,Y,NA,NA,NA,NA,NA,NA,NA,NA,NA,N,4,0,1,2,A,-,03,22350,NA,F,C,C,A,A,H,-,A,D,0,NA,NA,NA,NA,Y,NA,-,99,0,0,1,0,0,0,0,0,0,-,-,34.034088134765625,-118.22006988525392,LOS ANGELES,LOS ANGELES,-118.2204818725586,34.0367317199707
90984570,2019,2019-05-08,9590,2019-04-30,0435,021883,NA,2,3,7,1942,0,1,2,NA,2,071,US-101 S/B (HOF) TO I-110 S/B (HAF),TEMPLE ST.,450,N,N,B,C,Y,NA,NA,101,NA,NA,NA,R,NA,S,N,4,0,1,2,A,-,03,22350,NA,N,C,C,A,B,H,-,D,D,0,NA,NA,NA,NA,Y,NA,A,01,0,0,1,0,0,0,0,0,0,-,-,34.06291961669922,-118.24964904785156,LOS ANGELES,LOS ANGELES,-118.24964904785156,34.06291961669922
90984582,2019,2019-05-08,9530,2019-04-29,1725,021689,NA,1,2,7,1942,0,1,1,NA,2,200,I-105 E/B (GLENN ANDERSON FWY),HOOVER ST.,300,E,N,A,-,Y,NA,NA,105,NA,NA,NA,NA,NA,E,Y,4,0,1,3,A,-,03,22350,NA,N,C,C,A,A,H,-,A,D,0,NA,NA,NA,NA,Y,NA,A,07,0,0,1,0,0,0,0,0,0,-,-,33.928489685058594,-118.2860870361328,LOS ANGELES,LOS ANGELES,-118.2860870361328,33.92853927612305
90984599,2019,2019-05-08,9530,2019-04-29,2325,021273,NA,1,3,7,1941,0,1,1,NA,2,420,I-405 N/B (SAN DIEGO FREEWAY),WALNUT AVE.,200,S,N,A,-,Y,NA,NA,405,NA,NA,NA,NA,NA,N,Y,3,0,2,1,A,-,08,22107,NA,N,E,I,A,A,H,-,C,D,0,NA,NA,NA,NA,Y,NA,A,01,0,1,1,0,0,0,0,0,0,-,-,33.8143196105957,-118.1716537475586,LOS ANGELES,LONG BEACH,-118.17164611816406,33.814395904541016
90984603,2019,2019-05-08,9535,2019-04-28,2328,022017,NA,7,3,3,1914,0,1,1,NA,2,500,I-5 (SANTA ANA FREEWAY) N/B,ATLANTIC BOULEVARD,300,S,N,B,-,Y,NA,NA,5,NA,NA,NA,NA,NA,N,N,4,0,1,2,A,-,07,21658,A,N,B,C,A,A,H,-,D,D,0,NA,NA,NA,NA,Y,NA,A,01,0,0,1,0,0,0,0,0,0,-,-,34.0029411315918,-118.15122985839844,LOS ANGELES,COMMERCE,-118.15129852294922,34.00287628173828
90984614,2019,2019-05-08,9530,2019-04-29,1540,021623,NA,1,2,7,1942,0,1,1,NA,2,110,I-110 S/B (HARBOR FREEWAY),EL SEGUNDO BLVD.,100,S,N,B,-,Y,NA,NA,110,NA,NA,NA,NA,NA,S,N,4,0,2,3,A,-,03,22350,NA,N,C,C,A,A,H,-,A,D,0,NA,NA,NA,Y,Y,NA,F,26,0,0,2,0,0,0,0,0,0,-,-,33.912078857421875,-118.28678131103516,LOS ANGELES,LOS ANGELES,-118.28669738769533,33.912078857421875
90984638,2019,2019-05-08,9550,2019-04-30,1105,017637,NA,2,1,3,1903,0,1,3,NA,2,091,SR-91 W/B (ARTESIA FREEWAY),PIONEER BLVD,500,W,N,B,-,Y,NA,NA,91,NA,NA,NA,NA,NA,W,Y,4,0,1,2,A,-,08,22107,NA,N,E,I,A,A,H,-,A,D,0,NA,NA,NA,NA,Y,NA,A,01,0,0,1,0,0,0,0,0,0,-,-,33.876609802246094,-118.0881118774414,LOS ANGELES,ARTESIA,-118.0881118774414,33.876434326171875
90984656,2019,2019-05-08,9590,2019-05-07,1615,021537,NA,2,2,7,1942,0,1,3,NA,2,095,SR-2 W/B (GLF) TO YORK BOULEVARD,YORK BLVD,100,E,N,B,-,Y,NA,NA,2,NA,NA,NA,R,NA,W,N,4,0,1,2,A,-,03,22350,NA,F,C,C,A,A,H,-,A,D,0,NA,NA,NA,NA,Y,NA,-,99,0,0,1,0,0,0,0,0,0,-,-,34.126800537109375,-118.22888946533205,LOS ANGELES,LOS ANGELES,-118.22888946533205,34.126800537109375
90984658,2019,2019-05-08,9580,2019-05-01,2045,022090,NA,3,2,7,1942,0,1,1,NA,2,405,I-405 S/B (SAN DIEGO FWY),BURBANK BLVD,200,S,N,A,-,Y,NA,NA,405,NA,NA,NA,NA,NA,S,Y,3,0,1,2,C,-,18,NA,NA,N,H,A,A,A,H,-,C,D,0,NA,NA,NA,NA,Y,NA,-,-,0,1,0,0,0,0,0,0,0,-,-,34.16957092285156,-118.46798706054688,LOS ANGELES,LOS ANGELES,-118.4680404663086,34.169586181640625
90984662,2019,2019-05-08,9580,2019-04-30,0645,020573,NA,2,1,7,1942,0,1,1,NA,2,404,I-405 N/B (SAN DIEGO FWY),VICTORY BLVD,400,N,N,B,-,Y,NA,NA,405,NA,NA,NA,NA,NA,N,Y,4,0,1,1,A,-,08,22107,NA,N,E,I,A,B,H,-,A,D,0,NA,NA,NA,NA,Y,NA,D,22,0,0,1,0,0,0,0,0,0,-,-,34.18967056274414,-118.47399139404295,LOS ANGELES,LOS ANGELES,-118.47411346435548,34.189666748046875
90984672,2019,2019-05-08,9525,2019-05-03,0655,022009,NA,5,1,9,1900,0,3,5,NA,2,002,VIA VERDE,COVINA HILLS RD.,0,NA,Y,A,-,N,NA,NA,NA,NA,NA,NA,NA,NA,NA,Y,3,0,3,2,A,-,09,21801,A,N,D,C,A,A,H,-,A,A,0,NA,NA,NA,NA,Y,NA,A,01,0,1,2,0,0,0,0,0,0,-,-,34.070091247558594,-117.8368911743164,LOS ANGELES,UNINCORPORATED,-117.83566284179688,34.07062911987305
90984673,2019,2019-06-24,9580,2019-04-28,2345,021963,NA,7,3,7,1942,0,1,3,NA,2,116,SR-118 E/B FROM RESEDA BLVD,RESEDA BLVD,10,E,N,B,-,Y,NA,NA,118,NA,NA,NA,R,NA,E,N,4,0,1,2,A,-,08,22107,NA,N,B,C,A,A,H,-,C,A,0,NA,NA,NA,NA,Y,NA,-,-,0,0,1,0,0,0,0,0,0,-,-,34.274658203125,-118.5360870361328,LOS ANGELES,LOS ANGELES,-118.5360870361328,34.274658203125
90984681,2019,2019-05-08,9580,2019-04-28,1850,022158,NA,7,2,7,1942,0,1,1,NA,2,404,I-405 N/B (SAN DIEGO FWY),VENTURA BLVD,2500,S,N,A,-,Y,NA,NA,405,NA,NA,NA,NA,NA,N,N,4,0,1,2,A,-,08,22107,NA,N,B,C,A,A,H,-,A,D,0,NA,NA,NA,NA,Y,NA,A,07,0,0,1,0,0,0,0,0,0,-,-,34.14234161376953,-118.47115325927734,LOS ANGELES,LOS ANGELES,-118.47136688232422,34.14234161376953
90984698,2019,2019-05-08,9580,2019-04-26,0720,019319,NA,5,1,7,1942,0,1,1,NA,2,405,I-405 S/B (SAN DIEGO FWY),BURBANK BLVD,2112,S,N,A,-,Y,NA,NA,405,NA,NA,NA,NA,NA,S,N,4,0,2,3,A,-,03,22350,NA,M,C,C,A,A,H,-,A,D,0,NA,NA,NA,NA,Y,NA,-,99,0,0,2,0,0,0,0,0,0,-,-,34.16585922241211,-118.46967315673828,LOS ANGELES,LOS ANGELES,-118.46969604492188,34.165863037109375
90984703,2019,2019-05-08,9590,2019-05-06,1700,021583,NA,1,2,7,1942,0,1,2,NA,2,073,US-101 S/B (HOLLYWOOD FREEWAY),VERMONT AVENUE,900,N,N,A,-,Y,NA,NA,101,NA,NA,NA,NA,NA,S,N,4,0,1,3,A,-,03,22350,NA,N,C,C,A,A,H,-,A,D,0,NA,NA,NA,NA,Y,NA,A,01,0,0,1,0,0,0,0,0,0,-,-,34.08121109008789,-118.29531860351564,LOS ANGELES,LOS ANGELES,-118.29532623291016,34.081199645996094
90984722,2019,2019-05-08,9590,2019-05-05,1753,022041,NA,7,2,7,1942,0,1,1,NA,2,060,I-10 E/B (SANTA MONICA FREEWAY),FIGUEROA ST. U/C,900,W,N,B,-,Y,NA,NA,10,NA,NA,NA,NA,NA,E,N,4,0,4,2,A,-,03,22350,NA,N,C,C,A,A,H,-,A,D,0,NA,NA,NA,NA,Y,NA,A,01,0,0,4,0,0,0,0,0,0,-,-,34.03828048706055,-118.27337646484376,LOS ANGELES,LOS ANGELES,-118.2734375,34.03800582885742
90984728,2019,2019-05-08,9530,2019-04-30,1723,017755,NA,2,2,2,1967,0,1,1,NA,2,420,I-405 S/B (SAN DIEGO FREEWAY),CALIFORNIA AVE.,178,S,N,A,-,Y,NA,NA,NA,NA,NA,NA,NA,NA,NA,Y,3,0,3,5,A,-,03,22350,NA,N,C,C,A,A,H,-,A,D,0,NA,NA,NA,NA,Y,NA,D,22,0,1,2,0,0,0,0,0,0,-,-,33.82564926147461,-118.20057678222656,LOS ANGELES,SIGNAL HILL,-118.18067169189452,33.8142204284668
90984739,2019,2019-05-08,9590,2019-05-04,0620,022087,NA,6,1,7,1942,0,1,1,NA,2,061,I-10 W/B (SMF) TO S/B LA BREA,LA BREA AVENUE,200,W,N,B,-,Y,NA,NA,NA,NA,NA,NA,NA,NA,NA,N,4,0,1,1,A,-,08,22107,NA,N,E,I,A,A,H,-,A,D,0,NA,NA,NA,NA,Y,NA,A,01,0,0,1,0,0,0,0,0,0,-,-,34.02040100097656,-118.21029663085938,LOS ANGELES,LOS ANGELES,-118.350830078125,34.03433609008789
90984741,2019,2019-05-08,9535,2019-04-27,1705,019135,NA,6,2,9,1900,0,1,1,NA,2,071,I-710 (LONG BEACH FREEWAY) S/B,WHITTIER BLVD,153,S,N,A,-,Y,NA,NA,710,NA,NA,NA,NA,NA,S,Y,3,0,2,2,B,-,22,NA,NA,N,E,I,A,A,D,-,A,D,0,NA,NA,NA,NA,Y,NA,K,45,0,2,0,0,0,0,0,0,0,-,-,34.02315139770508,-118.17292785644533,LOS ANGELES,UNINCORPORATED,-118.1728973388672,34.02313995361328
90984753,2019,2019-05-08,9525,2019-05-05,1302,019291,NA,7,1,9,1900,0,3,5,NA,2,002,BONNIE COVE AVE,CIENEGA AVE,0,NA,Y,A,-,Y,NA,NA,NA,NA,NA,NA,NA,NA,NA,Y,4,0,1,2,A,-,12,22450,NA,N,D,C,A,A,H,-,A,A,0,NA,NA,NA,NA,Y,NA,A,01,0,0,1,0,0,0,0,0,0,-,-,34.10308837890625,-117.85550689697266,LOS ANGELES,UNINCORPORATED,-117.85508728027344,34.1030387878418
90984772,2019,2019-05-08,9545,2019-05-02,1715,021730,NA,4,2,9,1900,0,1,3,NA,2,011,SR-14 N/B,AVENUE K,1460,S,N,A,-,Y,NA,NA,NA,NA,NA,NA,NA,NA,NA,Y,4,0,2,5,A,-,08,22107,NA,N,C,C,A,A,H,-,A,D,0,NA,NA,NA,NA,Y,NA,A,01,0,0,2,0,0,0,0,0,0,-,-,34.67144012451172,-118.15450286865234,LOS ANGELES,UNINCORPORATED,NA,NA
90984777,2019,2019-05-08,9535,2019-04-29,0630,016276,NA,1,1,5,1959,0,1,1,NA,2,400,I-10 E/B TO WALNUT GROVE AVE.,I-10 E/B TO WALNUT GROVE AVE,2,N,N,B,-,Y,NA,NA,10,NA,NA,NA,R,NA,E,Y,3,0,1,1,A,-,03,22350,NA,N,E,I,A,B,H,-,A,A,0,NA,NA,NA,NA,Y,NA,A,01,0,1,0,0,0,0,0,0,0,-,-,34.07175827026367,-118.0826416015625,LOS ANGELES,ROSEMEAD,-118.0826416015625,34.07175827026367
90984787,2019,2019-05-08,9550,2019-04-30,0545,015746,NA,2,3,9,1900,0,1,1,NA,2,650,INTERSTATE 605 SOUTHBOUND,BEVERLY BOULEVARD,1500,S,N,B,-,Y,NA,NA,605,NA,NA,NA,NA,NA,S,N,4,0,2,3,A,-,03,22350,NA,N,C,C,A,A,H,-,A,D,0,NA,NA,NA,Y,Y,NA,F,26,0,0,2,0,0,0,0,0,0,-,-,34.004398345947266,-118.06400299072266,LOS ANGELES,UNINCORPORATED,-118.0639877319336,34.0043830871582