CASE_ID,ACCIDENT_YEAR,PROC_DATE,JURIS,COLLISION_DATE,COLLISION_TIME,OFFICER_ID,REPORTING_DISTRICT,DAY_OF_WEEK,CHP_SHIFT,POPULATION,CNTY_CITY_LOC,SPECIAL_COND,BEAT_TYPE,CHP_BEAT_TYPE,CITY_DIVISION_LAPD,CHP_BEAT_CLASS,BEAT_NUMBER,PRIMARY_RD,SECONDARY_RD,DISTANCE,DIRECTION,INTERSECTION,WEATHER_1,WEATHER_2,STATE_HWY_IND,CALTRANS_COUNTY,CALTRANS_DISTRICT,STATE_ROUTE,ROUTE_SUFFIX,POSTMILE_PREFIX,POSTMILE,LOCATION_TYPE,RAMP_INTERSECTION,SIDE_OF_HWY,TOW_AWAY,COLLISION_SEVERITY,NUMBER_KILLED,NUMBER_INJURED,PARTY_COUNT,PRIMARY_COLL_FACTOR,PCF_CODE_OF_VIOL,PCF_VIOL_CATEGORY,PCF_VIOLATION,PCF_VIOL_SUBSECTION,HIT_AND_RUN,TYPE_OF_COLLISION,MVIW,PED_ACTION,ROAD_SURFACE,ROAD_COND_1,ROAD_COND_2,LIGHTING,CONTROL_DEVICE,CHP_ROAD_TYPE,PEDESTRIAN_ACCIDENT,BICYCLE_ACCIDENT,MOTORCYCLE_ACCIDENT,TRUCK_ACCIDENT,NOT_PRIVATE_PROPERTY,ALCOHOL_INVOLVED,STWD_VEHTYPE_AT_FAULT,CHP_VEHTYPE_AT_FAULT,COUNT_SEVERE_INJ,COUNT_VISIBLE_INJ,COUNT_COMPLAINT_PAIN,COUNT_PED_KILLED,COUNT_PED_INJURED,COUNT_BICYCLIST_KILLED,COUNT_BICYCLIST_INJURED,COUNT_MC_KILLED,COUNT_MC_INJURED,PRIMARY_RAMP,SECONDARY_RAMP,LATITUDE,LONGITUDE,COUNTY,CITY,POINT_X,POINT_Y
90989547,2019,2019-05-15,9535,2019-05-03,1740,022263,NA,5,2,6,1922,0,1,1,NA,2,401,I-10 (SAN BERNARDINO FREEWAY) W/B,RIO HONDO RIVER,72,W,N,A,-,Y,NA,NA,10,NA,NA,NA,NA,NA,W,N,4,0,1,4,A,-,03,22350,NA,N,C,C,A,A,H,-,A,D,0,NA,NA,NA,NA,Y,NA,D,22,0,0,1,0,0,0,0,0,0,-,-,34.07154083251953,-118.04975128173828,LOS ANGELES,EL MONTE,-118.04977416992188,34.07148361206055
90989559,2019,2019-05-15,9550,2019-05-08,1740,021742,NA,3,2,5,1919,0,1,3,NA,2,092,SR-91 W/B FROM BLOOMFIELD AVENUE,SR-91,560,N,N,B,-,Y,NA,NA,91,NA,NA,NA,R,NA,W,N,4,0,1,2,A,-,07,21658,A,N,B,C,A,A,H,-,A,D,0,NA,NA,Y,NA,Y,NA,D,22,0,0,1,0,0,0,0,0,1,-,-,33.87736129760742,-118.06439208984376,LOS ANGELES,CERRITOS,-118.06439208984376,33.87736129760742
90989564,2019,2019-05-15,9535,2019-05-03,1741,022263,NA,5,2,6,1922,0,1,1,NA,2,401,I-10 (SAN BERNARDINO FREEWAY) W/B,RIO HONDO RIVER,34,W,N,A,-,Y,NA,NA,10,NA,NA,NA,NA,NA,W,N,4,0,2,3,A,-,03,22350,NA,N,C,C,A,A,H,-,A,D,0,NA,NA,NA,NA,Y,NA,A,01,0,0,2,0,0,0,0,0,0,-,-,34.071510314941406,-118.04972076416016,LOS ANGELES,EL MONTE,-118.04974365234376,34.071468353271484
90989565,2019,2019-05-15,9535,2019-05-03,1915,022269,NA,5,2,9,1900,0,1,3,NA,2,620,SR-60 (POMONA FREEWAY) E/B,I-605 SAN GABRIEL RVR FRWY,1584,W,N,A,-,Y,NA,NA,NA,NA,NA,NA,NA,NA,NA,Y,4,0,1,2,A,-,03,22350,NA,N,C,C,A,A,H,-,B,D,0,NA,NA,NA,NA,Y,NA,A,01,0,0,1,0,0,0,0,0,0,-,-,34.03759002685547,-118.08631134033205,LOS ANGELES,UNINCORPORATED,NA,NA
90989568,2019,2019-05-16,9525,2019-05-11,2000,021542,NA,6,2,9,1900,0,1,1,NA,2,105,I-10 W/B (SBF) FROM VIA VERDE,VIA VERDE AVE,300,W,N,A,-,Y,NA,NA,10,NA,NA,NA,R,NA,W,Y,3,0,1,1,A,-,01,23152,A,N,F,A,A,A,D,E,C,D,0,NA,NA,Y,NA,Y,NA,C,02,0,1,0,0,0,0,0,0,1,-,-,34.06911087036133,-117.84171295166016,LOS ANGELES,UNINCORPORATED,-117.84171295166016,34.06911087036133
90989571,2019,2019-05-16,9550,2019-05-04,0425,021977,NA,6,3,5,1952,0,1,1,NA,2,151,INTERSTATE 105 EASTBOUND,FACADE AVE O/C,360,W,N,A,-,Y,NA,NA,105,NA,NA,NA,NA,NA,E,Y,3,0,2,3,A,-,08,22107,NA,N,C,E,A,A,H,-,C,D,0,NA,NA,NA,NA,Y,NA,D,22,0,1,1,0,0,0,0,0,0,-,-,33.9109992980957,-118.16639709472656,LOS ANGELES,PARAMOUNT,-118.16641998291016,33.911163330078125
90989584,2019,2019-05-16,9550,2019-05-11,1450,021274,NA,6,2,9,1900,0,1,3,NA,2,602,SR-60 E/B TO FULLERTON RD.,STONER CREEK ROAD,780,E,N,A,-,Y,NA,NA,60,NA,NA,NA,R,NA,E,Y,4,0,2,2,A,-,03,22350,NA,N,C,C,A,A,H,-,A,D,0,NA,NA,NA,NA,Y,NA,D,22,0,0,2,0,0,0,0,0,0,-,-,33.99382019042969,-117.90753936767578,LOS ANGELES,UNINCORPORATED,-117.90753936767578,33.99382019042969
9098961,2020,2020-07-30,1942,2020-04-29,1808,38171,1176,3,5,7,1942,0,0,0,K,0,11A86,RIVERSIDE DR,DUVALL ST,0,NA,Y,A,-,N,NA,NA,NA,NA,NA,NA,NA,NA,NA,N,4,0,2,3,A,-,09,21801,A,N,D,C,F,A,H,-,A,D,0,Y,NA,NA,NA,Y,NA,A,01,0,0,2,0,1,0,0,0,0,-,-,NA,NA,LOS ANGELES,LOS ANGELES,-118.23098754882813,34.08586883544922
90989617,2019,2019-05-16,9590,2019-05-14,1250,015982,NA,2,1,7,1942,0,1,1,NA,2,052,I-110 N/B (HAF) TO US-101 N/B (HOF),TEMPLE ST,100,S,N,A,-,Y,NA,NA,110,NA,NA,NA,R,NA,N,N,4,0,1,3,A,-,03,22350,NA,N,C,C,A,A,H,-,A,D,0,NA,NA,NA,NA,Y,NA,A,01,0,0,1,0,0,0,0,0,0,-,-,34.060791015625,-118.25054931640624,LOS ANGELES,LOS ANGELES,-118.25054931640624,34.060791015625
9098962,2020,2020-07-29,1942,2020-04-29,1105,34458,1141,3,5,7,1942,0,0,0,K,0,11A1,LOS FELIZ BL,N BERENDO ST,15,E,N,A,-,N,NA,NA,NA,NA,NA,NA,NA,NA,NA,Y,3,0,1,1,A,-,03,22350,NA,N,E,I,A,A,H,-,A,D,0,NA,NA,NA,NA,Y,NA,A,01,0,1,0,0,0,0,0,0,0,-,-,NA,NA,LOS ANGELES,LOS ANGELES,-118.2943115234375,34.110618591308594
9098963,2020,2020-07-29,1942,2020-04-30,1200,42677,1144,4,5,7,1942,0,0,0,K,0,1125,GLENDALE BL,SILVERLAKE BL,50,N,N,A,-,N,NA,NA,NA,NA,NA,NA,NA,NA,NA,N,3,0,1,2,A,-,08,22107,NA,F,B,G,A,A,H,-,A,-,0,NA,Y,NA,NA,Y,NA,-,99,0,1,0,0,0,0,1,0,0,-,-,NA,NA,LOS ANGELES,LOS ANGELES,-118.25920104980467,34.10087585449219
90989632,2019,2019-05-16,9545,2019-05-09,0518,019426,NA,4,3,9,1900,0,3,5,NA,2,003,SIERRA HWY,MCENNERY CANYON RD,683,S,N,A,-,N,NA,NA,14,NA,NA,NA,NA,NA,NA,Y,2,0,2,2,A,-,08,22107,NA,N,A,E,A,A,H,-,D,D,0,NA,NA,NA,Y,Y,NA,A,07,1,1,0,0,0,0,0,0,0,-,-,34.49311828613281,-118.16980743408205,LOS ANGELES,UNINCORPORATED,-118.17001342773438,34.4926643371582
90989633,2019,2019-05-16,9575,2019-05-10,1845,021492,NA,5,2,6,1912,0,1,1,NA,2,051,I-5 S/B (GOLDEN STATE FREEWAY),FLOWER ST,50,S,N,A,-,Y,NA,NA,5,NA,NA,NA,NA,NA,S,Y,4,0,3,3,A,-,03,22350,NA,N,C,C,A,A,D,-,A,D,0,NA,NA,NA,NA,Y,NA,A,01,0,0,3,0,0,0,0,0,0,-,-,34.17380905151367,-118.30661010742188,LOS ANGELES,BURBANK,-118.30665588378906,34.173797607421875
9098964,2020,2020-07-29,1942,2020-04-28,1725,44067,1148,2,5,7,1942,0,0,0,K,0,11X26,MARCHENA DR,SUNNY HEIGHTS DR,400,S,N,A,-,N,NA,NA,NA,NA,NA,NA,NA,NA,NA,Y,4,0,1,2,B,-,22,NA,NA,N,D,C,A,A,H,-,A,D,0,NA,NA,NA,NA,Y,Y,-,-,0,0,1,0,0,0,0,0,0,-,-,NA,NA,LOS ANGELES,LOS ANGELES,-118.21813201904295,34.10470962524414
90989646,2019,2019-05-16,9575,2019-05-10,1643,020918,NA,5,2,7,1942,0,1,3,NA,2,043,SR-134 E/B (VENTURA FREEWAY),VICTORY BLVD.,500,W,N,A,-,Y,NA,NA,134,NA,NA,NA,NA,NA,E,N,4,0,1,2,A,-,03,22350,NA,M,C,C,A,A,H,-,A,D,0,NA,NA,NA,NA,Y,NA,-,99,0,0,1,0,0,0,0,0,0,-,-,34.155399322509766,-118.29564666748048,LOS ANGELES,LOS ANGELES,-118.295654296875,34.155391693115234
9098965,2020,2020-08-25,1942,2020-04-27,1730,42894,0205,1,5,7,1942,0,0,0,B,0,2E12,KENT LN,BENTON,0,NA,Y,A,-,N,NA,NA,NA,NA,NA,NA,NA,NA,NA,Y,4,0,1,2,A,-,08,22107,NA,N,B,C,A,A,H,-,A,D,0,NA,NA,NA,NA,Y,NA,A,01,0,0,1,0,0,0,0,0,0,-,-,NA,NA,LOS ANGELES,LOS ANGELES,-118.27277374267578,34.077598571777344
90989650,2019,2019-05-16,9540,2019-05-06,1525,021179,NA,1,2,9,1900,0,1,1,NA,2,508,I-5 NORTHBOUND,CHP ROAD,3696,S,N,A,-,Y,NA,NA,5,NA,NA,NA,NA,NA,N,Y,4,0,3,1,C,-,18,NA,NA,N,E,I,A,A,H,-,A,D,0,NA,NA,NA,NA,Y,NA,-,-,0,0,3,0,0,0,0,0,0,-,-,34.540828704833984,-118.65923309326172,LOS ANGELES,UNINCORPORATED,-118.65916442871094,34.540889739990234
90989655,2019,2019-05-16,9565,2019-05-06,2010,019420,NA,1,2,9,1900,0,2,4,NA,1,041,WILTON PLACE,104TH STREET,0,NA,Y,A,-,N,NA,NA,NA,NA,NA,NA,NA,NA,NA,Y,4,0,3,2,A,-,09,21802,A,N,D,C,A,A,H,-,C,A,0,NA,NA,NA,NA,Y,NA,A,07,0,0,3,0,0,0,0,0,0,-,-,33.94184875488281,-118.3143310546875,LOS ANGELES,UNINCORPORATED,-118.31432342529295,33.94184112548828
90989658,2019,2019-05-16,9540,2019-05-14,1947,021124,NA,2,2,9,1900,0,2,4,NA,2,081,THE OLD ROAD,MAGIC MOUNTAIN PARKWAY,0,NA,Y,A,-,N,NA,NA,NA,NA,NA,NA,NA,NA,NA,Y,3,0,2,2,A,-,01,23152,A,N,D,C,A,A,H,-,B,A,0,NA,NA,NA,NA,Y,Y,A,01,0,2,0,0,0,0,0,0,0,-,-,34.42197036743164,-118.58493041992188,LOS ANGELES,UNINCORPORATED,-118.58515167236328,34.42197036743164
9098966,2020,2020-07-29,1941,2020-04-06,0516,11394,NA,1,5,7,1941,0,0,0,NA,0,NA,AMBECO ST,RT 405,0,N,N,C,-,Y,NA,NA,NA,NA,NA,NA,NA,NA,NA,N,3,0,1,1,A,-,03,22350,NA,N,F,J,A,B,D,-,C,D,0,NA,NA,NA,NA,Y,NA,-,-,0,1,0,0,0,0,0,0,0,-,NO,NA,NA,LOS ANGELES,LONG BEACH,NA,NA
9098967,2020,2020-07-29,1941,2020-04-25,1911,11273,NA,6,5,7,1941,0,0,0,NA,0,NA,CHESTNUT AV,3RD ST,4,S,N,A,-,N,NA,NA,NA,NA,NA,NA,NA,NA,NA,N,4,0,1,2,A,-,08,22107,NA,N,C,B,D,A,H,-,C,D,0,Y,NA,NA,NA,Y,Y,A,NA,0,0,1,0,1,0,0,0,0,-,-,NA,NA,LOS ANGELES,LONG BEACH,-118.19632720947266,33.77050018310547
90989671,2019,2019-05-16,9565,2019-05-06,1215,017060,NA,1,1,7,1942,0,1,1,NA,2,061,I-405 N/B (SAN DIEGO FREEWAY),HOWARD HUGHES PARKWAY,300,N,N,A,-,Y,NA,NA,405,NA,NA,NA,NA,NA,N,Y,4,0,1,4,A,-,03,22350,NA,N,C,C,A,A,H,-,A,D,0,NA,NA,NA,NA,Y,NA,A,01,0,0,1,0,0,0,0,0,0,-,-,33.97610855102539,-118.3859405517578,LOS ANGELES,LOS ANGELES,-118.3859405517578,33.97611618041992
90989681,2019,2019-05-16,9575,2019-04-16,2024,014187,NA,2,2,6,1925,0,1,3,NA,2,042,SR-134 W/B (VENTURA FREEWAY),N. COLUMBUS PEDESTRIAN BRIDGE O/C,650,E,N,A,-,Y,NA,NA,134,NA,NA,NA,NA,NA,W,Y,4,0,1,2,A,-,03,22350,NA,N,C,C,A,A,H,-,D,D,0,NA,NA,NA,NA,Y,NA,A,07,0,0,1,0,0,0,0,0,0,-,-,34.15644073486328,-118.25837707519533,LOS ANGELES,GLENDALE,-118.25837707519533,34.15644454956055
90989684,2019,2019-05-16,9530,2019-05-14,2250,021709,NA,2,3,9,1900,0,3,5,NA,2,003,ALONDRA BLVD (2100 BLOCK),THORSON AVE.,39,W,N,A,-,N,NA,NA,NA,NA,NA,NA,NA,NA,NA,Y,3,0,1,1,A,-,01,23152,A,N,E,I,A,A,H,-,C,D,0,NA,NA,NA,NA,Y,Y,A,01,0,1,0,0,0,0,0,0,0,-,-,33.88869857788086,-118.19922637939452,LOS ANGELES,UNINCORPORATED,-118.19961547851564,33.888729095458984
90989691,2019,2019-05-16,9565,2019-05-06,0956,015587,NA,1,1,7,1942,0,1,1,NA,2,064,I-405 S/B (SAN DIEGO FREEWAY),SKIRBALL CENTER DR,600,S,N,A,-,Y,NA,NA,405,NA,NA,NA,NA,NA,S,N,4,0,1,2,A,-,03,22350,NA,N,C,C,A,A,H,-,A,D,0,NA,NA,NA,NA,Y,NA,A,07,0,0,1,0,0,0,0,0,0,-,-,34.121219635009766,-118.47982788085938,LOS ANGELES,LOS ANGELES,-118.47983551025392,34.12122344970703
90989700,2019,2019-05-16,9530,2019-05-15,0025,021108,NA,3,3,7,1941,0,1,1,NA,2,072,I-710 S/B (LONG BEACH FREEWAY),WILLOW ST.,2376,N,N,B,-,Y,NA,NA,710,NA,NA,NA,NA,NA,S,Y,3,0,2,1,A,-,01,23152,A,F,E,I,A,A,H,-,C,D,0,NA,NA,NA,NA,Y,Y,A,01,0,1,1,0,0,0,0,0,0,-,-,33.81100845336914,-118.20697784423828,LOS ANGELES,LONG BEACH,-118.20706176757813,33.81100845336914
90989703,2019,2019-05-16,9545,2019-05-10,1540,020849,NA,5,2,9,1900,0,1,3,NA,2,031,SR-14 N/B,MOUNTAIN SPRINGS RD,500,S,N,C,-,Y,NA,NA,14,NA,NA,NA,NA,NA,N,N,3,0,2,3,A,-,03,22350,NA,N,C,C,A,B,H,-,A,D,0,NA,NA,NA,NA,Y,NA,A,08,0,2,0,0,0,0,0,0,0,-,-,34.501060485839844,-118.11965942382813,LOS ANGELES,UNINCORPORATED,-118.11973571777344,34.501129150390625
90989725,2019,2019-05-16,9575,2019-05-10,1540,021978,NA,5,2,6,1953,0,1,1,NA,2,065,I-210 W/B (FOOTHILL FREEWAY),MADRE STREET,1000,E,N,B,-,Y,NA,NA,210,NA,NA,NA,NA,NA,W,Y,3,0,1,2,A,-,03,22350,NA,N,C,C,A,A,H,-,A,D,0,NA,NA,NA,NA,Y,NA,D,22,0,1,0,0,0,0,0,0,0,-,-,34.14799118041992,-118.07868957519533,LOS ANGELES,PASADENA,-118.07868957519533,34.148040771484375
90989731,2019,2019-05-16,9565,2019-05-06,1945,021775,NA,1,2,9,1900,0,2,4,NA,2,022,NORMANDIE AVENUE,106TH STREET,0,NA,Y,A,-,N,NA,NA,NA,NA,NA,NA,NA,NA,NA,Y,4,0,1,2,A,-,12,21453,A,N,D,C,A,A,H,-,C,A,0,NA,NA,NA,NA,Y,NA,D,22,0,0,1,0,0,0,0,0,0,-,-,33.94001007080078,-118.30036926269533,LOS ANGELES,UNINCORPORATED,-118.30030059814452,33.94002151489258
9098974,2020,2020-07-29,1942,2020-04-30,1909,43968,0316,4,5,7,1942,0,0,0,C,0,3492,S LA SALLE AV,25TH ST,0,NA,Y,A,-,N,NA,NA,NA,NA,NA,NA,NA,NA,NA,N,2,0,1,2,A,-,12,22450,NA,N,D,C,A,A,H,-,A,D,0,NA,NA,Y,NA,Y,NA,C,03,1,0,0,0,0,0,0,0,1,-,-,NA,NA,LOS ANGELES,LOS ANGELES,-118.30577850341795,34.033660888671875
90989793,2019,2019-05-16,9530,2019-05-06,1445,021994,NA,1,2,5,1977,0,1,3,NA,2,310,SR-91 W/B (ARTESIA FREEWAY),AVALON BOULEVARD,310,W,N,A,-,Y,NA,NA,91,NA,NA,NA,NA,NA,W,N,3,0,3,2,A,-,03,22350,NA,N,C,C,A,A,H,-,A,D,0,NA,NA,NA,NA,Y,NA,A,01,0,2,1,0,0,0,0,0,0,-,-,33.873291015625,-118.2671127319336,LOS ANGELES,CARSON,-118.26710510253906,33.87324523925781
90989801,2019,2019-05-16,9565,2019-05-07,1800,020653,NA,2,2,7,1942,0,1,1,NA,2,064,I-405 N/B (SAN DIEGO FWY),SEPULVEDA BLVD,500,S,N,B,-,Y,NA,NA,NA,NA,NA,NA,NA,NA,NA,Y,4,0,1,2,A,-,03,22350,NA,N,C,C,A,A,H,-,A,D,0,NA,NA,NA,NA,Y,NA,A,07,0,0,1,0,0,0,0,0,0,-,-,33.094398498535156,-118.47601318359376,LOS ANGELES,LOS ANGELES,-118.4699249267578,34.1472053527832
90989804,2019,2019-05-16,9575,2019-05-11,1405,021006,NA,6,2,9,1900,0,3,5,NA,2,003,LITTLE TUJUNGA CANYON RD. (13330 BLOCK),GOLD CREEK ROAD,422,S,N,A,-,N,NA,NA,NA,NA,NA,NA,NA,NA,NA,Y,4,0,1,1,A,-,03,22350,NA,N,F,A,A,A,H,-,A,D,0,NA,NA,NA,NA,Y,NA,A,01,0,0,1,0,0,0,0,0,0,-,-,34.30656814575195,-118.34660339355467,LOS ANGELES,UNINCORPORATED,-118.3419952392578,34.31589126586914
9098981,2020,2020-08-31,1941,2020-05-05,1620,5970,NA,2,5,7,1941,0,0,0,NA,0,NA,LONG BEACH BL,WILLOW ST,403,N,N,A,-,N,NA,NA,NA,NA,NA,NA,NA,NA,NA,N,4,0,2,2,D,-,00,NA,NA,N,D,C,A,A,H,-,A,D,0,NA,NA,NA,NA,Y,NA,-,-,0,0,2,0,0,0,0,0,0,-,-,NA,NA,LOS ANGELES,LONG BEACH,-118.18936157226564,33.8055419921875
9098982,2020,2020-08-31,1941,2020-05-01,1100,11513,NA,5,5,7,1941,0,0,0,NA,0,NA,SPRING ST,EL DORADO PARK ST,0,NA,Y,A,-,N,NA,NA,NA,NA,NA,NA,NA,NA,NA,Y,4,0,3,2,A,-,12,21453,A,N,D,C,A,A,H,-,A,A,0,NA,NA,NA,NA,Y,NA,A,NA,0,0,3,0,0,0,0,0,0,-,-,NA,NA,LOS ANGELES,LONG BEACH,-118.085456,33.810463
90989824,2019,2019-05-16,9530,2019-05-06,2135,021995,NA,1,2,9,1900,0,3,5,NA,2,002,EL SEGUNDO BLVD,AVALON BLVD,739,E,N,B,-,N,NA,NA,NA,NA,NA,NA,NA,NA,NA,N,4,0,1,2,A,-,03,22350,NA,N,C,C,A,A,H,-,C,D,0,NA,NA,NA,NA,Y,NA,A,07,0,0,1,0,0,0,0,0,0,-,-,33.91640090942383,-118.2624969482422,LOS ANGELES,UNINCORPORATED,-118.26282501220705,33.91633987426758
9098983,2020,2020-08-31,1941,2020-05-08,1204,11515,NA,5,5,7,1941,0,0,0,NA,0,NA,ATLANTIC AV,59TH ST,210,S,N,A,-,N,NA,NA,NA,NA,NA,NA,NA,NA,NA,Y,3,0,1,3,A,-,03,22350,NA,N,-,-,A,A,H,-,A,-,0,NA,NA,NA,NA,Y,NA,-,NA,0,1,0,0,0,0,0,0,0,-,-,NA,NA,LOS ANGELES,LONG BEACH,-118.18504333496094,33.86131286621094
90989833,2019,2019-05-16,9535,2019-05-06,0209,022059,NA,1,3,9,1900,0,1,3,NA,2,621,SR-60 (POMONA FREEWAY) W/B,SAN GABRIEL BOULEVARD,1000,E,N,C,-,Y,NA,NA,60,NA,NA,NA,NA,NA,W,Y,4,0,3,2,A,-,03,22350,NA,M,B,C,A,B,H,-,D,D,0,NA,NA,NA,NA,Y,NA,A,01,0,0,3,0,0,0,0,0,0,-,-,34.04011917114258,-118.07900238037108,LOS ANGELES,UNINCORPORATED,-118.07901763916016,34.0401725769043
9098984,2020,2020-08-31,1941,2020-05-07,2100,11545,NA,4,5,7,1941,0,0,0,NA,0,NA,4TH ST,BONITO AV,134,E,N,A,-,N,NA,NA,NA,NA,NA,NA,NA,NA,NA,N,3,0,1,2,A,-,08,22107,NA,N,D,G,A,A,H,-,C,D,0,NA,Y,NA,NA,Y,NA,A,NA,0,1,0,0,0,0,1,0,0,-,-,NA,NA,LOS ANGELES,LONG BEACH,-118.17942810058594,33.771732330322266
90989842,2019,2019-05-16,9575,2019-05-11,1745,020711,NA,6,2,7,1942,0,1,3,NA,2,043,SR-134 E/B (VENTURA FREEWAY),I-5 N/B (GOLDEN STATE FREEWAY),300,E,N,A,-,Y,NA,NA,134,NA,NA,NA,NA,NA,E,N,4,0,1,2,A,-,03,22350,NA,N,C,C,A,A,H,-,A,D,0,NA,NA,NA,NA,Y,NA,A,01,0,0,1,0,0,0,0,0,0,-,-,34.15238952636719,-118.28134155273438,LOS ANGELES,LOS ANGELES,-118.28134155273438,34.15238571166992
9098985,2020,2020-08-31,1941,2020-05-07,1633,11353,NA,4,5,7,1941,0,0,0,NA,0,NA,7TH ST,WALNUT AV,0,NA,Y,A,-,N,NA,NA,NA,NA,NA,NA,NA,NA,NA,N,4,0,1,2,D,-,00,NA,NA,N,H,B,B,A,H,-,A,A,0,Y,NA,NA,NA,Y,NA,-,-,0,0,1,0,1,0,0,0,0,-,-,NA,NA,LOS ANGELES,LONG BEACH,-118.17202758789064,33.77534866333008
9098986,2020,2020-08-31,1941,2020-05-05,1746,10537,NA,2,5,7,1941,0,0,0,NA,0,NA,PINE AV,LILY WY,55,N,N,A,-,N,NA,NA,NA,NA,NA,NA,NA,NA,NA,N,4,0,2,3,A,-,09,21804,A,N,B,D,A,A,H,-,A,D,0,NA,NA,NA,NA,Y,NA,A,NA,0,0,2,0,0,0,0,0,0,-,-,NA,NA,LOS ANGELES,LONG BEACH,-118.1923828125,33.78097152709961
9098987,2020,2020-08-31,1941,2020-05-07,1203,11513,NA,4,5,7,1941,0,0,0,NA,0,NA,LAKEWOOD BL,WARDLOW RD,0,NA,Y,A,-,N,NA,NA,NA,NA,NA,NA,NA,NA,NA,Y,4,0,3,2,A,-,12,21453,A,N,D,C,A,A,H,-,A,A,0,NA,NA,NA,NA,Y,NA,A,NA,0,0,3,0,0,0,0,0,0,-,-,NA,NA,LOS ANGELES,LONG BEACH,-118.13906097412108,33.8188591003418
90989876,2019,2019-05-16,9590,2019-05-11,1105,022087,NA,6,1,7,1942,0,1,1,NA,2,061,I-10 W/B (SANTA MONICA FREEWAY),FAIRFAX AVENUE,650,E,N,A,-,Y,NA,NA,NA,NA,NA,NA,NA,NA,NA,N,4,0,3,3,A,-,03,22350,NA,N,C,C,A,A,H,-,A,D,0,NA,NA,NA,NA,Y,NA,A,01,0,0,3,0,0,0,0,0,0,-,-,34.02050018310547,-118.22019958496094,LOS ANGELES,LOS ANGELES,-118.36737823486328,34.034915924072266
9098988,2020,2020-08-31,1941,2020-05-08,1644,11099,NA,5,5,7,1941,0,0,0,NA,0,NA,CLARK AV,LOS COYOTES DIAGONAL,40,N,N,A,-,N,NA,NA,NA,NA,NA,NA,NA,NA,NA,Y,4,0,2,2,A,-,09,21801,A,N,A,C,A,A,H,-,A,A,0,NA,NA,NA,NA,Y,NA,A,NA,0,0,2,0,0,0,0,0,0,-,-,NA,NA,LOS ANGELES,LONG BEACH,-118.13394165039064,33.7965087890625
90989881,2019,2019-05-16,9530,2019-05-07,1040,014661,NA,2,1,6,1972,0,1,1,NA,2,400,I-405 NORTHBOUND,ARTESIA BLVD.,2640,S,N,B,-,Y,NA,NA,405,NA,NA,NA,NA,NA,N,N,4,0,1,2,A,-,03,22350,NA,N,C,C,A,A,H,-,A,D,0,NA,NA,NA,NA,Y,NA,A,01,0,0,1,0,0,0,0,0,0,-,-,33.8679313659668,-118.33688354492188,LOS ANGELES,TORRANCE,-118.33687591552734,33.8679313659668
90989885,2019,2019-05-16,9575,2019-05-11,1715,020918,NA,6,2,6,1912,0,1,3,NA,2,044,SR-134 E/B (VENTURA FREEWAY),BOB HOPE DR.,1690,W,N,A,-,Y,NA,NA,134,NA,NA,NA,NA,NA,E,Y,4,0,1,2,A,-,03,22350,NA,N,C,C,A,A,H,-,A,D,0,NA,NA,NA,NA,Y,NA,A,07,0,0,1,0,0,0,0,0,0,-,-,34.152748107910156,-118.33587646484376,LOS ANGELES,BURBANK,-118.3358917236328,34.15270233154297
9098989,2020,2020-08-31,1941,2020-05-08,2107,10027,NA,5,5,7,1941,0,0,0,NA,0,NA,OCEAN BL,55TH PL,430,W,N,-,-,N,NA,NA,NA,NA,NA,NA,NA,NA,NA,Y,4,0,2,3,A,-,07,21658,A,N,D,C,A,A,H,-,C,D,0,NA,NA,NA,NA,Y,NA,A,NA,0,0,2,0,0,0,0,0,0,-,-,NA,NA,LOS ANGELES,LONG BEACH,-118.12865447998048,33.75160217285156
9098990,2020,2020-09-02,1941,2020-05-01,2238,11133,NA,5,5,7,1941,0,0,0,NA,0,NA,OCEAN BL,CORONADO AV,0,NA,Y,A,-,N,NA,NA,NA,NA,NA,NA,NA,NA,NA,Y,4,0,1,2,A,-,01,23152,B,N,B,G,A,A,H,-,C,A,0,NA,Y,NA,NA,Y,Y,A,NA,0,0,1,0,0,0,1,0,0,-,-,NA,NA,LOS ANGELES,LONG BEACH,-118.15438842773438,33.761348724365234
9098991,2020,2020-11-14,1941,2020-05-06,2209,6254,NA,3,5,7,1941,0,0,0,NA,0,NA,PACIFIC COAST HWY,PACIFIC AV,0,NA,Y,A,-,Y,LA,7,1,-,-,6.52,H,-,S,Y,4,0,2,2,A,-,03,22350,NA,M,C,-,A,A,H,-,C,A,0,NA,NA,NA,NA,Y,Y,A,NA,0,0,2,0,0,0,0,0,0,-,-,NA,NA,LOS ANGELES,LONG BEACH,-118.19377136230467,33.7898063659668
90989912,2019,2019-05-16,9575,2019-05-12,1637,021006,NA,7,2,6,1953,0,1,1,NA,2,064,I-210 E/B (FOOTHILL FREEWAY),SAN GABRIEL BLVD.,150,W,N,A,-,Y,NA,NA,210,NA,NA,NA,NA,NA,E,Y,4,0,3,3,A,-,03,22350,NA,N,C,C,A,A,H,-,A,D,0,NA,NA,NA,NA,Y,NA,A,07,0,0,3,0,0,0,0,0,0,-,-,34.15216064453125,-118.09361267089844,LOS ANGELES,PASADENA,-118.09359741210938,34.15223693847656