CASE_ID,ACCIDENT_YEAR,PROC_DATE,JURIS,COLLISION_DATE,COLLISION_TIME,OFFICER_ID,REPORTING_DISTRICT,DAY_OF_WEEK,CHP_SHIFT,POPULATION,CNTY_CITY_LOC,SPECIAL_COND,BEAT_TYPE,CHP_BEAT_TYPE,CITY_DIVISION_LAPD,CHP_BEAT_CLASS,BEAT_NUMBER,PRIMARY_RD,SECONDARY_RD,DISTANCE,DIRECTION,INTERSECTION,WEATHER_1,WEATHER_2,STATE_HWY_IND,CALTRANS_COUNTY,CALTRANS_DISTRICT,STATE_ROUTE,ROUTE_SUFFIX,POSTMILE_PREFIX,POSTMILE,LOCATION_TYPE,RAMP_INTERSECTION,SIDE_OF_HWY,TOW_AWAY,COLLISION_SEVERITY,NUMBER_KILLED,NUMBER_INJURED,PARTY_COUNT,PRIMARY_COLL_FACTOR,PCF_CODE_OF_VIOL,PCF_VIOL_CATEGORY,PCF_VIOLATION,PCF_VIOL_SUBSECTION,HIT_AND_RUN,TYPE_OF_COLLISION,MVIW,PED_ACTION,ROAD_SURFACE,ROAD_COND_1,ROAD_COND_2,LIGHTING,CONTROL_DEVICE,CHP_ROAD_TYPE,PEDESTRIAN_ACCIDENT,BICYCLE_ACCIDENT,MOTORCYCLE_ACCIDENT,TRUCK_ACCIDENT,NOT_PRIVATE_PROPERTY,ALCOHOL_INVOLVED,STWD_VEHTYPE_AT_FAULT,CHP_VEHTYPE_AT_FAULT,COUNT_SEVERE_INJ,COUNT_VISIBLE_INJ,COUNT_COMPLAINT_PAIN,COUNT_PED_KILLED,COUNT_PED_INJURED,COUNT_BICYCLIST_KILLED,COUNT_BICYCLIST_INJURED,COUNT_MC_KILLED,COUNT_MC_INJURED,PRIMARY_RAMP,SECONDARY_RAMP,LATITUDE,LONGITUDE,COUNTY,CITY,POINT_X,POINT_Y
90993124,2019,2019-05-21,9550,2019-05-14,0530,020928,NA,2,3,5,1919,0,1,1,NA,2,652,I-605 SOUTHBOUND,183RD STREET,495,S,N,B,-,Y,NA,NA,605,NA,NA,NA,NA,NA,S,Y,3,0,1,2,A,-,03,22350,NA,N,F,A,A,A,H,-,C,D,0,NA,NA,Y,NA,Y,NA,C,02,0,1,0,0,0,0,0,0,1,-,-,33.86513900756836,-118.09854888916016,LOS ANGELES,CERRITOS,-118.0985870361328,33.86512756347656
90993183,2019,2019-05-21,9535,2019-05-10,1253,021976,NA,5,1,9,1900,0,2,4,NA,2,025,ATLANTIC BLVD (1200 BLOCK),UNION PACIFIC AVE,198,N,N,A,-,N,NA,NA,NA,NA,NA,NA,NA,NA,NA,Y,4,0,1,2,A,-,03,22350,NA,N,C,C,A,A,H,-,A,D,0,NA,NA,NA,Y,Y,NA,A,07,0,0,1,0,0,0,0,0,0,-,-,34.01409912109375,-118.15918731689452,LOS ANGELES,UNINCORPORATED,-118.15904235839844,34.0146484375
90993191,2019,2019-05-21,9535,2019-05-09,1335,022253,NA,4,1,4,1962,0,1,1,NA,2,400,I-10 (SAN BERNARDINO FREEWAY) E/B,JACKSON AVE. PED OVERCROSS,142,W,N,A,-,Y,NA,NA,10,NA,NA,NA,NA,NA,E,N,4,0,1,2,A,-,03,22350,NA,F,C,C,A,A,H,-,A,D,0,NA,NA,NA,NA,Y,NA,A,01,0,0,1,0,0,0,0,0,0,-,-,34.07170867919922,-118.10431671142578,LOS ANGELES,SAN GABRIEL,-118.10431671142578,34.07167053222656
90993194,2019,2019-05-21,9545,2019-05-09,1655,020849,NA,4,2,9,1900,0,1,3,NA,2,031,SR-14 S/B,SIERRA HWY,1584,N,N,B,-,Y,NA,NA,14,NA,NA,NA,NA,NA,S,Y,3,0,1,1,A,-,01,23152,A,N,E,I,A,A,H,-,A,D,0,NA,NA,NA,NA,Y,Y,D,22,0,1,0,0,0,0,0,0,0,-,-,34.49123001098633,-118.13192749023438,LOS ANGELES,UNINCORPORATED,-118.13191223144533,34.49114227294922
90993199,2019,2019-05-21,9525,2019-05-18,0940,021931,NA,6,1,6,1955,0,1,3,NA,2,072,SR-71 N/B (CHINO VALLEY FWY),HOLT AVE,1600,S,N,A,-,Y,NA,NA,71,NA,NA,NA,NA,NA,N,Y,4,0,1,2,A,-,03,22350,NA,N,E,I,A,A,H,-,A,D,0,NA,NA,NA,NA,Y,NA,A,01,0,0,1,0,0,0,0,0,0,-,-,34.057701110839844,-117.78530120849608,LOS ANGELES,POMONA,-117.78528594970705,34.05771255493164
90993214,2019,2019-05-21,9580,2019-05-09,0850,019544,NA,4,1,7,1942,0,1,2,NA,2,102,US-101 N/B (VENTURA FREEWAY),VAN NUYS BLVD,528,N,N,B,-,Y,NA,NA,101,NA,NA,NA,NA,NA,N,N,4,0,1,2,A,-,03,22350,NA,N,C,C,A,A,H,-,A,D,0,NA,NA,NA,NA,Y,NA,A,07,0,0,1,0,0,0,0,0,0,-,-,34.15761947631836,-118.45088958740234,LOS ANGELES,LOS ANGELES,-118.45089721679688,34.15758514404297
90993229,2019,2019-05-21,9525,2019-05-18,1110,021684,NA,6,1,3,1921,0,1,1,NA,2,201,I-210 W/B (FOOTHILL FWY),BUENA VISTA ST.,2640,E,N,A,-,Y,NA,NA,210,NA,NA,NA,NA,NA,W,N,4,0,1,2,A,-,03,22350,NA,N,C,A,A,A,H,-,A,D,0,NA,NA,NA,NA,Y,NA,A,07,0,0,1,0,0,0,0,0,0,-,-,34.13555908203125,-117.96286010742188,LOS ANGELES,DUARTE,-117.96286010742188,34.13556671142578
90993236,2019,2019-06-25,9525,2019-05-18,1115,021931,NA,6,1,6,1955,0,1,1,NA,2,107,I-10 W/B (SAN BERNARDINO FWY),VIA VERDE AVE,2640,E,N,A,-,Y,NA,NA,NA,NA,NA,NA,NA,NA,NA,N,4,0,3,2,A,-,03,22350,NA,N,C,C,A,A,D,E,A,D,0,NA,NA,NA,NA,Y,NA,A,07,0,0,3,0,0,0,0,0,0,-,-,34.06734085083008,-117.83409881591795,LOS ANGELES,POMONA,NA,NA
90993263,2019,2019-05-21,9525,2019-05-15,1005,021931,NA,3,1,5,1926,0,1,1,NA,2,205,I-210 W/B (FOOTHILL FWY),SUNFLOWER AVE,2400,W,N,B,-,Y,NA,NA,210,NA,NA,NA,NA,NA,W,Y,4,0,4,6,A,-,03,22350,NA,N,C,C,A,A,H,-,A,D,0,NA,NA,NA,NA,Y,NA,A,07,0,0,4,0,0,0,0,0,0,-,-,34.117679595947266,-117.85321044921876,LOS ANGELES,GLENDORA,-117.85321044921876,34.117713928222656
90993307,2019,2019-05-21,9590,2019-05-13,1841,021912,NA,1,2,7,1942,0,1,1,NA,2,051,I-110 S/B (HARBOR FREEWAY),42ND ST,100,S,N,A,-,Y,NA,NA,110,NA,NA,NA,NA,NA,S,N,4,0,1,2,A,-,03,22350,NA,F,C,C,A,A,H,-,A,D,0,NA,NA,NA,NA,Y,NA,-,99,0,0,1,0,0,0,0,0,0,-,-,34.007118225097656,-118.28128051757813,LOS ANGELES,LOS ANGELES,-118.28116607666016,34.007118225097656
90993315,2019,2019-05-21,9590,2019-05-13,0820,021996,NA,1,1,7,1942,0,1,1,NA,2,011,SR-110 S/B (ARROYO SECO PKWY),SUNSET BLVD.,103,N,N,A,-,Y,NA,NA,110,NA,NA,NA,NA,NA,S,Y,4,0,1,3,A,-,07,21658,A,N,B,C,A,A,H,-,A,D,0,NA,NA,Y,NA,Y,NA,A,07,0,0,1,0,0,0,0,0,1,-,-,34.06370162963867,-118.24716186523438,LOS ANGELES,LOS ANGELES,-118.24737548828124,34.06398010253906
90993343,2019,2019-05-21,9535,2019-05-14,1600,017789,NA,2,2,6,1922,0,1,1,NA,2,400,I-10 (SAN BERNARDINO FREEWAY) E/B,PECK RD,250,E,N,A,-,Y,NA,NA,10,NA,NA,NA,NA,NA,E,N,4,0,1,2,A,-,03,22350,NA,N,C,C,A,A,H,-,A,D,0,NA,NA,NA,NA,Y,NA,A,07,0,0,1,0,0,0,0,0,0,-,-,34.06792068481445,-118.02681732177734,LOS ANGELES,EL MONTE,-118.02681732177734,34.0679817199707
9099339,2020,2020-11-10,1900,2020-05-16,1900,618405,2111,6,5,5,1943,0,0,0,NA,0,212T3,LONG BEACH BLV,SANBORN AV,0,NA,Y,A,-,N,NA,NA,NA,NA,NA,NA,NA,NA,NA,Y,3,0,4,3,A,-,12,21453,A,N,D,C,A,A,H,-,A,A,0,NA,NA,NA,NA,Y,NA,A,01,0,3,1,0,0,0,0,0,0,-,-,33.92839813232422,-118.21099853515624,LOS ANGELES,LYNWOOD,-118.21103668212892,33.928489685058594
90993410,2019,2019-05-21,9525,2019-05-19,1345,021156,NA,7,1,5,1990,0,1,3,NA,2,601,SR-60 W/B TO FAIRWAY DR.,FAIRWAY DR.,50,E,N,A,-,Y,NA,NA,NA,NA,NA,NA,NA,NA,NA,Y,4,0,2,2,A,-,03,22350,NA,N,C,C,A,A,H,-,A,D,0,NA,NA,NA,NA,Y,NA,D,22,0,0,2,0,0,0,0,0,0,-,-,33.99679183959961,-117.86997985839844,LOS ANGELES,DIAMOND BAR,-117.87020111083984,33.996402740478516
90993443,2019,2019-05-21,9535,2019-01-19,0054,022100,NA,6,3,4,1962,0,1,1,NA,2,110,I-10 E/B HOT TO DEL MAR AVENUE,DEL MAR AVENUE,567,W,N,B,-,Y,NA,NA,10,NA,NA,NA,R,NA,E,Y,2,0,2,2,A,-,01,23152,A,N,E,I,A,A,H,-,C,D,0,NA,NA,NA,NA,Y,Y,A,01,2,0,0,0,0,0,0,0,0,-,-,34.07231140136719,-118.10083770751952,LOS ANGELES,SAN GABRIEL,-118.10083770751952,34.07231140136719
90993452,2019,2019-05-21,9525,2019-05-20,1527,021138,NA,1,2,5,1990,0,1,3,NA,2,603,SR-60 W/B (POMONA FWY),DIAMOND BAR BLVD,2670,E,N,B,-,Y,NA,NA,60,NA,NA,NA,NA,NA,W,Y,4,0,3,3,A,-,03,22350,NA,N,C,C,A,A,H,-,A,D,0,NA,NA,NA,NA,Y,NA,A,01,0,0,3,0,0,0,0,0,0,-,-,34.026161193847656,-117.80441284179688,LOS ANGELES,DIAMOND BAR,-117.80442810058594,34.026206970214844
90993454,2019,2019-05-21,9550,2019-05-16,1145,019939,NA,4,1,6,1949,0,1,1,NA,2,651,INTERSTATE 605 N/B,FIRESTONE BOULEVARD,85,N,N,A,-,Y,NA,NA,605,NA,NA,NA,NA,NA,N,Y,4,0,1,2,A,-,03,22350,NA,N,C,C,A,A,H,-,A,D,0,NA,NA,NA,NA,Y,NA,A,01,0,0,1,0,0,0,0,0,0,-,-,33.924991607666016,-118.10389709472656,LOS ANGELES,NORWALK,-118.1038818359375,33.92498779296875
90993460,2019,2019-05-21,9535,2019-04-19,0330,022264,NA,5,3,9,1900,0,1,1,NA,2,421,I-10 W/B (SAN BERNARDINO FWY),NORTH HERBERT AVE.,1780,W,N,A,-,Y,NA,NA,10,NA,NA,NA,NA,NA,W,Y,2,0,1,3,A,-,03,22350,NA,N,C,E,E,A,H,-,C,D,0,Y,NA,NA,NA,Y,NA,A,01,1,0,0,0,1,0,0,0,0,-,-,34.05556106567383,-118.18862152099608,LOS ANGELES,UNINCORPORATED,-118.18862152099608,34.05544662475586
90993473,2019,2019-05-21,9525,2019-05-21,0835,014593,NA,2,1,5,1990,0,1,3,NA,2,573,SR-57 S/B (ORANGE FWY),PATHFINDER RD,4224,N,N,B,-,Y,NA,NA,57,NA,NA,NA,NA,NA,S,Y,4,0,2,2,A,-,03,22350,NA,N,C,C,A,A,H,-,A,D,0,NA,NA,NA,NA,Y,NA,A,01,0,0,2,0,0,0,0,0,0,-,-,33.995941162109375,-117.84068298339844,LOS ANGELES,DIAMOND BAR,-117.8406982421875,33.99595642089844
9099348,2020,2020-10-30,1942,2020-05-11,1030,39062,0463,1,5,7,1942,0,0,0,D,0,4A53,E CESR E CHAVEZ AV,N STATE ST,50,W,N,A,-,N,NA,NA,NA,NA,NA,NA,NA,NA,NA,N,4,0,1,2,A,-,03,22350,NA,N,C,C,A,A,H,-,B,D,0,NA,NA,NA,NA,Y,NA,D,22,0,0,1,0,0,0,0,0,0,-,-,NA,NA,LOS ANGELES,LOS ANGELES,-118.21527862548828,34.05015563964844
90993487,2019,2019-05-22,9550,2019-05-17,0845,020617,NA,5,1,7,1941,0,1,3,NA,2,090,SR-91 W/B (ARTESIA FREEWAY),ATLANTIC AVENUE,1000,E,N,A,-,Y,NA,NA,91,NA,NA,NA,NA,NA,W,Y,4,0,1,2,A,-,03,22350,NA,N,C,C,A,A,H,-,A,D,0,NA,NA,NA,NA,Y,NA,A,07,0,0,1,0,0,0,0,0,0,-,-,33.876949310302734,-118.18074798583984,LOS ANGELES,LONG BEACH,-118.18074798583984,33.876861572265625
90993490,2019,2019-05-22,9590,2019-05-14,2040,021789,NA,2,2,7,1942,0,1,2,NA,2,073,US-101 S/B (HOLLYWOOD FREEWAY),HELIOTROPE DRIVE,200,S,N,A,-,Y,NA,NA,101,NA,NA,NA,NA,NA,S,N,4,0,3,2,A,-,03,22350,NA,F,C,C,A,A,H,-,C,D,0,NA,NA,NA,NA,Y,NA,-,99,0,0,3,0,0,0,0,0,0,-,-,34.08087921142578,-118.29467010498048,LOS ANGELES,LOS ANGELES,-118.29466247558594,34.080894470214844
90993491,2019,2019-05-22,9590,2019-05-16,2210,021122,NA,4,3,7,1942,0,1,1,NA,2,085,I-5 S/B (GSF) TO LOS FELIZ BOULEVARD,LOS FELIZ BLVD,15,S,N,A,-,Y,NA,NA,5,NA,NA,NA,R,NA,S,N,4,0,2,2,A,-,03,22350,NA,N,C,C,A,A,H,-,C,A,0,NA,NA,NA,NA,Y,NA,A,01,0,0,2,0,0,0,0,0,0,-,-,34.118831634521484,-118.27156066894533,LOS ANGELES,LOS ANGELES,-118.27156066894533,34.118831634521484
90993496,2019,2019-05-22,9550,2019-05-10,1135,021977,NA,5,1,9,1900,0,3,5,NA,2,003,TURNBULL CANYON ROAD,LOS ROBLES AVENUE,0,NA,Y,A,-,N,NA,NA,NA,NA,NA,NA,NA,NA,NA,Y,4,0,2,2,A,-,12,21453,A,N,D,C,A,B,H,-,A,A,0,NA,NA,NA,NA,Y,NA,A,01,0,0,2,0,0,0,0,0,0,-,-,34.0078010559082,-117.9800033569336,LOS ANGELES,UNINCORPORATED,-117.97978973388672,34.008140563964844
90993497,2019,2019-05-22,9550,2019-05-13,1305,022222,NA,1,1,9,1900,0,3,5,NA,2,005,SAMARA DR,CALLE LOS ARBOLES,0,NA,Y,B,-,N,NA,NA,NA,NA,NA,NA,NA,NA,NA,Y,2,0,1,2,A,-,03,22350,NA,N,D,E,A,A,H,-,A,A,0,NA,NA,NA,NA,Y,NA,A,07,1,0,0,0,0,0,0,0,0,-,-,33.9851188659668,-117.91928863525392,LOS ANGELES,UNINCORPORATED,-117.91924285888672,33.985069274902344
90993503,2019,2019-05-22,9590,2019-05-17,0713,022088,NA,5,1,7,1942,0,1,1,NA,2,012,SR-110 NORTHBOUND (ARROYO SECO PARKWAY),PASADENA AVE,200,S,N,A,-,Y,NA,NA,110,NA,NA,NA,NA,NA,N,N,4,0,1,2,A,-,07,21658,A,F,E,C,A,A,H,-,A,D,0,NA,NA,NA,NA,Y,NA,-,99,0,0,1,0,0,0,0,0,0,-,-,34.086029052734375,-118.21514892578124,LOS ANGELES,LOS ANGELES,-118.21515655517578,34.08605194091797
90993507,2019,2019-05-22,9590,2019-05-14,0800,022088,NA,2,1,7,1942,0,1,3,NA,2,095,SR-2 WESTBOUND (GLENDALE FREEWAY),ROUND TOP DRIVE,40,W,N,A,-,Y,NA,NA,2,NA,NA,NA,NA,NA,W,N,3,0,1,2,A,-,03,22350,NA,N,C,C,A,A,H,-,A,D,0,NA,NA,NA,NA,Y,NA,A,01,0,1,0,0,0,0,0,0,0,-,-,34.13108825683594,-118.22923278808594,LOS ANGELES,LOS ANGELES,-118.22930145263672,34.13107681274414
90993509,2019,2019-05-22,9590,2019-05-15,1500,021583,NA,3,2,7,1942,0,1,2,NA,2,072,US-101 N/B (HOLLYWOOD FREEWAY),HOLLYWOOD BLVD,400,S,N,A,-,Y,NA,NA,101,NA,NA,NA,NA,NA,N,N,4,0,2,2,A,-,03,22350,NA,N,C,C,A,A,H,-,A,D,0,NA,NA,NA,NA,Y,NA,D,22,0,0,2,0,0,0,0,0,0,-,-,34.099098205566406,-118.31500244140624,LOS ANGELES,LOS ANGELES,-118.31499481201172,34.09910583496094
90993510,2019,2019-05-22,9550,2019-05-10,1811,022274,NA,5,2,9,1900,0,1,3,NA,2,601,SR-60 WB  TO HACIENDA BLVD,HACIENDA BOULEVARD,500,E,N,B,-,Y,NA,NA,60,NA,NA,NA,R,NA,W,Y,3,0,1,1,C,-,18,NA,NA,N,E,I,A,A,H,-,A,D,0,NA,NA,NA,NA,Y,NA,-,-,0,1,0,0,0,0,0,0,0,-,-,34.007301330566406,-117.96276092529295,LOS ANGELES,UNINCORPORATED,-117.96276092529295,34.007301330566406
90993511,2019,2019-05-22,9590,2019-05-20,2125,022006,NA,1,2,7,1942,0,1,1,NA,2,063,I-10 W/B (SANTA MONICA FREEWAY),NORMANDIE AVE.,200,E,N,A,-,Y,NA,NA,10,NA,NA,NA,NA,NA,W,N,4,0,1,2,A,-,07,21658,A,N,B,A,A,A,H,-,C,D,0,NA,NA,NA,NA,Y,NA,A,01,0,0,1,0,0,0,0,0,0,-,-,34.03731155395508,-118.29708862304688,LOS ANGELES,LOS ANGELES,-118.29708862304688,34.03712463378906
90993513,2019,2019-05-22,9550,2019-05-20,1105,015040,NA,1,1,6,1949,0,1,1,NA,2,501,I-5 N/B (SANTA ANA FREEWAY),NORWALK BOULEVARD,1000,S,N,B,-,Y,NA,NA,5,NA,NA,NA,NA,NA,N,Y,4,0,1,3,A,-,03,22350,NA,N,C,C,A,A,D,-,A,D,0,NA,NA,NA,NA,Y,NA,A,01,0,0,1,0,0,0,0,0,0,-,-,33.91038131713867,-118.07077026367188,LOS ANGELES,NORWALK,-118.07064819335938,33.91053009033203
9099352,2020,2021-01-20,1942,2020-05-09,1005,37540,0424,6,5,7,1942,0,0,0,D,0,4A15,N MISSION RD,N BROADWAY,100,S,N,A,-,N,NA,NA,NA,NA,NA,NA,NA,NA,NA,N,4,0,1,3,A,-,03,22350,NA,N,C,C,A,A,H,-,A,D,0,NA,NA,NA,Y,Y,NA,D,22,0,0,1,0,0,0,0,0,0,-,-,NA,NA,LOS ANGELES,LOS ANGELES,-118.19670867919922,34.073673248291016
90993535,2019,2019-05-22,9525,2019-05-10,1800,018651,NA,5,2,5,1990,0,1,3,NA,2,602,SR-60 E/B (POMONA FWY),LEMON AVE.,300,E,N,A,-,Y,NA,NA,60,NA,NA,NA,NA,NA,E,N,4,0,1,2,A,-,07,21658,A,N,B,C,A,A,H,-,A,D,0,NA,NA,Y,NA,Y,NA,C,02,0,0,1,0,0,0,0,0,1,-,-,33.999290466308594,-117.85098266601564,LOS ANGELES,DIAMOND BAR,-117.85098266601564,33.99930953979492
90993545,2019,2019-05-22,9535,2019-05-10,1549,022263,NA,5,2,9,1900,0,2,4,NA,2,025,ATLANTIC BOULEVARD (300 BLOCK),4TH STREET,130,N,N,B,-,N,NA,NA,NA,NA,NA,NA,NA,NA,NA,N,4,0,1,2,A,-,11,21954,A,N,G,B,D,A,H,-,A,D,0,Y,NA,NA,NA,Y,NA,N,60,0,0,1,0,1,0,0,0,0,-,-,34.02973937988281,-118.15441131591795,LOS ANGELES,UNINCORPORATED,-118.15446472167967,34.02973556518555
90993551,2019,2019-05-22,9565,2019-05-12,2110,021484,NA,7,2,7,1942,0,1,1,NA,2,064,I-405 S/B,BEL AIR CREST RD,2640,S,N,A,-,Y,NA,NA,405,NA,NA,NA,NA,NA,S,Y,4,0,1,3,A,-,08,22107,NA,N,B,C,A,A,H,-,D,D,0,NA,NA,NA,NA,Y,NA,A,01,0,0,1,0,0,0,0,0,0,-,-,34.10823059082031,-118.4801788330078,LOS ANGELES,LOS ANGELES,-118.4802017211914,34.108211517333984
90993558,2019,2019-05-22,9530,2019-05-10,1400,022109,NA,5,2,9,1900,0,3,5,NA,2,001,FLORENCE AVENUE (1500 BLOCK),COMPTON AVE.,30,W,N,B,-,N,NA,NA,NA,NA,NA,NA,NA,NA,NA,Y,4,0,1,2,A,-,03,22350,NA,F,C,C,A,A,H,-,A,D,0,NA,NA,NA,NA,Y,NA,-,99,0,0,1,0,0,0,0,0,0,-,-,33.9747314453125,-118.24781036376952,LOS ANGELES,UNINCORPORATED,-118.24778747558594,33.97473907470703
9099356,2020,2020-08-03,1942,2020-04-03,1020,35393,1801,5,5,7,1942,0,0,0,R,0,25TL21,HOOVER ST,90TH ST,0,NA,Y,A,-,N,NA,NA,NA,NA,NA,NA,NA,NA,NA,NA,4,0,1,4,A,-,12,22450,A,F,D,C,A,A,H,-,A,A,0,NA,NA,NA,NA,Y,NA,-,99,0,0,1,0,0,0,0,0,0,-,-,NA,NA,LOS ANGELES,LOS ANGELES,-118.28697204589844,33.95505905151367
90993562,2019,2019-05-22,9565,2019-05-10,1245,022057,NA,5,1,5,1928,0,1,1,NA,2,012,I-105 WB (CENTURY FREEWAY),VAN NESS AVE,200,E,N,A,-,Y,NA,NA,105,NA,NA,NA,NA,NA,W,N,4,0,1,3,A,-,03,22350,NA,N,C,C,A,A,H,-,A,D,0,NA,NA,NA,NA,Y,NA,A,01,0,0,1,0,0,0,0,0,0,-,-,33.92560958862305,-118.3151397705078,LOS ANGELES,HAWTHORNE,-118.3151397705078,33.92561340332031
90993564,2019,2019-05-22,9575,2019-05-04,0145,020521,NA,6,3,6,1912,0,1,1,NA,2,051,I-5 S/B (GOLDEN STATE FREEWAY),BURBANK BLVD,1300,N,N,A,-,Y,NA,NA,5,NA,NA,NA,NA,NA,S,Y,3,0,3,2,A,-,07,21658,A,F,B,C,A,A,H,-,D,D,0,NA,NA,NA,Y,Y,NA,A,01,0,1,2,0,0,0,0,0,0,-,-,34.18730926513672,-118.32171630859376,LOS ANGELES,BURBANK,-118.32171630859376,34.18731689453125
90993565,2019,2019-05-22,9590,2019-05-12,2335,021654,NA,7,3,7,1942,0,1,1,NA,2,064,I-10 E/B (SMF) TO I-5 N/B (GSF),SANTA FE AVENUE,200,E,N,A,-,Y,NA,NA,10,NA,NA,NA,R,NA,E,Y,4,0,1,1,A,-,08,22107,NA,N,E,J,A,A,H,-,C,D,0,NA,NA,NA,NA,Y,NA,A,01,0,0,1,0,0,0,0,0,0,-,-,34.02898025512695,-118.22640228271484,LOS ANGELES,LOS ANGELES,-118.22640228271484,34.02898025512695
9099357,2020,2020-07-14,1931,2020-03-30,1314,5258,1931,1,5,5,1931,0,0,0,NA,0,001,ALAMEDA ST,GAGE AV,588,S,N,A,-,N,NA,NA,NA,NA,NA,NA,NA,NA,NA,N,4,0,2,3,A,-,08,22107,NA,N,B,C,A,A,H,-,A,D,0,NA,NA,NA,Y,Y,NA,D,22,0,0,2,0,0,0,0,0,0,-,-,NA,NA,LOS ANGELES,HUNTINGTON PARK,-118.23554229736328,33.980064392089844
90993577,2019,2019-05-22,9525,2019-05-19,0215,020636,NA,7,3,4,1913,0,1,1,NA,2,210,SR-210 E/B (FOOTHILL FWY),FRUIT ST.,1056,E,N,C,-,Y,NA,NA,210,NA,NA,NA,NA,NA,E,Y,4,0,2,1,A,-,08,22107,NA,N,E,I,A,B,H,-,D,D,0,NA,NA,NA,NA,Y,NA,A,01,0,0,2,0,0,0,0,0,0,-,-,34.120208740234375,-117.74643707275392,LOS ANGELES,CLAREMONT,-117.74644470214844,34.1202392578125
90993578,2019,2019-05-22,9575,2019-04-23,2128,021344,NA,2,2,9,1900,0,3,5,NA,2,002,LOMA ALTA DRIVE (BLOCK 300W),OLIVE AVENUE 3300N,0,NA,Y,A,-,N,NA,NA,NA,NA,NA,NA,NA,NA,NA,Y,3,0,2,4,A,-,09,21802,A,N,D,C,A,A,H,-,C,A,0,NA,NA,NA,NA,Y,Y,A,01,0,1,1,0,0,0,0,0,0,-,-,34.20243835449219,-118.15133666992188,LOS ANGELES,UNINCORPORATED,NA,NA
90993579,2019,2019-05-22,9530,2019-05-12,2200,021756,NA,7,3,9,1900,0,1,1,NA,2,120,I-110 N/B (HARBOR FREEWAY),CARSON ST.,251,N,N,A,-,Y,NA,NA,110,NA,NA,NA,NA,NA,N,Y,3,0,1,2,A,-,07,21658,A,N,B,C,A,A,H,-,C,D,0,NA,NA,NA,NA,Y,NA,A,01,0,1,0,0,0,0,0,0,0,-,-,33.83604049682617,-118.2873306274414,LOS ANGELES,UNINCORPORATED,-118.28721618652344,33.83603286743164
90993580,2019,2019-05-22,9530,2019-05-10,1505,021493,NA,5,2,9,1900,0,3,5,NA,2,004,SANTA FE AVE. (18900 BLOCK),REYES AVE.,1400,S,N,B,-,N,NA,NA,NA,NA,NA,NA,NA,NA,NA,Y,4,0,2,2,A,-,09,21801,A,N,D,C,A,A,H,-,A,A,0,NA,NA,NA,NA,Y,NA,A,01,0,0,2,0,0,0,0,0,0,-,-,33.858489990234375,-118.21672821044922,LOS ANGELES,UNINCORPORATED,-118.21660614013672,33.85920333862305
90993582,2019,2019-05-22,9575,2019-05-10,0940,020119,NA,5,1,6,1925,0,1,3,NA,2,090,SR-2 W/B (GLENDALE FREEWAY),VERDUGO BLVD.,500,E,N,C,-,Y,NA,NA,2,NA,NA,NA,NA,NA,W,Y,2,0,2,1,A,-,03,22350,NA,N,E,I,A,B,H,-,A,D,0,NA,NA,NA,NA,Y,NA,D,22,1,1,0,0,0,0,0,0,0,-,-,34.19453048706055,-118.22055053710938,LOS ANGELES,GLENDALE,-118.22045135498048,34.19453430175781
90993586,2019,2019-05-22,9530,2019-05-11,2220,021902,NA,6,3,9,1900,0,3,5,NA,2,001,ALAMEDA ST.,NADEAU ST.,0,NA,Y,A,-,N,NA,NA,NA,NA,NA,NA,NA,NA,NA,Y,4,0,1,2,A,-,12,21453,A,N,D,C,A,A,H,-,C,A,0,NA,NA,NA,NA,Y,NA,-,-,0,0,1,0,0,0,0,0,0,-,-,33.96746063232422,-118.23329925537108,LOS ANGELES,UNINCORPORATED,-118.23322296142578,33.96744918823242
90993587,2019,2019-05-22,9530,2019-05-11,1330,021380,NA,6,1,7,1942,0,1,1,NA,2,110,I-110 S/B (HARBOR FREEWAY),ROSECRANS AVE.,1100,S,N,A,-,Y,NA,NA,110,NA,NA,NA,NA,NA,S,Y,3,0,2,2,A,-,07,21658,A,F,B,C,A,A,H,-,A,D,0,NA,NA,NA,NA,Y,NA,A,07,0,1,1,0,0,0,0,0,0,-,-,33.898738861083984,-118.2868881225586,LOS ANGELES,LOS ANGELES,-118.2867431640625,33.898746490478516
90993589,2019,2019-05-22,9545,2019-05-14,1900,018090,NA,2,2,9,1900,0,3,5,NA,2,002,BARREL SPRINGS RD,EDGEWATER RD,176,E,N,A,-,N,NA,NA,NA,NA,NA,NA,NA,NA,NA,Y,2,0,2,1,A,-,08,22107,NA,N,E,I,A,A,H,-,A,D,0,NA,NA,NA,NA,Y,NA,A,01,1,1,0,0,0,0,0,0,0,-,-,34.54357147216797,-118.1198272705078,LOS ANGELES,UNINCORPORATED,-118.1198959350586,34.54348373413086