CASE_ID,ACCIDENT_YEAR,PROC_DATE,JURIS,COLLISION_DATE,COLLISION_TIME,OFFICER_ID,REPORTING_DISTRICT,DAY_OF_WEEK,CHP_SHIFT,POPULATION,CNTY_CITY_LOC,SPECIAL_COND,BEAT_TYPE,CHP_BEAT_TYPE,CITY_DIVISION_LAPD,CHP_BEAT_CLASS,BEAT_NUMBER,PRIMARY_RD,SECONDARY_RD,DISTANCE,DIRECTION,INTERSECTION,WEATHER_1,WEATHER_2,STATE_HWY_IND,CALTRANS_COUNTY,CALTRANS_DISTRICT,STATE_ROUTE,ROUTE_SUFFIX,POSTMILE_PREFIX,POSTMILE,LOCATION_TYPE,RAMP_INTERSECTION,SIDE_OF_HWY,TOW_AWAY,COLLISION_SEVERITY,NUMBER_KILLED,NUMBER_INJURED,PARTY_COUNT,PRIMARY_COLL_FACTOR,PCF_CODE_OF_VIOL,PCF_VIOL_CATEGORY,PCF_VIOLATION,PCF_VIOL_SUBSECTION,HIT_AND_RUN,TYPE_OF_COLLISION,MVIW,PED_ACTION,ROAD_SURFACE,ROAD_COND_1,ROAD_COND_2,LIGHTING,CONTROL_DEVICE,CHP_ROAD_TYPE,PEDESTRIAN_ACCIDENT,BICYCLE_ACCIDENT,MOTORCYCLE_ACCIDENT,TRUCK_ACCIDENT,NOT_PRIVATE_PROPERTY,ALCOHOL_INVOLVED,STWD_VEHTYPE_AT_FAULT,CHP_VEHTYPE_AT_FAULT,COUNT_SEVERE_INJ,COUNT_VISIBLE_INJ,COUNT_COMPLAINT_PAIN,COUNT_PED_KILLED,COUNT_PED_INJURED,COUNT_BICYCLIST_KILLED,COUNT_BICYCLIST_INJURED,COUNT_MC_KILLED,COUNT_MC_INJURED,PRIMARY_RAMP,SECONDARY_RAMP,LATITUDE,LONGITUDE,COUNTY,CITY,POINT_X,POINT_Y
90994232,2019,2019-05-22,9590,2019-05-16,1115,022087,NA,4,1,4,1970,0,1,1,NA,2,012,SR-110 N/B (ARROYO SECO PARKWAY),MARMION WAY,800,S,N,B,-,Y,NA,NA,NA,NA,NA,NA,NA,NA,NA,N,3,0,1,1,A,-,08,22107,NA,N,E,I,A,B,H,-,A,D,0,NA,NA,NA,NA,Y,NA,A,01,0,1,0,0,0,0,0,0,0,-,-,34.06399917602539,-118.10540008544922,LOS ANGELES,SOUTH PASADENA,-118.18293762207033,34.111480712890625
90994238,2019,2019-05-22,9580,2019-05-11,1405,021627,NA,6,2,9,1900,0,1,3,NA,2,119,SR-118 W/B (RONALD REAGAN FWY.),SR-27 N/B (TOPANGA CYN. BLVD.),1160,E,N,B,-,Y,NA,NA,118,NA,NA,NA,NA,NA,W,Y,3,0,2,2,A,-,03,22350,NA,N,C,C,A,A,H,-,A,D,0,NA,NA,NA,NA,Y,NA,A,01,0,1,1,0,0,0,0,0,0,-,-,34.276649475097656,-118.60104370117188,LOS ANGELES,UNINCORPORATED,-118.60107421875,34.27656555175781
9099426,2020,2020-11-10,1942,2020-05-11,0610,38191,1505,1,5,7,1942,0,0,0,O,0,15A3,SHERMAN WY,LANKERSHIM BL,0,NA,Y,A,-,N,NA,NA,NA,NA,NA,NA,NA,NA,NA,Y,3,0,2,3,A,-,09,21801,A,N,B,C,A,A,H,-,A,A,0,NA,NA,NA,Y,Y,NA,F,25,0,1,1,0,0,0,0,0,0,-,-,NA,NA,LOS ANGELES,LOS ANGELES,-118.38777923583984,34.20119094848633
90994269,2019,2019-05-22,9525,2019-05-15,1100,015445,NA,3,1,6,1975,0,1,1,NA,2,105,I-10 W/B (SAN BERNARDINO FWY),HOLT AVE.,1700,E,N,B,-,Y,NA,NA,10,NA,NA,NA,NA,NA,W,Y,4,0,1,1,C,-,18,NA,NA,N,E,I,A,A,D,E,A,D,0,NA,NA,NA,NA,Y,NA,-,-,0,0,1,0,0,0,0,0,0,-,-,34.06800842285156,-117.85781097412108,LOS ANGELES,WEST COVINA,-117.85780334472656,34.0681037902832
90994277,2019,2019-05-22,9580,2019-05-12,1740,021554,NA,7,2,7,1942,0,1,2,NA,2,105,US-101 S/B (VENTURA FREEWAY),CANOGA AVE,730,N,N,A,-,Y,NA,NA,101,NA,NA,NA,NA,NA,S,Y,4,0,1,2,A,-,03,22350,NA,N,C,C,A,A,H,-,A,D,0,NA,NA,NA,NA,Y,NA,A,01,0,0,1,0,0,0,0,0,0,-,-,34.169700622558594,-118.59998321533205,LOS ANGELES,LOS ANGELES,-118.5999755859375,34.16974639892578
90994298,2019,2019-05-22,9565,2019-05-01,1950,021303,NA,3,2,9,1900,0,3,5,NA,2,004,BUFORD AVE,104TH ST,460,S,N,A,-,N,NA,NA,NA,NA,NA,NA,NA,NA,NA,N,2,0,1,2,A,-,11,21954,A,N,G,B,D,A,H,-,C,D,0,Y,NA,NA,NA,Y,NA,N,60,1,0,0,0,1,0,0,0,0,-,-,33.9404296875,-118.36351776123048,LOS ANGELES,UNINCORPORATED,-118.36351776123048,33.940547943115234
90994299,2019,2019-05-22,9580,2019-05-11,1750,022158,NA,6,2,9,1900,0,2,4,NA,1,127,MALIBU CANYON RD,TUNNEL-1,2640,N,N,A,-,N,NA,NA,NA,NA,NA,NA,NA,NA,NA,Y,2,0,4,3,A,-,01,23152,A,N,D,C,A,A,H,-,A,D,0,NA,NA,NA,NA,Y,Y,A,01,2,0,2,0,0,0,0,0,0,-,-,34.0772590637207,-118.70255279541016,LOS ANGELES,UNINCORPORATED,NA,NA
90994325,2019,2019-05-22,9525,2019-05-16,0635,018992,NA,4,1,4,1946,0,1,1,NA,2,201,I-210 W/B (FOOTHILL FWY),MYRTLE AVE,1500,E,N,B,C,Y,NA,NA,210,NA,NA,NA,NA,NA,W,N,4,0,1,3,A,-,03,22350,NA,M,C,C,A,B,H,-,A,D,0,NA,NA,NA,NA,Y,NA,-,99,0,0,1,0,0,0,0,0,0,-,-,34.13560104370117,-117.99519348144533,LOS ANGELES,MONROVIA,-117.99519348144533,34.13559341430664
9099437,2020,2020-11-05,1926,2020-05-11,0751,0043,4,1,5,5,1926,0,0,0,NA,0,NA,LONE HILL AV,PETUNIA AV,506,S,N,A,-,N,NA,NA,NA,NA,NA,NA,NA,NA,NA,Y,4,0,1,2,A,-,12,21453,A,N,D,C,A,A,H,-,A,A,0,NA,NA,NA,NA,Y,NA,A,01,0,0,1,0,0,0,0,0,0,-,-,34.12300109863281,-117.82878112792967,LOS ANGELES,GLENDORA,-117.82901000976564,34.12186813354492
90994380,2019,2019-05-22,9535,2019-05-13,1545,022172,NA,1,2,5,1943,0,1,1,NA,2,074,I-710 N/B TO IMPERIAL HWY W/B,IMPERIAL HWY,100,S,N,A,-,Y,NA,NA,710,NA,NA,NA,R,NA,N,N,4,0,1,2,A,-,03,22350,NA,N,C,C,A,A,H,-,A,D,0,NA,NA,NA,NA,Y,NA,A,01,0,0,1,0,0,0,0,0,0,-,-,33.930381774902344,-118.17861175537108,LOS ANGELES,LYNWOOD,-118.17861175537108,33.930381774902344
9099441,2020,2020-11-07,1942,2020-05-13,1630,41139,1473,3,5,7,1942,0,0,0,N,0,14A73,PERSHING DR,SUNRIDGE ST,104,N,N,A,-,N,NA,NA,NA,NA,NA,NA,NA,NA,NA,Y,3,0,1,4,A,-,08,22107,NA,N,C,E,A,A,H,-,A,D,0,NA,NA,NA,NA,Y,NA,-,NA,0,1,0,0,0,0,0,0,0,-,-,NA,NA,LOS ANGELES,LOS ANGELES,-118.44383239746094,33.95844650268555
90994417,2019,2019-05-22,9535,2019-05-14,1650,017586,NA,2,2,9,1900,0,2,4,NA,2,024,WHITTIER BLVD,EASTERN AVE,0,NA,Y,A,-,N,NA,NA,NA,NA,NA,NA,NA,NA,NA,Y,4,0,2,2,A,-,12,21453,A,N,A,C,A,A,H,-,A,A,0,NA,NA,NA,NA,Y,NA,A,01,0,0,2,0,0,0,0,0,0,-,-,34.02389907836914,-118.17400360107422,LOS ANGELES,UNINCORPORATED,-118.17395782470705,34.023921966552734
90994418,2019,2019-05-22,9550,2019-05-17,1655,022239,NA,5,2,5,1908,0,1,3,NA,2,090,SR-91 E/B,LAKEWOOD BOULEVARD,100,E,N,A,-,Y,NA,NA,91,NA,NA,NA,NA,NA,E,Y,4,0,1,2,A,-,03,22350,NA,N,C,C,A,A,H,-,A,D,0,NA,NA,NA,NA,Y,NA,A,01,0,0,1,0,0,0,0,0,0,-,-,33.87709045410156,-118.14157104492188,LOS ANGELES,BELLFLOWER,-118.14157104492188,33.877044677734375
9099442,2020,2020-11-07,1942,2020-05-04,0700,03566,1483,1,5,7,1942,0,0,0,N,0,5M22,WESTCHESTER PKWY,FALMOUTH AV,0,NA,Y,A,-,N,NA,NA,NA,NA,NA,NA,NA,NA,NA,N,4,0,1,2,A,-,09,21801,A,N,D,G,A,-,H,-,A,A,0,NA,Y,NA,NA,Y,NA,A,01,0,0,1,0,0,0,1,0,0,-,-,NA,NA,LOS ANGELES,LOS ANGELES,-118.43312072753906,33.951881408691406
9099443,2020,2020-11-07,1942,2020-05-14,2145,43371,1494,4,5,7,1942,0,0,0,N,0,NA,CENTRUY BL,S SEPULVEDA BL,10,W,N,A,-,N,NA,NA,NA,NA,NA,NA,NA,NA,NA,N,4,0,1,2,A,-,09,21804,A,F,H,G,A,-,H,-,C,D,0,NA,Y,NA,NA,Y,NA,L,04,0,0,1,0,0,0,1,0,0,-,-,NA,NA,LOS ANGELES,LOS ANGELES,-118.39636993408205,33.9455451965332
9099444,2020,2020-11-07,1942,2020-05-11,1245,41516,2002,1,5,7,1942,0,0,0,NA,0,20A1,N WESTERN AV,OAKWOOD AV,30,N,N,A,-,N,NA,NA,NA,NA,NA,NA,NA,NA,NA,N,4,0,2,3,A,-,03,22350,NA,F,C,C,A,A,H,-,A,A,0,NA,NA,NA,NA,Y,NA,-,99,0,0,2,0,0,0,0,0,0,-,-,NA,NA,LOS ANGELES,LOS ANGELES,-118.30915832519533,34.077693939208984
9099445,2020,2020-11-07,1942,2020-05-17,2055,42154,1468,7,5,7,1942,0,0,0,N,0,14A49,MARIONWOOD DR,INGLEWOOD BL,3696,E,N,A,-,N,NA,NA,NA,NA,NA,NA,NA,NA,NA,N,3,0,2,1,A,-,03,22350,NA,N,H,A,A,A,H,-,C,A,0,NA,NA,NA,NA,Y,NA,M,96,0,2,0,0,0,0,0,0,0,-,-,NA,NA,LOS ANGELES,LOS ANGELES,NA,NA
9099446,2020,2020-11-07,1942,2020-05-09,2100,42901,2044,6,5,7,1942,0,0,0,NA,0,27TL31,IROLO ST,SAN MARINO ST,50,S,N,A,-,N,NA,NA,NA,NA,NA,NA,NA,NA,NA,N,4,0,3,3,A,-,03,22350,NA,F,C,C,A,A,H,-,C,D,0,NA,NA,NA,NA,Y,NA,-,99,0,0,3,0,0,0,0,0,0,-,-,NA,NA,LOS ANGELES,LOS ANGELES,-118.3009033203125,34.05448913574219
90994460,2019,2019-05-22,9525,2019-05-21,0145,019970,NA,2,3,9,1900,0,3,5,NA,2,003,AZUSA AVE. (300 BLOCK),TEMPLE AVE,15,N,N,B,-,N,NA,NA,NA,NA,NA,NA,NA,NA,NA,Y,4,0,1,2,A,-,09,21804,A,N,E,I,A,A,H,-,C,D,0,NA,NA,NA,NA,Y,NA,A,01,0,0,1,0,0,0,0,0,0,-,-,34.02471160888672,-117.91787719726564,LOS ANGELES,UNINCORPORATED,-117.91768646240234,34.02471923828125
9099447,2020,2020-11-07,1942,2020-05-12,1550,37966,2088,2,5,7,1942,0,0,0,NA,0,20A97,S WESMORELAND AV,W 18TH ST,0,NA,Y,A,-,N,NA,NA,NA,NA,NA,NA,NA,NA,NA,N,3,0,1,2,A,-,09,21804,A,F,D,G,A,-,H,-,A,D,0,NA,Y,NA,NA,Y,NA,L,04,0,1,0,0,0,0,1,0,0,-,-,NA,NA,LOS ANGELES,LOS ANGELES,-118.28964233398438,34.04166030883789
90994472,2019,2019-05-23,9535,2019-05-10,1258,013259,NA,5,1,5,1948,0,1,3,NA,2,621,SR-60 W/B (POMONA FREEWAY),GREENWOOD AVENUE,35,W,N,B,-,Y,NA,NA,NA,NA,NA,NA,NA,NA,NA,Y,4,0,2,2,A,-,03,22350,NA,N,C,C,A,A,H,-,A,D,0,NA,NA,NA,NA,Y,NA,D,22,0,0,2,0,0,0,0,0,0,-,-,NA,NA,LOS ANGELES,MONTEREY PARK,-118.10863494873048,34.0341796875
90994476,2019,2019-05-23,9550,2019-05-17,1445,022194,NA,5,2,9,1900,0,1,3,NA,2,600,SR-60 W/B,I-605,300,E,N,A,-,Y,NA,NA,60,NA,NA,NA,NA,NA,W,Y,4,0,2,3,A,-,03,22350,NA,N,C,C,A,A,H,-,A,D,0,NA,NA,NA,NA,Y,NA,A,01,0,0,2,0,0,0,0,0,0,-,-,34.031620025634766,-118.02195739746094,LOS ANGELES,UNINCORPORATED,-118.02194213867188,34.03166961669922
9099448,2020,2020-11-07,1942,2020-05-08,1800,44236,2045,5,5,7,1942,0,0,0,NA,0,20A58,JAMES M WOOD BL,MARIPOSA AV,0,NA,Y,A,-,N,NA,NA,NA,NA,NA,NA,NA,NA,NA,N,3,0,1,2,A,-,12,22450,A,N,G,B,B,A,H,-,A,A,0,Y,NA,NA,NA,Y,NA,A,07,0,1,0,0,1,0,0,0,0,-,-,NA,NA,LOS ANGELES,LOS ANGELES,-118.2987,34.05591
9099449,2020,2020-11-07,1942,2020-05-14,1420,37966,2039,4,5,7,1942,0,0,0,NA,0,2A45,S HOOVER ST,W 7TH ST,0,NA,Y,A,-,N,NA,NA,NA,NA,NA,NA,NA,NA,NA,N,4,0,1,2,A,-,09,21804,A,N,D,G,A,-,H,-,A,A,0,NA,Y,NA,NA,Y,NA,L,04,0,0,1,0,0,0,1,0,0,-,-,NA,NA,LOS ANGELES,LOS ANGELES,-118.2842025756836,34.059818267822266
90994490,2019,2019-05-23,9580,2019-05-14,1822,022275,NA,2,2,9,1900,0,1,3,NA,2,119,SR-118 W/B (RONALD REAGAN FWY.),SR-27 S/B (TOPANGA CYN. BLVD.),1584,E,N,A,-,Y,NA,NA,118,NA,NA,NA,NA,NA,W,Y,3,0,3,3,A,-,03,22350,NA,N,C,C,A,A,H,-,A,D,0,NA,NA,NA,NA,Y,NA,A,01,0,1,2,0,0,0,0,0,0,-,-,34.27539825439453,-118.59799957275392,LOS ANGELES,UNINCORPORATED,-118.59799957275392,34.27540969848633
90994492,2019,2019-05-23,9580,2019-05-15,0855,020334,NA,3,1,7,1942,0,1,2,NA,2,103,US-101 S/B (VENTURA FREEWAY),HAYVENHURST AVE,1500,S,N,B,-,Y,NA,NA,101,NA,NA,NA,NA,NA,S,Y,4,0,2,3,A,-,04,21703,NA,N,C,C,A,A,H,-,A,D,0,NA,NA,NA,NA,Y,NA,A,01,0,0,2,0,0,0,0,0,0,-,-,34.165199279785156,-118.47843933105467,LOS ANGELES,LOS ANGELES,-118.47843933105467,34.16525650024414
90994495,2019,2019-05-23,9550,2019-05-11,1440,021954,NA,6,2,9,1900,0,3,5,NA,2,005,PATHFINDER ROAD,VEGA WAY,16,W,N,B,-,N,NA,NA,NA,NA,NA,NA,NA,NA,NA,Y,3,0,2,5,A,-,07,21658,A,F,E,I,A,A,H,-,A,D,0,NA,NA,NA,NA,Y,NA,-,99,0,2,0,0,0,0,0,0,0,-,-,33.97452926635742,-117.87589263916016,LOS ANGELES,UNINCORPORATED,-117.87596130371094,33.97451400756836
90994497,2019,2019-05-23,9550,2019-05-18,1330,021410,NA,6,1,9,1900,0,1,1,NA,2,650,I-605 S/B,SLAUSON AVENUE,1000,N,N,A,-,Y,NA,NA,NA,NA,NA,NA,NA,NA,NA,Y,4,0,1,3,A,-,03,22350,NA,N,C,C,A,A,H,-,A,D,0,NA,NA,NA,NA,Y,NA,D,22,0,0,1,0,0,0,0,0,0,-,-,33.95989990234375,-118.08650207519533,LOS ANGELES,UNINCORPORATED,-118.08213806152344,33.96971130371094
9099450,2020,2020-11-07,1942,2020-05-12,1350,40029,2002,2,5,7,1942,0,0,0,NA,0,20A1,BEVERLY BL,N WESTERN AV,0,NA,Y,A,-,N,NA,NA,NA,NA,NA,NA,NA,NA,NA,Y,3,0,1,2,-,-,-,NA,A,N,D,C,A,A,H,-,A,A,0,NA,NA,NA,NA,Y,NA,A,01,0,1,0,0,0,0,0,0,0,-,-,NA,NA,LOS ANGELES,LOS ANGELES,-118.30915069580078,34.07625961303711
90994502,2019,2019-05-23,9580,2019-05-16,0929,019511,NA,4,1,7,1942,0,1,2,NA,2,103,US-101 S/B (VENTURA FREEWAY),WHITE OAK AVE,1320,S,N,B,C,Y,NA,NA,101,NA,NA,NA,NA,NA,S,Y,3,0,2,3,A,-,03,22350,NA,M,C,C,A,B,H,-,A,D,0,NA,NA,NA,NA,Y,NA,A,07,0,2,0,0,0,0,0,0,0,-,-,34.17110061645508,-118.51409912109376,LOS ANGELES,LOS ANGELES,-118.51409912109376,34.17108917236328
90994507,2019,2019-05-23,9580,2019-05-16,0940,014675,NA,4,1,9,1900,0,2,4,NA,1,128,KANAN RD,SILVER CREEK RD,200,N,N,B,-,N,NA,NA,NA,NA,NA,NA,NA,NA,NA,Y,3,0,1,1,A,-,03,22350,NA,N,E,I,A,B,H,-,A,D,0,NA,NA,NA,NA,Y,NA,A,01,0,1,0,0,0,0,0,0,0,-,-,34.13283920288086,-118.75678253173828,LOS ANGELES,UNINCORPORATED,-118.75717163085938,34.132450103759766
90994508,2019,2019-05-23,9580,2019-05-16,1000,016523,NA,4,1,7,1942,0,1,3,NA,2,117,SR-118 W/B (RONALD REAGAN FWY.),DE SOTO AVE,500,W,N,A,-,Y,NA,NA,118,NA,NA,NA,NA,NA,W,Y,4,0,1,1,A,-,03,22350,NA,N,E,I,A,A,H,-,A,D,0,NA,NA,NA,NA,Y,NA,A,01,0,0,1,0,0,0,0,0,0,-,-,34.27373123168945,-118.59284210205078,LOS ANGELES,LOS ANGELES,-118.5928192138672,34.273826599121094
9099451,2020,2020-11-06,1942,2020-05-13,1315,68262,2081,3,5,7,1942,0,0,0,NA,0,20A71,WESTERN AV,WASHINGTON BL,30,N,N,A,-,N,NA,NA,NA,NA,NA,NA,NA,NA,NA,N,4,0,2,2,A,-,03,22350,NA,N,C,C,A,A,H,-,A,A,0,NA,NA,NA,NA,Y,NA,A,01,0,0,2,0,0,0,0,0,0,-,-,NA,NA,LOS ANGELES,LOS ANGELES,-118.30899047851564,34.040000915527344
90994511,2019,2019-05-23,9580,2019-05-16,0220,019876,NA,4,3,7,1942,0,1,2,NA,2,104,US-101 N/B TO VENTURA BLVD,SHOUP AVE,600,E,N,B,C,Y,NA,NA,101,NA,NA,NA,R,NA,N,Y,4,0,1,1,A,-,03,22350,NA,N,E,I,A,B,H,-,D,D,0,NA,NA,NA,NA,Y,NA,A,01,0,0,1,0,0,0,0,0,0,-,-,34.169498443603516,-118.612548828125,LOS ANGELES,LOS ANGELES,-118.612548828125,34.169498443603516
90994512,2019,2019-05-23,9580,2019-05-16,2240,020353,NA,4,3,7,1942,0,1,1,NA,2,406,I-405 N/B (SAN DIEGO FWY) TO ROSCOE BLV,ROSCOE BLVD,50,S,N,A,-,Y,NA,NA,405,NA,NA,NA,R,NA,N,Y,4,0,1,2,A,-,03,22350,NA,N,C,C,A,A,H,-,C,A,0,NA,NA,NA,NA,Y,NA,A,01,0,0,1,0,0,0,0,0,0,-,-,34.22071838378906,-118.47276306152344,LOS ANGELES,LOS ANGELES,-118.47276306152344,34.22071838378906
90994514,2019,2019-05-23,9580,2019-05-16,1430,021807,NA,4,2,7,1942,0,1,1,NA,2,404,I-405 N/B (SAN DIEGO FWY),BURBANK BLVD,150,S,N,A,-,Y,NA,NA,NA,NA,NA,NA,NA,NA,NA,N,4,0,2,3,A,-,03,22350,NA,N,C,C,A,A,H,-,A,D,0,NA,NA,NA,Y,Y,NA,F,21,0,0,2,0,0,0,0,0,0,-,-,34.17150115966797,-118.46089935302734,LOS ANGELES,LOS ANGELES,-118.4675521850586,34.171669006347656
90994515,2019,2019-05-23,9580,2019-05-17,1800,018583,NA,5,2,3,1989,0,1,2,NA,2,107,US-101 S/B (VENTURA FWY),PARKWAY CALABASAS,528,N,N,A,-,Y,NA,NA,101,NA,NA,NA,NA,NA,S,N,4,0,1,2,A,-,03,22350,NA,M,C,C,A,A,H,-,A,D,0,NA,NA,NA,NA,Y,NA,A,01,0,0,1,0,0,0,0,0,0,-,-,34.15275955200195,-118.65341949462892,LOS ANGELES,CALABASAS,-118.65342712402344,34.15277099609375
90994517,2019,2019-05-23,9580,2019-05-17,0803,019319,NA,5,1,7,1942,0,1,2,NA,2,102,US-101 N/B (VENTURA FREEWAY),VAN NUYS BLVD,1584,S,N,A,-,Y,NA,NA,101,NA,NA,NA,NA,NA,N,Y,4,0,1,3,A,-,03,22350,NA,N,C,C,A,A,H,-,A,D,0,NA,NA,NA,NA,Y,NA,A,01,0,0,1,0,0,0,0,0,0,-,-,34.1557502746582,-118.4389419555664,LOS ANGELES,LOS ANGELES,-118.4389419555664,34.15575408935547
90994518,2019,2019-05-23,9580,2019-05-19,0640,020334,NA,7,1,7,1942,0,1,3,NA,2,171,SR-170 S/B (HOLLYWOOD FWY.),BURBANK BLVD,500,N,N,C,-,Y,NA,NA,170,NA,NA,NA,NA,NA,S,Y,4,0,1,2,A,-,08,22107,NA,N,D,C,A,B,H,-,A,D,0,NA,NA,NA,NA,Y,NA,A,01,0,0,1,0,0,0,0,0,0,-,-,34.176048278808594,-118.39373016357422,LOS ANGELES,LOS ANGELES,-118.39365386962892,34.17609786987305
90994519,2019,2019-05-23,9580,2019-05-20,0820,016003,NA,1,1,7,1942,0,1,2,NA,2,104,US-101 N/B (VENTURA FREEWAY),DE SOTO AVE,528,N,N,A,-,Y,NA,NA,101,NA,NA,NA,NA,NA,N,Y,4,0,2,2,A,-,03,22350,NA,N,C,C,A,A,H,-,A,D,0,NA,NA,NA,NA,Y,NA,A,07,0,0,2,0,0,0,0,0,0,-,-,34.16865158081055,-118.59304809570313,LOS ANGELES,LOS ANGELES,-118.593017578125,34.16886901855469
9099452,2020,2020-11-06,1942,2020-05-16,1103,43454,0801,6,5,7,1942,0,0,0,H,0,8A1,PALISADES DR,CUETA LINDA DR,0,NA,Y,A,-,N,NA,NA,NA,NA,NA,NA,NA,NA,NA,N,3,0,1,2,A,-,09,21801,A,N,E,A,A,A,H,-,A,D,0,NA,Y,NA,NA,Y,NA,A,01,0,1,0,0,0,0,1,0,0,-,-,NA,NA,LOS ANGELES,LOS ANGELES,-118.5551,34.07441
9099453,2020,2020-11-06,1942,2020-05-13,1707,44227,0884,3,5,7,1942,0,0,0,H,0,8X48,PICO BL,MILITARY AV,0,NA,Y,A,-,N,NA,NA,NA,NA,NA,NA,NA,NA,NA,N,3,0,1,2,A,-,09,21801,A,N,A,G,A,A,H,-,A,A,0,NA,Y,NA,NA,Y,NA,A,01,0,1,0,0,0,0,1,0,0,-,-,NA,NA,LOS ANGELES,LOS ANGELES,-118.43292999267578,34.03804016113281
90994534,2019,2019-05-23,9575,2019-05-10,2108,020918,NA,5,2,7,1942,0,1,3,NA,2,044,SR-134 E/B (VENTURA FREEWAY),CAHUENGA BLVD.,1003,E,N,A,-,Y,NA,NA,134,NA,NA,NA,NA,NA,E,Y,4,0,1,2,A,-,07,21658,A,M,B,C,A,A,H,-,C,D,0,NA,NA,NA,NA,Y,NA,-,99,0,0,1,0,0,0,0,0,0,-,-,34.15296936035156,-118.35794830322266,LOS ANGELES,LOS ANGELES,-118.35794830322266,34.1529541015625
9099454,2020,2020-11-06,1942,2020-05-13,1132,38721,0854,3,5,7,1942,0,0,0,H,0,8A35,OHIO AV,SEPULVEDA BL,0,NA,Y,A,-,N,NA,NA,NA,NA,NA,NA,NA,NA,NA,N,3,0,2,2,A,-,08,22100,B,N,D,C,A,A,H,-,A,A,0,NA,NA,NA,NA,Y,NA,A,07,0,1,1,0,0,0,0,0,0,-,-,NA,NA,LOS ANGELES,LOS ANGELES,-118.44664764404295,34.05038070678711
9099455,2020,2020-11-06,1942,2020-05-06,1930,44177,LOSAN,3,5,7,1942,0,0,0,NA,0,8A59,S BUNDY DR,MAYFIELD,30,S,N,A,-,N,NA,NA,NA,NA,NA,NA,NA,NA,NA,N,4,0,2,2,A,-,03,22350,NA,N,C,-,A,-,H,-,B,A,0,NA,NA,NA,NA,Y,NA,A,01,0,0,2,0,0,0,0,0,0,-,-,NA,NA,LOS ANGELES,LOS ANGELES,-118.46904754638672,34.04711151123047
9099456,2020,2020-11-06,1942,2020-05-05,1550,43024,0811,2,5,7,1942,0,0,0,H,0,8A1,PACIFIC COAST HWY,SUNSET BL,1000,E,N,A,-,N,NA,NA,NA,NA,NA,NA,NA,NA,NA,Y,3,0,1,2,A,-,03,22350,NA,N,C,C,A,A,H,-,A,D,0,NA,NA,NA,NA,Y,NA,A,01,0,1,0,0,0,0,0,0,0,-,-,NA,NA,LOS ANGELES,LOS ANGELES,-118.55240631103516,34.038978576660156
90994562,2019,2019-05-23,9580,2019-05-21,1550,018185,NA,2,2,3,1989,0,1,2,NA,2,107,US-101 S/B (VENTURA FREEWAY),LIBERTY CANYON RD,200,S,N,A,-,Y,NA,NA,NA,NA,NA,NA,NA,NA,NA,Y,4,0,1,2,A,-,03,22350,NA,N,C,C,A,A,H,-,A,D,0,NA,NA,NA,NA,Y,NA,D,22,0,0,1,0,0,0,0,0,0,-,-,34.13737106323242,-118.72718048095705,LOS ANGELES,CALABASAS,NA,NA
9099457,2020,2020-11-06,1942,2020-05-06,1800,43683,0893,3,5,7,1942,0,0,0,H,0,8A66,NATIONAL BL,OVERLAND AV,0,NA,Y,A,-,N,NA,NA,NA,NA,NA,NA,NA,NA,NA,N,4,0,1,2,A,-,12,21453,A,N,D,C,A,-,H,-,A,A,0,NA,NA,NA,NA,Y,NA,A,01,0,0,1,0,0,0,0,0,0,-,-,NA,NA,LOS ANGELES,LOS ANGELES,-118.41761016845705,34.0324592590332
90994570,2019,2019-05-23,9575,2019-05-17,1445,021492,NA,5,2,6,1912,0,1,1,NA,2,051,I-5 S/B (GOLDEN STATE FREEWAY),VERDUGO AVE,25,N,N,A,-,Y,NA,NA,5,NA,NA,NA,NA,NA,S,Y,4,0,1,2,A,-,03,22350,NA,N,C,C,A,A,D,-,A,D,0,NA,NA,NA,NA,Y,NA,A,01,0,0,1,0,0,0,0,0,0,-,-,34.176658630371094,-118.30805206298828,LOS ANGELES,BURBANK,-118.30805206298828,34.176658630371094
90994573,2019,2019-05-23,9575,2019-05-13,0810,017148,NA,1,1,6,1925,0,1,3,NA,2,090,SR-2 E/B (GLENDALE FREEWAY),VERDUGO RD,685,W,N,B,-,Y,NA,NA,2,NA,NA,NA,NA,NA,E,Y,2,0,1,1,A,-,01,23152,A,N,E,I,A,A,H,-,A,D,0,NA,NA,NA,NA,Y,Y,A,01,1,0,0,0,0,0,0,0,0,-,-,34.20341110229492,-118.21839141845705,LOS ANGELES,GLENDALE,-118.21849822998048,34.203433990478516
9099458,2020,2020-11-06,1942,2020-05-10,1255,41288,0849,7,5,7,1942,0,0,0,H,0,8A59,HOLT AV,OLYMPIC BL,0,NA,Y,A,-,N,NA,NA,NA,NA,NA,NA,NA,NA,NA,N,3,0,1,2,A,-,10,21950,A,N,G,B,B,A,H,-,A,A,0,Y,NA,NA,NA,Y,NA,A,01,0,1,0,0,1,0,0,0,0,-,-,NA,NA,LOS ANGELES,LOS ANGELES,-118.37828063964844,34.05937194824219
90994581,2019,2019-05-23,9540,2019-05-13,2135,020527,NA,1,2,9,1900,0,2,4,NA,2,205,DARLING ROAD (11000 BLOCK),CHAMIZO CALLE,46,E,N,A,-,N,NA,NA,NA,NA,NA,NA,NA,NA,NA,Y,3,0,1,1,A,-,08,22107,NA,N,F,I,A,A,H,-,D,D,0,NA,NA,NA,NA,Y,Y,A,01,0,1,0,0,0,0,0,0,0,-,-,34.49628829956055,-118.33013916015624,LOS ANGELES,UNINCORPORATED,-118.32940673828124,34.49631881713867