CASE_ID,ACCIDENT_YEAR,PROC_DATE,JURIS,COLLISION_DATE,COLLISION_TIME,OFFICER_ID,REPORTING_DISTRICT,DAY_OF_WEEK,CHP_SHIFT,POPULATION,CNTY_CITY_LOC,SPECIAL_COND,BEAT_TYPE,CHP_BEAT_TYPE,CITY_DIVISION_LAPD,CHP_BEAT_CLASS,BEAT_NUMBER,PRIMARY_RD,SECONDARY_RD,DISTANCE,DIRECTION,INTERSECTION,WEATHER_1,WEATHER_2,STATE_HWY_IND,CALTRANS_COUNTY,CALTRANS_DISTRICT,STATE_ROUTE,ROUTE_SUFFIX,POSTMILE_PREFIX,POSTMILE,LOCATION_TYPE,RAMP_INTERSECTION,SIDE_OF_HWY,TOW_AWAY,COLLISION_SEVERITY,NUMBER_KILLED,NUMBER_INJURED,PARTY_COUNT,PRIMARY_COLL_FACTOR,PCF_CODE_OF_VIOL,PCF_VIOL_CATEGORY,PCF_VIOLATION,PCF_VIOL_SUBSECTION,HIT_AND_RUN,TYPE_OF_COLLISION,MVIW,PED_ACTION,ROAD_SURFACE,ROAD_COND_1,ROAD_COND_2,LIGHTING,CONTROL_DEVICE,CHP_ROAD_TYPE,PEDESTRIAN_ACCIDENT,BICYCLE_ACCIDENT,MOTORCYCLE_ACCIDENT,TRUCK_ACCIDENT,NOT_PRIVATE_PROPERTY,ALCOHOL_INVOLVED,STWD_VEHTYPE_AT_FAULT,CHP_VEHTYPE_AT_FAULT,COUNT_SEVERE_INJ,COUNT_VISIBLE_INJ,COUNT_COMPLAINT_PAIN,COUNT_PED_KILLED,COUNT_PED_INJURED,COUNT_BICYCLIST_KILLED,COUNT_BICYCLIST_INJURED,COUNT_MC_KILLED,COUNT_MC_INJURED,PRIMARY_RAMP,SECONDARY_RAMP,LATITUDE,LONGITUDE,COUNTY,CITY,POINT_X,POINT_Y
90995085,2019,2019-05-23,9545,2019-05-18,0805,020749,NA,6,1,9,1900,0,3,5,NA,2,004,PALMDALE BOULEVARD,110TH STREET EAST,850,W,N,A,-,N,NA,NA,NA,NA,NA,NA,NA,NA,NA,Y,3,0,3,3,A,-,05,21650,NA,N,B,C,A,A,H,-,A,D,0,NA,NA,NA,Y,Y,NA,A,01,0,1,2,0,0,0,0,0,0,-,-,34.58000183105469,-117.9374771118164,LOS ANGELES,UNINCORPORATED,-117.93684387207033,34.57997131347656
90995211,2019,2019-05-23,9545,2019-05-19,2204,021569,NA,7,3,9,1900,0,1,3,NA,1,042,SR-138,LARGO VISTA ROAD,2100,W,N,B,-,Y,NA,NA,138,NA,NA,NA,NA,NA,NA,N,3,0,1,2,A,-,01,23152,A,N,C,C,A,B,H,-,D,D,0,NA,NA,NA,NA,Y,Y,A,01,0,1,0,0,0,0,0,0,0,-,-,34.49877166748047,-117.77229309082033,LOS ANGELES,UNINCORPORATED,-117.77229309082033,34.49863815307617
90995212,2019,2019-05-23,9525,2019-05-21,2120,019970,NA,2,2,6,1955,0,1,3,NA,2,605,SR-60 W/B (POMONA FWY),GAREY AVE,200,W,N,B,-,Y,NA,NA,60,NA,NA,NA,NA,NA,W,Y,4,0,3,3,A,-,03,22350,NA,N,C,C,A,A,H,-,D,D,0,NA,NA,NA,NA,Y,NA,A,01,0,0,3,0,0,0,0,0,0,-,-,34.023738861083984,-117.7510986328125,LOS ANGELES,POMONA,-117.75114440917967,34.023475646972656
90995273,2019,2019-05-23,9550,2019-05-22,1740,021410,NA,3,2,9,1900,0,1,3,NA,2,092,SR-91 WB,PIONEER BOULEVARD,500,E,N,A,-,Y,NA,NA,NA,NA,NA,NA,NA,NA,NA,N,4,0,1,2,A,-,07,21658,A,N,B,C,A,A,H,-,A,D,0,NA,NA,NA,NA,Y,NA,A,07,0,0,1,0,0,0,0,0,0,-,-,33.87670135498047,-118.07630157470705,LOS ANGELES,UNINCORPORATED,-118.0822296142578,33.876548767089844
90995278,2019,2019-05-23,9535,2019-05-16,0730,017954,NA,4,1,5,1901,0,1,1,NA,2,421,I-10 (SAN BERNARDINO FREEWAY) W/B,GARFIELD AVE.,220,W,N,B,C,Y,NA,NA,10,NA,NA,NA,NA,NA,W,N,4,0,1,2,A,-,03,22350,NA,N,C,C,A,B,H,-,A,D,0,NA,NA,NA,NA,Y,NA,A,01,0,0,1,0,0,0,0,0,0,-,-,34.07183074951172,-118.12378692626952,LOS ANGELES,ALHAMBRA,-118.12378692626952,34.071800231933594
90995284,2019,2019-05-23,9525,2019-05-22,1525,020370,NA,3,2,4,1905,0,1,1,NA,2,204,I-210 E/B (FOOTHILL FWY),SANTA FE RR OVERCROSSING,50,E,N,B,-,Y,NA,NA,210,NA,NA,NA,NA,NA,E,Y,4,0,1,2,A,-,03,22350,NA,N,C,C,A,B,H,-,A,D,0,NA,NA,NA,NA,Y,NA,A,01,0,0,1,0,0,0,0,0,0,-,-,34.129940032958984,-117.92543029785156,LOS ANGELES,AZUSA,-117.9254150390625,34.129966735839844
90995286,2019,2019-05-23,9525,2019-05-22,1610,020370,NA,3,2,5,1906,0,1,1,NA,2,104,I-10 E/B (SAN BERNARDINO FWY),FRANCISQUITO AVE,800,E,N,B,-,Y,NA,NA,10,NA,NA,NA,NA,NA,E,N,4,0,1,2,A,-,03,22350,NA,N,C,C,A,A,H,-,A,D,0,NA,NA,NA,Y,Y,NA,A,08,0,0,1,0,0,0,0,0,0,-,-,34.068939208984375,-117.9700927734375,LOS ANGELES,BALDWIN PARK,-117.97010040283205,34.069000244140625
90995295,2019,2019-06-05,9525,2019-05-10,1108,019291,NA,5,1,3,1921,0,1,1,NA,2,201,I-210 W/B (FOOTHILL FWY),MOUNTAIN AVE,350,E,N,A,-,Y,NA,NA,210,NA,NA,NA,NA,NA,W,N,4,0,2,2,A,-,03,22350,NA,F,C,C,A,A,H,-,A,D,0,NA,NA,NA,NA,Y,NA,M,47,0,0,2,0,0,0,0,0,0,-,-,34.13557815551758,-117.98503875732422,LOS ANGELES,DUARTE,-117.98503875732422,34.13557052612305
90995297,2019,2019-05-24,9525,2019-05-22,1930,016276,NA,3,2,5,1990,0,1,3,NA,2,574,SR-57 N/B (ORANGE FWY),PATHFINDER RD,980,S,N,A,-,Y,NA,NA,NA,NA,NA,NA,NA,NA,NA,N,4,0,2,3,A,-,03,22350,NA,N,C,C,A,A,H,-,A,D,0,NA,NA,NA,NA,Y,NA,A,01,0,0,2,0,0,0,0,0,0,-,-,33.92121887207031,-117.88018035888672,LOS ANGELES,DIAMOND BAR,-117.84180450439452,33.981754302978516
90995302,2019,2019-06-06,9525,2019-05-17,1255,021074,NA,5,1,5,1926,0,1,1,NA,2,206,I-210 E/B (FOOTHILL FWY),GRAND AVE,250,E,N,A,-,Y,NA,NA,210,NA,NA,NA,NA,NA,E,Y,4,0,2,2,A,-,03,22350,NA,N,C,C,A,A,H,-,A,D,0,NA,NA,NA,NA,Y,NA,A,07,0,0,2,0,0,0,0,0,0,-,-,34.120479583740234,-117.87169647216795,LOS ANGELES,GLENDORA,-117.87169647216795,34.12051010131836
90995304,2019,2019-05-24,9550,2019-05-09,2330,020795,NA,4,3,9,1900,0,3,5,NA,2,002,LELAND AVENUE,FENDALE STREET,0,NA,Y,B,-,N,NA,NA,NA,NA,NA,NA,NA,NA,NA,Y,4,0,1,3,A,-,12,22450,A,N,D,C,A,A,H,-,C,A,0,NA,NA,NA,NA,Y,NA,A,07,0,0,1,0,0,0,0,0,0,-,-,33.9299201965332,-118.04202270507813,LOS ANGELES,UNINCORPORATED,-118.04200744628906,33.9299201965332
90995314,2019,2019-05-24,9550,2019-05-19,2020,021954,NA,7,2,6,1920,0,1,1,NA,2,500,INTERSTATE 5 SOUTHBOUND,INTERSTATE 605,1500,N,N,B,C,Y,NA,NA,5,NA,NA,NA,NA,NA,S,Y,4,0,1,2,A,-,03,22350,NA,N,C,C,A,B,H,-,C,D,0,NA,NA,NA,NA,Y,NA,A,07,0,0,1,0,0,0,0,0,0,-,-,33.94540023803711,-118.09947204589844,LOS ANGELES,DOWNEY,-118.09950256347656,33.945377349853516
90995330,2019,2019-05-24,9550,2019-05-23,0540,016228,NA,4,3,3,1903,0,1,3,NA,2,092,SR-91 E/B,PIONEER BOULEVARD,1500,E,N,A,-,Y,NA,NA,91,NA,NA,NA,NA,NA,E,Y,3,0,1,2,A,-,08,22107,NA,N,B,C,A,A,H,-,A,D,0,NA,NA,NA,NA,Y,NA,A,01,0,1,0,0,0,0,0,0,0,-,-,33.876800537109375,-118.0771026611328,LOS ANGELES,ARTESIA,-118.07709503173828,33.8764762878418
90995356,2019,2019-05-24,9590,2019-05-14,0415,021122,NA,2,3,7,1942,0,1,1,NA,2,063,I-10 W/B (SMF) TO I-110 (HAF),GRAND AVENUE,225,W,N,A,-,Y,NA,NA,10,NA,NA,NA,R,NA,W,Y,4,0,1,1,A,-,08,22107,NA,N,A,I,A,A,H,-,C,D,0,NA,NA,NA,NA,Y,NA,A,01,0,0,1,0,0,0,0,0,0,-,-,34.034889221191406,-118.26731872558594,LOS ANGELES,LOS ANGELES,-118.26731872558594,34.034889221191406
90995365,2019,2019-05-24,9575,2019-05-18,2140,021784,NA,6,2,9,1900,0,1,3,NA,2,081,ROSEMEAD BLVD.,DEL MAR BLVD.,0,NA,Y,B,C,N,NA,NA,NA,NA,NA,NA,NA,NA,NA,N,4,0,1,2,A,-,09,21801,A,N,D,C,A,B,H,-,C,A,0,NA,NA,NA,NA,Y,NA,A,01,0,0,1,0,0,0,0,0,0,-,-,34.14228057861328,-118.07330322265624,LOS ANGELES,UNINCORPORATED,-118.0734405517578,34.142269134521484
90995374,2019,2019-05-24,9575,2019-05-16,1020,016536,NA,4,1,9,1900,0,3,5,NA,2,002,WASHINGTON BLVD.,MARTELO AVE.,50,E,N,C,-,N,NA,NA,NA,NA,NA,NA,NA,NA,NA,N,3,0,1,2,A,-,07,21658,A,N,D,C,A,B,H,-,A,D,0,NA,NA,NA,NA,Y,NA,D,22,0,1,0,0,0,0,0,0,0,-,-,34.16910171508789,-118.10260009765624,LOS ANGELES,UNINCORPORATED,-118.10265350341795,34.16912841796875
90995377,2019,2019-05-24,9535,2019-05-14,1310,019056,NA,2,1,9,1900,0,1,1,NA,2,651,I-605 S/B (SAN GABRIEL RIVER FREEWAY),SR-60,1000,N,N,A,-,Y,NA,NA,605,NA,NA,NA,NA,NA,S,Y,4,0,1,2,A,-,07,21658,A,F,B,C,A,A,H,-,A,D,0,NA,NA,NA,Y,Y,NA,G,25,0,0,1,0,0,0,0,0,0,-,-,34.03710174560547,-118.0234603881836,LOS ANGELES,UNINCORPORATED,-118.02340698242188,34.03702926635742
90995380,2019,2019-05-24,9545,2019-05-11,0106,020547,NA,6,3,9,1900,0,3,5,NA,1,006,AVENUE L 14,55TH ST  W,10,E,N,A,-,N,NA,NA,NA,NA,NA,NA,NA,NA,NA,Y,4,0,1,2,A,-,01,23152,A,N,A,C,A,A,H,-,C,D,0,NA,NA,NA,NA,Y,Y,A,01,0,0,1,0,0,0,0,0,0,-,-,34.38496017456055,-118.13385009765624,LOS ANGELES,UNINCORPORATED,-118.227251,34.647391
90995381,2019,2019-05-24,9575,2019-05-08,0357,021361,NA,3,3,7,1942,0,1,1,NA,2,053,I-5 S/B (GOLDEN STATE FREEWAY),SR-118 W/B,205,S,N,A,-,Y,NA,NA,5,NA,NA,NA,NA,NA,S,Y,4,0,1,2,A,-,03,22350,NA,N,C,C,A,A,H,-,D,D,0,NA,NA,NA,NA,Y,NA,A,01,0,0,1,0,0,0,0,0,0,-,-,34.266319274902344,-118.44319915771484,LOS ANGELES,LOS ANGELES,-118.44326019287108,34.266273498535156
90995389,2019,2019-05-24,9590,2019-05-16,1050,021762,NA,4,1,7,1942,0,1,1,NA,2,041,US-101 S/B (SAF) TO I-10 E/B (SBF),MISSION ROAD,1500,S,N,A,-,Y,NA,NA,101,NA,NA,NA,R,NA,S,Y,4,0,1,1,A,-,08,22107,NA,N,E,I,A,B,H,-,A,D,0,NA,NA,NA,NA,Y,NA,D,22,0,0,1,0,0,0,0,0,0,-,-,34.05244827270508,-118.22415924072266,LOS ANGELES,LOS ANGELES,-118.22415924072266,34.05244827270508
90995405,2019,2019-05-24,9545,2019-05-16,2316,019426,NA,4,3,6,1950,0,1,3,NA,2,021,SR-14 S/B,RANCHO VISTA BLVD,2112,S,N,A,-,Y,NA,NA,14,NA,NA,NA,NA,NA,S,Y,4,0,1,1,A,-,01,23152,A,N,E,I,A,A,D,-,C,D,0,NA,NA,NA,NA,Y,Y,A,01,0,0,1,0,0,0,0,0,0,-,-,34.597198486328125,-118.13662719726564,LOS ANGELES,PALMDALE,-118.13672637939452,34.59709930419922
90995417,2019,2019-05-24,9540,2019-05-19,0600,020862,NA,7,1,9,1900,0,1,1,NA,2,507,I-5 SOUTHBOUND (GOLDEN STATE FWY),BISCAILUZ DR,1250,S,N,B,C,Y,NA,NA,5,NA,NA,NA,NA,NA,S,Y,3,0,1,1,A,-,03,22350,NA,N,E,J,A,B,C,H,A,D,0,NA,NA,NA,NA,Y,NA,A,07,0,1,0,0,0,0,0,0,0,-,-,34.447330474853516,-118.61161041259766,LOS ANGELES,UNINCORPORATED,-118.61167144775392,34.44728088378906
90995419,2019,2019-05-24,9575,2019-05-20,0730,018329,NA,1,1,5,1902,0,1,1,NA,2,065,I-210 W/B (FOOTHILL FREEWAY),BALDWIN AVE,2640,E,N,A,-,Y,NA,NA,NA,NA,NA,NA,NA,NA,NA,N,4,0,1,2,A,-,03,22350,NA,N,C,C,A,A,H,-,A,D,0,NA,NA,NA,NA,Y,NA,A,01,0,0,1,0,0,0,0,0,0,-,-,34.18844985961914,-118.04033660888672,LOS ANGELES,ARCADIA,-118.0501708984375,34.14899826049805
90995420,2019,2019-05-24,9590,2019-05-16,0810,021040,NA,4,1,7,1942,0,1,3,NA,2,094,SR-2 E/B (GLENDALE FREEWAY),SAN FERNANDO ROAD,1000,W,N,B,C,Y,NA,NA,2,NA,NA,NA,NA,NA,E,Y,4,0,1,1,A,-,08,22107,NA,N,E,I,A,B,H,-,A,D,0,NA,NA,NA,NA,Y,NA,A,01,0,0,1,0,0,0,0,0,0,-,-,34.107391357421875,-118.24968719482422,LOS ANGELES,LOS ANGELES,-118.24958038330078,34.10738754272461
90995439,2019,2019-05-24,9530,2019-05-14,0540,018745,NA,2,3,5,1943,0,1,1,NA,2,210,I-105 W/B (GLENN ANDERSON FWY),HARRIS AVE.,375,W,N,B,-,Y,NA,NA,105,NA,NA,NA,NA,NA,W,Y,4,0,1,4,A,-,03,22350,NA,N,B,C,A,A,H,-,B,D,0,NA,NA,NA,NA,Y,NA,A,01,0,0,1,0,0,0,0,0,0,-,-,33.91883850097656,-118.1955795288086,LOS ANGELES,LYNWOOD,-118.19561004638672,33.91877746582031
90995443,2019,2019-05-24,9575,2019-05-14,1105,017148,NA,2,1,6,1953,0,1,1,NA,2,064,I-210 W/B (FOOTHILL FWY) ONR LAKE AVE,LAKE AVE.,750,W,N,A,-,Y,NA,NA,210,NA,NA,NA,NA,NA,W,Y,4,0,1,2,A,-,03,22350,NA,N,C,C,A,A,H,-,A,D,0,NA,NA,NA,NA,Y,NA,A,01,0,0,1,0,0,0,0,0,0,-,-,34.15216064453125,-118.13509368896484,LOS ANGELES,PASADENA,-118.13508605957033,34.152000427246094
90995444,2019,2019-05-24,9540,2019-05-16,1525,019232,NA,4,2,9,1900,0,2,4,NA,1,202,SOLEDAD CYN RD,SR-14 S/B TO SOLEDAD CYN RD,0,NA,Y,B,-,Y,NA,NA,NA,NA,NA,NA,NA,NA,NA,Y,4,0,5,2,A,-,09,21802,A,N,D,C,A,B,H,-,A,A,0,NA,NA,NA,NA,Y,NA,A,01,0,0,5,0,0,0,0,0,0,-,-,34.43436050415039,-118.38661193847656,LOS ANGELES,UNINCORPORATED,NA,NA
90995445,2019,2019-05-24,9535,2019-05-14,0855,021976,NA,2,1,5,1969,0,1,1,NA,2,074,I-710 (LONG BEACH FREEWAY) N/B,SOUTHGATE R/R U/P,115,S,N,A,-,Y,NA,NA,710,NA,NA,NA,NA,NA,N,N,4,0,1,2,A,-,03,22350,NA,N,C,C,A,A,H,-,A,D,0,NA,NA,NA,NA,Y,NA,A,01,0,0,1,0,0,0,0,0,0,-,-,33.95362091064453,-118.17047882080078,LOS ANGELES,SOUTH GATE,-118.17052459716795,33.953617095947266
90995488,2019,2019-05-24,9535,2019-05-14,0845,022248,NA,2,1,9,1900,0,1,1,NA,2,070,I-710 (LONG BEACH FREEWAY) N/B,SR-60,200,S,N,B,-,Y,NA,NA,NA,NA,NA,NA,NA,NA,NA,N,4,0,2,2,A,-,03,22350,NA,N,C,C,A,A,H,-,A,D,0,NA,NA,NA,NA,Y,NA,A,01,0,0,2,0,0,0,0,0,0,-,-,34.24169921875,-118.10118865966795,LOS ANGELES,UNINCORPORATED,-118.17003631591795,34.03554153442383
90995501,2019,2019-05-24,9535,2019-05-14,1745,017586,NA,2,2,3,1914,0,1,1,NA,2,501,I-5 S/B (SANTA ANA FREEWAY),SLAUSON AVE,500,N,N,A,-,Y,NA,NA,5,NA,NA,NA,NA,NA,S,N,4,0,1,2,A,-,03,22350,NA,N,C,C,A,A,H,-,A,D,0,NA,NA,NA,NA,Y,NA,D,22,0,0,1,0,0,0,0,0,0,-,-,33.97560119628906,-118.12539672851564,LOS ANGELES,COMMERCE,-118.12530517578124,33.975669860839844
90995504,2019,2019-05-24,9590,2019-05-17,0850,022088,NA,5,1,7,1942,0,1,3,NA,2,031,SR-60 WESTBOUND (POMONA FREEWAY),LORENA STREET,400,W,N,A,-,Y,NA,NA,60,NA,NA,NA,NA,NA,W,N,4,0,1,2,A,-,03,22350,NA,N,C,C,A,A,H,-,A,D,0,NA,NA,NA,NA,Y,NA,A,08,0,0,1,0,0,0,0,0,0,-,-,34.029300689697266,-118.20153045654295,LOS ANGELES,LOS ANGELES,-118.20152282714844,34.02924728393555
90995532,2019,2019-05-24,9530,2019-05-15,1536,017755,NA,3,2,9,1900,0,1,1,NA,2,410,I-405 S/B (SAN DIEGO FREEWAY),I-110,280,N,N,B,-,Y,NA,NA,405,NA,NA,NA,NA,NA,S,N,4,0,2,3,A,-,03,22350,NA,N,C,C,A,A,H,-,A,D,0,NA,NA,NA,NA,Y,NA,A,01,0,0,2,0,0,0,0,0,0,-,-,33.857540130615234,-118.28614807128906,LOS ANGELES,UNINCORPORATED,-118.28612518310548,33.85759353637695
90995534,2019,2019-05-24,9545,2019-05-18,1425,022265,NA,6,2,9,1900,0,2,4,NA,1,025,SAN FRANCISQUITO CANYON RD,ELIZABETH LAKE RD,3432,S,N,B,-,N,NA,NA,NA,NA,NA,NA,NA,NA,NA,Y,3,0,1,1,A,-,08,22107,NA,N,E,I,A,A,H,-,A,D,0,NA,NA,NA,NA,Y,NA,A,07,0,1,0,0,0,0,0,0,0,-,-,34.63996124267578,-118.37989044189452,LOS ANGELES,UNINCORPORATED,-118.37938690185548,34.640296936035156
90995536,2019,2019-05-24,9575,2019-05-22,0745,016536,NA,3,1,5,1902,0,1,1,NA,2,065,I-210 W/B (FOOTHILL FREEWAY),BALDWIN AVE.,1500,E,N,B,-,Y,NA,NA,210,NA,NA,NA,NA,NA,W,N,4,0,1,2,A,-,03,22350,NA,N,C,C,A,A,H,-,A,D,0,NA,NA,NA,NA,Y,NA,A,01,0,0,1,0,0,0,0,0,0,-,-,34.14889907836914,-118.05950164794922,LOS ANGELES,ARCADIA,-118.05950164794922,34.1489372253418
90995550,2019,2019-05-24,9575,2019-05-22,0815,017354,NA,3,1,7,1942,0,1,3,NA,2,044,SR-134 E/B (VENTURA FREEWAY),RIVERSIDE DR. (BUENA VISTA ST) U/C,1800,E,N,A,-,Y,NA,NA,134,NA,NA,NA,NA,NA,E,N,4,0,1,2,A,-,03,22350,NA,N,C,C,A,A,H,-,A,D,0,NA,NA,NA,NA,Y,NA,A,01,0,0,1,0,0,0,0,0,0,-,-,34.15467834472656,-118.32061004638672,LOS ANGELES,LOS ANGELES,-118.32061767578124,34.154701232910156
90995570,2019,2019-05-24,9590,2019-05-17,2320,021671,NA,5,3,7,1942,0,1,1,NA,2,052,I-110 N/B (HAF) TO US-101 N/B (HOF),BEAUDRY AVENUE,250,N,N,A,-,Y,NA,NA,NA,NA,NA,NA,NA,NA,NA,Y,4,0,1,2,A,-,03,22350,NA,N,C,C,A,A,H,-,C,D,0,NA,NA,NA,NA,Y,NA,A,01,0,0,1,0,0,0,0,0,0,-,-,34.06486129760742,-118.25112915039064,LOS ANGELES,LOS ANGELES,NA,NA
90995585,2019,2019-05-24,9565,2019-05-14,0512,018193,NA,2,3,9,1900,0,3,5,NA,2,002,VERMONT AVE (12500 BLOCK),125TH ST,0,NA,Y,B,-,N,NA,NA,NA,NA,NA,NA,NA,NA,NA,Y,4,0,2,2,A,-,09,21802,A,N,D,C,A,A,H,-,B,A,0,NA,NA,NA,NA,Y,NA,A,07,0,0,2,0,0,0,0,0,0,-,-,33.919158935546875,-118.29199981689452,LOS ANGELES,UNINCORPORATED,-118.29181671142578,33.91926193237305
90995615,2019,2019-05-24,9545,2019-05-18,0055,021497,NA,6,3,6,1950,0,1,3,NA,2,021,SR-14 N/B,AVENUE S,625,N,N,A,-,Y,NA,NA,14,NA,NA,NA,NA,NA,N,Y,4,0,1,3,A,-,03,22350,NA,N,C,C,A,A,D,-,D,A,0,NA,NA,NA,NA,Y,NA,A,01,0,0,1,0,0,0,0,0,0,-,-,34.55937957763672,-118.13240814208984,LOS ANGELES,PALMDALE,-118.13248443603516,34.55937194824219
90995626,2019,2019-05-24,9535,2019-05-07,0001,022235,NA,2,3,5,1943,0,1,1,NA,2,074,I-710 N/B (LONG BEACH FREEWAY),I-105,100,S,N,A,-,Y,NA,NA,710,NA,NA,NA,NA,NA,N,N,4,0,1,2,A,-,08,22107,NA,N,B,C,A,A,H,-,C,D,0,NA,NA,NA,NA,Y,NA,A,01,0,0,1,0,0,0,0,0,0,-,-,33.912269592285156,-118.17987060546876,LOS ANGELES,LYNWOOD,-118.18003845214844,33.91230392456055
90995649,2019,2019-05-24,9535,2019-05-15,0451,022246,NA,3,3,9,1900,0,2,4,NA,2,022,OLYMPIC BLVD.,FETTERLY AVE,0,NA,Y,A,-,N,NA,NA,NA,NA,NA,NA,NA,NA,NA,Y,4,0,1,2,A,-,12,21453,A,N,D,C,A,A,H,-,C,A,0,NA,NA,NA,NA,Y,NA,-,-,0,0,1,0,0,0,0,0,0,-,-,34.017791748046875,-118.16575622558594,LOS ANGELES,UNINCORPORATED,-118.16583251953124,34.01782989501953
90995661,2019,2019-06-26,9535,2019-05-14,2320,021599,NA,2,3,9,1900,0,3,5,NA,2,002,VANCOUVER AVENUE (1100 BLOCK),OLYMPIC BLVD,230,N,N,A,-,N,NA,NA,NA,NA,NA,NA,NA,NA,NA,Y,4,0,1,3,A,-,01,23152,A,M,G,B,E,A,H,-,C,D,0,Y,NA,NA,NA,Y,Y,A,01,0,0,1,0,1,0,0,0,0,-,-,34.0175895690918,-118.16078186035156,LOS ANGELES,UNINCORPORATED,-118.16082000732422,34.01742935180664
90995687,2019,2019-05-24,9565,2019-05-14,0815,017060,NA,2,1,4,1918,0,1,1,NA,2,061,I-405 S/B (SAN DIEGO FREEWAY),JEFFERSON BLVD,300,N,N,A,-,Y,NA,NA,405,NA,NA,NA,NA,NA,S,N,4,0,1,2,A,-,03,22350,NA,N,C,C,A,A,H,-,A,D,0,NA,NA,NA,NA,Y,NA,A,01,0,0,1,0,0,0,0,0,0,-,-,33.9900016784668,-118.40109252929688,LOS ANGELES,CULVER CITY,-118.40104675292967,33.99003601074219
90995693,2019,2019-05-24,9550,2019-05-22,0800,016299,NA,3,1,9,1900,0,2,4,NA,1,013,NORWALK BOULEVARD,WASHINGTON BOULEVARD,0,NA,Y,A,-,N,NA,NA,NA,NA,NA,NA,NA,NA,NA,Y,4,0,2,2,A,-,09,21801,A,N,D,C,A,A,H,-,A,A,0,NA,NA,NA,NA,Y,NA,A,01,0,0,2,0,0,0,0,0,0,-,-,33.972679138183594,-118.07415771484376,LOS ANGELES,UNINCORPORATED,-118.07398986816406,33.97249984741211
90995694,2019,2019-05-24,9550,2019-05-18,0940,019939,NA,6,1,5,1919,0,1,3,NA,2,091,STATE ROUTE 91 (ARTESIA FREEWAY) E/B,GRIDLEY RD,175,E,N,A,-,Y,NA,NA,91,NA,NA,NA,NA,NA,E,Y,4,0,2,2,A,-,08,22107,NA,N,B,C,A,A,H,-,A,D,0,NA,NA,NA,NA,Y,NA,A,08,0,0,2,0,0,0,0,0,0,-,-,33.87636947631836,-118.09098052978516,LOS ANGELES,CERRITOS,-118.09098052978516,33.87641906738281
90995733,2019,2019-05-24,9550,2019-05-20,2205,019120,NA,1,3,9,1900,0,3,5,NA,2,005,PASO REAL AVENUE,PILARIO STREET,66,N,N,B,-,N,NA,NA,NA,NA,NA,NA,NA,NA,NA,Y,4,0,1,2,A,-,01,23152,F,N,B,E,A,A,H,-,C,D,0,NA,NA,NA,NA,Y,NA,A,01,0,0,1,0,0,0,0,0,0,-,-,33.98590087890625,-117.89309692382813,LOS ANGELES,UNINCORPORATED,-117.89311981201172,33.98585510253906
90995743,2019,2019-05-24,9565,2019-05-14,1830,018804,NA,2,2,7,1942,0,1,1,NA,2,063,I-405 N/B (SAN DIEGO FWY.),CONSTITUTION AVE.,40,S,N,A,-,Y,NA,NA,405,NA,NA,NA,NA,NA,N,Y,2,0,1,3,A,-,07,21658,A,N,B,C,A,A,H,-,A,D,0,NA,NA,Y,NA,Y,NA,A,01,1,0,0,0,0,0,0,0,1,-,-,34.05995178222656,-118.455322265625,LOS ANGELES,LOS ANGELES,-118.45535278320313,34.0599250793457
90995800,2019,2019-05-24,9590,2019-05-18,1550,022189,NA,6,2,7,1942,0,1,1,NA,2,083,I-5 S/B (GSF),LOS FELIZ BLVD.,3500,N,N,A,-,Y,NA,NA,5,NA,NA,NA,NA,NA,S,N,4,0,1,2,A,-,03,22350,NA,N,C,C,A,A,H,-,A,D,0,NA,NA,NA,NA,Y,NA,A,01,0,0,1,0,0,0,0,0,0,-,-,34.128658294677734,-118.27401733398438,LOS ANGELES,LOS ANGELES,-118.27401733398438,34.128662109375
9099581,2020,2020-10-30,1906,2020-05-09,2001,4439,EL MO,6,5,5,1906,0,0,0,NA,0,NA,LOS ANGELES ST,LA RICA AV,0,NA,Y,A,-,N,NA,NA,NA,NA,NA,NA,NA,NA,NA,N,3,0,1,2,A,-,09,21801,A,N,H,G,A,A,H,-,C,A,0,NA,Y,NA,NA,Y,NA,A,08,0,1,0,0,0,0,1,0,0,-,-,NA,NA,LOS ANGELES,BALDWIN PARK,-117.9670867919922,34.092220306396484
90995824,2019,2019-05-24,9530,2019-05-15,1410,021994,NA,3,2,9,1900,0,3,5,NA,2,001,GAGE AVENUE (BLOCK 1300),HOOPER AVENUE,235,E,N,A,-,N,NA,NA,NA,NA,NA,NA,NA,NA,NA,Y,4,0,1,2,A,-,09,21804,A,N,D,C,A,A,H,-,A,D,0,NA,NA,NA,Y,Y,NA,A,01,0,0,1,0,0,0,0,0,0,-,-,33.98215103149414,-118.25121307373048,LOS ANGELES,UNINCORPORATED,-118.25130462646484,33.98208999633789