CASE_ID,ACCIDENT_YEAR,PROC_DATE,JURIS,COLLISION_DATE,COLLISION_TIME,OFFICER_ID,REPORTING_DISTRICT,DAY_OF_WEEK,CHP_SHIFT,POPULATION,CNTY_CITY_LOC,SPECIAL_COND,BEAT_TYPE,CHP_BEAT_TYPE,CITY_DIVISION_LAPD,CHP_BEAT_CLASS,BEAT_NUMBER,PRIMARY_RD,SECONDARY_RD,DISTANCE,DIRECTION,INTERSECTION,WEATHER_1,WEATHER_2,STATE_HWY_IND,CALTRANS_COUNTY,CALTRANS_DISTRICT,STATE_ROUTE,ROUTE_SUFFIX,POSTMILE_PREFIX,POSTMILE,LOCATION_TYPE,RAMP_INTERSECTION,SIDE_OF_HWY,TOW_AWAY,COLLISION_SEVERITY,NUMBER_KILLED,NUMBER_INJURED,PARTY_COUNT,PRIMARY_COLL_FACTOR,PCF_CODE_OF_VIOL,PCF_VIOL_CATEGORY,PCF_VIOLATION,PCF_VIOL_SUBSECTION,HIT_AND_RUN,TYPE_OF_COLLISION,MVIW,PED_ACTION,ROAD_SURFACE,ROAD_COND_1,ROAD_COND_2,LIGHTING,CONTROL_DEVICE,CHP_ROAD_TYPE,PEDESTRIAN_ACCIDENT,BICYCLE_ACCIDENT,MOTORCYCLE_ACCIDENT,TRUCK_ACCIDENT,NOT_PRIVATE_PROPERTY,ALCOHOL_INVOLVED,STWD_VEHTYPE_AT_FAULT,CHP_VEHTYPE_AT_FAULT,COUNT_SEVERE_INJ,COUNT_VISIBLE_INJ,COUNT_COMPLAINT_PAIN,COUNT_PED_KILLED,COUNT_PED_INJURED,COUNT_BICYCLIST_KILLED,COUNT_BICYCLIST_INJURED,COUNT_MC_KILLED,COUNT_MC_INJURED,PRIMARY_RAMP,SECONDARY_RAMP,LATITUDE,LONGITUDE,COUNTY,CITY,POINT_X,POINT_Y
90998337,2019,2019-05-29,9530,2019-05-02,1604,021623,NA,4,2,9,1900,0,1,1,NA,2,120,I-110 N/B (HARBOR FREEWAY),CARSON ST.,100,N,N,A,-,Y,NA,NA,110,NA,NA,NA,NA,NA,N,Y,4,0,1,3,A,-,08,22107,NA,N,F,I,A,A,H,-,A,D,0,NA,NA,NA,Y,Y,NA,G,25,0,0,1,0,0,0,0,0,0,-,-,33.83189010620117,-118.28726196289064,LOS ANGELES,UNINCORPORATED,-118.28724670410156,33.83189010620117
90998354,2019,2019-05-29,9550,2019-05-21,0056,022237,NA,2,3,6,1920,0,1,1,NA,2,500,INTERSTATE 5 S/B,LAKEWOOD BOULEVARD,970,N,N,A,-,Y,NA,NA,5,NA,NA,NA,NA,NA,S,Y,4,0,2,3,A,-,03,22350,NA,N,C,C,A,A,H,-,C,D,0,NA,NA,NA,NA,Y,NA,A,01,0,0,2,0,0,0,0,0,0,-,-,33.955989837646484,-118.1091766357422,LOS ANGELES,DOWNEY,-118.10920715332033,33.95594787597656
90998355,2019,2019-05-29,9565,2019-05-19,1805,022124,NA,7,2,9,1900,0,2,4,NA,2,023,WESTERN AVE,LA SOUTHWEST COLLEGE,0,NA,Y,B,-,N,NA,NA,NA,NA,NA,NA,NA,NA,NA,N,4,0,1,2,A,-,12,21453,A,N,D,C,A,B,H,-,A,A,0,NA,NA,NA,NA,Y,NA,A,01,0,0,1,0,0,0,0,0,0,-,-,33.92927169799805,-118.30914306640624,LOS ANGELES,UNINCORPORATED,-118.309143,33.929272
90998373,2019,2019-05-29,9530,2019-05-19,2025,022109,NA,7,2,9,1900,0,3,5,NA,2,001,HOOPER AVENUE (6700 BLOCK),68TH ST.,30,N,N,C,-,N,NA,NA,NA,NA,NA,NA,NA,NA,NA,N,4,0,1,2,A,-,21,22106,NA,N,C,C,A,B,H,-,C,D,0,NA,NA,NA,NA,Y,NA,A,01,0,0,1,0,0,0,0,0,0,-,-,33.97853088378906,-118.25206756591795,LOS ANGELES,UNINCORPORATED,-118.25205993652344,33.97848129272461
90998379,2019,2019-05-29,9535,2019-05-18,1137,021976,NA,6,1,9,1900,0,1,1,NA,2,071,I-710 (LONG BEACH FREEWAY) S/B,FLORAL DR.,168,S,N,A,-,Y,NA,NA,710,NA,NA,NA,NA,NA,S,Y,3,0,1,1,A,-,08,22107,NA,N,E,I,A,A,H,-,A,D,0,NA,NA,NA,NA,Y,NA,A,07,0,1,0,0,0,0,0,0,0,-,-,34.03548812866211,-118.1701431274414,LOS ANGELES,UNINCORPORATED,-118.17017364501952,34.035491943359375
90998380,2019,2019-05-29,9530,2019-05-19,2306,021756,NA,7,3,7,1941,0,1,1,NA,2,073,I-710 N/B TO PCH NORTH,PACIFIC COAST HWY.,485,N,N,B,-,Y,NA,NA,710,NA,NA,NA,R,NA,N,Y,3,0,1,1,A,-,03,22350,NA,N,E,I,A,A,H,-,C,A,0,NA,NA,Y,NA,Y,NA,C,02,0,1,0,0,0,0,0,0,1,-,-,33.788490295410156,-118.20752716064452,LOS ANGELES,LONG BEACH,-118.20752716064452,33.788490295410156
90998417,2019,2019-05-29,9535,2019-05-18,2240,022246,NA,6,3,9,1900,0,2,4,NA,2,025,WHITTIER BLVD. (6300 BLOCK),SAYBROOK AVE,150,E,N,B,C,N,NA,NA,NA,NA,NA,NA,NA,NA,NA,Y,4,0,5,2,A,-,09,21801,A,N,D,C,A,B,H,-,C,D,0,NA,NA,NA,NA,Y,NA,A,01,0,0,5,0,0,0,0,0,0,-,-,34.01580047607422,-118.13539886474608,LOS ANGELES,UNINCORPORATED,-118.13539886474608,34.015785217285156
90998421,2019,2019-05-29,9565,2019-05-18,1925,022124,NA,6,2,9,1900,0,3,5,NA,2,002,BUDLONG AVE,102ND ST,125,S,N,B,-,N,NA,NA,NA,NA,NA,NA,NA,NA,NA,N,4,0,1,2,A,-,11,21950,B,F,G,B,D,A,H,-,B,D,0,Y,NA,NA,NA,Y,NA,N,60,0,0,1,0,1,0,0,0,0,-,-,33.94371032714844,-118.29621124267578,LOS ANGELES,UNINCORPORATED,-118.29621887207033,33.943748474121094
90998425,2019,2019-05-29,9525,2019-05-25,1210,020847,NA,6,1,9,1900,0,1,3,NA,1,024,SR-39 (SAN GABRIEL CANYON RD.),CRYSTAL LAKE RD.,10560,S,N,A,-,Y,NA,NA,39,NA,NA,NA,NA,NA,NA,Y,2,0,1,1,A,-,03,22350,NA,N,F,A,A,A,H,-,A,D,0,NA,NA,Y,NA,Y,NA,C,02,1,0,0,0,0,0,0,0,1,-,-,34.30418014526367,-117.83928680419922,LOS ANGELES,UNINCORPORATED,-117.83928680419922,34.30418014526367
90998448,2019,2019-05-29,9550,2019-05-22,1220,020688,NA,3,1,9,1900,0,1,1,NA,2,650,I-605 S/B,SARAGOSA ST.,1500,N,N,B,-,Y,NA,NA,605,NA,NA,NA,NA,NA,S,Y,4,0,1,3,A,-,03,22350,NA,N,C,C,A,A,H,-,A,D,0,NA,NA,NA,NA,Y,NA,A,01,0,0,1,0,0,0,0,0,0,-,-,33.98329162597656,-118.07353973388672,LOS ANGELES,UNINCORPORATED,-118.07357025146484,33.983314514160156
90998456,2019,2019-05-29,9580,2019-05-22,0750,016523,NA,3,1,7,1942,0,1,3,NA,2,116,SR-118 E/B (RONALD REAGAN FWY.),HAYVENHURST AVE,300,E,N,A,-,Y,NA,NA,118,NA,NA,NA,NA,NA,E,Y,3,0,3,4,A,-,03,22350,NA,N,C,C,A,A,H,-,A,D,0,NA,NA,NA,NA,Y,NA,A,07,0,1,2,0,0,0,0,0,0,-,-,34.27143859863281,-118.48944854736328,LOS ANGELES,LOS ANGELES,-118.4894561767578,34.27143096923828
90998469,2019,2019-05-29,9550,2019-05-21,1140,022210,NA,2,1,5,1908,0,1,1,NA,2,150,INTERSTATE-105 W/B,BELLFLOWER BOULEVARD,600,E,N,A,-,Y,NA,NA,NA,NA,NA,NA,NA,NA,NA,Y,3,0,2,1,A,-,08,22107,NA,N,E,I,A,A,H,-,A,D,0,NA,NA,NA,NA,Y,NA,A,01,0,1,1,0,0,0,0,0,0,-,-,33.91337966918945,-118.12322235107422,LOS ANGELES,BELLFLOWER,-118.12342834472656,33.9134635925293
90998473,2019,2019-05-29,9580,2019-05-23,1010,019544,NA,4,1,7,1942,0,1,2,NA,2,103,US-101 S/B (VENTURA FREEWAY),BALBOA BLVD,1320,S,N,B,-,Y,NA,NA,101,NA,NA,NA,NA,NA,S,N,4,0,1,2,A,-,03,22350,NA,N,C,C,A,A,H,-,A,D,0,NA,NA,NA,NA,Y,NA,A,01,0,0,1,0,0,0,0,0,0,-,-,34.16764831542969,-118.49687957763672,LOS ANGELES,LOS ANGELES,-118.496826171875,34.1677360534668
90998476,2019,2019-05-29,9580,2019-05-23,2215,020791,NA,4,3,9,1900,0,2,4,NA,1,129,KANAN DUME RD,CAVALLERI RD,3168,N,N,A,B,N,NA,NA,NA,NA,NA,NA,NA,NA,NA,Y,3,0,1,1,A,-,17,21662,NA,N,F,A,A,A,H,-,C,D,0,NA,NA,NA,NA,Y,NA,A,01,0,1,0,0,0,0,0,0,0,-,-,34.0363883972168,-118.8004913330078,LOS ANGELES,UNINCORPORATED,-118.79754638671876,34.03984069824219
9099848,2020,2020-05-28,1901,2020-01-23,1205,239,6,4,5,5,1901,0,0,0,NA,0,001,COMMONWEALTH AV,3RD ST,147,W,N,A,-,N,NA,NA,NA,NA,NA,NA,NA,NA,NA,NA,2,0,1,3,A,-,11,21954,A,N,G,B,D,A,H,-,A,D,0,Y,NA,NA,NA,Y,NA,N,60,1,0,0,0,1,0,0,0,0,-,-,34.09067153930664,-118.12796783447266,LOS ANGELES,ALHAMBRA,-118.12834930419922,34.09042739868164
90998480,2019,2019-05-29,9525,2019-05-29,0855,018505,NA,3,1,5,1906,0,1,1,NA,2,103,I-10 W/B (SAN BERNARDINO FWY),I-605 N/B (SAN GABRIEL RIVER FWY),1584,E,N,A,-,Y,NA,NA,10,NA,NA,NA,NA,NA,W,N,3,0,1,3,A,-,03,22350,NA,M,C,C,A,A,H,-,A,D,0,NA,NA,NA,NA,Y,NA,A,01,0,1,0,0,0,0,0,0,0,-,-,34.066261291503906,-117.99330902099608,LOS ANGELES,BALDWIN PARK,-117.9932861328125,34.06608581542969
90998488,2019,2019-05-29,9530,2019-05-17,1305,021875,NA,5,1,9,1900,0,3,5,NA,2,002,AVALON BLVD. (14700 BLOCK),ROSECRANS AVE.,1500,S,N,A,-,N,NA,NA,NA,NA,NA,NA,NA,NA,NA,Y,4,0,2,3,A,-,09,21801,A,N,D,C,A,A,H,-,A,D,0,NA,NA,NA,Y,Y,NA,A,01,0,0,2,0,0,0,0,0,0,-,-,33.899288177490234,-118.26534271240234,LOS ANGELES,UNINCORPORATED,-118.26528167724608,33.90214157104492
9099849,2020,2020-06-03,1942,2020-01-30,1950,41833,1713,4,5,7,1942,0,0,0,Q,0,17X36,RESEDA BL,RINALDI ST,0,NA,Y,A,-,N,NA,NA,NA,NA,NA,NA,NA,NA,NA,Y,4,0,1,2,A,-,09,21801,A,N,B,C,A,A,H,-,C,A,0,NA,NA,NA,NA,Y,NA,A,01,0,0,1,0,0,0,0,0,0,-,-,NA,NA,LOS ANGELES,LOS ANGELES,-118.5364227294922,34.276031494140625
90998520,2019,2019-05-29,9550,2019-05-18,1324,021954,NA,6,1,9,1900,0,3,5,NA,2,004,LARKVANE ROAD,COLIMA ROAD,6,S,N,B,-,N,NA,NA,NA,NA,NA,NA,NA,NA,NA,N,3,0,1,2,A,-,10,21950,A,N,G,B,B,A,H,-,A,A,0,Y,NA,NA,NA,Y,NA,A,07,0,1,0,0,1,0,0,0,0,-,-,33.98849105834961,-117.90966796875,LOS ANGELES,UNINCORPORATED,-117.90969848632813,33.988582611083984
90998527,2019,2019-05-29,9565,2019-05-18,0240,022097,NA,6,3,9,1900,0,2,4,NA,1,041,HAWTHORNE BLVD,106TH ST,100,S,N,A,-,N,NA,NA,NA,NA,NA,NA,NA,NA,NA,Y,4,0,1,2,A,-,08,22107,NA,F,B,C,A,A,H,-,C,D,0,NA,NA,NA,NA,Y,NA,-,99,0,0,1,0,0,0,0,0,0,-,-,33.93968963623047,-118.35265350341795,LOS ANGELES,UNINCORPORATED,-118.35272216796876,33.939697265625
90998534,2019,2019-05-29,9580,2019-05-18,1220,019544,NA,6,1,7,1942,0,1,2,NA,2,105,US-101 S/B (VENTURA FREEWAY),TAMPA AVE,3960,N,N,A,-,Y,NA,NA,101,NA,NA,NA,NA,NA,S,N,4,0,1,2,A,-,03,22350,NA,N,C,C,A,A,H,-,A,D,0,NA,NA,NA,NA,Y,NA,A,01,0,0,1,0,0,0,0,0,0,-,-,34.173030853271484,-118.56636810302734,LOS ANGELES,LOS ANGELES,-118.56636810302734,34.1729736328125
90998542,2019,2019-05-29,9580,2019-05-23,1732,022275,NA,4,2,7,1942,0,1,3,NA,2,118,SR-118 E/B (RONALD REAGAN FWY.),DE SOTO AVE,400,E,N,B,-,Y,NA,NA,118,NA,NA,NA,NA,NA,E,N,4,0,2,3,A,-,03,22350,NA,N,C,C,A,A,H,-,A,D,0,NA,NA,NA,NA,Y,NA,A,01,0,0,2,0,0,0,0,0,0,-,-,34.273399353027344,-118.58920288085938,LOS ANGELES,LOS ANGELES,-118.58920288085938,34.273380279541016
90998567,2019,2019-05-29,9525,2019-05-26,1150,020216,NA,7,1,9,1900,0,1,3,NA,1,024,SR-39 (SAN GABRIEL CANYON RD.),NORTH FORK BRIDGE,8448,S,N,B,C,Y,NA,NA,39,NA,NA,NA,NA,NA,NA,Y,3,0,1,1,A,-,03,22350,NA,N,F,A,A,B,B,H,A,D,0,NA,NA,Y,NA,Y,NA,C,02,0,1,0,0,0,0,0,0,1,-,-,34.26203918457031,-117.850341796875,LOS ANGELES,UNINCORPORATED,-117.850341796875,34.262046813964844
9099857,2020,2020-07-06,1942,2020-01-21,1615,43653,1767,2,5,7,1942,0,0,0,Q,0,17A74,RESEDA BL,VINCENNES,0,NA,N,A,-,Y,NA,NA,NA,NA,NA,NA,NA,NA,NA,N,4,0,2,3,A,-,04,21703,A,N,C,C,A,A,H,-,A,A,0,NA,NA,NA,NA,Y,NA,A,01,0,0,2,0,0,0,0,0,0,-,-,NA,NA,LOS ANGELES,LOS ANGELES,-118.53607940673828,34.24094009399414
90998582,2019,2019-05-29,9580,2019-05-17,1300,014592,NA,5,1,7,1942,0,1,1,NA,2,406,I-405 N/B (SAN DIEGO FWY),SATICOY ST,500,S,N,A,-,Y,NA,NA,405,NA,NA,NA,NA,NA,N,Y,4,0,2,4,A,-,07,21658,A,N,C,C,A,A,H,-,A,D,0,NA,NA,NA,NA,Y,NA,A,01,0,0,2,0,0,0,0,0,0,-,-,34.20743179321289,-118.47318267822266,LOS ANGELES,LOS ANGELES,-118.47322845458984,34.20743179321289
90998608,2019,2019-05-29,9565,2019-05-19,1800,022124,NA,7,2,9,1900,0,3,5,NA,2,002,ALLEY WAY E/O BERENDO AVE,BERENDO AVE,190,E,N,A,-,N,NA,NA,NA,NA,NA,NA,NA,NA,NA,N,4,0,1,2,A,-,09,21804,A,F,D,C,A,A,H,-,A,D,0,NA,NA,NA,NA,Y,NA,A,07,0,0,1,0,0,0,0,0,0,-,-,33.927711486816406,-118.29390716552734,LOS ANGELES,UNINCORPORATED,NA,NA
90998627,2019,2019-05-29,9565,2019-05-19,1325,022206,NA,7,1,7,1942,0,1,1,NA,2,061,I-405 N/B (SAN DIEGO FREEWAY),LA TIJERA BLVD,300,N,N,A,-,Y,NA,NA,405,NA,NA,NA,NA,NA,N,Y,3,0,1,4,A,-,03,22350,NA,N,C,C,A,B,H,-,A,D,0,NA,NA,NA,NA,Y,NA,A,07,0,1,0,0,0,0,0,0,0,-,-,33.972599029541016,-118.37909698486328,LOS ANGELES,LOS ANGELES,-118.37911987304688,33.97256088256836
90998635,2019,2019-05-29,9550,2019-05-17,1906,022208,NA,5,2,9,1900,0,3,5,NA,2,002,SHOEMAKER AVENUE,IMPERIAL HIGHWAY,25,N,N,A,-,N,NA,NA,NA,NA,NA,NA,NA,NA,NA,N,4,0,1,2,A,-,05,21650,NA,N,G,G,A,A,H,-,B,A,0,NA,Y,NA,NA,Y,NA,L,04,0,0,1,0,0,0,1,0,0,-,-,33.91727066040039,-118.0551528930664,LOS ANGELES,UNINCORPORATED,-118.05522918701172,33.91716766357422
90998638,2019,2019-05-30,9550,2019-05-20,1805,022208,NA,1,2,5,1919,0,1,3,NA,2,092,SR-91 W/B,ARTESIA BOULEVARD,465,E,N,A,-,Y,NA,NA,91,NA,NA,NA,NA,NA,W,N,4,0,1,2,A,-,03,22350,NA,N,C,C,A,A,H,-,A,D,0,NA,NA,NA,NA,Y,NA,D,22,0,0,1,0,0,0,0,0,0,-,-,33.87229919433594,-118.05880737304688,LOS ANGELES,CERRITOS,-118.058837890625,33.87225341796875
90998647,2019,2019-05-30,9540,2019-05-16,1145,018513,NA,4,1,9,1900,0,2,4,NA,1,204,BOUQUET CANYON RD (33000 BLOCK),QUARRY RD,4224,S,N,B,-,N,NA,NA,NA,NA,NA,NA,NA,NA,NA,Y,4,0,1,1,A,-,08,22107,NA,N,E,I,A,B,H,-,A,D,0,NA,NA,NA,NA,Y,NA,A,01,0,0,1,0,0,0,0,0,0,-,-,34.55036926269531,-118.42748260498048,LOS ANGELES,UNINCORPORATED,NA,NA
90998648,2019,2019-05-30,9565,2019-05-17,0910,019320,NA,5,1,4,1918,0,1,1,NA,2,061,I-405 S/B,JEFFERSON BLVD,200,S,N,A,-,Y,NA,NA,405,NA,NA,NA,NA,NA,S,Y,4,0,1,2,A,-,03,22350,NA,N,C,C,A,A,H,-,A,D,0,NA,NA,NA,NA,Y,NA,A,01,0,0,1,0,0,0,0,0,0,-,-,33.982421875,-118.39508819580078,LOS ANGELES,CULVER CITY,-118.39508056640624,33.982425689697266
90998652,2019,2019-05-30,9550,2019-05-22,0640,021054,NA,3,1,5,1969,0,1,1,NA,2,151,INTERSTATE 105 (CENTURY FREEWAY),PARAMOUNT BOULEVARD,800,W,N,A,-,Y,NA,NA,105,NA,NA,NA,NA,NA,NA,N,4,0,1,2,A,-,03,22350,NA,N,C,C,A,A,H,-,A,D,0,NA,NA,NA,NA,Y,NA,D,22,0,0,1,0,0,0,0,0,0,-,-,33.911598205566406,-118.16089630126952,LOS ANGELES,SOUTH GATE,-118.1609115600586,33.91170883178711
90998653,2019,2019-05-30,9540,2019-05-24,1645,019232,NA,5,2,9,1900,0,2,4,NA,1,204,BOUQUET CYN RD,LENNY DR,700,N,N,A,-,N,NA,NA,NA,NA,NA,NA,NA,NA,NA,Y,2,0,2,3,A,-,01,23152,F,N,A,C,A,A,H,-,A,D,0,NA,NA,NA,NA,Y,NA,A,01,1,0,1,0,0,0,0,0,0,-,-,34.485191345214844,-118.464599609375,LOS ANGELES,UNINCORPORATED,-118.46470642089844,34.48480987548828
90998658,2019,2020-06-24,9565,2019-05-19,0407,022014,NA,7,3,9,1900,0,3,5,NA,2,003,LA BREA AVE,SLAUSON AVE,0,NA,Y,B,C,N,NA,NA,NA,NA,NA,NA,NA,NA,NA,Y,3,0,1,2,A,-,12,21453,A,F,D,C,A,B,H,-,C,A,0,NA,NA,NA,NA,Y,NA,A,01,0,1,0,0,0,0,0,0,0,-,-,33.98860168457031,-118.35896301269533,LOS ANGELES,UNINCORPORATED,-118.35855865478516,33.98855972290039
90998659,2019,2020-05-05,9565,2019-05-11,1405,022206,NA,6,2,7,1942,0,2,S,NA,2,901,LA CIENEGA BOULEVARD,CENTINELA AVE,101,S,N,B,-,N,NA,NA,NA,NA,NA,NA,NA,NA,NA,Y,2,0,1,2,A,-,08,22107,NA,N,B,C,A,A,H,-,A,D,0,NA,NA,NA,NA,Y,NA,A,07,1,0,0,0,0,0,0,0,0,-,-,33.97700881958008,-118.3703384399414,LOS ANGELES,LOS ANGELES,-118.37023162841795,33.97702407836914
90998660,2019,2019-07-12,9540,2019-05-22,0613,018037,NA,3,1,6,1985,0,1,3,NA,1,145,SR-14 S/B (ANTELOPE VALLEY FREEWAY),CEDAR VALLEY WAY O/C,528,S,N,B,-,Y,NA,NA,14,NA,NA,NA,NA,NA,S,Y,3,0,1,4,A,-,03,22350,NA,N,B,C,A,A,H,-,A,D,0,NA,NA,Y,NA,Y,NA,C,02,0,1,0,0,0,0,0,0,1,-,-,34.398860931396484,-118.46174621582033,LOS ANGELES,SANTA CLARITA,-118.46177673339844,34.398902893066406
90998666,2019,2019-05-30,9540,2019-05-22,2315,021106,NA,3,3,9,1900,0,1,3,NA,2,127,SR-126 EASTBOUND (HENRY MAYO DRIVE),SAN MARTINEZ GRANDE CANYON RD,528,W,N,A,-,Y,NA,NA,126,NA,NA,NA,NA,NA,E,Y,3,0,1,1,A,-,08,22107,NA,N,E,I,A,A,H,-,D,D,0,NA,NA,NA,NA,Y,NA,A,07,0,1,0,0,0,0,0,0,0,-,-,34.409820556640625,-118.67456817626952,LOS ANGELES,UNINCORPORATED,-118.67450714111328,34.40968322753906
90998670,2019,2019-05-30,9550,2019-05-19,0240,022167,NA,7,3,6,1949,0,1,1,NA,2,150,I-105 E/B TO I-605 N/B,SAN GABRIEL RIVER,330,E,N,C,-,Y,NA,NA,105,NA,NA,NA,R,NA,E,Y,4,0,1,2,A,-,01,23152,A,N,B,C,A,B,H,-,C,D,0,NA,NA,NA,NA,Y,Y,A,01,0,0,1,0,0,0,0,0,0,-,-,33.913429260253906,-118.10945129394533,LOS ANGELES,NORWALK,-118.10945129394533,33.913429260253906
90998713,2019,2019-05-30,9565,2019-05-20,0655,016945,NA,1,1,7,1942,0,1,1,NA,2,062,I-405 N/B (PHILLIP ORTIZ MEMORAIL HWY),NATIONAL BLVD,350,S,N,A,-,Y,NA,NA,405,NA,NA,NA,NA,NA,N,Y,4,0,3,5,A,-,03,22350,NA,N,C,C,A,A,H,-,A,D,0,NA,NA,NA,NA,Y,NA,A,01,0,0,3,0,0,0,0,0,0,-,-,34.024349212646484,-118.42790222167967,LOS ANGELES,LOS ANGELES,-118.42792510986328,34.02433395385742
90998715,2019,2019-05-30,9565,2019-05-20,1725,022231,NA,1,2,7,1942,0,1,1,NA,2,083,I-10 E/B (SANTA MONICA FREEWAY),LA CIENEGA BLVD,2600,W,N,A,-,Y,NA,NA,10,NA,NA,NA,NA,NA,E,N,4,0,1,2,A,-,03,22350,NA,N,C,C,A,A,H,-,A,D,0,NA,NA,NA,NA,Y,NA,A,01,0,0,1,0,0,0,0,0,0,-,-,34.03388977050781,-118.38564300537108,LOS ANGELES,LOS ANGELES,-118.38562774658205,34.03387451171875
90998725,2019,2019-05-30,9525,2019-05-23,2155,021545,NA,4,2,9,1900,0,1,1,NA,2,106,I-10 E/B (SAN BERNARDINO FWY),VIA VERDE,400,W,N,A,-,Y,NA,NA,10,NA,NA,NA,NA,NA,E,Y,4,0,2,3,A,-,07,21658,A,N,B,C,A,A,D,E,C,D,0,NA,NA,NA,NA,Y,NA,A,01,0,0,2,0,0,0,0,0,0,-,-,34.06837844848633,-117.84467315673828,LOS ANGELES,UNINCORPORATED,-117.84467315673828,34.068382263183594
90998730,2019,2019-05-30,9540,2019-05-18,2350,021151,NA,6,3,9,1900,0,2,4,NA,2,205,AQUA DULCE CANYON ROAD (32500 BLOCK),DAVENPORT ROAD,1000,S,N,C,-,N,NA,NA,NA,NA,NA,NA,NA,NA,NA,Y,4,0,1,1,A,-,01,23152,A,N,E,I,A,B,H,-,D,D,0,NA,NA,NA,NA,Y,Y,A,01,0,0,1,0,0,0,0,0,0,-,-,34.482601165771484,-118.33080291748048,LOS ANGELES,UNINCORPORATED,NA,NA
90998734,2019,2019-05-30,9540,2019-05-20,2330,021869,NA,1,3,7,1942,0,1,1,NA,1,502,INTERSTATE 5 N/B (GOLDEN STATE FREEWAY),SR-14,632,S,N,A,-,Y,NA,NA,5,NA,NA,NA,NA,NA,N,Y,2,0,2,2,A,-,03,22350,NA,N,C,C,A,A,H,-,C,D,0,NA,NA,NA,Y,Y,NA,F,26,2,0,0,0,0,0,0,0,0,-,-,34.32944107055664,-118.50550842285156,LOS ANGELES,LOS ANGELES,-118.50571441650392,34.329341888427734
90998741,2019,2019-06-04,9530,2019-05-20,1120,014701,NA,1,1,7,1941,0,1,1,NA,2,420,I-405  N/B TO ATLANTIC AVE. N/B,ATLANTIC AVE.,26,S,N,A,-,Y,NA,NA,405,NA,NA,NA,R,NA,N,Y,4,0,1,2,A,-,03,22350,NA,N,C,C,A,A,H,-,A,D,0,NA,NA,NA,NA,Y,NA,A,01,0,0,1,0,0,0,0,0,0,-,-,33.81639862060547,-118.18479919433594,LOS ANGELES,LONG BEACH,-118.18479919433594,33.81639862060547
90998750,2019,2019-05-30,9540,2019-05-26,1640,021124,NA,7,2,7,1942,0,1,3,NA,2,149,SR-14 S/B (ANTELOPE VALLEY FREEWAY),SAN FERNANDO ROAD,780,N,N,B,C,Y,NA,NA,NA,NA,NA,NA,NA,NA,NA,Y,4,0,2,1,A,-,03,22350,NA,N,E,I,A,B,H,-,A,D,0,NA,NA,NA,NA,Y,NA,A,07,0,0,2,0,0,0,0,0,0,-,-,34.3271598815918,-118.50479888916016,LOS ANGELES,LOS ANGELES,-118.2729949951172,34.15447998046875
90998759,2019,2019-05-30,9575,2019-05-22,0925,022110,NA,3,1,7,1942,0,1,1,NA,2,052,I-5 S/B (GOLDEN STATE FREEWAY),PEORIA STREET,580,S,N,A,-,Y,NA,NA,5,NA,NA,NA,NA,NA,S,Y,4,0,4,4,A,-,03,22350,NA,N,C,C,A,A,H,-,A,D,0,NA,NA,NA,NA,Y,NA,A,07,0,0,4,0,0,0,0,0,0,-,-,34.22813034057617,-118.3916015625,LOS ANGELES,LOS ANGELES,-118.3916244506836,34.22808074951172
90998760,2019,2019-05-30,9525,2019-05-21,0935,016164,NA,2,1,6,1955,0,1,1,NA,2,108,I-10 E/B (SAN BERNARDINO FWY),KELLOGG DR.,15,W,N,B,-,Y,NA,NA,10,NA,NA,NA,NA,NA,E,Y,4,0,1,1,A,-,03,22350,NA,N,E,I,A,A,D,-,A,D,0,NA,NA,NA,NA,Y,NA,A,01,0,0,1,0,0,0,0,0,0,-,-,34.06309127807617,-117.81192779541016,LOS ANGELES,POMONA,-117.81201934814452,34.06379318237305
90998766,2019,2019-05-30,9525,2019-05-29,0400,021545,NA,3,3,9,1900,0,3,5,NA,2,002,LARK ELLEN AVE (4600 BLOCK),CYPRESS ST.,30,N,N,A,-,N,NA,NA,NA,NA,NA,NA,NA,NA,NA,Y,4,0,1,1,A,-,08,22107,NA,N,E,I,A,A,H,-,C,D,0,NA,NA,NA,NA,Y,NA,A,01,0,0,1,0,0,0,0,0,0,-,-,34.095970153808594,-117.91658020019533,LOS ANGELES,UNINCORPORATED,-117.91661071777344,34.09592056274414
90998767,2019,2019-05-30,9575,2019-05-24,1818,020918,NA,5,2,6,1953,0,1,1,NA,2,065,I-210 W/B (FOOTHILL FREEWAY),MADRE ST.,1320,E,N,A,-,Y,NA,NA,210,NA,NA,NA,NA,NA,W,N,4,0,1,2,A,-,03,22350,NA,N,C,C,A,A,H,-,A,D,0,NA,NA,NA,NA,Y,NA,A,01,0,0,1,0,0,0,0,0,0,-,-,34.148048400878906,-118.07746124267578,LOS ANGELES,PASADENA,-118.07746124267578,34.14810562133789