CASE_ID,ACCIDENT_YEAR,PROC_DATE,JURIS,COLLISION_DATE,COLLISION_TIME,OFFICER_ID,REPORTING_DISTRICT,DAY_OF_WEEK,CHP_SHIFT,POPULATION,CNTY_CITY_LOC,SPECIAL_COND,BEAT_TYPE,CHP_BEAT_TYPE,CITY_DIVISION_LAPD,CHP_BEAT_CLASS,BEAT_NUMBER,PRIMARY_RD,SECONDARY_RD,DISTANCE,DIRECTION,INTERSECTION,WEATHER_1,WEATHER_2,STATE_HWY_IND,CALTRANS_COUNTY,CALTRANS_DISTRICT,STATE_ROUTE,ROUTE_SUFFIX,POSTMILE_PREFIX,POSTMILE,LOCATION_TYPE,RAMP_INTERSECTION,SIDE_OF_HWY,TOW_AWAY,COLLISION_SEVERITY,NUMBER_KILLED,NUMBER_INJURED,PARTY_COUNT,PRIMARY_COLL_FACTOR,PCF_CODE_OF_VIOL,PCF_VIOL_CATEGORY,PCF_VIOLATION,PCF_VIOL_SUBSECTION,HIT_AND_RUN,TYPE_OF_COLLISION,MVIW,PED_ACTION,ROAD_SURFACE,ROAD_COND_1,ROAD_COND_2,LIGHTING,CONTROL_DEVICE,CHP_ROAD_TYPE,PEDESTRIAN_ACCIDENT,BICYCLE_ACCIDENT,MOTORCYCLE_ACCIDENT,TRUCK_ACCIDENT,NOT_PRIVATE_PROPERTY,ALCOHOL_INVOLVED,STWD_VEHTYPE_AT_FAULT,CHP_VEHTYPE_AT_FAULT,COUNT_SEVERE_INJ,COUNT_VISIBLE_INJ,COUNT_COMPLAINT_PAIN,COUNT_PED_KILLED,COUNT_PED_INJURED,COUNT_BICYCLIST_KILLED,COUNT_BICYCLIST_INJURED,COUNT_MC_KILLED,COUNT_MC_INJURED,PRIMARY_RAMP,SECONDARY_RAMP,LATITUDE,LONGITUDE,COUNTY,CITY,POINT_X,POINT_Y
91004790,2019,2019-06-06,9550,2019-05-30,1815,021954,NA,4,2,6,1920,0,1,1,NA,2,651,INTERSTATE 605 NORTHBOUND,INTERSTATE 5,10,S,N,A,-,Y,NA,NA,605,NA,NA,NA,NA,NA,N,Y,4,0,3,2,A,-,03,22350,NA,N,C,C,A,A,H,-,A,D,0,NA,NA,NA,NA,Y,NA,A,01,0,0,3,0,0,0,0,0,0,-,-,33.94124984741211,-118.09658050537108,LOS ANGELES,DOWNEY,-118.09648895263672,33.941200256347656
91004799,2019,2019-06-06,9545,2019-05-27,1524,019951,NA,1,2,9,1900,0,3,5,NA,2,004,AVENUE U,263RD STREET EAST,10032,W,N,A,-,N,NA,NA,NA,NA,NA,NA,NA,NA,NA,N,3,0,1,1,A,-,08,38314,NA,N,F,A,A,A,H,-,A,D,0,NA,NA,Y,NA,Y,NA,C,06,0,1,0,0,0,0,0,0,1,-,-,34.5290412902832,-117.69432830810548,LOS ANGELES,UNINCORPORATED,-117.69346618652344,34.5275993347168
91004817,2019,2019-06-06,9590,2019-06-03,0710,013435,NA,1,1,7,1942,0,1,1,NA,2,050,I-110 N/B (HARBOR FREEWAY),MANCHESTER AVENUE,250,S,N,B,-,Y,NA,NA,110,NA,NA,NA,NA,NA,N,N,4,0,1,3,A,-,03,22350,NA,N,C,C,A,A,H,-,A,D,0,NA,NA,NA,NA,Y,NA,A,01,0,0,1,0,0,0,0,0,0,-,-,33.95903015136719,-118.28043365478516,LOS ANGELES,LOS ANGELES,-118.28072357177734,33.95903015136719
9100482,2020,2020-06-25,1941,2020-02-19,0846,5617,NA,3,5,7,1941,0,0,0,NA,0,NA,56TH ST,PARAMOUNT BL,0,NA,N,A,-,N,NA,NA,NA,NA,NA,NA,NA,NA,NA,Y,4,0,1,2,A,-,09,21804,A,N,D,C,A,A,H,-,A,D,0,NA,NA,NA,NA,Y,NA,A,NA,0,0,1,0,0,0,0,0,0,-,-,NA,NA,LOS ANGELES,LONG BEACH,-118.1598892211914,33.857818603515625
91004854,2019,2019-06-06,9580,2019-06-05,1445,021999,NA,3,2,7,1942,0,1,1,NA,2,405,I-405 S/B (SAN DIEGO FWY),US-101 (VENTURA FREEWAY),2000,N,N,A,-,Y,NA,NA,405,NA,NA,NA,NA,NA,S,Y,4,0,1,3,A,-,03,22350,NA,N,C,C,A,A,H,-,A,D,0,NA,NA,NA,NA,Y,NA,A,01,0,0,1,0,0,0,0,0,0,-,-,34.16550064086914,-118.46984100341795,LOS ANGELES,LOS ANGELES,-118.46971130371094,34.16550064086914
91004868,2019,2019-06-06,9565,2019-05-27,1755,022124,NA,1,2,9,1900,0,3,5,NA,2,002,NORMANDIE AVE,89TH ST,150,S,N,A,-,N,NA,NA,NA,NA,NA,NA,NA,NA,NA,Y,4,0,1,3,A,-,01,23152,F,N,C,E,A,A,H,-,A,D,0,NA,NA,NA,NA,Y,NA,A,01,0,0,1,0,0,0,0,0,0,-,-,33.9561882019043,-118.30019378662108,LOS ANGELES,UNINCORPORATED,-118.30026245117188,33.95643997192383
91004869,2019,2019-06-06,9545,2019-05-29,2017,015589,NA,3,2,9,1900,0,1,3,NA,2,021,SR-14 N/B FROM SIERRA HIGHWAY,VINCENT OVERPASS,1584,N,N,A,-,Y,NA,NA,14,NA,NA,NA,R,NA,N,Y,4,0,2,1,A,-,08,22107,NA,N,F,A,A,A,H,-,D,D,0,NA,NA,NA,NA,Y,NA,A,07,0,0,2,0,0,0,0,0,0,-,-,34.515018463134766,-118.1102294921875,LOS ANGELES,UNINCORPORATED,-118.1102294921875,34.515018463134766
91004881,2019,2019-06-06,9535,2019-05-27,1920,021131,NA,1,2,9,1900,0,3,5,NA,2,006,ARROYO DR. (7800 BLOCK),CENTURION AVE.,390,W,N,A,-,N,NA,NA,NA,NA,NA,NA,NA,NA,NA,Y,3,0,2,1,A,-,08,22107,NA,N,E,I,A,A,H,-,A,D,0,NA,NA,NA,NA,Y,NA,A,01,0,1,1,0,0,0,0,0,0,-,-,34.04492950439453,-118.09844970703124,LOS ANGELES,UNINCORPORATED,-118.09780120849608,34.044822692871094
91004891,2019,2019-06-06,9535,2019-05-27,1535,022172,NA,1,2,9,1900,0,2,4,NA,2,022,OLYMPIC BLVD.,EASTERN AVE,0,NA,Y,A,-,N,NA,NA,NA,NA,NA,NA,NA,NA,NA,Y,4,0,5,2,A,-,09,21801,A,N,D,C,A,A,H,-,A,A,0,NA,NA,NA,NA,Y,NA,A,01,0,0,5,0,0,0,0,0,0,-,-,34.0189094543457,-118.17388153076172,LOS ANGELES,UNINCORPORATED,-118.17389678955078,34.0189094543457
9100490,2020,2020-06-12,1969,2020-02-16,2140,10226,PATRO,7,5,5,1969,0,0,0,NA,0,005,GARFIELD AV,FIRESTONE BL,298,N,N,A,-,N,NA,NA,NA,NA,NA,NA,NA,NA,NA,N,4,0,1,2,A,-,17,21663,NA,N,G,G,A,A,H,-,C,D,0,NA,Y,NA,NA,Y,NA,L,04,0,0,1,0,0,0,1,0,0,-,-,NA,NA,LOS ANGELES,SOUTH GATE,-118.16502380371094,33.94988250732422
9100492,2020,2020-06-12,1942,2020-02-14,1850,43931,1434,5,5,7,1942,0,0,0,N,0,8A36,CENTINELA AV,VENICE BL,5,S,N,A,-,N,NA,NA,NA,NA,NA,NA,NA,NA,NA,N,4,0,1,2,A,-,03,22350,NA,F,C,C,A,A,H,-,C,A,0,NA,NA,NA,NA,Y,NA,-,99,0,0,1,0,0,0,0,0,0,-,-,NA,NA,LOS ANGELES,LOS ANGELES,-118.43359375,34.00373840332031
91004947,2019,2019-06-06,9575,2019-06-05,0655,018762,NA,3,1,6,1912,0,1,3,NA,2,044,SR-134 W/B (VENTURA FREEWAY),HOLLYWOOD WAY,150,E,N,B,-,Y,NA,NA,134,NA,NA,NA,NA,NA,W,N,4,0,1,2,A,-,03,22350,NA,N,C,C,A,A,H,-,A,D,0,NA,NA,NA,NA,Y,NA,A,01,0,0,1,0,0,0,0,0,0,-,-,34.15359115600586,-118.33934020996094,LOS ANGELES,BURBANK,-118.3393325805664,34.15362548828125
9100495,2020,2020-06-12,1942,2020-02-12,2200,42829,0905,3,5,7,1942,0,0,0,I,0,9A19,VAN NUYS,WYANDOTTE ST,25,E,N,A,-,N,NA,NA,NA,NA,NA,NA,NA,NA,NA,N,4,0,1,2,A,-,12,22450,NA,F,D,C,A,A,H,-,D,A,0,NA,NA,NA,NA,Y,Y,A,01,0,0,1,0,0,0,0,0,0,-,-,NA,NA,LOS ANGELES,LOS ANGELES,-118.4487533569336,34.202980041503906
91004960,2019,2019-06-06,9535,2019-05-27,1600,019135,NA,1,2,9,1900,0,1,1,NA,2,500,I-5 (SANTA ANA FREEWAY) N/B,DOWNEY RD,500,N,N,A,-,Y,NA,NA,5,NA,NA,NA,NA,NA,N,Y,4,0,1,3,A,-,03,22350,NA,N,C,C,A,A,H,-,A,D,0,NA,NA,NA,NA,Y,NA,A,01,0,0,1,0,0,0,0,0,0,-,-,34.020118713378906,-118.18296051025392,LOS ANGELES,UNINCORPORATED,-118.18296051025392,34.020225524902344
91004961,2019,2019-06-06,9525,2019-05-26,1134,019495,NA,7,1,4,1946,0,1,1,NA,2,202,I-210 E/B (FOOTHILL FWY),HUNTINGTON DR.,1584,E,N,B,C,Y,NA,NA,210,NA,NA,NA,NA,NA,E,Y,4,0,2,2,A,-,07,21658,A,F,B,C,A,B,H,-,A,D,0,NA,NA,NA,NA,Y,NA,A,07,0,0,2,0,0,0,0,0,0,-,-,34.13639831542969,-118.0094985961914,LOS ANGELES,MONROVIA,-118.00955200195313,34.1362419128418
91004967,2019,2019-06-06,9575,2019-06-03,1717,021302,NA,1,2,5,1902,0,1,1,NA,2,065,I-210 E/B (FOOTHILL FREEWAY),SANTA ANITA AVE,2640,W,N,A,-,Y,NA,NA,210,NA,NA,NA,NA,NA,E,Y,3,0,1,3,A,-,03,22350,NA,N,C,C,A,A,H,-,A,D,0,NA,NA,NA,NA,Y,NA,A,07,0,1,0,0,0,0,0,0,0,-,-,34.14860153198242,-118.04051971435548,LOS ANGELES,ARCADIA,-118.04051208496094,34.148658752441406
91004978,2019,2019-06-06,9535,2019-05-27,1642,018138,NA,1,2,5,1959,0,1,1,NA,2,111,I-10 (SAN BERNARDINO FREEWAY) W/B HOT,WALNUT GROVE AVE,15,E,N,A,-,Y,NA,NA,10,NA,NA,NA,NA,NA,W,Y,3,0,1,1,A,-,08,22107,NA,N,E,I,A,A,H,-,A,D,0,NA,NA,NA,NA,Y,NA,A,01,0,1,0,0,0,0,0,0,0,-,-,34.07225036621094,-118.08164215087892,LOS ANGELES,ROSEMEAD,-118.08164215087892,34.07230758666992
9100498,2020,2020-06-12,1900,2020-02-02,1710,527449,1514,7,5,5,1954,0,0,0,NA,0,151T2,ROSEMEAD BL,SLAUSON AV,0,NA,Y,A,-,N,NA,NA,NA,NA,NA,NA,NA,NA,NA,Y,3,0,3,4,A,-,12,21453,A,N,A,C,A,A,H,-,A,A,0,NA,NA,NA,NA,Y,NA,A,01,0,1,2,0,0,0,0,0,0,-,-,33.97101974487305,-118.10492706298828,LOS ANGELES,PICO RIVERA,-118.10508728027344,33.970951080322266
91004983,2019,2019-06-06,9530,2019-05-10,0006,021059,NA,5,3,5,1977,0,1,1,NA,2,410,I-405 S/B (SAN DIEGO FREEWAY),CARSON ST.,800,N,N,B,-,Y,NA,NA,405,NA,NA,NA,NA,NA,S,Y,3,0,1,1,A,-,08,22107,NA,N,E,I,A,A,H,-,C,D,0,NA,NA,NA,NA,Y,NA,A,07,0,1,0,0,0,0,0,0,0,-,-,33.833431243896484,-118.25775146484376,LOS ANGELES,CARSON,-118.25777435302734,33.83340835571289
9100500,2020,2020-10-13,1941,2020-02-16,2005,11240,NA,7,5,7,1941,0,0,0,NA,0,NA,PACIFIC COAST HWY,CHESTNUT AV,0,NA,Y,A,-,Y,LA,7,1,-,-,6.66,H,-,N,N,4,0,1,2,A,-,11,21954,A,N,B,B,D,A,H,-,C,D,0,Y,NA,NA,NA,Y,Y,N,NA,0,0,1,0,1,0,0,0,0,-,-,NA,NA,LOS ANGELES,LONG BEACH,-118.19618225097656,33.7899169921875
91005003,2019,2019-06-06,9565,2019-05-20,1425,022124,NA,1,2,9,1900,0,3,5,NA,2,003,ANGELES VISTA BLVD,48TH ST,68,N,N,A,-,N,NA,NA,NA,NA,NA,NA,NA,NA,NA,Y,4,0,1,3,A,-,01,23152,F,N,C,E,A,A,H,-,A,D,0,NA,NA,NA,NA,Y,NA,A,01,0,0,1,0,0,0,0,0,0,-,-,34.00033187866211,-118.3344497680664,LOS ANGELES,UNINCORPORATED,-118.33441162109376,34.00019836425781
9100501,2019,2020-07-22,1924,2019-12-15,0925,80400,21,7,5,5,1924,0,0,0,NA,0,8L31D,VAN NESS AV,MARINE AV,0,NA,Y,A,-,N,NA,NA,NA,NA,NA,NA,NA,NA,NA,N,4,0,1,2,A,-,12,21453,A,M,D,C,A,-,H,-,A,A,0,NA,NA,NA,NA,Y,NA,A,07,0,0,1,0,0,0,0,0,0,-,-,33.894691467285156,-118.31781005859376,LOS ANGELES,GARDENA,-118.31787109375,33.89466094970703
9100502,2019,2020-07-22,1924,2019-12-14,2315,80431,26,6,5,5,1924,0,0,0,NA,0,8T3,NORMANDIE AV,145TH ST,0,NA,Y,A,-,N,NA,NA,NA,NA,NA,NA,NA,NA,NA,N,4,0,2,2,A,-,09,21801,A,N,D,C,A,A,H,-,C,D,0,NA,NA,NA,NA,Y,NA,A,01,0,0,2,0,0,0,0,0,0,-,-,33.90039825439453,-118.30040740966795,LOS ANGELES,GARDENA,-118.30043792724608,33.9003791809082
9100503,2019,2020-07-22,1924,2019-12-02,1930,80460,31,1,5,5,1924,0,0,0,NA,0,003,VAN NESS AV,MANHATTAN BEACH BL,30,S,N,A,-,N,NA,NA,NA,NA,NA,NA,NA,NA,NA,N,4,0,1,2,A,-,12,21453,NA,N,A,C,A,A,H,-,C,A,0,NA,NA,NA,NA,Y,NA,A,01,0,0,1,0,0,0,0,0,0,-,-,33.88739013671875,-118.31783294677734,LOS ANGELES,GARDENA,-118.31786346435548,33.8873291015625
9100504,2019,2020-07-22,1924,2019-12-27,1147,80434,26,5,5,5,1924,0,0,0,NA,0,004,NORMANDIE AV,146TH PL,0,NA,Y,A,-,N,NA,NA,NA,NA,NA,NA,NA,NA,NA,N,4,0,3,2,A,-,03,22350,NA,N,C,C,A,A,H,-,A,D,0,NA,NA,NA,NA,Y,NA,A,01,0,0,3,0,0,0,0,0,0,-,-,33.89963150024414,-118.30040740966795,LOS ANGELES,GARDENA,-118.30043792724608,33.89899826049805
91005059,2019,2019-06-06,9525,2019-06-04,1820,019264,NA,2,2,9,1900,0,3,5,NA,2,003,VANDERWELL AVE. (1400N),MAPLEGROVE ST.,42,N,N,A,-,N,NA,NA,NA,NA,NA,NA,NA,NA,NA,Y,4,0,1,2,A,-,01,23152,A,N,C,E,A,A,H,-,A,D,0,NA,NA,NA,NA,Y,Y,A,01,0,0,1,0,0,0,0,0,0,-,-,34.04423141479492,-117.92423248291016,LOS ANGELES,UNINCORPORATED,-117.92424774169922,34.04415512084961
9100506,2019,2020-07-22,1924,2019-12-14,2348,80431,11,6,5,5,1924,0,0,0,NA,0,8T3,135TH ST,VERMONT AV,10,W,N,A,-,N,NA,NA,NA,NA,NA,NA,NA,NA,NA,N,4,0,1,2,A,-,05,21650,NA,N,H,G,A,A,H,-,C,B,0,NA,Y,NA,NA,Y,NA,L,04,0,0,1,0,0,0,1,0,0,-,-,33.90916061401367,-118.29176330566406,LOS ANGELES,GARDENA,-118.29193115234376,33.909149169921875
91005061,2019,2019-06-06,9545,2019-05-28,1330,019951,NA,2,1,9,1900,0,1,3,NA,2,031,SR-14 N/B,CROWN VALLEY ROAD,3696,N,N,A,-,Y,NA,NA,14,NA,NA,NA,NA,NA,N,Y,4,0,1,1,A,-,08,22107,NA,N,F,A,A,A,H,-,A,D,0,NA,NA,NA,NA,Y,NA,A,01,0,0,1,0,0,0,0,0,0,-,-,34.493019104003906,-118.18715667724608,LOS ANGELES,UNINCORPORATED,-118.18715667724608,34.49308776855469
91005062,2019,2019-06-06,9525,2019-05-26,1730,021156,NA,7,2,6,1955,0,1,1,NA,2,108,I-10 E/B (SAN BERNARDINO FWY),KELLOGG DR.,2640,W,N,B,C,Y,NA,NA,NA,NA,NA,NA,NA,NA,NA,Y,3,0,1,3,A,-,07,21658,A,N,B,C,A,B,D,E,A,D,0,NA,NA,NA,Y,Y,NA,D,22,0,1,0,0,0,0,0,0,0,-,-,34.06385040283203,-117.82479095458984,LOS ANGELES,POMONA,-117.82069396972656,34.0635871887207
9100507,2019,2020-07-22,1924,2019-12-27,2111,80431,46,5,5,5,1924,0,0,0,NA,0,5T3,REDONDO BEACH BL,BUDLONG AV,0,NA,Y,A,-,N,NA,NA,NA,NA,NA,NA,NA,NA,NA,N,4,0,2,2,A,-,09,21801,A,N,D,C,A,-,H,-,C,A,0,NA,NA,NA,NA,Y,NA,A,01,0,0,2,0,0,0,0,0,0,-,-,33.89237976074219,-118.29617309570313,LOS ANGELES,GARDENA,-118.29608917236328,33.89234924316406
91005080,2019,2019-06-06,9530,2019-05-10,2345,021059,NA,5,3,7,1941,0,1,1,NA,2,430,I-405 S/B (SAN DIEGO FREEWAY),LAKEWOOD BLVD.,200,N,N,B,-,Y,NA,NA,405,NA,NA,NA,NA,NA,S,Y,2,0,1,1,A,-,08,22107,NA,N,E,I,A,A,H,-,C,D,0,NA,NA,NA,NA,Y,NA,A,01,1,0,0,0,0,0,0,0,0,-,-,33.805641174316406,-118.14334869384766,LOS ANGELES,LONG BEACH,-118.14332580566406,33.80582046508789
91005085,2019,2019-06-18,9525,2019-05-26,1135,019495,NA,7,1,4,1946,0,1,1,NA,2,211,I-210 E/B (FOOTHILL FWY),HUNTINGTON DR.,1584,E,N,B,C,Y,NA,NA,210,NA,NA,NA,NA,NA,E,Y,4,0,5,5,A,-,03,22350,NA,N,C,C,A,B,H,-,A,D,0,NA,NA,NA,NA,Y,NA,A,07,0,0,5,0,0,0,0,0,0,-,-,34.137298583984375,-118.01270294189452,LOS ANGELES,MONROVIA,-118.0127182006836,34.137245178222656
9100509,2019,2020-07-22,1922,2019-12-10,1528,463,NA,2,5,6,1922,0,0,0,NA,0,NA,LOWER AZUSA RD,RIVERVIEW AV,10,W,N,A,-,N,NA,NA,NA,NA,NA,NA,NA,NA,NA,N,4,0,1,2,A,-,04,21703,NA,F,C,-,A,A,H,-,A,A,0,NA,NA,NA,NA,Y,NA,-,99,0,0,1,0,0,0,0,0,0,-,-,34.09233856201172,-118.02850341796876,LOS ANGELES,EL MONTE,-118.02848052978516,34.092323303222656
9100510,2019,2020-07-22,1924,2019-12-19,1501,80437,46,4,5,5,1924,0,0,0,NA,0,0G5,NORMANDIE AV,MAGNOLIA AV,36,S,N,A,-,N,NA,NA,NA,NA,NA,NA,NA,NA,NA,N,4,0,2,3,A,-,11,21954,A,N,G,-,D,A,H,-,A,A,0,Y,NA,NA,NA,Y,NA,N,60,0,0,2,0,2,0,0,0,0,-,-,33.88862991333008,-118.29940032958984,LOS ANGELES,GARDENA,-118.29938507080078,33.88852310180664
91005107,2019,2019-06-06,9525,2019-05-27,1040,019495,NA,1,1,3,1921,0,1,1,NA,2,202,I-210 E/B (FOOTHILL FWY),BUENA VISTA ST.,230,E,N,B,-,Y,NA,NA,210,NA,NA,NA,NA,NA,E,Y,3,0,1,1,A,-,08,22107,NA,N,E,I,A,A,H,-,A,D,0,NA,NA,NA,NA,Y,NA,A,01,0,1,0,0,0,0,0,0,0,-,-,34.13520050048828,-117.97669982910156,LOS ANGELES,DUARTE,-117.97669982910156,34.135215759277344
9100511,2019,2020-07-22,1924,2019-12-01,0327,80450,21,7,5,5,1924,0,0,0,NA,0,0G3,MARINE AV,MILLER AV,57,W,N,A,-,N,NA,NA,NA,NA,NA,NA,NA,NA,NA,N,2,0,1,2,A,-,08,22107,NA,N,C,E,A,A,H,-,C,D,0,NA,NA,NA,NA,Y,NA,A,01,1,0,0,0,0,0,0,0,0,-,-,33.894691467285156,-118.32453155517578,LOS ANGELES,GARDENA,-118.32477569580078,33.894649505615234
9100512,2019,2020-08-07,1900,2019-12-06,1111,629566,2841,5,5,5,1915,0,0,0,NA,0,282T1,ALONDRA BL,ATLANTIC AV,19,W,N,A,-,N,NA,NA,NA,NA,NA,NA,NA,NA,NA,N,4,0,1,2,A,-,11,21950,B,N,A,B,D,A,H,-,A,A,0,Y,NA,NA,NA,Y,NA,A,01,0,0,1,0,1,0,0,0,0,-,-,NA,NA,LOS ANGELES,COMPTON,-118.19297027587892,33.88876724243164
91005133,2019,2019-06-06,9525,2019-05-29,0930,020847,NA,3,1,5,1990,0,1,3,NA,2,571,SR-57 S/B (ORANGE FWY),SUNSET CROSSING RD.,400,S,N,A,-,Y,NA,NA,57,NA,NA,NA,NA,NA,S,N,3,0,1,2,A,-,07,21658,A,N,C,C,A,A,H,-,A,D,0,NA,NA,Y,NA,Y,NA,A,01,0,1,0,0,0,0,0,0,1,-,-,34.021820068359375,-117.81403350830078,LOS ANGELES,DIAMOND BAR,-117.8135986328125,34.0224494934082
91005136,2019,2019-06-06,9565,2019-05-28,2115,021576,NA,2,2,7,1942,0,1,1,NA,2,062,I-405 N/B (SAN DIEGO FWY.),OLYMPIC BLVD.,450,S,N,A,-,Y,NA,NA,405,NA,NA,NA,NA,NA,N,Y,4,0,1,2,A,-,08,22107,NA,N,E,I,A,A,H,-,D,D,0,NA,NA,NA,NA,Y,NA,A,01,0,0,1,0,0,0,0,0,0,-,-,34.037811279296875,-118.43891143798828,LOS ANGELES,LOS ANGELES,-118.4389419555664,34.03779220581055
9100514,2019,2020-07-22,1924,2019-12-21,1702,80437,34,6,5,5,1924,0,0,0,NA,0,0G4,REDONDO BEACH BL,DENKER AV,0,NA,Y,A,-,N,NA,NA,NA,NA,NA,NA,NA,NA,NA,N,3,0,6,2,A,-,09,21801,A,N,D,C,A,A,H,-,D,A,0,NA,NA,Y,NA,Y,NA,A,01,0,2,4,0,0,0,0,0,5,-,-,33.889930725097656,-118.30477142333984,LOS ANGELES,GARDENA,-118.3047103881836,33.889949798583984
9100515,2019,2020-07-22,1924,2019-12-24,1916,80405,31,2,5,5,1924,0,0,0,NA,0,003,VAN NESS AV,REDONDO BEACH BL,267,N,N,A,-,N,NA,NA,NA,NA,NA,NA,NA,NA,NA,N,4,0,1,2,A,-,09,21804,A,M,D,C,A,A,H,-,C,D,0,NA,NA,NA,NA,Y,NA,-,NA,0,0,1,0,0,0,0,0,0,-,-,33.88574981689453,-118.31781005859376,LOS ANGELES,GARDENA,-118.31787109375,33.88643264770508
91005151,2019,2019-06-06,9565,2019-05-28,1715,022124,NA,2,2,9,1900,0,2,4,NA,2,042,LENNOX BLVD,FIRMONA AVE,0,NA,Y,A,-,N,NA,NA,NA,NA,NA,NA,NA,NA,NA,N,4,0,2,2,A,-,12,21453,A,N,D,C,A,A,H,-,A,A,0,NA,NA,NA,NA,Y,NA,-,-,0,0,2,0,0,0,0,0,0,-,-,33.938201904296875,-118.35698699951172,LOS ANGELES,UNINCORPORATED,-118.35700225830078,33.93817138671875
91005153,2019,2019-06-06,9565,2019-05-28,1850,022124,NA,2,2,9,1900,0,3,5,NA,2,002,VAN NESS AVE,CENTURY BLVD,230,S,N,A,-,N,NA,NA,NA,NA,NA,NA,NA,NA,NA,N,4,0,2,2,A,-,03,22350,NA,N,C,C,A,A,H,-,A,A,0,NA,NA,NA,NA,Y,NA,A,01,0,0,2,0,0,0,0,0,0,-,-,33.944801330566406,-118.31771087646484,LOS ANGELES,UNINCORPORATED,-118.31773376464844,33.944828033447266
91005173,2019,2019-06-06,9590,2019-06-03,0605,018997,NA,1,1,7,1942,0,1,1,NA,2,083,I-5 S/B (GOLDEN STATE FREEWAY),WHITTIER BLVD.,175,N,N,B,-,Y,NA,NA,5,NA,NA,NA,NA,NA,S,N,4,0,1,2,A,-,03,22350,NA,F,C,C,A,A,H,-,A,D,0,NA,NA,NA,NA,Y,NA,-,99,0,0,1,0,0,0,0,0,0,-,-,34.03688049316406,-118.22039794921876,LOS ANGELES,LOS ANGELES,-118.220458984375,34.036903381347656
91005176,2019,2019-06-06,9590,2019-06-03,1030,013179,NA,1,1,7,1942,0,1,1,NA,2,063,I-10 W/B (SANTA MONICA FREEWAY),NORMANDIE AVENUE,200,E,N,B,-,Y,NA,NA,10,NA,NA,NA,NA,NA,W,N,4,0,3,4,A,-,03,22350,NA,N,C,C,A,A,H,-,A,D,0,NA,NA,NA,NA,Y,NA,A,07,0,0,3,0,0,0,0,0,0,-,-,34.036991119384766,-118.29080963134766,LOS ANGELES,LOS ANGELES,-118.29080963134766,34.03705596923828
91005178,2019,2019-06-06,9550,2019-05-31,1800,021196,NA,5,2,5,1919,0,1,3,NA,2,092,SR-91 W/B,SHOEMAKER AVENUE,300,E,N,A,-,Y,NA,NA,91,NA,NA,NA,NA,NA,W,N,4,0,1,2,A,-,03,22350,NA,N,C,C,A,A,H,-,A,D,0,NA,NA,NA,NA,Y,NA,A,07,0,0,1,0,0,0,0,0,0,-,-,33.86920166015625,-118.0541763305664,LOS ANGELES,CERRITOS,-118.05421447753906,33.869144439697266
9100518,2019,2020-07-22,1924,2019-12-22,0613,80429,16,7,5,5,1924,0,0,0,NA,0,002,SAINT ANDREWS AV,ROSECRANS AV,150,S,N,A,-,N,NA,NA,NA,NA,NA,NA,NA,NA,NA,N,4,0,1,2,A,-,01,23152,A,N,B,E,A,A,H,-,C,D,0,NA,NA,NA,NA,Y,Y,A,01,0,0,1,0,0,0,0,0,0,-,-,33.901920318603516,-118.31143951416016,LOS ANGELES,GARDENA,-118.31147003173828,33.90150833129883
91005181,2019,2019-06-06,9525,2019-06-04,1905,021779,NA,2,2,4,1946,0,1,1,NA,2,202,I-210 E/B (FOOTHILL FWY),HUNTINGTON DR.,1584,E,N,A,-,Y,NA,NA,210,NA,NA,NA,NA,NA,E,Y,4,0,1,4,A,-,03,22350,NA,N,C,C,A,A,H,-,A,D,0,NA,NA,NA,NA,Y,NA,A,07,0,0,1,0,0,0,0,0,0,-,-,34.13591003417969,-118.00850677490234,LOS ANGELES,MONROVIA,-118.00851440429688,34.135894775390625
9100519,2019,2020-07-22,1924,2019-12-26,0409,80456,34,4,5,5,1924,0,0,0,NA,0,0G4,NORMANDIE AV,REDONDO BEACH BL,0,NA,Y,A,-,N,NA,NA,NA,NA,NA,NA,NA,NA,NA,N,4,0,1,3,A,-,00,21485,A,N,D,A,A,-,H,-,C,A,0,NA,NA,NA,NA,Y,NA,A,01,0,0,1,0,0,0,0,0,0,-,-,33.89141082763672,-118.30023193359376,LOS ANGELES,GARDENA,-118.30023193359376,33.891380310058594
91005241,2019,2019-06-06,9525,2019-06-03,1718,021138,NA,1,2,6,1955,0,1,3,NA,2,072,SR-71 N/B TO I-10 W/B,SR-57 S/B (ORANGE FWY),120,W,N,A,-,Y,NA,NA,NA,NA,NA,NA,NA,NA,NA,Y,4,0,2,4,A,-,03,22350,NA,N,C,C,A,A,H,-,A,D,0,NA,NA,NA,NA,Y,NA,A,01,0,0,2,0,0,0,0,0,0,-,-,34.06544876098633,-117.80712127685548,LOS ANGELES,POMONA,NA,NA
91005260,2019,2019-06-06,9540,2019-05-30,0530,013893,NA,4,3,9,1900,0,1,1,NA,2,513,I-5 SOUTHBOUND (GOLDEN STATE FWY),QUAIL LAKE RD,1056,N,N,A,-,Y,NA,NA,5,NA,NA,NA,NA,NA,S,Y,2,0,1,1,A,-,08,22107,NA,N,E,I,A,A,H,-,B,D,0,NA,NA,NA,NA,Y,NA,A,01,1,0,0,0,0,0,0,0,0,-,-,34.766510009765625,-118.80008697509766,LOS ANGELES,UNINCORPORATED,-118.80001831054688,34.76655578613281