CASE_ID,ACCIDENT_YEAR,PROC_DATE,JURIS,COLLISION_DATE,COLLISION_TIME,OFFICER_ID,REPORTING_DISTRICT,DAY_OF_WEEK,CHP_SHIFT,POPULATION,CNTY_CITY_LOC,SPECIAL_COND,BEAT_TYPE,CHP_BEAT_TYPE,CITY_DIVISION_LAPD,CHP_BEAT_CLASS,BEAT_NUMBER,PRIMARY_RD,SECONDARY_RD,DISTANCE,DIRECTION,INTERSECTION,WEATHER_1,WEATHER_2,STATE_HWY_IND,CALTRANS_COUNTY,CALTRANS_DISTRICT,STATE_ROUTE,ROUTE_SUFFIX,POSTMILE_PREFIX,POSTMILE,LOCATION_TYPE,RAMP_INTERSECTION,SIDE_OF_HWY,TOW_AWAY,COLLISION_SEVERITY,NUMBER_KILLED,NUMBER_INJURED,PARTY_COUNT,PRIMARY_COLL_FACTOR,PCF_CODE_OF_VIOL,PCF_VIOL_CATEGORY,PCF_VIOLATION,PCF_VIOL_SUBSECTION,HIT_AND_RUN,TYPE_OF_COLLISION,MVIW,PED_ACTION,ROAD_SURFACE,ROAD_COND_1,ROAD_COND_2,LIGHTING,CONTROL_DEVICE,CHP_ROAD_TYPE,PEDESTRIAN_ACCIDENT,BICYCLE_ACCIDENT,MOTORCYCLE_ACCIDENT,TRUCK_ACCIDENT,NOT_PRIVATE_PROPERTY,ALCOHOL_INVOLVED,STWD_VEHTYPE_AT_FAULT,CHP_VEHTYPE_AT_FAULT,COUNT_SEVERE_INJ,COUNT_VISIBLE_INJ,COUNT_COMPLAINT_PAIN,COUNT_PED_KILLED,COUNT_PED_INJURED,COUNT_BICYCLIST_KILLED,COUNT_BICYCLIST_INJURED,COUNT_MC_KILLED,COUNT_MC_INJURED,PRIMARY_RAMP,SECONDARY_RAMP,LATITUDE,LONGITUDE,COUNTY,CITY,POINT_X,POINT_Y
91011829,2019,2019-06-17,9525,2019-06-15,1250,018364,NA,6,1,5,1906,0,1,1,NA,2,103,I-10 W/B (SAN BERNARDINO FWY),FRANCISQUITO AVENUE U/C,180,W,N,A,-,Y,NA,NA,10,NA,NA,NA,NA,NA,W,Y,4,0,2,2,A,-,03,22350,NA,N,C,C,A,A,H,-,A,D,0,NA,NA,NA,NA,Y,NA,A,01,0,0,2,0,0,0,0,0,0,-,-,34.06864929199219,-117.97505950927734,LOS ANGELES,BALDWIN PARK,-117.97504425048828,34.06850051879883
9101184,2020,2020-11-02,1955,2020-05-16,2250,42416,94,6,5,6,1955,0,0,0,NA,0,004,TOWNE AV,PHILLIPS BL,153,S,N,A,-,N,NA,NA,NA,NA,NA,NA,NA,NA,NA,Y,3,0,1,2,A,-,08,22107,NA,N,A,E,A,A,H,-,C,A,0,NA,NA,NA,NA,Y,NA,D,22,0,1,0,0,0,0,0,0,0,-,-,NA,NA,LOS ANGELES,POMONA,-117.7409210205078,34.044002532958984
91011841,2019,2019-06-18,9550,2019-06-10,1718,020551,NA,1,2,5,1919,0,1,1,NA,2,652,I-605  NORTHBOUND TO SR-91 EASTBOUND,SR-91,500,S,N,A,-,Y,NA,NA,605,NA,NA,NA,R,NA,N,N,4,0,1,3,A,-,03,22350,NA,N,C,C,A,A,H,-,A,D,0,NA,NA,NA,NA,Y,NA,A,01,0,0,1,0,0,0,0,0,0,-,-,33.87363052368164,-118.10092926025392,LOS ANGELES,CERRITOS,-118.10092926025392,33.87363052368164
91011845,2019,2019-06-18,9535,2019-06-15,1700,017586,NA,6,2,3,1914,0,1,1,NA,2,501,I-5 S/B (SANTA ANA FREEWAY),WASHINGTON BLVD,500,N,N,A,-,Y,NA,NA,5,NA,NA,NA,NA,NA,S,N,4,0,2,2,A,-,03,22350,NA,N,C,C,A,A,H,-,A,D,0,NA,NA,NA,NA,Y,NA,A,01,0,0,2,0,0,0,0,0,0,-,-,33.99909973144531,-118.14800262451172,LOS ANGELES,COMMERCE,-118.1479721069336,33.99912643432617
91011849,2019,2019-06-18,9550,2019-06-03,1550,022208,NA,1,2,9,1900,0,3,5,NA,2,002,VALLEY VIEW AVENUE,LAMBERT ROAD,12,S,N,A,-,N,NA,NA,NA,NA,NA,NA,NA,NA,NA,N,4,0,2,3,D,-,00,NA,NA,N,G,B,B,A,H,-,A,D,0,Y,NA,NA,NA,Y,NA,-,-,0,0,2,0,2,0,0,0,0,-,-,33.94316864013672,-118.01426696777344,LOS ANGELES,UNINCORPORATED,-118.01425933837892,33.9432487487793
91011852,2019,2019-06-18,9590,2019-06-14,2350,021848,NA,5,3,7,1942,0,1,2,NA,2,071,US-101 S/B (HOLLYWOOD FREEWAY),BENTON WAY OVERCROSSING,900,N,N,A,-,Y,NA,NA,101,NA,NA,NA,NA,NA,S,Y,4,0,1,2,A,-,03,22350,NA,N,C,C,A,A,H,-,C,D,0,NA,NA,NA,NA,Y,NA,A,01,0,0,1,0,0,0,0,0,0,-,-,34.0759391784668,-118.27716827392578,LOS ANGELES,LOS ANGELES,-118.27717590332033,34.07592010498047
91011855,2019,2019-06-18,9550,2019-06-10,1600,022260,NA,1,2,3,1964,0,1,1,NA,2,650,I-605 NORTHBOUND,TELEGRAPH ROAD,500,N,N,A,-,Y,NA,NA,605,NA,NA,NA,NA,NA,N,Y,4,0,1,3,A,-,03,22350,NA,N,C,C,A,A,H,-,A,D,0,NA,NA,NA,NA,Y,NA,D,22,0,0,1,0,0,0,0,0,0,-,-,33.9532585144043,-118.08970642089844,LOS ANGELES,SANTA FE SPRINGS,-118.08972930908205,33.953269958496094
91011875,2019,2019-06-18,9525,2019-06-07,1715,020907,NA,5,2,9,1900,0,2,4,NA,2,032,VALLEY BLVD.,BREA CANYON RD.,180,W,N,A,-,N,NA,NA,NA,NA,NA,NA,NA,NA,NA,Y,4,0,2,5,A,-,03,22350,NA,F,C,C,A,A,H,-,B,D,0,NA,NA,NA,NA,Y,NA,A,01,0,0,2,0,0,0,0,0,0,-,-,34.01972961425781,-117.84095001220705,LOS ANGELES,UNINCORPORATED,-117.84097290039064,34.0198860168457
91011880,2019,2019-06-18,9525,2019-06-09,1830,021779,NA,7,2,9,1900,0,1,3,NA,1,024,SR-39 (SAN GABRIEL CANYON RD.),NORTH FORK BRIDGE,6336,S,N,A,-,N,NA,NA,39,NA,NA,NA,NA,NA,NA,Y,2,0,1,1,A,-,03,22350,NA,N,F,A,A,A,H,-,A,D,0,NA,NA,Y,NA,Y,NA,C,02,1,0,0,0,0,0,0,0,1,-,-,34.26211929321289,-117.84513092041016,LOS ANGELES,UNINCORPORATED,-117.84513854980467,34.26213836669922
91011910,2019,2019-06-18,9575,2019-06-10,1400,021932,NA,1,2,6,1953,0,1,1,NA,2,063,I-210 E/B (FOOTHILL FREEWAY),ORANGE GROVE BLVD,500,W,N,A,-,Y,NA,NA,210,NA,NA,NA,NA,NA,E,Y,4,0,2,2,A,-,03,22350,NA,N,C,C,A,A,H,-,A,D,0,NA,NA,NA,Y,Y,NA,F,26,0,0,2,0,0,0,0,0,0,-,-,34.15531921386719,-118.15792846679688,LOS ANGELES,PASADENA,-118.15777587890624,34.15538787841797
91011911,2019,2019-06-18,9525,2019-06-10,0745,021684,NA,1,1,6,1955,0,1,3,NA,2,071,SR-71 S/B (CHINO VALLEY FWY),MISSION BLVD,2640,N,N,A,-,Y,NA,NA,71,NA,NA,NA,NA,NA,S,Y,4,0,1,2,A,-,03,22350,NA,N,C,C,A,A,H,-,A,D,0,NA,NA,NA,NA,Y,NA,A,01,0,0,1,0,0,0,0,0,0,-,-,34.05775833129883,-117.78545379638672,LOS ANGELES,POMONA,-117.78545379638672,34.05775833129883
91011924,2019,2019-06-18,9535,2019-06-06,1120,022245,NA,4,1,9,1900,0,2,4,NA,2,022,OLYMPIC BLVD (3900 BLOCK),ALMA AVE,100,W,N,A,-,N,NA,NA,NA,NA,NA,NA,NA,NA,NA,N,4,0,1,2,A,-,21,22106,NA,N,B,C,A,A,H,-,A,D,0,NA,NA,NA,NA,Y,NA,A,01,0,0,1,0,0,0,0,0,0,-,-,34.01890182495117,-118.19159698486328,LOS ANGELES,UNINCORPORATED,-118.19158935546876,34.01887130737305
91011930,2019,2019-06-18,9540,2019-06-05,1535,019508,NA,3,2,9,1900,0,1,3,NA,2,148,SR-14 N/B (ANTELOPE  VALLEY FWY),SAND CANYON RD,400,S,N,A,-,Y,NA,NA,NA,NA,NA,NA,NA,NA,NA,Y,4,0,1,3,A,-,01,23152,A,N,C,C,A,A,H,-,A,D,0,NA,NA,NA,NA,Y,Y,A,07,0,0,1,0,0,0,0,0,0,-,-,34.421958923339844,-118.43048858642578,LOS ANGELES,UNINCORPORATED,-118.42476654052734,34.42459487915039
91011931,2019,2019-06-18,9530,2019-06-06,1620,019412,NA,4,2,7,1941,0,1,1,NA,2,430,I-405 S/B (SDF) LAKEWOOD BLVD COLLECTOR,LAKEWOOD BLVD.,300,N,N,A,-,Y,NA,NA,405,NA,NA,NA,NA,NA,S,Y,4,0,1,2,A,-,03,22350,NA,N,C,C,A,A,H,-,A,D,0,NA,NA,NA,NA,Y,NA,A,01,0,0,1,0,0,0,0,0,0,-,-,33.80588150024414,-118.14494323730467,LOS ANGELES,LONG BEACH,-118.14491271972656,33.8060302734375
91011936,2019,2019-06-18,9540,2019-06-05,0327,020527,NA,3,3,9,1900,0,3,5,NA,2,200,SAND CANYON ROAD E/B (29000 W BLOCK),THOMPSON RANCH DRIVE,1056,W,N,A,-,N,NA,NA,NA,NA,NA,NA,NA,NA,NA,Y,4,0,1,1,A,-,01,23152,A,N,E,I,A,A,H,-,D,D,0,NA,NA,NA,NA,Y,Y,A,01,0,0,1,0,0,0,0,0,0,-,-,34.44239044189453,-118.41929626464844,LOS ANGELES,UNINCORPORATED,-118.41910552978516,34.44143295288086
91011969,2019,2019-06-18,9540,2019-06-15,1035,020790,NA,6,1,6,1985,0,1,1,NA,2,506,I-5 N/B TO MAGIC MOUNTAIN PARKWY,MAGIC MOUNTAIN PKY,465,S,N,A,-,Y,NA,NA,5,NA,NA,NA,R,NA,N,N,4,0,1,2,A,-,03,22350,NA,N,C,C,A,A,H,-,A,A,0,NA,NA,NA,NA,Y,NA,A,01,0,0,1,0,0,0,0,0,0,-,-,34.42219924926758,-118.58228302001952,LOS ANGELES,SANTA CLARITA,-118.58228302001952,34.42219924926758
91011991,2019,2019-06-18,9590,2019-06-08,0850,021771,NA,6,1,7,1942,0,1,1,NA,2,050,I-110 N/B (HARBOR FREEWAY),VERNON AVENUE,4224,S,N,A,-,Y,NA,NA,110,NA,NA,NA,NA,NA,N,N,4,0,1,3,A,-,03,22350,NA,N,C,C,A,A,H,-,A,D,0,NA,NA,NA,NA,Y,NA,A,01,0,0,1,0,0,0,0,0,0,-,-,33.99209976196289,-118.28019714355467,LOS ANGELES,LOS ANGELES,-118.28040313720705,33.99209976196289
91012010,2019,2019-06-18,9540,2019-06-06,0030,021486,NA,4,3,9,1900,0,1,3,NA,2,146,SR-14 N/B (ANTELOPE VALLEY FWY.),PURITAN MINE RD,109,S,N,A,-,Y,NA,NA,14,NA,NA,NA,NA,NA,N,Y,4,0,1,1,A,-,08,22107,NA,N,E,I,A,A,H,-,C,D,0,NA,NA,NA,Y,Y,NA,G,25,0,0,1,0,0,0,0,0,0,-,-,34.50450134277344,-118.24581909179688,LOS ANGELES,UNINCORPORATED,-118.2458038330078,34.50457000732422
9101205,2020,2020-10-28,1942,2020-05-20,1035,40157,0647,3,5,7,1942,0,0,0,F,0,6A67,N GOWER ST,SELMA AV,144,N,N,A,-,N,NA,NA,NA,NA,NA,NA,NA,NA,NA,N,4,0,2,4,A,-,03,22350,NA,F,C,C,A,A,H,-,A,D,0,NA,NA,NA,NA,Y,NA,A,01,0,0,2,0,0,0,0,0,0,-,-,NA,NA,LOS ANGELES,LOS ANGELES,-118.32234191894533,34.100215911865234
91012066,2019,2019-06-18,9545,2019-06-08,1510,021851,NA,6,2,9,1900,0,3,5,NA,2,004,106TH STREET EAST,ROSS RD,3696,N,N,A,-,N,NA,NA,NA,NA,NA,NA,NA,NA,NA,Y,4,0,1,1,A,-,03,22350,NA,N,E,I,A,A,H,-,A,A,0,NA,NA,Y,NA,Y,NA,C,02,0,0,1,0,0,0,0,0,1,-,-,34.468990325927734,-117.93948364257813,LOS ANGELES,UNINCORPORATED,-117.93920135498048,34.469791412353516
91012080,2019,2019-06-18,9575,2019-06-09,1730,021978,NA,7,2,9,1900,0,1,3,NA,2,300,SR-2 (ANGELES CREST HIGHWAY),GEORGE'S GAP (TURN OUT),8501,W,N,A,-,Y,NA,NA,2,NA,NA,NA,NA,NA,NA,Y,2,0,1,1,A,-,03,22350,NA,N,E,I,A,A,H,-,A,D,0,NA,NA,Y,NA,Y,NA,C,02,1,0,0,0,0,0,0,0,1,-,-,34.26097106933594,-118.18485260009766,LOS ANGELES,UNINCORPORATED,-118.18473815917967,34.26103973388672
91012093,2019,2019-06-18,9550,2019-06-11,0810,022210,NA,2,1,6,1920,0,1,1,NA,2,151,INTERSTATE-105 E/B,BELLFLOWER BOULEVARD,600,E,N,A,-,Y,NA,NA,105,NA,NA,NA,NA,NA,E,Y,3,0,2,3,A,-,03,22350,NA,N,C,C,A,A,H,-,A,D,0,NA,NA,NA,NA,Y,NA,A,07,0,1,1,0,0,0,0,0,0,-,-,33.91318130493164,-118.1230010986328,LOS ANGELES,DOWNEY,-118.1230010986328,33.913169860839844
9101210,2020,2020-08-25,1942,2020-06-03,0910,35393,563,3,5,7,1942,0,0,0,NA,0,25T21,PACIFIC AV,17TH ST,0,NA,Y,A,-,N,NA,NA,NA,NA,NA,NA,NA,NA,NA,Y,4,0,1,5,A,-,12,21453,A,N,D,C,A,A,H,-,A,A,0,NA,NA,Y,NA,Y,NA,A,07,0,0,1,0,0,0,0,0,0,-,-,NA,NA,LOS ANGELES,LOS ANGELES,-118.47183990478516,33.987159729003906
91012104,2019,2019-06-18,9535,2019-06-09,1850,021131,NA,7,2,5,1906,0,1,1,NA,2,650,I-605 N/B TO VALLEY BLVD,VALLEY BLVD.,450,S,N,A,-,Y,NA,NA,605,NA,NA,NA,R,NA,N,Y,3,0,1,1,A,-,08,22107,NA,N,E,I,A,A,H,-,A,D,0,NA,NA,NA,NA,Y,NA,A,01,0,1,0,0,0,0,0,0,0,-,-,34.052818298339844,-118.0030517578125,LOS ANGELES,BALDWIN PARK,-118.0030517578125,34.052818298339844
91012117,2019,2019-06-18,9575,2019-06-14,0013,021640,NA,5,3,6,1925,0,1,3,NA,2,090,SR-2 W/B (GLENDALE FREEWAY),FERN LN.,200,W,N,A,-,Y,NA,NA,2,NA,NA,NA,NA,NA,W,N,4,0,1,2,A,-,08,22107,NA,M,B,C,A,A,H,-,D,D,0,NA,NA,NA,NA,Y,NA,-,99,0,0,1,0,0,0,0,0,0,-,-,34.1851806640625,-118.21765899658205,LOS ANGELES,GLENDALE,-118.21769714355467,34.185184478759766
91012118,2019,2019-06-18,9530,2019-06-06,1445,020140,NA,4,2,5,1956,0,1,1,NA,2,400,I-405 S/B (SAN DIEGO FREEWAY),MARINE AVE.,1056,S,N,A,-,Y,NA,NA,405,NA,NA,NA,NA,NA,S,N,4,0,1,2,A,-,03,22350,NA,M,C,C,A,A,H,-,A,D,0,NA,NA,NA,NA,Y,NA,-,99,0,0,1,0,0,0,0,0,0,-,-,33.89302062988281,-118.364501953125,LOS ANGELES,REDONDO BEACH,-118.36444854736328,33.893089294433594
9101214,2020,2020-07-30,1942,2020-04-30,1300,38720,0529,4,5,7,1942,0,0,0,E,0,5A18,HARRY BRIDGES BL,QUAY AV,0,NA,Y,A,-,N,NA,NA,NA,NA,NA,NA,NA,NA,NA,N,4,0,1,2,A,-,09,21802,A,N,D,D,A,A,H,-,A,A,0,NA,NA,NA,Y,Y,NA,A,01,0,0,1,0,0,0,0,0,0,-,-,NA,NA,LOS ANGELES,LOS ANGELES,-118.25791168212892,33.771488189697266
91012150,2019,2019-06-18,9535,2019-06-09,2341,022261,NA,7,3,9,1900,0,2,4,NA,2,022,OLYMPIC BLVD E/B,WOODS AVE,10,E,N,A,-,N,NA,NA,NA,NA,NA,NA,NA,NA,NA,N,4,0,1,2,A,-,09,21802,A,M,D,C,A,A,H,-,C,A,0,NA,NA,NA,NA,Y,NA,A,07,0,0,1,0,0,0,0,0,0,-,-,34.01642990112305,-118.1594696044922,LOS ANGELES,UNINCORPORATED,-118.15950012207033,34.016502380371094
91012176,2019,2019-06-18,9550,2019-06-11,0940,015746,NA,2,1,9,1900,0,1,3,NA,2,601,STATE ROUTE 60 WESTBOUND,AZUSA AVENUE,1500,E,N,A,-,Y,NA,NA,NA,NA,NA,NA,NA,NA,NA,Y,3,0,2,3,A,-,03,22350,NA,N,C,C,A,A,H,-,A,D,0,NA,NA,NA,NA,Y,NA,A,01,0,2,0,0,0,0,0,0,0,-,-,33.99660110473633,-117.9280014038086,LOS ANGELES,UNINCORPORATED,-117.92633056640624,33.996429443359375
91012183,2019,2019-06-18,9550,2019-06-11,1540,020551,NA,2,2,6,1949,0,1,1,NA,2,500,I-5 SOUTHBOUND,FLORENCE AVE.,1500,S,N,A,-,Y,NA,NA,5,NA,NA,NA,NA,NA,S,Y,4,0,1,2,A,-,03,22350,NA,N,C,C,A,A,H,-,A,D,0,NA,NA,NA,Y,Y,NA,A,07,0,0,1,0,0,0,0,0,0,-,-,33.930511474609375,-118.0896224975586,LOS ANGELES,NORWALK,-118.0894775390625,33.93061065673828
91012191,2019,2019-06-27,9530,2019-06-06,1630,020140,NA,4,2,9,1900,0,3,5,NA,2,005,MANHATTAN BEACH BLVD.,LEMOLI AVE.,0,NA,Y,A,-,N,NA,NA,NA,NA,NA,NA,NA,NA,NA,Y,4,0,1,2,A,-,12,21453,A,N,D,C,A,A,H,-,A,A,0,NA,NA,NA,NA,Y,NA,A,01,0,0,1,0,0,0,0,0,0,-,-,33.88734817504883,-118.33055114746094,LOS ANGELES,UNINCORPORATED,-118.33059692382813,33.88737869262695
91012195,2019,2019-06-18,9550,2019-06-12,1240,015746,NA,3,1,9,1900,0,1,3,NA,2,602,STATE ROUTE 60 WESTBOUND,FAIRWAY DRIVE,1000,W,N,A,-,Y,NA,NA,60,NA,NA,NA,NA,NA,W,N,3,0,1,2,A,-,03,22350,NA,N,C,C,A,A,H,-,A,D,0,NA,NA,NA,NA,Y,NA,D,22,0,1,0,0,0,0,0,0,0,-,-,33.99580001831055,-117.87449645996094,LOS ANGELES,UNINCORPORATED,-117.87449645996094,33.99577713012695
91012199,2019,2019-06-18,9530,2019-06-06,1510,022122,NA,4,2,9,1900,0,3,5,NA,2,001,MIRAMONTE BLVD (5800 BLOCK),SLAUSON AVE.,2,S,N,A,-,N,NA,NA,NA,NA,NA,NA,NA,NA,NA,N,4,0,1,2,A,-,09,21804,A,N,D,G,A,A,H,-,A,A,0,NA,Y,NA,NA,Y,NA,L,04,0,0,1,0,0,0,1,0,0,-,-,33.98923873901367,-118.24527740478516,LOS ANGELES,UNINCORPORATED,-118.2453384399414,33.989295959472656
91012203,2019,2019-06-18,9550,2019-06-17,0635,015746,NA,1,1,9,1900,0,1,3,NA,2,602,STATE ROUTE 60 WESTBOUND,FAIRWAY DRIVE,1500,W,N,B,-,Y,NA,NA,60,NA,NA,NA,NA,NA,W,N,4,0,1,2,A,-,03,22350,NA,N,C,C,A,A,H,-,A,D,0,NA,NA,NA,Y,Y,NA,G,25,0,0,1,0,0,0,0,0,0,-,-,33.99580001831055,-117.87449645996094,LOS ANGELES,UNINCORPORATED,-117.87449645996094,33.99577713012695
9101221,2019,2020-07-01,1942,2019-12-09,0835,42695,0532,1,5,7,1942,0,0,0,E,0,5A11,WILMINGTON BL,M ST,50,S,N,B,-,N,NA,NA,NA,NA,NA,NA,NA,NA,NA,N,4,0,1,2,A,-,08,22100,5,N,B,C,A,A,H,-,B,D,0,NA,NA,NA,NA,Y,NA,D,22,0,0,1,0,0,0,0,0,0,-,-,NA,NA,LOS ANGELES,LOS ANGELES,-118.2749252319336,33.78859329223633
91012213,2019,2019-06-18,9530,2019-06-06,0820,013990,NA,4,1,7,1941,0,1,1,NA,2,071,I-710 S/B (LONG BEACH FREEWAY),CARSON ST.,2112,N,N,B,-,Y,NA,NA,710,NA,NA,NA,NA,NA,S,Y,2,0,1,2,A,-,08,22107,NA,N,C,E,A,A,H,-,A,D,0,NA,NA,NA,Y,Y,NA,A,01,1,0,0,0,0,0,0,0,0,-,-,33.837589263916016,-118.2080535888672,LOS ANGELES,LONG BEACH,-118.20796966552734,33.83757019042969
91012240,2019,2019-06-18,9565,2019-06-06,0745,022117,NA,4,1,9,1900,0,2,4,NA,2,022,NORMANDIE AVE.,96TH ST.,0,NA,Y,B,-,N,NA,NA,NA,NA,NA,NA,NA,NA,NA,Y,2,0,1,2,A,-,09,21801,A,N,D,C,A,A,H,-,A,D,0,NA,NA,NA,NA,Y,NA,A,01,1,0,0,0,0,0,0,0,0,-,-,33.94866180419922,-118.3003387451172,LOS ANGELES,UNINCORPORATED,-118.30026245117188,33.94865036010742
91012254,2019,2019-06-18,9530,2019-06-06,1200,014701,NA,4,1,5,1977,0,1,1,NA,2,410,I-405 S/B (SAN DIEGO FREEWAY),DEL AMO BLVD.,528,N,N,A,-,Y,NA,NA,405,NA,NA,NA,NA,NA,S,Y,4,0,2,4,A,-,03,22350,NA,M,C,C,A,A,H,-,A,D,0,NA,NA,NA,NA,Y,NA,A,01,0,0,2,0,0,0,0,0,0,-,-,33.847599029541016,-118.27253723144533,LOS ANGELES,CARSON,-118.2725067138672,33.8476448059082
91012281,2019,2019-06-18,9530,2019-06-06,1515,021493,NA,4,2,9,1900,0,3,5,NA,2,002,MAIN ST.,ALONDRA BLVD.,0,NA,Y,A,-,N,NA,NA,NA,NA,NA,NA,NA,NA,NA,Y,4,0,1,2,A,-,12,21453,A,N,D,C,A,A,H,-,A,D,0,NA,NA,NA,NA,Y,NA,A,07,0,0,1,0,0,0,0,0,0,-,-,33.88570022583008,-118.27603149414064,LOS ANGELES,UNINCORPORATED,-118.27591705322266,33.885719299316406
9101229,2020,2020-07-29,1942,2020-04-30,1730,43611,0529,4,5,7,1942,0,0,0,E,0,5X28,ANAHEIM,ALAMEDA,40,W,N,A,-,N,NA,NA,NA,NA,NA,NA,NA,NA,NA,N,4,0,1,2,D,-,00,NA,NA,N,B,C,A,A,H,-,A,A,0,NA,NA,NA,NA,Y,NA,-,-,0,0,1,0,0,0,0,0,0,-,-,NA,NA,LOS ANGELES,LOS ANGELES,-118.24535369873048,33.78091812133789
91012295,2019,2019-06-18,9565,2019-06-09,2135,021819,NA,7,2,9,1900,0,1,1,NA,2,012,I-105 WESTBOUND (CENTURY FREEWAY),WESTERN AVE.,500,E,N,A,-,Y,NA,NA,105,NA,NA,NA,NA,NA,W,N,4,0,1,2,A,-,08,22107,NA,N,B,C,A,A,H,-,C,D,0,NA,NA,NA,NA,Y,NA,-,-,0,0,1,0,0,0,0,0,0,-,-,33.926109313964844,-118.30725860595705,LOS ANGELES,UNINCORPORATED,-118.30725860595705,33.92612075805664
91012316,2019,2019-06-18,9590,2019-06-08,1115,021762,NA,6,1,7,1942,0,1,1,NA,2,021,I-10 W/B (SAN BERNARDINO FREEWAY),STATE STREET,1000,W,N,A,-,Y,NA,NA,10,NA,NA,NA,NA,NA,W,Y,4,0,1,1,A,-,08,22107,NA,N,F,A,A,A,H,-,A,D,0,NA,NA,Y,NA,Y,NA,C,02,0,0,1,0,0,0,0,0,1,-,-,34.05540084838867,-118.21560668945313,LOS ANGELES,LOS ANGELES,-118.21560668945313,34.055381774902344
91012333,2019,2019-06-18,9550,2019-06-12,2110,015045,NA,3,2,9,1900,0,2,4,NA,1,012,WASHINGTON BOULEVARD,MILLERGROVE DRIVE,50,W,N,A,-,N,NA,NA,NA,NA,NA,NA,NA,NA,NA,N,3,0,1,2,A,-,11,21954,A,F,G,B,E,A,H,-,C,D,0,Y,NA,NA,NA,Y,NA,N,60,0,1,0,0,1,0,0,0,0,-,-,33.973201751708984,-118.08643341064452,LOS ANGELES,UNINCORPORATED,-118.07634735107422,33.97284698486328
91012336,2019,2019-06-18,9590,2019-06-05,1825,018345,NA,3,2,7,1942,0,1,1,NA,2,060,I-10 EB (SMF),WESTERN AVE.,600,E,N,A,-,Y,NA,NA,10,NA,NA,NA,NA,NA,E,Y,3,0,1,1,A,-,08,22107,NA,N,F,A,A,A,H,-,A,D,0,NA,NA,Y,NA,Y,NA,C,02,0,1,0,0,0,0,0,0,1,-,-,34.036861419677734,-118.30671691894533,LOS ANGELES,LOS ANGELES,-118.30671691894533,34.0369987487793
91012344,2019,2019-06-18,9535,2019-06-06,0625,022223,NA,4,1,9,1900,0,3,5,NA,2,002,UNION PACIFIC AVENUE,SUNOL DRIVE,0,NA,Y,A,-,N,NA,NA,NA,NA,NA,NA,NA,NA,NA,N,3,0,2,3,A,-,09,21802,A,N,D,C,A,A,H,-,A,A,0,NA,NA,NA,NA,Y,NA,D,22,0,2,0,0,0,0,0,0,0,-,-,34.01662826538086,-118.17881774902344,LOS ANGELES,UNINCORPORATED,-118.17899322509766,34.01655960083008
91012348,2019,2019-06-18,9550,2019-06-09,2305,021449,NA,7,3,5,1908,0,1,3,NA,2,091,SR-91 EB,DOWNEY AVENUE,900,E,N,A,-,Y,NA,NA,NA,NA,NA,NA,NA,NA,NA,N,4,0,1,3,A,-,07,21658,A,F,B,C,A,A,H,-,C,D,0,NA,NA,NA,NA,Y,NA,-,99,0,0,1,0,0,0,0,0,0,-,-,33.76897048950195,-118.14177703857422,LOS ANGELES,BELLFLOWER,-118.14835357666016,33.87696838378906
91012387,2019,2019-07-01,9525,2019-06-08,1840,021224,NA,6,2,9,1900,0,3,5,NA,2,004,DON JULIAN RD. (14100 BLOCK),4TH AVENUE,528,E,N,A,-,N,NA,NA,NA,NA,NA,NA,NA,NA,NA,N,3,0,1,2,A,-,11,21954,A,N,G,B,E,A,H,-,A,D,0,Y,NA,NA,NA,Y,NA,N,60,0,1,0,0,1,0,0,0,0,-,-,34.034950256347656,-117.98916625976564,LOS ANGELES,UNINCORPORATED,-117.98973846435548,34.035400390625
91012402,2019,2019-06-18,9525,2019-06-14,1015,022009,NA,5,1,6,1955,0,1,1,NA,2,107,I-10 W/B FROM FAIRPLEX DR.,FAIRPLEX DR.,528,W,N,A,-,Y,NA,NA,10,NA,NA,NA,R,NA,W,Y,3,0,3,2,A,-,03,22350,NA,N,C,C,A,A,H,-,A,A,0,NA,NA,NA,NA,Y,NA,A,07,0,1,2,0,0,0,0,0,0,-,-,34.07289123535156,-117.78920745849608,LOS ANGELES,POMONA,-117.78920745849608,34.07289123535156
91012413,2019,2019-06-18,9565,2019-06-07,1912,021892,NA,5,2,5,1928,0,1,1,NA,2,012,I-105 E/B,HAWTHORNE BLVD,500,W,N,A,-,Y,NA,NA,105,NA,NA,NA,NA,NA,E,Y,4,0,1,2,A,-,03,22350,NA,N,C,C,A,A,H,-,A,D,0,NA,NA,NA,NA,Y,NA,A,01,0,0,1,0,0,0,0,0,0,-,-,33.93341064453125,-118.35520935058594,LOS ANGELES,HAWTHORNE,-118.35520935058594,33.933387756347656