CASE_ID,ACCIDENT_YEAR,PROC_DATE,JURIS,COLLISION_DATE,COLLISION_TIME,OFFICER_ID,REPORTING_DISTRICT,DAY_OF_WEEK,CHP_SHIFT,POPULATION,CNTY_CITY_LOC,SPECIAL_COND,BEAT_TYPE,CHP_BEAT_TYPE,CITY_DIVISION_LAPD,CHP_BEAT_CLASS,BEAT_NUMBER,PRIMARY_RD,SECONDARY_RD,DISTANCE,DIRECTION,INTERSECTION,WEATHER_1,WEATHER_2,STATE_HWY_IND,CALTRANS_COUNTY,CALTRANS_DISTRICT,STATE_ROUTE,ROUTE_SUFFIX,POSTMILE_PREFIX,POSTMILE,LOCATION_TYPE,RAMP_INTERSECTION,SIDE_OF_HWY,TOW_AWAY,COLLISION_SEVERITY,NUMBER_KILLED,NUMBER_INJURED,PARTY_COUNT,PRIMARY_COLL_FACTOR,PCF_CODE_OF_VIOL,PCF_VIOL_CATEGORY,PCF_VIOLATION,PCF_VIOL_SUBSECTION,HIT_AND_RUN,TYPE_OF_COLLISION,MVIW,PED_ACTION,ROAD_SURFACE,ROAD_COND_1,ROAD_COND_2,LIGHTING,CONTROL_DEVICE,CHP_ROAD_TYPE,PEDESTRIAN_ACCIDENT,BICYCLE_ACCIDENT,MOTORCYCLE_ACCIDENT,TRUCK_ACCIDENT,NOT_PRIVATE_PROPERTY,ALCOHOL_INVOLVED,STWD_VEHTYPE_AT_FAULT,CHP_VEHTYPE_AT_FAULT,COUNT_SEVERE_INJ,COUNT_VISIBLE_INJ,COUNT_COMPLAINT_PAIN,COUNT_PED_KILLED,COUNT_PED_INJURED,COUNT_BICYCLIST_KILLED,COUNT_BICYCLIST_INJURED,COUNT_MC_KILLED,COUNT_MC_INJURED,PRIMARY_RAMP,SECONDARY_RAMP,LATITUDE,LONGITUDE,COUNTY,CITY,POINT_X,POINT_Y
91016147,2019,2019-06-24,9580,2019-06-12,0540,014592,NA,3,3,7,1942,0,1,1,NA,2,407,I-405 S/B (SAN DIEGO FWY),LASSEN ST,100,N,N,A,-,Y,NA,NA,405,NA,NA,NA,NA,NA,S,N,4,0,1,4,A,-,03,22350,NA,M,C,C,A,A,H,-,A,D,0,NA,NA,NA,NA,Y,NA,A,01,0,0,1,0,0,0,0,0,0,-,-,34.24922180175781,-118.472412109375,LOS ANGELES,LOS ANGELES,-118.47244262695313,34.24922180175781
91016154,2019,2019-06-24,9580,2019-06-12,1145,020400,NA,3,1,7,1942,0,1,2,NA,2,105,US-101 S/B (VENTURA FREEWAY),WHITE OAK AVE,1000,N,N,A,-,Y,NA,NA,101,NA,NA,NA,NA,NA,S,N,4,0,1,2,A,-,03,22350,NA,F,C,C,A,A,H,-,A,D,0,NA,NA,NA,NA,Y,NA,-,99,0,0,1,0,0,0,0,0,0,-,-,34.171138763427734,-118.52462768554688,LOS ANGELES,LOS ANGELES,-118.52462768554688,34.17109298706055
91016155,2019,2019-06-24,9580,2019-06-12,0720,014592,NA,3,1,7,1942,0,1,1,NA,2,407,I-405 S/B (SAN DIEGO FWY),LASSEN ST,200,S,N,A,-,Y,NA,NA,405,NA,NA,NA,NA,NA,S,Y,4,0,2,2,A,-,03,22350,NA,N,C,C,A,A,H,-,A,D,0,NA,NA,NA,NA,Y,NA,A,01,0,0,2,0,0,0,0,0,0,-,-,34.24922180175781,-118.472412109375,LOS ANGELES,LOS ANGELES,-118.47244262695313,34.24922180175781
91016156,2019,2019-06-24,9545,2019-06-16,1400,021730,NA,7,2,9,1900,0,1,3,NA,1,042,SR-138 W/B,87TH ST  E,528,E,N,A,-,Y,NA,NA,138,NA,NA,NA,NA,NA,W,N,4,0,1,2,A,-,03,22350,NA,N,C,C,A,A,H,-,A,D,0,NA,NA,NA,NA,Y,NA,A,08,0,0,1,0,0,0,0,0,0,-,-,34.52109146118164,-117.97264862060548,LOS ANGELES,UNINCORPORATED,-117.97264862060548,34.52114486694336
91016159,2019,2019-06-24,9580,2019-06-12,0635,019544,NA,3,1,7,1942,0,1,2,NA,2,103,US-101 S/B (VENTURA FREEWAY),WOODMAN AVE,528,N,N,A,-,Y,NA,NA,101,NA,NA,NA,NA,NA,S,N,4,0,1,3,A,-,03,22350,NA,N,C,C,A,A,H,-,A,D,0,NA,NA,NA,NA,Y,NA,A,07,0,0,1,0,0,0,0,0,0,-,-,34.1556396484375,-118.43926239013672,LOS ANGELES,LOS ANGELES,-118.4392547607422,34.15554428100586
91016167,2019,2019-06-24,9580,2019-06-12,1836,020462,NA,3,2,7,1942,0,1,3,NA,2,117,SR-118 W/B (RONALD REAGAN FWY.),TAMPA AVE.,650,E,N,A,-,Y,NA,NA,118,NA,NA,NA,NA,NA,W,Y,4,0,4,3,A,-,03,22350,NA,N,C,C,A,A,H,-,A,D,0,NA,NA,NA,NA,Y,NA,A,08,0,0,4,0,0,0,0,0,0,-,-,34.273231506347656,-118.55072784423828,LOS ANGELES,LOS ANGELES,-118.55071258544922,34.273162841796875
91016172,2019,2019-06-24,9580,2019-06-12,1625,018583,NA,3,2,7,1942,0,1,2,NA,2,105,US-101 S/B (VENTURA FREEWAY),WINNETKA AVE,300,S,N,A,-,Y,NA,NA,101,NA,NA,NA,NA,NA,S,Y,4,0,1,2,A,-,08,22107,NA,N,C,C,A,A,H,-,A,D,0,NA,NA,NA,NA,Y,NA,A,01,0,0,1,0,0,0,0,0,0,-,-,34.172569274902344,-118.56880950927734,LOS ANGELES,LOS ANGELES,-118.5688247680664,34.17265319824219
91016175,2019,2019-06-24,9580,2019-06-12,1210,019319,NA,3,1,7,1942,0,1,2,NA,2,101,US-101 S/B (VENTURA FREEWAY),LAUREL CANYON BLVD,50,S,N,A,-,Y,NA,NA,101,NA,NA,NA,NA,NA,S,N,4,0,2,3,A,-,03,22350,NA,N,C,C,A,A,H,-,A,D,0,NA,NA,NA,NA,Y,NA,A,07,0,0,2,0,0,0,0,0,0,-,-,34.15433120727539,-118.39594268798828,LOS ANGELES,LOS ANGELES,-118.39594268798828,34.15433883666992
91016182,2019,2019-06-24,9580,2019-06-12,2330,022046,NA,3,3,7,1942,0,1,3,NA,2,171,SR-170 S/B TO ROSCOE BLVD.,ROSCOE BLVD,400,N,N,B,-,Y,NA,NA,170,NA,NA,NA,R,NA,S,N,4,0,2,2,A,-,03,22350,NA,N,C,C,A,A,H,-,D,D,0,NA,NA,NA,NA,Y,NA,A,07,0,0,2,0,0,0,0,0,0,-,-,34.223350524902344,-118.41129302978516,LOS ANGELES,LOS ANGELES,-118.41129302978516,34.223350524902344
91016196,2019,2019-06-24,9550,2019-06-18,1200,021054,NA,2,1,3,1964,0,1,1,NA,2,650,INTERSTATE 605 (SAN GABRIEL RIVER FREEW,TELEGRAPH ROAD,800,N,N,A,-,Y,NA,NA,605,NA,NA,NA,NA,NA,NA,N,4,0,1,2,A,-,03,22350,NA,N,C,C,A,A,H,-,A,D,0,NA,NA,NA,NA,Y,NA,A,01,0,0,1,0,0,0,0,0,0,-,-,33.95989990234375,-118.0864028930664,LOS ANGELES,SANTA FE SPRINGS,-118.08628845214844,33.95985412597656
91016198,2019,2019-06-24,9545,2019-06-16,1055,021695,NA,7,1,9,1900,0,1,3,NA,1,046,ANGELES CREST HWY,BIG PINES HWY,57024,S,N,A,-,Y,NA,NA,NA,NA,NA,NA,NA,NA,NA,Y,2,0,1,1,C,-,18,NA,NA,N,E,J,A,A,C,-,A,D,0,NA,NA,Y,NA,Y,NA,-,-,1,0,0,0,0,0,0,0,1,-,-,34.364681243896484,-117.8070831298828,LOS ANGELES,UNINCORPORATED,-117.80709838867188,34.3642578125
91016220,2019,2019-06-24,9545,2019-06-16,1545,020849,NA,7,2,9,1900,0,3,5,NA,2,003,34223 RED ROVER MINE RD,SACHE ST,300,E,N,A,-,N,NA,NA,NA,NA,NA,NA,NA,NA,NA,N,2,0,1,1,A,-,08,22107,NA,N,E,I,A,A,H,-,A,D,0,NA,NA,NA,NA,Y,NA,A,01,1,0,0,0,0,0,0,0,0,-,-,34.50175857543945,-118.21842956542967,LOS ANGELES,UNINCORPORATED,NA,NA
91016276,2019,2019-06-24,9550,2019-06-19,1210,018161,NA,3,1,9,1900,0,1,1,NA,2,650,INTERSTATE 605 N/B TO SR-60,SR-60,525,S,N,A,-,Y,NA,NA,605,NA,NA,NA,R,NA,N,Y,3,0,1,2,A,-,07,21658,A,N,C,C,A,A,H,-,A,D,0,NA,NA,NA,NA,Y,NA,A,01,0,1,0,0,0,0,0,0,0,-,-,34.03158950805664,-118.03014373779295,LOS ANGELES,UNINCORPORATED,-118.03014373779295,34.03158950805664
91016294,2019,2019-06-24,9525,2019-06-15,1530,019491,NA,6,2,9,1900,0,1,3,NA,1,024,SR-39 (SAN GABRIEL CANYON RD.),SAN GABRIEL DAM ENTRANCE,2640,N,N,A,-,Y,NA,NA,39,NA,NA,NA,NA,NA,NA,Y,4,0,1,1,A,-,03,22350,NA,N,F,A,A,A,H,-,A,D,0,NA,NA,Y,NA,Y,NA,C,02,0,0,1,0,0,0,0,0,1,-,-,34.18402862548828,-117.87367248535156,LOS ANGELES,UNINCORPORATED,-117.87367248535156,34.184017181396484
91016313,2019,2019-06-24,9580,2019-06-18,0808,019319,NA,2,1,7,1942,0,1,1,NA,2,407,I-405 S/B (SAN DIEGO FWY),ROSCOE BLVD,1584,N,N,B,-,Y,NA,NA,405,NA,NA,NA,NA,NA,S,Y,4,0,3,3,A,-,03,22350,NA,N,C,C,A,A,H,-,A,D,0,NA,NA,NA,NA,Y,NA,D,22,0,0,3,0,0,0,0,0,0,-,-,34.225311279296875,-118.47328948974608,LOS ANGELES,LOS ANGELES,-118.47328186035156,34.225311279296875
91016325,2019,2019-06-24,9525,2019-06-15,1804,021224,NA,6,2,5,1926,0,1,1,NA,2,215,I-210 W/B (FOOTHILL FWY),SAN DIMAS AVE,1584,W,N,A,-,Y,NA,NA,NA,NA,NA,NA,NA,NA,NA,Y,4,0,2,2,A,-,03,22350,NA,N,C,C,A,A,H,-,A,D,0,NA,NA,NA,NA,Y,NA,A,07,0,0,2,0,0,0,0,0,0,-,-,34.119781494140625,-117.81183624267578,LOS ANGELES,GLENDORA,-117.81246185302734,34.1198616027832
91016332,2019,2019-06-24,9525,2019-06-16,0050,021451,NA,7,3,6,1955,0,1,1,NA,2,107,I-10 W/B (SAN BERNARDINO FWY),FAIRPLEX DR.,200,E,N,A,-,Y,NA,NA,10,NA,NA,NA,NA,NA,W,Y,4,0,1,2,A,-,03,22350,NA,N,C,C,A,A,H,-,C,D,0,NA,NA,NA,NA,Y,NA,A,01,0,0,1,0,0,0,0,0,0,-,-,34.07297897338867,-117.78582000732422,LOS ANGELES,POMONA,-117.78582000732422,34.072967529296875
91016366,2019,2019-06-24,9590,2019-06-20,0200,021291,NA,4,3,7,1942,0,1,2,NA,2,072,US-101 N/B (HOLLYWOOD FREEWAY),LANKERSHIM BLVD,1500,S,N,A,-,Y,NA,NA,101,NA,NA,NA,NA,NA,N,Y,4,0,1,2,A,-,03,22350,NA,N,C,C,A,A,H,-,C,D,0,NA,NA,NA,NA,Y,NA,A,01,0,0,1,0,0,0,0,0,0,-,-,34.13526153564453,-118.35871887207033,LOS ANGELES,LOS ANGELES,-118.35875701904295,34.13516616821289
91016384,2019,2019-06-24,9545,2019-06-20,1530,021730,NA,4,2,9,1900,0,2,4,NA,1,025,SAN FRANCISQUITO CANYON RD,ELIZABETH LAKE RD,2000,S,N,A,-,N,NA,NA,NA,NA,NA,NA,NA,NA,NA,Y,4,0,2,1,A,-,08,22107,NA,N,F,A,A,A,H,-,A,D,0,NA,NA,NA,NA,Y,NA,A,01,0,0,2,0,0,0,0,0,0,-,-,34.64255142211914,-118.37774658203124,LOS ANGELES,UNINCORPORATED,-118.3783721923828,34.643638610839844
91016392,2019,2019-06-24,9590,2019-06-14,1925,021622,NA,5,2,7,1942,0,1,2,NA,2,071,US-101 S/B (HOLLYWOOD FREEWAY),VERMONT AVENUE,75,S,N,A,-,Y,NA,NA,101,NA,NA,NA,NA,NA,S,N,4,0,1,2,A,-,03,22350,NA,N,C,C,A,A,H,-,B,D,0,NA,NA,NA,NA,Y,NA,A,07,0,0,1,0,0,0,0,0,0,-,-,34.079139709472656,-118.29141998291016,LOS ANGELES,LOS ANGELES,-118.29139709472656,34.07918167114258
91016394,2019,2019-06-24,9550,2019-06-18,1700,020948,NA,2,2,9,1900,0,2,4,NA,1,051,FULLERTON ROAD,SORDELLO STREET,0,NA,Y,A,-,N,NA,NA,NA,NA,NA,NA,NA,NA,NA,Y,4,0,3,2,A,-,09,21801,A,N,A,C,A,A,H,-,A,A,0,NA,NA,NA,NA,Y,NA,A,01,0,0,3,0,0,0,0,0,0,-,-,33.98189926147461,-117.90770721435548,LOS ANGELES,UNINCORPORATED,-117.9077377319336,33.98188018798828
91016416,2019,2019-06-24,9590,2019-06-14,1850,021667,NA,5,2,7,1942,0,1,1,NA,2,064,I-10 E/B (SMF) TO I-5 N/B (GSF),7TH STREET,1500,S,N,A,-,Y,NA,NA,10,NA,NA,NA,R,NA,E,N,4,0,1,2,A,-,03,22350,NA,N,C,C,A,A,H,-,A,D,0,NA,NA,NA,NA,Y,NA,A,07,0,0,1,0,0,0,0,0,0,-,-,34.0300407409668,-118.22370910644533,LOS ANGELES,LOS ANGELES,-118.22370910644533,34.0300407409668
91016420,2019,2019-06-24,9550,2019-06-19,1100,021054,NA,3,1,6,1920,0,1,1,NA,2,651,INTERSTATE 605 (SAN GABRIEL RIVER FREEW,FLORENCE AVENUE,500,S,N,A,-,Y,NA,NA,605,NA,NA,NA,NA,NA,NA,Y,4,0,1,2,A,-,03,22350,NA,N,C,C,A,A,H,-,A,D,0,NA,NA,NA,Y,Y,NA,F,26,0,0,1,0,0,0,0,0,0,-,-,33.935699462890625,-118.10040283203124,LOS ANGELES,DOWNEY,-118.09977722167967,33.93537902832031
91016426,2019,2019-06-24,9545,2019-06-12,1915,015589,NA,3,2,9,1900,0,3,5,NA,2,003,SR-14 N/B,RED ROVER MINE RD,1056,S,N,A,-,Y,NA,NA,14,NA,NA,NA,NA,NA,N,Y,2,0,1,2,A,-,08,22107,NA,N,B,C,A,A,H,-,A,D,0,NA,NA,Y,NA,Y,NA,C,02,1,0,0,0,0,0,0,0,1,-,-,34.49856185913086,-118.22222137451172,LOS ANGELES,UNINCORPORATED,-118.2221908569336,34.49861526489258
91016440,2019,2019-06-24,9590,2019-06-14,0720,018510,NA,5,1,7,1942,0,1,1,NA,2,500,I-110 (HARBOR FREEWAY) (HOT),JEFFERSON BLVD,200,N,N,A,-,Y,NA,NA,110,NA,NA,NA,NA,NA,NA,Y,4,0,1,2,A,-,03,22350,NA,N,C,C,A,A,H,-,A,D,0,NA,NA,NA,NA,Y,NA,A,01,0,0,1,0,0,0,0,0,0,-,-,34.02204132080078,-118.27722930908205,LOS ANGELES,LOS ANGELES,-118.27737426757813,34.02211380004883
91016442,2019,2019-06-24,9590,2019-06-20,0845,013179,NA,4,1,7,1942,0,1,1,NA,2,061,I-10 W/B (SANTA MONICA FREEWAY),CRENSHAW BLVD.,150,E,N,B,-,Y,NA,NA,10,NA,NA,NA,NA,NA,W,N,4,0,1,2,A,-,07,21658,A,N,B,C,A,A,H,-,A,D,0,NA,NA,Y,NA,Y,NA,A,07,0,0,1,0,0,0,0,0,1,-,-,34.03533935546875,-118.33164978027344,LOS ANGELES,LOS ANGELES,-118.33164978027344,34.0352668762207
91016470,2019,2019-06-24,9590,2019-06-14,1237,013435,NA,5,1,7,1942,0,1,1,NA,2,052,I-110 N/B (HARBOR FREEWAY),WASHINGTON BOULEVARD,50,S,N,A,-,Y,NA,NA,110,NA,NA,NA,NA,NA,N,N,4,0,1,2,A,-,03,22350,NA,N,C,C,A,A,H,-,A,D,0,NA,NA,NA,NA,Y,NA,A,01,0,0,1,0,0,0,0,0,0,-,-,34.03504943847656,-118.27436065673828,LOS ANGELES,LOS ANGELES,-118.27434539794922,34.03504943847656
91016506,2019,2019-06-24,9525,2019-06-16,1255,021684,NA,7,1,5,1902,0,1,1,NA,2,212,I-210 E/B (FOOTHILL FWY),HUNTINGTON DR.,500,W,N,A,-,Y,NA,NA,210,NA,NA,NA,NA,NA,E,N,4,0,2,2,A,-,03,22350,NA,N,C,C,A,A,H,-,A,D,0,NA,NA,NA,NA,Y,NA,A,07,0,0,2,0,0,0,0,0,0,-,-,34.1428108215332,-118.02084350585938,LOS ANGELES,ARCADIA,-118.02085113525392,34.142791748046875
91016513,2019,2019-06-24,9535,2019-06-13,0930,017954,NA,4,1,9,1900,0,1,1,NA,2,420,I-10 (SAN BERNARDINO FREEWAY) E/B,EASTERN AVE.,1200,W,N,A,-,Y,NA,NA,10,NA,NA,NA,NA,NA,E,Y,4,0,2,2,A,-,03,22350,NA,N,C,C,A,A,H,-,A,D,0,NA,NA,NA,NA,Y,NA,A,07,0,0,2,0,0,0,0,0,0,-,-,34.05881881713867,-118.17682647705078,LOS ANGELES,UNINCORPORATED,-118.17686462402344,34.05890655517578
91016535,2019,2019-06-24,9550,2019-06-21,1115,016299,NA,5,1,9,1900,0,2,4,NA,1,023,MULBERRY DRIVE,STAMY ROAD,40,W,N,B,-,N,NA,NA,NA,NA,NA,NA,NA,NA,NA,Y,4,0,1,2,A,-,07,21658,A,N,B,C,A,A,H,-,A,B,0,NA,NA,NA,NA,Y,NA,A,01,0,0,1,0,0,0,0,0,0,-,-,33.9351692199707,-118.00662231445313,LOS ANGELES,UNINCORPORATED,-118.00643157958984,33.935279846191406
91016540,2019,2019-06-24,9525,2019-06-16,1705,021156,NA,7,2,6,1955,0,1,1,NA,2,109,I-10 W/B (SAN BERNARDINO FWY),TOWNE AVE,10,W,N,A,-,Y,NA,NA,10,NA,NA,NA,NA,NA,W,Y,4,0,1,1,C,-,18,NA,NA,N,E,A,A,A,H,-,A,D,0,NA,NA,NA,NA,Y,NA,-,-,0,0,1,0,0,0,0,0,0,-,-,34.07841873168945,-117.74170684814452,LOS ANGELES,POMONA,-117.74166107177734,34.078304290771484
91016546,2019,2019-06-24,9525,2019-06-16,1710,021074,NA,7,2,4,1946,0,1,1,NA,2,201,I-210 W/B (FOOTHILL FWY),MYRTLE AVE,2500,W,N,A,-,Y,NA,NA,210,NA,NA,NA,NA,NA,W,N,4,0,1,2,A,-,03,22350,NA,N,C,C,A,A,H,-,A,D,0,NA,NA,NA,NA,Y,NA,D,22,0,0,1,0,0,0,0,0,0,-,-,34.13724136352539,-118.0119171142578,LOS ANGELES,MONROVIA,-118.0119400024414,34.137184143066406
91016626,2019,2019-09-25,9525,2019-04-16,1026,018992,NA,2,1,9,1900,0,1,3,NA,1,024,STATE ROUTE 39(SAN GABRIEL CANYON ROAD),MORRIS DAM,340,S,N,A,-,Y,NA,NA,39,NA,NA,NA,NA,NA,NA,Y,1,1,0,1,A,-,08,22107,NA,N,F,A,A,A,H,-,A,D,0,NA,NA,NA,NA,Y,NA,A,07,0,0,0,0,0,0,0,0,0,-,-,34.17565155029297,-117.88468933105467,LOS ANGELES,UNINCORPORATED,-117.88469696044922,34.17571258544922
91016632,2019,2019-06-24,9565,2019-06-13,1030,018193,NA,4,1,9,1900,0,1,1,NA,2,012,I-105 W/B,NORMANDIE AVE,500,W,N,A,-,Y,NA,NA,105,NA,NA,NA,NA,NA,W,Y,4,0,1,5,A,-,03,22350,NA,N,C,C,A,A,H,-,A,D,0,NA,NA,NA,Y,Y,NA,A,08,0,0,1,0,0,0,0,0,0,-,-,33.92723846435547,-118.30261993408205,LOS ANGELES,UNINCORPORATED,-118.30260467529295,33.927162170410156
91016639,2019,2019-06-24,9565,2019-06-13,1650,021892,NA,4,2,9,1900,0,1,1,NA,2,060,I-405 S/B,CENTURY BLVD,1000,S,N,A,-,Y,NA,NA,405,NA,NA,NA,NA,NA,S,Y,4,0,2,2,A,-,03,22350,NA,N,C,C,A,A,H,-,A,D,0,NA,NA,NA,NA,Y,NA,A,01,0,0,2,0,0,0,0,0,0,-,-,33.94498825073242,-118.36850738525392,LOS ANGELES,UNINCORPORATED,-118.36853790283205,33.94498825073242
91016654,2019,2019-06-25,9535,2019-06-15,1715,019135,NA,6,2,3,1914,0,1,1,NA,2,072,I-710 (LONG BEACH FREEWAY) N/B,WASHINGTON BLVD,1000,N,N,A,-,Y,NA,NA,710,NA,NA,NA,NA,NA,N,Y,4,0,2,3,A,-,03,22350,NA,N,C,C,A,A,H,-,A,D,0,NA,NA,NA,NA,Y,NA,D,22,0,0,2,0,0,0,0,0,0,-,-,34.00851821899414,-118.17259979248048,LOS ANGELES,COMMERCE,-118.17226409912108,34.008514404296875
91016664,2019,2019-06-25,9550,2019-06-21,1924,022208,NA,5,2,9,1900,0,3,5,NA,2,001,LEFFINGWELL ROAD,MEYER ROAD,145,W,N,A,-,N,NA,NA,NA,NA,NA,NA,NA,NA,NA,Y,4,0,2,2,A,-,01,23152,A,F,A,C,A,A,H,-,A,D,0,NA,NA,NA,NA,Y,Y,D,22,0,0,2,0,0,0,0,0,0,-,-,33.921051025390625,-118.0373764038086,LOS ANGELES,UNINCORPORATED,-118.03846740722656,33.92076110839844
91016666,2019,2019-06-25,9550,2019-06-13,1400,021166,NA,4,2,5,1919,0,1,1,NA,2,652,I-605 N/B,SOUTH STREET,1100,N,N,A,-,Y,NA,NA,605,NA,NA,NA,NA,NA,N,Y,4,0,1,3,A,-,08,22107,NA,N,B,C,A,A,H,-,A,D,0,NA,NA,NA,NA,Y,NA,-,99,0,0,1,0,0,0,0,0,0,-,-,33.86336898803711,-118.09758758544922,LOS ANGELES,CERRITOS,-118.09759521484376,33.863365173339844
91016667,2019,2019-06-25,9550,2019-06-20,1828,015045,NA,4,2,5,1954,0,1,1,NA,2,650,I-605 S/B (SAN GABRIEL RIVER FREEWAY),BEVERLY BOULEVARD,528,N,N,A,-,Y,NA,NA,605,NA,NA,NA,NA,NA,S,N,4,0,1,2,A,-,03,22350,NA,N,C,C,A,A,H,-,A,D,0,NA,NA,NA,NA,Y,NA,A,01,0,0,1,0,0,0,0,0,0,-,-,34.00355911254883,-118.06382751464844,LOS ANGELES,PICO RIVERA,-118.06430053710938,34.004112243652344
91016668,2019,2019-06-25,9550,2019-06-20,1315,015045,NA,4,1,5,1919,0,1,3,NA,2,092,SR-91 W/B (ARTESIA FREEWAY),LA/ORG COUNTY LINE,100,W,N,B,-,Y,NA,NA,91,NA,NA,NA,NA,NA,W,Y,4,0,1,3,A,-,03,22350,NA,N,C,C,A,A,H,-,A,D,0,NA,NA,NA,NA,Y,NA,A,01,0,0,1,0,0,0,0,0,0,-,-,33.86375045776367,-118.04408264160156,LOS ANGELES,CERRITOS,-118.0443878173828,33.86309051513672
91016688,2019,2019-06-25,9525,2019-06-15,1525,021779,NA,6,2,9,1900,0,1,1,NA,2,105,I-10 W/B (SAN BERNARDINO FWY),VIA VERDE AVE,1584,W,N,A,-,Y,NA,NA,10,NA,NA,NA,NA,NA,W,N,4,0,1,2,A,-,03,22350,NA,N,C,C,A,A,D,E,A,D,0,NA,NA,NA,NA,Y,NA,D,22,0,0,1,0,0,0,0,0,0,-,-,34.068729400634766,-117.84432983398438,LOS ANGELES,UNINCORPORATED,-117.84431457519533,34.06861877441406
91016689,2019,2019-06-25,9540,2019-06-20,1456,021124,NA,4,2,6,1985,0,1,3,NA,1,144,SR-14 N/B (ANTELOPE VALLEY FREEWAY),GOLDEN VALLEY ROAD,2640,S,N,A,-,Y,NA,NA,14,NA,NA,NA,NA,NA,N,N,4,0,1,3,A,-,03,22350,NA,N,C,C,A,A,H,-,A,D,0,NA,NA,NA,NA,Y,NA,D,22,0,0,1,0,0,0,0,0,0,-,-,34.387901306152344,-118.47972106933594,LOS ANGELES,SANTA CLARITA,-118.479736328125,34.38792419433594
91016693,2019,2019-06-25,9540,2019-06-17,0940,015093,NA,1,1,9,1900,0,2,4,NA,1,104,SAN FRANCISQUITO CANYON ROAD,CHEROKEE CANYON LANE,102,S,N,A,-,N,NA,NA,NA,NA,NA,NA,NA,NA,NA,Y,2,0,1,1,A,-,08,22107,NA,N,E,I,A,A,H,-,A,D,0,NA,NA,NA,NA,Y,NA,A,07,1,0,0,0,0,0,0,0,0,-,-,34.481510162353516,-118.54158782958984,LOS ANGELES,UNINCORPORATED,-118.54158782958984,34.481353759765625
91016695,2019,2019-06-25,9540,2019-06-13,1410,021845,NA,4,2,7,1942,0,1,1,NA,2,406,I-405 N/B (SAN DIEGO FREEWAY),RINALDI ST,1584,N,N,A,-,Y,NA,NA,405,NA,NA,NA,NA,NA,N,Y,3,0,3,3,A,-,03,22350,NA,N,C,C,A,A,H,-,A,D,0,NA,NA,NA,NA,Y,NA,A,01,0,2,1,0,0,0,0,0,0,-,-,34.28295135498047,-118.46868133544922,LOS ANGELES,LOS ANGELES,-118.46864318847656,34.28293991088867
91016698,2019,2019-08-27,9590,2019-06-23,0210,021673,NA,7,3,7,1942,0,1,1,NA,2,052,I-110 N/B (HAF),4TH ST.,50,S,N,A,-,Y,NA,NA,110,NA,NA,NA,NA,NA,N,Y,4,0,6,2,A,-,01,23152,A,N,B,C,A,A,H,-,D,D,0,NA,NA,NA,NA,Y,Y,A,01,0,0,6,0,0,0,0,0,0,-,-,34.054649353027344,-118.25724029541016,LOS ANGELES,LOS ANGELES,-118.25724029541016,34.054649353027344
91016703,2019,2019-08-02,9525,2019-06-15,0110,021545,NA,6,3,9,1900,0,1,1,NA,2,105,I-10 W/B (SAN BERNARDINO FWY),HOLT AVE,500,E,N,A,-,Y,NA,NA,10,NA,NA,NA,NA,NA,W,Y,4,0,2,2,A,-,08,22107,NA,N,E,I,A,A,D,E,C,D,0,NA,NA,NA,NA,Y,NA,A,01,0,0,2,0,0,0,0,0,0,-,-,34.068199157714844,-117.85904693603516,LOS ANGELES,UNINCORPORATED,-117.85904693603516,34.068199157714844
91016717,2019,2019-06-25,9540,2019-06-14,1305,021845,NA,5,1,9,1900,0,1,1,NA,2,509,I-5 S/B (GOLDEN STATE FREEWAY),HASLEY CANYON RD,1584,N,N,A,-,Y,NA,NA,5,NA,NA,NA,NA,NA,S,Y,4,0,2,2,A,-,03,22350,NA,N,C,C,A,A,H,-,A,D,0,NA,NA,NA,NA,Y,NA,A,07,0,0,2,0,0,0,0,0,0,-,-,34.4605712890625,-118.61549377441406,LOS ANGELES,UNINCORPORATED,-118.61544799804688,34.46056365966797
91016725,2019,2019-06-25,9545,2019-06-14,1545,020849,NA,5,2,6,1992,0,2,S,NA,2,901,AVENUE K,SIERRA HWY,70,W,N,A,-,N,NA,NA,NA,NA,NA,NA,NA,NA,NA,N,3,0,1,2,A,-,03,22350,NA,N,C,C,A,A,H,-,A,A,0,NA,NA,NA,NA,Y,NA,A,01,0,1,0,0,0,0,0,0,0,-,-,34.674949645996094,-118.13343048095705,LOS ANGELES,LANCASTER,-118.1331787109375,34.67498016357422
91016726,2019,2019-06-25,9590,2019-06-09,0405,022127,NA,7,3,7,1942,0,1,3,NA,2,030,I-10 E/B (SMF) TO SR-60 E/B (POF),MARIETTA ST.,350,W,N,A,-,Y,NA,NA,NA,NA,NA,NA,NA,NA,NA,Y,3,0,1,1,A,-,01,23152,A,N,E,I,A,A,H,-,C,D,0,NA,NA,NA,NA,Y,Y,D,22,0,1,0,0,0,0,0,0,0,-,-,34.028968811035156,-118.21282196044922,LOS ANGELES,LOS ANGELES,-118.2139129638672,34.029693603515625