CASE_ID,ACCIDENT_YEAR,PROC_DATE,JURIS,COLLISION_DATE,COLLISION_TIME,OFFICER_ID,REPORTING_DISTRICT,DAY_OF_WEEK,CHP_SHIFT,POPULATION,CNTY_CITY_LOC,SPECIAL_COND,BEAT_TYPE,CHP_BEAT_TYPE,CITY_DIVISION_LAPD,CHP_BEAT_CLASS,BEAT_NUMBER,PRIMARY_RD,SECONDARY_RD,DISTANCE,DIRECTION,INTERSECTION,WEATHER_1,WEATHER_2,STATE_HWY_IND,CALTRANS_COUNTY,CALTRANS_DISTRICT,STATE_ROUTE,ROUTE_SUFFIX,POSTMILE_PREFIX,POSTMILE,LOCATION_TYPE,RAMP_INTERSECTION,SIDE_OF_HWY,TOW_AWAY,COLLISION_SEVERITY,NUMBER_KILLED,NUMBER_INJURED,PARTY_COUNT,PRIMARY_COLL_FACTOR,PCF_CODE_OF_VIOL,PCF_VIOL_CATEGORY,PCF_VIOLATION,PCF_VIOL_SUBSECTION,HIT_AND_RUN,TYPE_OF_COLLISION,MVIW,PED_ACTION,ROAD_SURFACE,ROAD_COND_1,ROAD_COND_2,LIGHTING,CONTROL_DEVICE,CHP_ROAD_TYPE,PEDESTRIAN_ACCIDENT,BICYCLE_ACCIDENT,MOTORCYCLE_ACCIDENT,TRUCK_ACCIDENT,NOT_PRIVATE_PROPERTY,ALCOHOL_INVOLVED,STWD_VEHTYPE_AT_FAULT,CHP_VEHTYPE_AT_FAULT,COUNT_SEVERE_INJ,COUNT_VISIBLE_INJ,COUNT_COMPLAINT_PAIN,COUNT_PED_KILLED,COUNT_PED_INJURED,COUNT_BICYCLIST_KILLED,COUNT_BICYCLIST_INJURED,COUNT_MC_KILLED,COUNT_MC_INJURED,PRIMARY_RAMP,SECONDARY_RAMP,LATITUDE,LONGITUDE,COUNTY,CITY,POINT_X,POINT_Y
91017574,2019,2019-06-25,9535,2019-06-15,1705,022159,NA,6,2,9,1900,0,3,5,NA,2,001,HILLVIEW AVE.(300 S. BLOCK),VIA CORONA,0,NA,Y,A,-,N,NA,NA,NA,NA,NA,NA,NA,NA,NA,Y,4,0,2,2,A,-,09,21802,A,N,A,C,A,A,H,-,A,A,0,NA,NA,NA,NA,Y,NA,A,07,0,0,2,0,0,0,0,0,0,-,-,34.02997970581055,-118.15196228027344,LOS ANGELES,UNINCORPORATED,-118.15184783935548,34.02997970581055
91017586,2019,2019-06-25,9540,2019-06-15,1810,021845,NA,6,2,9,1900,0,1,3,NA,2,146,SR-14 N/B (ANTELOPE VALLEY FREEWAY),STONECREST RD.,2640,N,N,A,-,Y,NA,NA,14,NA,NA,NA,NA,NA,N,Y,4,0,1,1,A,-,01,23152,A,N,E,I,A,A,H,-,A,D,0,NA,NA,NA,NA,Y,Y,A,01,0,0,1,0,0,0,0,0,0,-,-,34.442359924316406,-118.36515045166016,LOS ANGELES,UNINCORPORATED,-118.36506652832033,34.44229507446289
91017589,2019,2019-06-26,9540,2019-06-15,1415,020875,NA,6,2,9,1900,0,3,5,NA,2,400,GORMAN POST ROAD,SR-138 (LANCASTER ROAD),203,N,N,A,-,N,NA,NA,NA,NA,NA,NA,NA,NA,NA,Y,2,0,1,1,A,-,03,22350,NA,N,F,A,A,A,H,-,A,D,0,NA,NA,Y,NA,Y,NA,C,02,1,0,0,0,0,0,0,0,1,-,-,34.775089263916016,-118.77371215820313,LOS ANGELES,UNINCORPORATED,-118.77373504638672,34.775211334228516
91017596,2019,2019-06-26,9525,2019-06-13,2130,020719,NA,4,2,9,1900,0,1,3,NA,1,024,SR-39 (SAN GABRIEL CANYON RD.),VAN ORNUM CANYON,7920,S,N,B,-,Y,NA,NA,39,NA,NA,NA,NA,NA,NA,Y,3,0,1,1,A,-,03,22350,NA,N,E,J,A,A,H,-,D,D,0,NA,NA,Y,NA,Y,NA,C,02,0,1,0,0,0,0,0,0,1,-,-,34.17662048339844,-117.88265991210938,LOS ANGELES,UNINCORPORATED,-117.88267517089844,34.1766471862793
9101761,2020,2020-08-03,1942,2020-04-30,1039,42656,0835,4,5,7,1942,0,0,0,H,0,8A35,WESTWOOD BL,LA GRANGE AV,185,N,N,A,-,N,NA,NA,NA,NA,NA,NA,NA,NA,NA,N,3,0,1,2,A,-,00,21968,A,N,H,C,A,A,H,-,A,D,0,NA,NA,NA,NA,Y,NA,M,94,0,1,0,0,0,0,0,0,0,-,-,NA,NA,LOS ANGELES,LOS ANGELES,-118.43450164794922,34.04710006713867
91017616,2019,2019-06-26,9525,2019-06-18,1845,021224,NA,2,2,1,1934,0,1,1,NA,2,651,I-605 S/B (SAN GABRIEL RIVER FWY),GRAHAM ACCESS RD,130,S,N,B,-,Y,NA,NA,605,NA,NA,NA,NA,NA,S,N,4,0,1,4,A,-,07,21658,A,F,B,C,A,A,H,-,A,D,0,NA,NA,NA,Y,Y,NA,D,22,0,0,1,0,0,0,0,0,0,-,-,34.10614013671875,-117.98280334472656,LOS ANGELES,IRWINDALE,-117.98273468017578,34.106109619140625
91017617,2019,2019-06-26,9525,2019-06-15,1240,022009,NA,6,1,4,1960,0,1,3,NA,2,572,SR-57 N/B (ORANGE FWY),I-210 E/B (FOOTHILL FWY),2112,S,N,A,-,Y,NA,NA,57,NA,NA,NA,NA,NA,N,Y,3,0,1,2,A,-,03,22350,NA,N,B,C,A,A,H,-,A,D,0,NA,NA,Y,NA,Y,NA,C,02,0,1,0,0,0,0,0,0,1,-,-,34.115108489990234,-117.82402801513672,LOS ANGELES,SAN DIMAS,-117.82400512695313,34.115108489990234
91017618,2019,2019-06-26,9535,2019-06-08,1525,022259,NA,6,2,9,1900,0,3,5,NA,2,002,RECORD AVE. (BLOCK 1100),OLYMPIC BLVD.,4,N,N,A,-,N,NA,NA,NA,NA,NA,NA,NA,NA,NA,N,4,0,1,2,A,-,09,21804,A,N,H,G,A,A,H,-,A,A,0,NA,Y,NA,NA,Y,NA,L,04,0,0,1,0,0,0,1,0,0,-,-,34.019039154052734,-118.1825714111328,LOS ANGELES,UNINCORPORATED,-118.18253326416016,34.0189094543457
9101762,2020,2020-08-03,1942,2020-04-25,1020,41126,0824,6,5,7,1942,0,0,0,H,0,8A1,W CHANNEL RD,SHORT ST,10,E,N,A,-,N,NA,NA,NA,NA,NA,NA,NA,NA,NA,N,4,0,2,1,A,-,04,21703,NA,N,H,I,A,A,H,-,A,D,0,NA,NA,Y,NA,Y,NA,C,03,0,0,2,0,0,0,0,0,2,-,-,NA,NA,LOS ANGELES,LOS ANGELES,-118.5177764892578,34.029266357421875
91017623,2019,2019-06-26,9525,2019-06-20,2000,016342,NA,4,2,5,1990,0,1,3,NA,2,574,SR-57 N/B (ORANGE FWY),PATHFINDER RD.,1000,S,N,A,-,Y,NA,NA,57,NA,NA,NA,NA,NA,N,Y,3,0,2,2,A,-,07,21658,A,N,B,C,A,A,H,-,B,D,0,NA,NA,NA,NA,Y,NA,A,01,0,2,0,0,0,0,0,0,0,-,-,33.977699279785156,-117.84204864501952,LOS ANGELES,DIAMOND BAR,-117.84194946289064,33.977664947509766
91017629,2019,2019-06-26,9565,2019-06-14,2145,021786,NA,5,2,7,1942,0,1,1,NA,2,064,I-405 SB (SAN DIEGO FREEWAY),OLYMPIC BLVD,400,N,N,A,-,Y,NA,NA,405,NA,NA,NA,NA,NA,S,N,4,0,1,2,A,-,03,22350,NA,N,C,C,A,A,H,-,C,D,0,NA,NA,NA,NA,Y,NA,A,01,0,0,1,0,0,0,0,0,0,-,-,34.039920806884766,-118.44078063964844,LOS ANGELES,LOS ANGELES,-118.44075775146484,34.039939880371094
9101763,2020,2020-08-03,1942,2020-04-23,0010,38590,0808,4,5,7,1942,0,0,0,H,0,8A29,MULHOLLAND DR,GLENRIDGE DR,540,E,N,A,-,N,NA,NA,NA,NA,NA,NA,NA,NA,NA,Y,4,0,1,1,A,-,03,22350,NA,N,E,I,A,A,H,-,D,A,0,NA,NA,NA,NA,Y,NA,A,01,0,0,1,0,0,0,0,0,0,-,-,NA,NA,LOS ANGELES,LOS ANGELES,-118.430874,34.131744
91017630,2019,2019-06-26,9575,2019-06-14,1815,020182,NA,5,2,7,1942,0,1,1,NA,2,053,I-5 N/B (GOLDEN STATE FREEWAY),BRANFORD ST.,280,N,N,A,-,Y,NA,NA,5,NA,NA,NA,NA,NA,N,N,4,0,2,2,A,-,03,22350,NA,N,C,C,A,A,H,-,A,D,0,NA,NA,NA,NA,Y,NA,A,01,0,0,2,0,0,0,0,0,0,-,-,34.239051818847656,-118.41626739501952,LOS ANGELES,LOS ANGELES,-118.41626739501952,34.239051818847656
91017638,2019,2019-06-26,9530,2019-06-15,0800,020427,NA,6,1,7,1941,0,1,3,NA,2,320,SR-91 E/B (ARTESIA FREEWAY),ATLANTIC AVE.,100,W,N,B,-,Y,NA,NA,91,NA,NA,NA,NA,NA,E,Y,4,0,2,3,A,-,07,21658,A,N,B,C,A,A,H,-,A,D,0,NA,NA,NA,NA,Y,NA,A,01,0,0,2,0,0,0,0,0,0,-,-,33.87675094604492,-118.18665313720705,LOS ANGELES,LONG BEACH,-118.18665313720705,33.876834869384766
9101764,2020,2020-08-03,1942,2020-04-27,1523,41287,807,1,5,7,1942,0,0,0,NA,0,8A29,BEVERLY GLEN BL,CRATER LN,595,S,N,A,-,N,NA,NA,NA,NA,NA,NA,NA,NA,NA,Y,3,0,1,1,A,-,03,22350,NA,N,E,I,A,A,H,-,A,D,0,NA,NA,NA,NA,Y,NA,A,01,0,1,0,0,0,0,0,0,0,-,-,NA,NA,LOS ANGELES,LOS ANGELES,-118.4423828125,34.09867858886719
91017641,2019,2019-06-26,9590,2019-06-16,2130,021998,NA,7,2,7,1942,0,1,1,NA,2,061,I-10 W/B (SMF) TO WESTERN AVE.,WESTERN AVE.,1000,E,N,A,-,Y,NA,NA,NA,NA,NA,NA,NA,NA,NA,Y,4,0,1,1,A,-,08,22107,NA,N,E,I,A,A,H,-,C,D,0,NA,NA,NA,NA,Y,NA,A,07,0,0,1,0,0,0,0,0,0,-,-,34.03746032714844,-118.03514099121094,LOS ANGELES,LOS ANGELES,-118.30579376220705,34.037200927734375
9101765,2020,2020-08-03,1942,2020-04-30,1350,35273,088,4,5,7,1942,0,0,0,H,0,8A13,OLYMPIC BL,BEYOND WY,52,E,N,A,-,N,NA,NA,NA,NA,NA,NA,NA,NA,NA,Y,4,0,2,2,A,-,08,22102,NA,N,B,C,A,A,H,-,A,A,0,NA,NA,NA,NA,Y,NA,A,01,0,0,2,0,0,0,0,0,0,-,-,NA,NA,LOS ANGELES,LOS ANGELES,NA,NA
91017653,2019,2019-06-26,9530,2019-06-15,1940,022197,NA,6,2,9,1900,0,3,5,NA,2,003,GIBSON AVE.,SAN MARCUS ST.,0,NA,Y,B,-,N,NA,NA,NA,NA,NA,NA,NA,NA,NA,Y,4,0,2,2,A,-,09,21802,A,N,D,C,A,A,H,-,B,A,0,NA,NA,NA,NA,Y,NA,D,22,0,0,2,0,0,0,0,0,0,-,-,33.89788818359375,-118.18910980224608,LOS ANGELES,UNINCORPORATED,-118.18914031982422,33.89788055419922
91017658,2019,2019-06-26,9575,2019-06-15,1645,021932,NA,6,2,7,1942,0,1,3,NA,2,070,SR-118 E/B TO I-210 W/B,GLENOAKS BLVD,2000,E,N,A,-,Y,NA,NA,118,NA,NA,NA,R,NA,E,Y,2,0,1,2,A,-,07,21658,A,N,D,C,A,A,H,-,A,D,0,NA,NA,NA,NA,Y,NA,A,07,1,0,0,0,0,0,0,0,0,-,-,34.283870697021484,-118.4134521484375,LOS ANGELES,LOS ANGELES,-118.4134521484375,34.283870697021484
9101766,2020,2020-08-13,1941,2020-04-28,1723,11525,NA,2,5,7,1941,0,0,0,NA,0,NA,ACKERFIELD AV,SOUTH ST,18,N,N,A,-,N,NA,NA,NA,NA,NA,NA,NA,NA,NA,N,4,0,1,4,A,-,03,22350,NA,N,A,C,A,A,H,-,A,D,0,NA,NA,NA,NA,Y,NA,-,-,0,0,1,0,0,0,0,0,0,-,-,NA,NA,LOS ANGELES,LONG BEACH,-118.16313934326172,33.86016845703125
91017670,2019,2019-06-26,9530,2019-06-15,1740,021689,NA,6,2,5,1943,0,1,1,NA,2,210,I-105 E/B (GLENN ANDERSON FWY),WILLOWBROOK AVE.,400,E,N,A,-,Y,NA,NA,NA,NA,NA,NA,NA,NA,NA,Y,4,0,1,4,A,-,07,21658,A,N,B,C,A,A,H,-,A,D,0,NA,NA,NA,NA,Y,NA,D,22,0,0,1,0,0,0,0,0,0,-,-,33.927978515625,-118.23619842529295,LOS ANGELES,LYNWOOD,-118.23662567138672,33.928001403808594
91017679,2019,2019-06-26,9545,2019-06-20,1350,021730,NA,4,1,9,1900,0,3,5,NA,2,003,WARD RD TO NORTHBOUND SR-14,WARD RD,0,NA,Y,A,-,N,NA,NA,NA,NA,NA,NA,NA,NA,NA,Y,4,0,2,2,A,-,08,22107,NA,N,D,C,A,A,H,-,A,A,0,NA,NA,NA,NA,Y,NA,A,01,0,0,2,0,0,0,0,0,0,-,-,34.499298095703125,-118.2276611328125,LOS ANGELES,UNINCORPORATED,-118.22745,34.499262
91017681,2019,2019-06-26,9535,2019-06-16,1035,022225,NA,7,1,3,1914,0,1,1,NA,2,072,I-710 (LONG BEACH FREEWAY) N/B,I-5,1362,S,N,A,-,Y,NA,NA,710,NA,NA,NA,NA,NA,N,Y,3,0,2,2,A,-,03,22350,NA,N,C,C,A,A,H,-,A,D,0,NA,NA,NA,NA,Y,NA,A,07,0,1,1,0,0,0,0,0,0,-,-,34.011741638183594,-118.17227172851564,LOS ANGELES,COMMERCE,-118.17226409912108,34.011741638183594
91017690,2019,2019-06-26,9525,2019-06-16,1910,021074,NA,7,2,4,1905,0,1,1,NA,2,204,I-210 E/B FROM AZUSA AVE. N/B,AZUSA AVE,8,E,N,A,-,Y,NA,NA,210,NA,NA,NA,R,NA,E,Y,4,0,1,2,A,-,08,22107,NA,N,B,C,A,A,H,-,A,D,0,NA,NA,Y,NA,Y,NA,D,22,0,0,1,0,0,0,0,0,1,-,-,34.12002182006836,-117.907470703125,LOS ANGELES,AZUSA,-117.907470703125,34.12002182006836
91017695,2019,2019-06-26,9550,2019-06-18,1905,021196,NA,2,2,5,1919,0,1,1,NA,2,652,I-605 N/B,SOUTH STREET,2000,N,N,A,-,Y,NA,NA,605,NA,NA,NA,NA,NA,N,Y,4,0,1,2,A,-,07,21658,A,N,E,I,A,A,H,-,A,D,0,NA,NA,NA,NA,Y,NA,-,-,0,0,1,0,0,0,0,0,0,-,-,33.86371994018555,-118.09790802001952,LOS ANGELES,CERRITOS,-118.09774780273438,33.86377716064453
91017702,2019,2019-06-26,9550,2019-06-19,2110,022023,NA,3,2,9,1900,0,1,1,NA,2,650,I-605 (N/B),WHITTIER BOULEVARD,500,N,N,A,-,Y,NA,NA,NA,NA,NA,NA,NA,NA,NA,Y,4,0,1,4,A,-,03,22350,NA,N,C,C,A,A,H,-,C,D,0,NA,NA,NA,NA,Y,NA,A,07,0,0,1,0,0,0,0,0,0,-,-,33.595298767089844,-118.04039764404295,LOS ANGELES,UNINCORPORATED,-118.06900787353516,33.994834899902344
91017712,2019,2019-06-26,9550,2019-06-20,1510,021196,NA,4,2,7,1941,0,1,3,NA,2,090,SR-91 E/B,PARAMOUNT BOULEVARD,300,E,N,A,-,Y,NA,NA,91,NA,NA,NA,NA,NA,E,N,4,0,1,2,A,-,03,22350,NA,N,C,C,A,A,H,-,A,D,0,NA,NA,NA,NA,Y,NA,A,01,0,0,1,0,0,0,0,0,0,-,-,33.87623977661133,-118.15882873535156,LOS ANGELES,LONG BEACH,-118.15885162353516,33.8763313293457
91017730,2019,2019-06-26,9565,2019-06-24,2120,021819,NA,1,2,7,1942,0,1,1,NA,2,064,I-405 S/B (SAN DIEGO FREEWAY),BEL AIR CREST RD,2000,S,N,A,-,Y,NA,NA,405,NA,NA,NA,NA,NA,S,Y,3,0,5,4,A,-,01,23152,A,M,B,C,A,A,H,-,C,D,0,NA,NA,NA,NA,Y,Y,A,01,0,3,2,0,0,0,0,0,0,-,-,34.104209899902344,-118.47760009765624,LOS ANGELES,LOS ANGELES,-118.47759246826172,34.10421371459961
91017746,2019,2019-06-26,9590,2019-06-16,0019,022091,NA,7,3,7,1942,0,1,2,NA,2,073,US-101 S/B (HOLLYWOOD FREEWAY),GLENDALE BLVD,300,S,N,A,-,Y,NA,NA,101,NA,NA,NA,NA,NA,S,N,4,0,2,2,A,-,03,22350,NA,N,C,C,A,A,H,-,C,D,0,NA,NA,NA,NA,Y,NA,A,07,0,0,2,0,0,0,0,0,0,-,-,34.068809509277344,-118.259033203125,LOS ANGELES,LOS ANGELES,-118.25901794433594,34.068843841552734
91017750,2019,2019-06-26,9540,2019-06-22,0433,021151,NA,6,3,6,1985,0,1,3,NA,1,143,SR-14 S/B,NEWHALL AVE,5280,S,N,A,-,Y,NA,NA,14,NA,NA,NA,NA,NA,S,Y,4,0,1,2,A,-,03,22350,NA,N,C,C,A,A,H,-,D,D,0,NA,NA,NA,NA,Y,Y,A,01,0,0,1,0,0,0,0,0,0,-,-,34.354469299316406,-118.50578308105467,LOS ANGELES,SANTA CLARITA,-118.5058364868164,34.35445022583008
91017758,2019,2019-06-26,9590,2019-06-15,0010,021671,NA,6,3,7,1942,0,1,1,NA,2,012,SR-110 N/B (ASP) TO AVENUE 60,AVENUE 60,375,N,N,A,-,Y,NA,NA,110,NA,NA,NA,R,NA,N,Y,3,0,2,1,A,-,08,22107,NA,N,E,I,A,A,H,-,C,D,0,NA,NA,NA,NA,Y,NA,A,01,0,1,1,0,0,0,0,0,0,-,-,34.108428955078125,-118.18518829345705,LOS ANGELES,LOS ANGELES,-118.18518829345705,34.108428955078125
91017765,2019,2019-06-26,9590,2019-06-16,1740,021678,NA,7,2,7,1942,0,1,2,NA,2,071,US-101 S/B (HOLLYWOOD FREEWAY),CORONADO ST.,500,S,N,A,-,Y,NA,NA,101,NA,NA,NA,NA,NA,S,N,3,0,1,2,A,-,03,22350,NA,N,C,C,A,A,H,-,A,D,0,NA,NA,NA,NA,Y,NA,A,07,0,1,0,0,0,0,0,0,0,-,-,34.073970794677734,-118.27142333984376,LOS ANGELES,LOS ANGELES,-118.2714385986328,34.07393264770508
91017772,2019,2019-06-26,9590,2019-06-16,2340,021848,NA,7,3,7,1942,0,1,2,NA,2,072,US-101 N/B (HOLLYWOOD FREEWAY),UNIVERSAL STUDIOS BLVD OVERCROSSING,1000,S,N,B,-,Y,NA,NA,NA,NA,NA,NA,NA,NA,NA,Y,4,0,2,2,A,-,03,22350,NA,F,C,C,A,A,H,-,C,D,0,NA,NA,NA,NA,Y,NA,-,99,0,0,2,0,0,0,0,0,0,-,-,34.13235092163086,-118.35601043701172,LOS ANGELES,LOS ANGELES,-118.34980010986328,34.13164520263672
91017782,2019,2019-06-26,9565,2019-06-15,0840,021512,NA,6,1,9,1900,0,3,5,NA,2,005,VIA MARINA,MARQUESAS WAY,0,NA,Y,A,-,N,NA,NA,NA,NA,NA,NA,NA,NA,NA,N,3,0,1,2,A,-,10,21950,A,N,G,B,B,A,H,-,A,A,0,Y,NA,NA,NA,Y,NA,A,07,0,1,0,0,1,0,0,0,0,-,-,33.97652053833008,-118.45906066894533,LOS ANGELES,UNINCORPORATED,-118.4591827392578,33.97639846801758
91017790,2019,2019-06-26,9550,2019-06-20,1740,022237,NA,4,2,6,1949,0,1,1,NA,2,501,INTERSTATE 5 NORTHBOUND,NORWALK BOULEVARD,1584,S,N,A,-,Y,NA,NA,5,NA,NA,NA,NA,NA,N,Y,4,0,2,2,A,-,03,22350,NA,N,C,C,A,A,H,-,A,D,0,NA,NA,NA,NA,Y,NA,A,07,0,0,2,0,0,0,0,0,0,-,-,33.90925979614258,-118.06967163085938,LOS ANGELES,NORWALK,-118.0694580078125,33.90947341918945
91017797,2019,2019-06-26,9530,2019-06-15,1507,022130,NA,6,2,9,1900,0,3,5,NA,2,002,EL SEGUNDO BLVD.,MAIN ST.,187,E,N,A,-,N,NA,NA,NA,NA,NA,NA,NA,NA,NA,Y,3,0,3,4,A,-,09,21801,A,F,A,C,A,A,H,-,A,D,0,NA,NA,NA,NA,Y,NA,-,99,0,1,2,0,0,0,0,0,0,-,-,33.91645812988281,-118.273193359375,LOS ANGELES,UNINCORPORATED,-118.41594696044922,33.9163703918457
91017815,2019,2019-06-26,9530,2019-06-16,1535,022197,NA,7,2,5,1977,0,1,3,NA,2,310,SR-91 E/B (ARTESIA FREEWAY),CENTRAL AVE.,500,W,N,A,-,Y,NA,NA,91,NA,NA,NA,NA,NA,E,Y,2,0,2,2,A,-,07,21658,A,F,B,C,A,A,H,-,A,D,0,NA,NA,NA,NA,Y,NA,-,99,1,0,1,0,0,0,0,0,0,-,-,33.87363052368164,-118.2553482055664,LOS ANGELES,CARSON,-118.2553482055664,33.873600006103516
91017833,2019,2019-06-26,9575,2019-06-17,0747,020702,NA,1,1,7,1942,0,1,1,NA,2,052,I-5 N/B (GOLDEN STATE FREEWAY),LANKERSHIM BLVD.,50,N,N,B,-,Y,NA,NA,5,NA,NA,NA,NA,NA,N,Y,4,0,4,5,A,-,07,21658,A,N,B,C,A,A,H,-,A,D,0,NA,NA,NA,NA,Y,NA,A,01,0,0,4,0,0,0,0,0,0,-,-,34.227928161621094,-118.3906021118164,LOS ANGELES,LOS ANGELES,-118.3906478881836,34.22783279418945
91017839,2019,2019-06-26,9590,2019-06-15,0230,021654,NA,6,3,7,1942,0,1,1,NA,2,084,I-5 N/B (GOLDEN STATE FREEWAY),GLENDALE BLVD,300,N,N,A,-,Y,NA,NA,5,NA,NA,NA,NA,NA,N,Y,4,0,1,1,A,-,08,22107,NA,N,F,I,A,A,H,-,C,D,0,NA,NA,NA,NA,Y,NA,A,07,0,0,1,0,0,0,0,0,0,-,-,34.1143798828125,-118.26766967773438,LOS ANGELES,LOS ANGELES,-118.26776123046876,34.11432647705078
91017862,2019,2019-06-26,9590,2019-06-07,0845,015985,NA,5,1,7,1942,0,1,1,NA,2,050,I-110 N/B (HARBOR FREEWAY),52ND PLACE,450,S,N,A,-,Y,NA,NA,110,NA,NA,NA,NA,NA,N,Y,2,0,1,3,A,-,03,22350,NA,N,B,C,A,A,H,-,A,D,0,NA,NA,Y,NA,Y,NA,C,02,1,0,0,0,0,0,0,0,1,-,-,33.994598388671875,-118.28044891357422,LOS ANGELES,LOS ANGELES,-118.28040313720705,33.994598388671875
91017863,2019,2019-06-26,9550,2019-06-21,1050,016228,NA,5,1,5,1908,0,1,3,NA,2,090,SR-91 E/B,BELLFLOWER BLVD,1500,E,N,B,-,Y,NA,NA,NA,NA,NA,NA,NA,NA,NA,N,3,0,1,2,A,-,07,21658,A,N,B,C,A,A,H,-,A,D,0,NA,NA,NA,NA,Y,NA,A,01,0,1,0,0,0,0,0,0,0,-,-,33.97610092163086,-118.12220001220705,LOS ANGELES,BELLFLOWER,-118.12091064453124,33.87609100341797
91017870,2019,2019-06-26,9550,2019-06-24,0540,016299,NA,1,3,9,1900,0,2,4,NA,1,021,CARMENITA ROAD,IMPERIAL HIGHWAY,110,N,N,B,-,N,NA,NA,NA,NA,NA,NA,NA,NA,NA,N,4,0,1,2,A,-,03,22350,NA,F,C,C,A,A,H,-,B,A,0,NA,NA,NA,NA,Y,NA,-,99,0,0,1,0,0,0,0,0,0,-,-,33.917449951171875,-118.0468978881836,LOS ANGELES,UNINCORPORATED,-118.04681396484376,33.91735076904297
91017872,2019,2019-06-26,9565,2019-06-14,1020,022145,NA,5,1,9,1900,0,2,4,NA,2,022,NORMANDIE AVE,87TH ST,0,NA,Y,A,-,N,NA,NA,NA,NA,NA,NA,NA,NA,NA,Y,4,0,1,2,A,-,09,21801,A,N,D,C,A,A,H,-,A,D,0,NA,NA,NA,NA,Y,NA,A,01,0,0,1,0,0,0,0,0,0,-,-,33.95896911621094,-118.30020904541016,LOS ANGELES,UNINCORPORATED,-118.30026245117188,33.95901870727539
91017874,2019,2019-06-26,9530,2019-06-17,1745,020140,NA,1,2,6,1972,0,1,1,NA,2,400,I-405 N/B (SAN DIEGO FREEWAY),ARTESIA BLVD.,30,S,N,A,-,Y,NA,NA,405,NA,NA,NA,NA,NA,N,Y,4,0,3,3,A,-,03,22350,NA,N,C,C,A,A,H,-,A,D,0,NA,NA,NA,NA,Y,NA,A,01,0,0,3,0,0,0,0,0,0,-,-,33.87263870239258,-118.341796875,LOS ANGELES,TORRANCE,-118.34188079833984,33.87258529663086
91017882,2019,2019-06-26,9530,2019-06-17,1825,020140,NA,1,2,7,1942,0,1,1,NA,2,400,I-405 S/B (SAN DIEGO FREEWAY),NORMANDIE AVE.,500,N,N,A,-,Y,NA,NA,405,NA,NA,NA,NA,NA,S,Y,4,0,3,2,A,-,07,21658,A,N,B,C,A,A,H,-,A,D,0,NA,NA,NA,NA,Y,NA,A,07,0,0,3,0,0,0,0,0,0,-,-,33.85969924926758,-118.30110168457033,LOS ANGELES,LOS ANGELES,-118.30110168457033,33.85972213745117
91017884,2019,2019-06-26,9550,2019-06-24,1045,016299,NA,1,1,6,1920,0,1,1,NA,2,500,INTERSTATE 5 NORTHBOUND,LEMORAN AVENUE PEDESTRIAN OVER-CROSSING,400,S,N,B,-,Y,NA,NA,5,NA,NA,NA,NA,NA,N,N,4,0,2,3,A,-,03,22350,NA,N,C,C,A,A,H,-,A,D,0,NA,NA,NA,NA,Y,NA,A,01,0,0,2,0,0,0,0,0,0,-,-,33.952449798583984,-118.10417938232422,LOS ANGELES,DOWNEY,-118.104248046875,33.95238494873047
91017888,2019,2019-06-26,9590,2019-06-18,1250,017520,NA,2,1,7,1942,0,1,1,NA,2,050,I-110 N/B (HAF),VERNON AVE,200,N,N,A,-,Y,NA,NA,NA,NA,NA,NA,NA,NA,NA,N,4,0,1,3,A,-,03,22350,NA,N,C,C,A,A,H,-,A,D,0,NA,NA,NA,NA,Y,NA,A,01,0,0,1,0,0,0,0,0,0,-,-,33.65148162841797,-118.11237335205078,LOS ANGELES,LOS ANGELES,-118.2810287475586,34.00431823730469
91017892,2019,2019-06-26,9575,2019-06-20,2254,021283,NA,4,3,6,1953,0,1,1,NA,2,064,I-210 W/B (FOOTHILL FREEWAY),WILSON AVE.,840,E,N,A,-,Y,NA,NA,210,NA,NA,NA,NA,NA,W,Y,4,0,3,2,A,-,03,22350,NA,N,C,C,A,A,H,-,D,D,0,NA,NA,NA,NA,Y,NA,A,07,0,0,3,0,0,0,0,0,0,-,-,34.152198791503906,-118.12529754638672,LOS ANGELES,PASADENA,-118.12530517578124,34.1522216796875
91017908,2019,2019-06-26,9590,2019-06-15,1215,021072,NA,6,1,7,1942,0,1,1,NA,2,061,I-10 W/B (SANTA MONICA FREEWAY),LA BREA AVE.,800,W,N,A,-,Y,NA,NA,10,NA,NA,NA,NA,NA,W,Y,3,0,3,4,A,-,03,22350,NA,F,C,C,A,A,H,-,A,D,0,NA,NA,NA,NA,Y,NA,-,99,0,2,1,0,0,0,0,0,0,-,-,34.03424835205078,-118.35301971435548,LOS ANGELES,LOS ANGELES,-118.35301971435548,34.03424835205078
9101792,2020,2020-07-31,1969,2020-04-24,1152,20226,TRAFF,5,5,5,1969,0,0,0,NA,0,005,IMPERIAL HWY,AMERY AV,42,W,N,A,-,N,NA,NA,NA,NA,NA,NA,NA,NA,NA,Y,3,0,2,3,A,-,08,22107,NA,N,C,C,A,A,H,-,A,A,0,NA,NA,NA,NA,Y,NA,A,01,0,2,0,0,0,0,0,0,0,-,-,NA,NA,LOS ANGELES,SOUTH GATE,-118.1650848388672,33.92955017089844