CASE_ID,ACCIDENT_YEAR,PROC_DATE,JURIS,COLLISION_DATE,COLLISION_TIME,OFFICER_ID,REPORTING_DISTRICT,DAY_OF_WEEK,CHP_SHIFT,POPULATION,CNTY_CITY_LOC,SPECIAL_COND,BEAT_TYPE,CHP_BEAT_TYPE,CITY_DIVISION_LAPD,CHP_BEAT_CLASS,BEAT_NUMBER,PRIMARY_RD,SECONDARY_RD,DISTANCE,DIRECTION,INTERSECTION,WEATHER_1,WEATHER_2,STATE_HWY_IND,CALTRANS_COUNTY,CALTRANS_DISTRICT,STATE_ROUTE,ROUTE_SUFFIX,POSTMILE_PREFIX,POSTMILE,LOCATION_TYPE,RAMP_INTERSECTION,SIDE_OF_HWY,TOW_AWAY,COLLISION_SEVERITY,NUMBER_KILLED,NUMBER_INJURED,PARTY_COUNT,PRIMARY_COLL_FACTOR,PCF_CODE_OF_VIOL,PCF_VIOL_CATEGORY,PCF_VIOLATION,PCF_VIOL_SUBSECTION,HIT_AND_RUN,TYPE_OF_COLLISION,MVIW,PED_ACTION,ROAD_SURFACE,ROAD_COND_1,ROAD_COND_2,LIGHTING,CONTROL_DEVICE,CHP_ROAD_TYPE,PEDESTRIAN_ACCIDENT,BICYCLE_ACCIDENT,MOTORCYCLE_ACCIDENT,TRUCK_ACCIDENT,NOT_PRIVATE_PROPERTY,ALCOHOL_INVOLVED,STWD_VEHTYPE_AT_FAULT,CHP_VEHTYPE_AT_FAULT,COUNT_SEVERE_INJ,COUNT_VISIBLE_INJ,COUNT_COMPLAINT_PAIN,COUNT_PED_KILLED,COUNT_PED_INJURED,COUNT_BICYCLIST_KILLED,COUNT_BICYCLIST_INJURED,COUNT_MC_KILLED,COUNT_MC_INJURED,PRIMARY_RAMP,SECONDARY_RAMP,LATITUDE,LONGITUDE,COUNTY,CITY,POINT_X,POINT_Y
91018219,2019,2019-06-26,9565,2019-06-12,1550,021892,NA,3,2,5,1928,0,1,1,NA,2,012,I-105 E/B,CRENSHAW BLVD,300,E,N,A,-,Y,NA,NA,105,NA,NA,NA,NA,NA,E,Y,3,0,1,2,A,-,08,22107,NA,N,B,C,A,A,H,-,A,D,0,NA,NA,Y,NA,Y,NA,A,01,0,1,0,0,0,0,0,0,1,-,-,33.925209045410156,-118.32540893554688,LOS ANGELES,HAWTHORNE,-118.3253936767578,33.92509078979492
9101822,2020,2020-10-29,1941,2020-05-20,1616,5226,NA,3,5,7,1941,0,0,0,NA,0,NA,ELM AV,CEREZA WY,0,NA,Y,A,-,N,NA,NA,NA,NA,NA,NA,NA,NA,NA,N,4,0,1,2,D,-,00,NA,NA,N,D,B,F,A,H,-,A,D,0,Y,NA,NA,NA,Y,NA,-,-,0,0,1,0,1,0,0,0,0,-,-,NA,NA,LOS ANGELES,LONG BEACH,-118.18765258789064,33.77347183227539
91018220,2019,2019-06-26,9580,2019-06-18,1150,020879,NA,2,1,7,1942,0,1,2,NA,2,102,US-101 N/B FROM VAN NUYS BLVD.,VAN NUYS BLVD,500,N,N,A,-,Y,NA,NA,101,NA,NA,NA,R,NA,N,N,4,0,1,2,A,-,03,22350,NA,M,C,C,A,A,H,-,A,A,0,NA,NA,NA,NA,Y,NA,-,99,0,0,1,0,0,0,0,0,0,-,-,34.15787124633789,-118.45130920410156,LOS ANGELES,LOS ANGELES,-118.45130920410156,34.15787124633789
91018232,2019,2019-06-26,9530,2019-06-17,0155,021842,NA,1,3,7,1941,0,1,1,NA,2,071,I-710 S/B (LONG BEACH FREEWAY),208TH ST.,250,N,N,A,-,Y,NA,NA,710,NA,NA,NA,NA,NA,S,Y,3,0,1,1,A,-,01,23152,A,N,E,I,A,A,H,-,D,D,0,NA,NA,NA,NA,Y,Y,A,07,0,1,0,0,0,0,0,0,0,-,-,33.840248107910156,-118.20735931396484,LOS ANGELES,LONG BEACH,-118.20726013183594,33.8402214050293
91018234,2019,2019-06-26,9590,2019-06-16,1615,022088,NA,7,2,7,1942,0,1,1,NA,2,051,I-110 SOUTHBOUND (HARBOR FREEWAY),39TH STREET,100,N,N,A,-,Y,NA,NA,110,NA,NA,NA,NA,NA,S,Y,3,0,1,1,A,-,08,22107,NA,N,F,A,A,A,H,-,A,D,0,NA,NA,Y,NA,Y,NA,C,02,0,1,0,0,0,0,0,0,1,-,-,34.01430130004883,-118.28119659423828,LOS ANGELES,LOS ANGELES,-118.28108978271484,34.0142936706543
91018240,2019,2019-06-26,9590,2019-05-31,0103,022223,NA,5,3,7,1942,0,1,1,NA,2,020,US-101 SB TO I-10 EB,MISSION RD,365,S,N,A,-,Y,NA,NA,NA,NA,NA,NA,NA,NA,NA,Y,3,0,2,3,A,-,01,23152,G,F,A,C,A,A,H,-,D,D,0,NA,NA,NA,NA,Y,NA,A,01,0,2,0,0,0,0,0,0,0,-,-,34.388099670410156,-118.13300323486328,LOS ANGELES,LOS ANGELES,-118.22547149658205,34.0523796081543
91018248,2019,2019-06-26,9580,2019-06-18,0215,020791,NA,2,3,3,1994,0,1,2,NA,2,108,US-101 N/B (VENTURA FREEWAY),REYES ADOBE RD,270,S,N,A,-,Y,NA,NA,101,NA,NA,NA,NA,NA,N,Y,3,0,1,1,A,-,08,22107,NA,N,F,A,A,A,H,-,D,D,0,NA,NA,NA,NA,Y,NA,A,01,0,1,0,0,0,0,0,0,0,-,-,34.146759033203125,-118.77339935302734,LOS ANGELES,AGOURA HILLS,-118.77340698242188,34.14754867553711
91018264,2019,2019-06-26,9565,2019-06-15,1230,022124,NA,6,1,9,1900,0,3,5,NA,2,002,S/B VERMONT AVE,IMPERIAL HWY,240,S,N,A,-,N,NA,NA,NA,NA,NA,NA,NA,NA,NA,N,4,0,1,2,A,-,03,22350,NA,F,C,C,A,A,H,-,A,A,0,NA,NA,NA,NA,Y,NA,A,01,0,0,1,0,0,0,0,0,0,-,-,33.93024826049805,-118.29197692871094,LOS ANGELES,UNINCORPORATED,-118.291914,33.930306
91018291,2019,2019-06-26,9590,2019-06-16,0625,021606,NA,7,1,7,1942,0,1,2,NA,2,071,US-101 S/B (HOLLYWOOD FREEWAY),FIGUEROA ST.,50,N,N,B,-,Y,NA,NA,101,NA,NA,NA,NA,NA,S,N,4,0,2,2,A,-,03,22350,NA,N,C,C,A,A,H,-,B,D,0,NA,NA,NA,NA,Y,NA,A,07,0,0,2,0,0,0,0,0,0,-,-,34.061248779296875,-118.2477798461914,LOS ANGELES,LOS ANGELES,-118.2477569580078,34.0612678527832
91018295,2019,2019-06-26,9590,2019-06-19,0735,013435,NA,3,1,7,1942,0,1,1,NA,2,050,I-110 N/B (HARBOR FREEWAY),SLAUSON AVENUE,780,N,N,B,-,Y,NA,NA,110,NA,NA,NA,NA,NA,N,Y,4,0,1,2,A,-,07,21658,A,N,C,C,A,A,H,-,A,D,0,NA,NA,Y,NA,Y,NA,A,07,0,0,1,0,0,0,0,0,1,-,-,33.99100875854492,-118.28028106689452,LOS ANGELES,LOS ANGELES,-118.28040313720705,33.99100875854492
91018302,2019,2019-06-26,9550,2019-06-20,1645,022203,NA,4,2,9,1900,0,3,5,NA,2,002,LAMBERT RD,COLIMA ROAD,1000,W,N,A,-,N,NA,NA,NA,NA,NA,NA,NA,NA,NA,N,4,0,1,3,A,-,03,22350,NA,N,C,C,A,A,H,-,A,D,0,NA,NA,NA,NA,Y,NA,A,01,0,0,1,0,0,0,0,0,0,-,-,33.94350051879883,-118.01467895507813,LOS ANGELES,UNINCORPORATED,-118.01457977294922,33.94343948364258
91018319,2019,2019-06-26,9530,2019-06-17,1455,022122,NA,1,2,9,1900,0,3,5,NA,2,002,AVALON BLVD (14400 BLOCK),ROSECRANS AVE.,300,S,N,A,-,N,NA,NA,NA,NA,NA,NA,NA,NA,NA,N,4,0,4,3,A,-,21,22106,NA,N,D,C,A,A,H,-,A,D,0,NA,NA,NA,NA,Y,NA,A,01,0,0,4,0,0,0,0,0,0,-,-,33.90119171142578,-118.26521301269533,LOS ANGELES,UNINCORPORATED,-118.26528167724608,33.90214157104492
91018323,2019,2019-06-26,9525,2019-06-23,0942,020544,NA,7,1,9,1900,0,1,1,NA,2,203,SR-39 (SAN GABRIEL CANYON RD.),VAN ORNUM CANYON,3326,S,N,A,-,N,NA,NA,NA,NA,NA,NA,NA,NA,NA,Y,2,0,1,1,A,-,03,22350,NA,N,E,I,A,A,H,-,A,D,0,NA,NA,Y,NA,Y,NA,C,02,1,0,0,0,0,0,0,0,1,-,-,34.1844596862793,-117.97573852539064,LOS ANGELES,UNINCORPORATED,NA,NA
9101834,2020,2020-10-29,1942,2020-05-24,0110,30251,0514,7,5,7,1942,0,0,0,E,0,5A15,PACIFIC COAST HWY,WILMINGTON BL,5,E,N,A,-,N,NA,NA,NA,NA,NA,NA,NA,NA,NA,N,2,0,1,2,A,-,03,22350,NA,N,G,B,B,A,H,-,C,A,0,Y,NA,NA,NA,Y,NA,A,01,1,0,0,0,1,0,0,0,0,-,-,NA,NA,LOS ANGELES,LOS ANGELES,-118.27503204345705,33.790550231933594
91018346,2019,2019-06-26,9525,2019-06-14,1730,020505,NA,5,2,5,1990,0,1,3,NA,2,584,SR-57 N/B TO SR-60 E/B,GRAND AVE,1056,W,N,A,-,Y,NA,NA,NA,NA,NA,NA,NA,NA,NA,N,3,0,1,2,A,-,03,22350,NA,N,C,C,A,A,H,-,A,D,0,NA,NA,Y,NA,Y,NA,C,02,0,1,0,0,0,0,0,0,1,-,-,34.00788879394531,-117.82556915283205,LOS ANGELES,DIAMOND BAR,-117.82571411132813,34.007781982421875
91018364,2019,2019-06-26,9590,2019-06-13,1244,021072,NA,4,1,7,1942,0,1,1,NA,2,011,SR-110 S/B (ARROYO SECO PARKWAY),AVENUE 26,950,S,N,A,-,Y,NA,NA,110,NA,NA,NA,NA,NA,S,Y,3,0,2,2,A,-,03,22350,NA,N,C,C,A,A,C,-,A,D,0,NA,NA,NA,NA,Y,NA,A,01,0,1,1,0,0,0,0,0,0,-,-,34.08174133300781,-118.22437286376952,LOS ANGELES,LOS ANGELES,-118.22437286376952,34.081748962402344
91018378,2019,2019-06-26,9550,2019-06-22,1545,020974,NA,6,2,3,1964,0,1,1,NA,2,501,I-5 S/B,CARMENITA ROAD,250,N,N,A,-,Y,NA,NA,5,NA,NA,NA,NA,NA,S,N,4,0,1,2,A,-,03,22350,NA,N,C,C,A,A,H,-,A,D,0,NA,NA,NA,NA,Y,NA,A,01,0,0,1,0,0,0,0,0,0,-,-,33.89413833618164,-118.04792022705078,LOS ANGELES,SANTA FE SPRINGS,-118.04785919189452,33.894256591796875
91018398,2019,2019-06-26,9550,2019-06-18,1600,022260,NA,2,2,3,1964,0,1,1,NA,2,650,I-605 SOUTHBOUND,TELEGRAPH ROAD,1000,N,N,A,-,Y,NA,NA,NA,NA,NA,NA,NA,NA,NA,Y,2,0,1,4,A,-,03,22350,NA,N,C,C,A,A,H,-,A,D,0,NA,NA,Y,NA,Y,NA,A,01,1,0,0,0,0,0,0,0,1,-,-,33.95399856567383,-118.07457733154295,LOS ANGELES,SANTA FE SPRINGS,-118.09201049804688,33.9498291015625
91018412,2019,2019-06-26,9545,2019-06-18,1740,021851,NA,2,2,9,1900,0,1,3,NA,2,031,SR-14 S/B,CROWN VALLEY RD,1584,N,N,A,-,Y,NA,NA,14,NA,NA,NA,NA,NA,S,Y,4,0,1,2,A,-,03,22350,NA,N,C,C,A,A,H,-,A,D,0,NA,NA,NA,NA,Y,NA,A,01,0,0,1,0,0,0,0,0,0,-,-,34.49274826049805,-118.19471740722656,LOS ANGELES,UNINCORPORATED,-118.19469451904295,34.49256896972656
91018416,2019,2019-06-26,9525,2019-06-23,1250,021980,NA,7,1,9,1900,0,1,3,NA,1,024,SR-39 (SAN GABRIEL CANYON RD.),N. FORK ROAD,6019,S,N,A,-,Y,NA,NA,39,NA,NA,NA,NA,NA,NA,Y,2,0,1,1,A,-,03,22350,NA,N,F,A,A,A,H,-,A,D,0,NA,NA,Y,NA,Y,NA,C,02,1,0,0,0,0,0,0,0,1,-,-,34.26396942138672,-117.84427642822266,LOS ANGELES,UNINCORPORATED,-117.84423828125,34.26396179199219
91018423,2019,2019-06-26,9535,2019-06-14,0945,022223,NA,5,1,9,1900,0,2,4,NA,2,014,CESAR E CHAVEZ AVE. (3400 BLOCK),HICKS AVE,10,W,N,B,-,N,NA,NA,NA,NA,NA,NA,NA,NA,NA,N,3,0,1,2,A,-,08,22107,NA,N,H,G,A,A,H,-,A,D,0,NA,Y,NA,NA,Y,NA,L,04,0,1,0,0,0,0,1,0,0,-,-,34.040531158447266,-118.19046020507813,LOS ANGELES,UNINCORPORATED,-118.19037628173828,34.04050827026367
91018434,2019,2019-06-26,9525,2019-06-23,1440,021224,NA,7,2,9,1900,0,3,5,NA,2,005,MOUNT BALDY RD.,SHINN RD,0,NA,Y,A,-,N,NA,NA,NA,NA,NA,NA,NA,NA,NA,Y,3,0,1,1,A,-,08,22107,NA,N,F,A,A,A,H,-,A,D,0,NA,NA,Y,NA,Y,NA,C,02,0,1,0,0,0,0,0,0,1,-,-,34.17509841918945,-117.67648315429688,LOS ANGELES,UNINCORPORATED,-117.67656707763672,34.17512893676758
91018443,2019,2019-07-08,9535,2019-06-15,0110,022234,NA,6,3,9,1900,0,2,4,NA,2,018,3RD ST. (3600 W.BLOCK),INDIANA ST.,50,E,N,A,-,N,NA,NA,NA,NA,NA,NA,NA,NA,NA,Y,4,0,1,2,A,-,01,23152,A,N,C,C,A,A,H,-,C,A,0,NA,NA,NA,NA,Y,Y,D,22,0,0,1,0,0,0,0,0,0,-,-,34.03329849243164,-118.19210052490234,LOS ANGELES,UNINCORPORATED,-118.1535415649414,33.8991813659668
91018452,2019,2019-06-26,9590,2019-06-23,0135,020697,NA,7,3,7,1942,0,1,1,NA,2,060,I-10 EASTBOUND (SANTA MONICA FREEWAY),NORMANDIE AVE,150,W,N,B,-,Y,NA,NA,10,NA,NA,NA,NA,NA,E,N,4,0,1,2,A,-,03,22350,NA,N,C,C,A,A,D,-,C,A,0,NA,NA,NA,NA,Y,NA,A,07,0,0,1,0,0,0,0,0,0,-,-,34.03681182861328,-118.30119323730467,LOS ANGELES,LOS ANGELES,-118.30119323730467,34.03697967529297
91018458,2019,2019-06-26,9525,2019-06-23,1619,021224,NA,7,2,4,1913,0,1,1,NA,2,210,SR-210 E/B (FOOTHILL FWY),LIVE OAK CANYON RD.,528,W,N,A,-,Y,NA,NA,210,NA,NA,NA,NA,NA,E,Y,4,0,1,1,A,-,08,22107,NA,N,E,I,A,A,H,-,A,D,0,NA,NA,NA,NA,Y,NA,A,07,0,0,1,0,0,0,0,0,0,-,-,34.12031936645508,-117.74591064453124,LOS ANGELES,CLAREMONT,-117.74591064453124,34.120323181152344
91018465,2019,2019-06-26,9590,2019-06-17,1710,021622,NA,1,2,7,1942,0,1,2,NA,2,070,US-101 N/B (SANTA ANA FREEWAY),HILL STREET,450,N,N,A,-,Y,NA,NA,101,NA,NA,NA,NA,NA,N,Y,4,0,1,3,A,-,03,22350,NA,F,C,C,A,A,H,-,A,D,0,NA,NA,NA,Y,Y,NA,-,99,0,0,1,0,0,0,0,0,0,-,-,34.05820846557617,-118.24421691894533,LOS ANGELES,LOS ANGELES,-118.24420928955078,34.0582275390625
91018501,2019,2019-06-26,9525,2019-06-25,1610,021224,NA,2,2,5,1906,0,1,1,NA,2,652,I-605 N/B (SAN GABRIEL RIVER FWY),RAMONA BLVD,1056,S,N,B,-,Y,NA,NA,605,NA,NA,NA,NA,NA,N,Y,4,0,1,2,A,-,03,22350,NA,N,C,C,A,A,H,-,A,D,0,NA,NA,NA,NA,Y,NA,A,01,0,0,1,0,0,0,0,0,0,-,-,34.07405090332031,-117.99880981445313,LOS ANGELES,BALDWIN PARK,-117.99887847900392,34.074073791503906
91018529,2019,2019-06-26,9525,2019-06-15,1400,020505,NA,6,2,5,1990,0,1,3,NA,2,574,SR-57 N/B (ORANGE FWY),PATHFINDER RD,528,N,N,A,-,Y,NA,NA,57,NA,NA,NA,NA,NA,N,Y,3,0,3,2,A,-,03,22350,NA,N,C,C,A,A,H,-,A,D,0,NA,NA,NA,NA,Y,NA,A,01,0,1,2,0,0,0,0,0,0,-,-,33.98630142211914,-117.84285736083984,LOS ANGELES,DIAMOND BAR,-117.84291076660156,33.986297607421875
91018533,2019,2019-06-26,9525,2019-06-17,1530,021074,NA,1,2,4,1905,0,1,1,NA,2,204,I-210 E/B (FOOTHILL FWY),CITRUS AVE,2112,W,N,A,-,Y,NA,NA,210,NA,NA,NA,NA,NA,E,N,4,0,1,2,A,-,03,22350,NA,N,C,C,A,A,H,-,A,D,0,NA,NA,NA,Y,Y,NA,D,22,0,0,1,0,0,0,0,0,0,-,-,34.1209602355957,-117.8982162475586,LOS ANGELES,AZUSA,-117.8982162475586,34.12099838256836
91018540,2019,2019-06-26,9535,2019-06-16,1450,022159,NA,7,2,5,1906,0,1,1,NA,2,650,I-605 (SAN GABRIEL FREEWAY) N/B,VALLEY BLVD,500,N,N,A,-,Y,NA,NA,605,NA,NA,NA,NA,NA,N,N,4,0,1,2,A,-,03,22350,NA,N,C,C,A,A,H,-,A,D,0,NA,NA,NA,NA,Y,NA,A,01,0,0,1,0,0,0,0,0,0,-,-,34.05809020996094,-118.00199127197266,LOS ANGELES,BALDWIN PARK,-118.00202941894533,34.058109283447266
91018545,2019,2019-06-26,9535,2019-06-16,2220,019363,NA,7,3,9,1900,0,2,4,NA,2,022,OLYMPIC BLVD (4200 BLOCK),BONNIE BEACH PLACE,75,E,N,A,-,N,NA,NA,NA,NA,NA,NA,NA,NA,NA,N,4,0,2,2,A,-,01,23152,A,M,B,E,A,A,H,-,C,D,0,NA,NA,NA,NA,Y,Y,A,01,0,0,2,0,0,0,0,0,0,-,-,34.01893997192383,-118.18097686767578,LOS ANGELES,UNINCORPORATED,-118.18107604980467,34.0189094543457
91018556,2019,2019-06-26,9590,2019-06-20,1300,021111,NA,4,1,7,1942,0,1,1,NA,2,082,I-5 N/B (GOLDEN STATE FREEWAY),BROADWAY,750,S,N,A,-,Y,NA,NA,5,NA,NA,NA,NA,NA,N,N,4,0,1,2,A,-,03,22350,NA,N,C,C,A,A,H,-,C,D,0,NA,NA,NA,NA,Y,NA,A,01,0,0,1,0,0,0,0,0,0,-,-,34.07154083251953,-118.21855926513672,LOS ANGELES,LOS ANGELES,-118.2185287475586,34.07155990600586
91018559,2019,2019-06-27,9535,2019-06-15,1550,022161,NA,6,2,9,1900,0,1,3,NA,2,066,SR-164 (ROSEMEAD BLVD.) SB 1600 BLOCK,RUSH ST,1000,S,N,A,-,Y,NA,NA,164,NA,NA,NA,NA,NA,S,N,4,0,1,2,A,-,03,22350,NA,N,C,C,A,A,H,-,A,D,0,NA,NA,NA,NA,Y,NA,A,01,0,0,1,0,0,0,0,0,0,-,-,34.05018997192383,-118.06430816650392,LOS ANGELES,UNINCORPORATED,-118.06437683105467,34.05018997192383
91018566,2019,2019-06-27,9525,2019-06-20,1605,021080,NA,4,2,6,1955,0,1,1,NA,2,108,I-10 E/B TO SR-71 S/B,S. CAMPUS DR,1056,N,N,A,-,Y,NA,NA,10,NA,NA,NA,R,NA,E,N,4,0,1,3,A,-,07,21658,A,N,B,C,A,A,H,-,A,D,0,NA,NA,NA,NA,Y,NA,A,07,0,0,1,0,0,0,0,0,0,-,-,34.06568908691406,-117.80206298828124,LOS ANGELES,POMONA,-117.80206298828124,34.06568908691406
91018569,2019,2019-06-27,9550,2019-06-16,1505,022208,NA,7,2,9,1900,0,3,5,NA,2,002,BEATY AVE,LOUIS AVE,0,NA,Y,A,-,N,NA,NA,NA,NA,NA,NA,NA,NA,NA,Y,4,0,1,2,A,-,09,21802,A,N,D,C,A,A,H,-,A,D,0,NA,NA,NA,NA,Y,NA,A,01,0,0,1,0,0,0,0,0,0,-,-,33.924530029296875,-118.04817962646484,LOS ANGELES,UNINCORPORATED,-118.04817199707033,33.92449951171875
91018582,2019,2019-06-27,9550,2019-06-22,1543,021212,NA,6,2,9,1900,0,3,5,NA,2,002,COLIMA ROAD,TELEGRAPH ROAD,70,N,N,A,-,N,NA,NA,NA,NA,NA,NA,NA,NA,NA,N,4,0,1,2,A,-,09,21804,A,N,D,C,A,A,H,-,A,D,0,NA,NA,NA,NA,Y,NA,A,01,0,0,1,0,0,0,0,0,0,-,-,33.9255485534668,-118.02413940429688,LOS ANGELES,UNINCORPORATED,-118.02437591552734,33.9251823425293
91018611,2019,2019-06-27,9590,2019-06-25,1400,021111,NA,2,2,7,1942,0,1,1,NA,2,085,I-5 S/B (GOLDEN STATE FREEWAY),COLORADO BLVD.,50,S,N,A,-,Y,NA,NA,5,NA,NA,NA,NA,NA,S,N,4,0,1,2,A,-,07,21658,A,N,B,C,A,A,H,-,A,D,0,NA,NA,NA,NA,Y,NA,A,01,0,0,1,0,0,0,0,0,0,-,-,34.14057159423828,-118.27768707275392,LOS ANGELES,LOS ANGELES,-118.27768707275392,34.14057159423828
91018614,2019,2019-06-27,9575,2019-06-20,2252,021283,NA,4,3,6,1953,0,1,1,NA,2,064,I-210 W/B (FOOTHILL FREEWAY),WILSON AVE.,735,E,N,A,-,Y,NA,NA,210,NA,NA,NA,NA,NA,W,Y,4,0,1,2,A,-,03,22350,NA,N,D,C,A,A,C,-,D,D,0,NA,NA,NA,NA,Y,NA,A,07,0,0,1,0,0,0,0,0,0,-,-,34.15214157104492,-118.12561798095705,LOS ANGELES,PASADENA,-118.12562561035156,34.152183532714844
91018615,2019,2019-06-27,9545,2019-06-19,0640,021695,NA,3,1,9,1900,0,1,3,NA,2,021,SR-14 SB TO SIERRA HIGHWAY,MOUNTAIN SPRINGS RD,3168,N,N,A,-,Y,NA,NA,14,NA,NA,NA,R,NA,S,N,4,0,1,1,C,-,18,NA,NA,N,F,A,A,D,G,-,A,D,0,NA,NA,Y,NA,Y,NA,-,-,0,0,1,0,0,0,0,0,1,-,-,34.510169982910156,-118.11183166503906,LOS ANGELES,UNINCORPORATED,-118.11183166503906,34.510169982910156
91018618,2019,2019-06-27,9590,2019-06-18,2000,021111,NA,2,2,7,1942,0,1,1,NA,2,084,I-5 N/B (GOLDEN STATE FREEWAY),COLORADO BLVD.,1000,S,N,A,-,Y,NA,NA,5,NA,NA,NA,NA,NA,N,Y,4,0,1,2,A,-,03,22350,NA,N,C,C,A,A,H,-,C,D,0,NA,NA,NA,NA,Y,NA,A,01,0,0,1,0,0,0,0,0,0,-,-,34.13201904296875,-118.27468872070313,LOS ANGELES,LOS ANGELES,-118.27474212646484,34.13200759887695
91018634,2019,2019-06-27,9525,2019-06-19,1052,019291,NA,3,1,9,1900,0,3,5,NA,2,002,SUNFLOWER AVE,BADILLO ST,0,NA,Y,A,-,Y,NA,NA,NA,NA,NA,NA,NA,NA,NA,Y,3,0,2,2,A,-,09,21801,A,N,D,C,A,A,H,-,A,D,0,NA,NA,NA,NA,Y,NA,A,01,0,2,0,0,0,0,0,0,0,-,-,34.092960357666016,-117.8464126586914,LOS ANGELES,UNINCORPORATED,-117.8464126586914,34.09297180175781
91018640,2019,2019-06-27,9525,2019-06-20,0526,018505,NA,4,3,5,1926,0,1,1,NA,2,208,I-210 E/B (FOOTHILL FWY),LONE HILL AVE,1100,E,N,A,-,Y,NA,NA,210,NA,NA,NA,NA,NA,E,Y,2,0,1,2,A,-,03,22350,NA,N,C,C,A,A,H,-,D,D,0,NA,NA,NA,NA,Y,NA,A,01,1,0,0,0,0,0,0,0,0,-,-,34.12057113647461,-117.82518005371094,LOS ANGELES,GLENDORA,-117.82518005371094,34.12056350708008
91018645,2019,2019-06-27,9590,2019-06-21,1500,021111,NA,5,2,7,1942,0,1,1,NA,2,085,I-5 S/B (GOLDEN STATE FREEWAY),LOS FELIZ BLVD,1000,N,N,A,-,Y,NA,NA,5,NA,NA,NA,NA,NA,S,N,4,0,2,3,A,-,03,22350,NA,N,C,C,A,A,H,-,A,D,0,NA,NA,NA,NA,Y,NA,D,22,0,0,2,0,0,0,0,0,0,-,-,34.122928619384766,-118.27236175537108,LOS ANGELES,LOS ANGELES,-118.27237701416016,34.1229248046875
91018666,2019,2019-06-27,9575,2019-06-23,0850,021955,NA,7,1,6,1953,0,1,1,NA,2,064,I-210 W/B (FOOTHILL FREEWAY),MARENGO AVE.,80,W,N,A,-,Y,NA,NA,210,NA,NA,NA,NA,NA,W,Y,4,0,1,1,A,-,08,22107,NA,N,E,I,A,A,H,-,A,D,0,NA,NA,NA,NA,Y,NA,A,01,0,0,1,0,0,0,0,0,0,-,-,34.152259826660156,-118.14637756347656,LOS ANGELES,PASADENA,-118.14636993408205,34.152008056640625
91018670,2019,2019-06-27,9550,2019-06-17,1515,020861,NA,1,2,9,1900,0,1,1,NA,2,650,I-605 S/B,OBREGON STREET,500,N,N,A,-,Y,NA,NA,605,NA,NA,NA,NA,NA,S,Y,4,0,3,3,A,-,03,22350,NA,N,C,C,A,A,H,-,A,D,0,NA,NA,NA,NA,Y,NA,D,22,0,0,3,0,0,0,0,0,0,-,-,34.000770568847656,-118.0674285888672,LOS ANGELES,UNINCORPORATED,-118.06735229492188,34.00072479248047
91018671,2019,2019-06-27,9525,2019-06-15,2323,021505,NA,6,3,9,1900,0,3,5,NA,2,004,AMAR RD.,VINELAND AVE,0,NA,Y,A,-,N,NA,NA,NA,NA,NA,NA,NA,NA,NA,Y,2,0,2,2,A,-,09,21801,A,N,D,C,A,A,H,-,C,A,0,NA,NA,NA,NA,Y,NA,A,01,1,1,0,0,0,0,0,0,0,-,-,34.05781173706055,-117.9829330444336,LOS ANGELES,UNINCORPORATED,-117.98296356201172,34.05778121948242
91018691,2019,2019-06-27,9525,2019-06-24,0120,021748,NA,1,3,6,1955,0,1,1,NA,2,108,I-10 E/B (SAN BERNARDINO FWY),DUDLEY ST.,100,W,N,A,-,Y,NA,NA,10,NA,NA,NA,NA,NA,E,Y,4,0,1,2,A,-,03,22350,NA,N,C,C,A,A,H,-,C,D,0,NA,NA,NA,NA,Y,NA,A,01,0,0,1,0,0,0,0,0,0,-,-,34.071998596191406,-117.77950286865234,LOS ANGELES,POMONA,-117.77948760986328,34.07283401489258
91018696,2019,2019-06-27,9565,2019-06-17,1829,020653,NA,1,2,9,1900,0,3,5,NA,2,004,111TH ST,INGLEWOOD AVE,50,E,N,A,-,N,NA,NA,NA,NA,NA,NA,NA,NA,NA,N,4,0,2,2,A,-,05,21202,A,N,D,G,A,A,H,-,A,D,0,NA,Y,NA,NA,Y,NA,L,04,0,0,2,0,0,0,1,0,0,-,-,33.93455123901367,-118.36102294921876,LOS ANGELES,UNINCORPORATED,-118.36116790771484,33.934513092041016
91018731,2019,2019-06-27,9565,2019-06-17,2255,021576,NA,1,3,7,1942,0,1,1,NA,2,010,I-105 W/B (CENTURY FWY.),DOUGLAS ST.,200,W,N,A,-,Y,NA,NA,105,NA,NA,NA,NA,NA,W,Y,3,0,2,3,A,-,03,22350,NA,N,C,C,A,A,H,-,D,D,0,NA,NA,NA,NA,Y,NA,A,01,0,1,1,0,0,0,0,0,0,-,-,33.931331634521484,-118.3837890625,LOS ANGELES,LOS ANGELES,-118.3837890625,33.93129348754883